#
# A fatal error has been detected by the Java Runtime Environment:
#
#  SIGSEGV (0xb) at pc=0x00000000004f9c90, pid=549869, tid=549869
#
# JRE version: OpenJDK Runtime Environment Temurin-21+35 (21.0+35) (build 21+35-LTS)
# Java VM: OpenJDK 64-Bit Server VM Temurin-21+35 (21+35-LTS, mixed mode, sharing, tiered, compressed oops, compressed class ptrs, g1 gc, linux-amd64)
# Problematic frame:
# C  [python+0xf9c90]
#
# Core dump will be written. Default location: Core dumps may be processed with "/usr/lib/systemd/systemd-coredump %P %u %g %s %t %c %h" (or dumping to /scratch/fs201059/aa17626/Rep-paper/core.549869)
#
# If you would like to submit a bug report, please visit:
#   https://github.com/adoptium/adoptium-support/issues
# The crash happened outside the Java Virtual Machine in native code.
# See problematic frame for where to report the bug.
#

---------------  S U M M A R Y ------------

Command Line: --add-modules=jdk.incubator.vector 

Host: AMD EPYC 9654 96-Core Processor, 384 cores, 755G, Rocky Linux release 9.6 (Blue Onyx)
Time: Wed Jan 28 13:25:32 2026 CET elapsed time: 6218.239629 seconds (0d 1h 43m 38s)

---------------  T H R E A D  ---------------

Current thread (0x00000000263496c0):  JavaThread "main"      [_thread_in_native, id=549869, stack(0x00007ffdf2a70000,0x00007ffdf2b70000) (1024K)]

Stack: [0x00007ffdf2a70000,0x00007ffdf2b70000],  sp=0x00007ffdf2b697a8,  free space=997k
Native frames: (J=compiled Java code, j=interpreted, Vv=VM code, C=native code)
C  [python+0xf9c90]

siginfo: si_signo: 11 (SIGSEGV), si_code: 1 (SEGV_MAPERR), si_addr: 0x0000000000000081

Registers:
RAX=0x000000000664adc0, RBX=0x00007f82edbfa430, RCX=0x0000000000000005, RDX=0x00007f82edbfa430
RSP=0x00007ffdf2b697a8, RBP=0x00000000004f9c90, RSI=0x00007f82edbfa430, RDI=0x0000000000000079
R8 =0x0000000000000000, R9 =0x00007f82edbe6020, R10=0x0000000001c8ec40, R11=0x0000000000000020
R12=0x00007f82edbfa430, R13=0x000000000086c500, R14=0x00007ffdf2b698a0, R15=0x0000000000000003
RIP=0x00000000004f9c90, EFLAGS=0x0000000000010202, CSGSFS=0x002b000000000033, ERR=0x0000000000000004
  TRAPNO=0x000000000000000e


Register to memory mapping:

RAX=0x000000000664adc0 points into unknown readable memory: 0x00007f82f5bfa3f0 | f0 a3 bf f5 82 7f 00 00
RBX=0x00007f82edbfa430 points into unknown readable memory: 0x0000000000000005 | 05 00 00 00 00 00 00 00
RCX=0x0000000000000005 is an unknown value
RDX=0x00007f82edbfa430 points into unknown readable memory: 0x0000000000000005 | 05 00 00 00 00 00 00 00
RSP=0x00007ffdf2b697a8 is pointing into the stack for thread: 0x00000000263496c0
RBP=0x00000000004f9c90: <offset 0x00000000000f9c90> in python at 0x0000000000400000
RSI=0x00007f82edbfa430 points into unknown readable memory: 0x0000000000000005 | 05 00 00 00 00 00 00 00
RDI=0x0000000000000079 is an unknown value
R8 =0x0 is null
R9 =0x00007f82edbe6020 points into unknown readable memory: 0x00007f82eddf9ef0 | f0 9e df ed 82 7f 00 00
R10=0x0000000001c8ec40 points into unknown readable memory: 0x000000000000174c | 4c 17 00 00 00 00 00 00
R11=0x0000000000000020 is an unknown value
R12=0x00007f82edbfa430 points into unknown readable memory: 0x0000000000000005 | 05 00 00 00 00 00 00 00
R13=0x000000000086c500: PyCFunction_Type+0x0000000000000000 in python at 0x0000000000400000
R14=0x00007ffdf2b698a0 is pointing into the stack for thread: 0x00000000263496c0
R15=0x0000000000000003 is an unknown value

Top of Stack: (sp=0x00007ffdf2b697a8)
0x00007ffdf2b697a8:   00000000004f9e76 00007f82edbff970
0x00007ffdf2b697b8:   000000000088f468 00007f82edbfa420
0x00007ffdf2b697c8:   000000000088f468 00007ffdf2b698a0
0x00007ffdf2b697d8:   00000000004f995f 000000000088f468
0x00007ffdf2b697e8:   000000000088f468 0000000000000002
0x00007ffdf2b697f8:   0000000000000002 00007ffdf2b698a0
0x00007ffdf2b69808:   00000000004f8f6d 000000000088f198
0x00007ffdf2b69818:   00000000008a9518 00007f82f59a36f0
0x00007ffdf2b69828:   00000000005fb760 000000000088f468
0x00007ffdf2b69838:   000000000088f468 0000000000000002
0x00007ffdf2b69848:   000000000088f420 0000000000000000
0x00007ffdf2b69858:   00000000004eac08 0000000000000000
0x00007ffdf2b69868:   00007ffdf2b69980 00007ffdf2b69978
0x00007ffdf2b69878:   0000000000000002 00000000000003e7
0x00007ffdf2b69888:   dce1b5f4da8dad00 00000000005fb760
0x00007ffdf2b69898:   00000000005f39d1 00007f813e338f10
0x00007ffdf2b698a8:   fffffffe7ffbfa27 0000000000000000
0x00007ffdf2b698b8:   00007f82f5958a90 00007f82f59a36f0
0x00007ffdf2b698c8:   00000000005fb760 00000000008a9518
0x00007ffdf2b698d8:   00007ffdf2b69920 0000000000000000
0x00007ffdf2b698e8:   00000000005fbb56 0000000000000000
0x00007ffdf2b698f8:   00000000004eac08 00007f82f5958a90
0x00007ffdf2b69908:   00000000004ebbfa 00007f82f5958a90
0x00007ffdf2b69918:   00000000005fb7c4 00000000000003e7
0x00007ffdf2b69928:   dce1b5f4da8dad00 00007f82f5a3ebf0
0x00007ffdf2b69938:   00000000008a9518 00000000008a9518
0x00007ffdf2b69948:   0000000000000002 0000000000000000
0x00007ffdf2b69958:   0000000000000000 0000000000000000
0x00007ffdf2b69968:   00000000005c74fc 0000000000000000
0x00007ffdf2b69978:   00000000004fb19a 00007f82f59fc040
0x00007ffdf2b69988:   dce1b5f4da8dad00 000000000088f198
0x00007ffdf2b69998:   0000000000000000 0000000000000000 

Instructions: (pc=0x00000000004f9c90)
0x00000000004f9b90:   8b 7f 08 48 85 ff 0f 84 db 00 00 00 4c 89 f6 41
0x00000000004f9ba0:   ff d5 85 c0 75 ae 49 8d 5c 24 fd 49 83 fc 02 74
0x00000000004f9bb0:   a1 49 8b 3f 48 85 ff 0f 84 ba 00 00 00 4c 89 f6
0x00000000004f9bc0:   41 ff d5 85 c0 75 8d 49 8d 5c 24 fc 49 83 fc 03
0x00000000004f9bd0:   74 80 49 8b 7f f8 48 85 ff 0f 84 98 00 00 00 4c
0x00000000004f9be0:   89 f6 41 ff d5 85 c0 0f 85 67 ff ff ff 49 8d 5c
0x00000000004f9bf0:   24 fb 49 83 fc 04 0f 84 56 ff ff ff 48 8b 7c dd
0x00000000004f9c00:   18 48 85 ff 74 71 4c 89 f6 41 ff d5 85 c0 0f 85
0x00000000004f9c10:   40 ff ff ff 48 83 eb 01 73 e2 e9 33 ff ff ff 90
0x00000000004f9c20:   4c 8b b8 48 01 00 00 4d 85 ff 75 2c 49 8b 44 24
0x00000000004f9c30:   f8 a8 02 0f 84 13 ff ff ff 48 83 e8 04 49 89 44
0x00000000004f9c40:   24 f8 48 83 eb 01 0f 83 e0 fe ff ff e9 01 ff ff
0x00000000004f9c50:   ff 0f 1f 80 00 00 00 00 49 81 ff 10 9d 4f 00 75
0x00000000004f9c60:   1e 41 8b 84 24 a8 00 00 00 25 00 02 00 00 85 c0
0x00000000004f9c70:   75 ba e9 d5 fe ff ff 49 89 dc e9 9c fe ff ff 4c
0x00000000004f9c80:   89 e7 41 ff d7 eb e7 66 0f 1f 84 00 00 00 00 00
0x00000000004f9c90:   48 8b 47 08 f6 80 a9 00 00 00 40 75 03 31 c0 c3
0x00000000004f9ca0:   48 8b 80 48 01 00 00 48 85 c0 75 14 48 8b 47 f8
0x00000000004f9cb0:   a8 02 74 e9 48 83 e8 04 48 89 47 f8 31 c0 c3 90
0x00000000004f9cc0:   48 3d 10 9d 4f 00 75 12 8b 97 a8 00 00 00 81 e2
0x00000000004f9cd0:   00 02 00 00 85 d2 75 d4 eb c3 48 83 ec 18 48 89
0x00000000004f9ce0:   7c 24 08 ff d0 48 8b 7c 24 08 85 c0 74 10 48 8b
0x00000000004f9cf0:   47 f8 a8 02 74 08 48 83 e8 04 48 89 47 f8 31 c0
0x00000000004f9d00:   48 83 c4 18 c3 66 66 2e 0f 1f 84 00 00 00 00 00
0x00000000004f9d10:   48 8b 87 a8 00 00 00 25 00 02 00 00 c3 0f 1f 00
0x00000000004f9d20:   41 54 49 89 d4 55 48 89 f5 53 48 89 fb 48 83 ec
0x00000000004f9d30:   10 48 8b 47 10 f6 40 11 02 0f 85 25 01 00 00 48
0x00000000004f9d40:   8b 7b 18 48 85 ff 0f 84 f9 00 00 00 48 81 fd 90
0x00000000004f9d50:   9c 4f 00 75 33 48 8b 57 08 f6 82 a9 00 00 00 40
0x00000000004f9d60:   75 4e 48 8b 7b 20 48 85 ff 74 0d 48 8b 4f 08 f6
0x00000000004f9d70:   81 a9 00 00 00 40 75 68 31 c0 48 83 c4 10 5b 5d
0x00000000004f9d80:   41 5c c3 0f 1f 44 00 00 4c 89 e6 ff d5 85 c0 75 


Stack slot to memory mapping:

stack at sp + 0 slots: 0x00000000004f9e76: <offset 0x00000000000f9e76> in python at 0x0000000000400000
stack at sp + 1 slots: 0x00007f82edbff970 points into unknown readable memory: 0x00007f82edbfa420 | 20 a4 bf ed 82 7f 00 00
stack at sp + 2 slots: 0x000000000088f468: _PyRuntime+0x000000000000e908 in python at 0x0000000000400000
stack at sp + 3 slots: 0x00007f82edbfa420 points into unknown readable memory: 0x00007f82ed9f73c0 | c0 73 9f ed 82 7f 00 00
stack at sp + 4 slots: 0x000000000088f468: _PyRuntime+0x000000000000e908 in python at 0x0000000000400000
stack at sp + 5 slots: 0x00007ffdf2b698a0 is pointing into the stack for thread: 0x00000000263496c0
stack at sp + 6 slots: 0x00000000004f995f: <offset 0x00000000000f995f> in python at 0x0000000000400000
stack at sp + 7 slots: 0x000000000088f468: _PyRuntime+0x000000000000e908 in python at 0x0000000000400000


---------------  P R O C E S S  ---------------

Threads class SMR info:
_java_thread_list=0x000000002522d670, length=10, elements={
0x00000000263496c0, 0x0000000029d60fa0, 0x0000000029d62000, 0x0000000029d640c0,
0x0000000029d65120, 0x0000000029d664b0, 0x0000000029d67550, 0x0000000029d80cb0,
0x0000000029d90cd0, 0x00007f8070009450
}

Java Threads: ( => current thread )
=>0x00000000263496c0 JavaThread "main"                       [_thread_in_native, id=549869, stack(0x00007ffdf2a70000,0x00007ffdf2b70000) (1024K)]
  0x0000000029d60fa0 JavaThread "Reference Handler"          [_thread_blocked, id=550812, stack(0x00007f8132bb5000,0x00007f8132cb5000) (1024K)]
  0x0000000029d62000 JavaThread "Finalizer"                  [_thread_blocked, id=550813, stack(0x00007f8132ab5000,0x00007f8132bb5000) (1024K)]
  0x0000000029d640c0 JavaThread "Service Thread"             [_thread_blocked, id=550815, stack(0x00007f81328b5000,0x00007f81329b5000) (1024K)]
  0x0000000029d65120 JavaThread "Monitor Deflation Thread"   [_thread_blocked, id=550816, stack(0x00007f81327b5000,0x00007f81328b5000) (1024K)]
  0x0000000029d664b0 JavaThread "C2 CompilerThread0"         [_thread_blocked, id=550817, stack(0x00007f81326b5000,0x00007f81327b5000) (1024K)]
  0x0000000029d67550 JavaThread "C1 CompilerThread0"         [_thread_blocked, id=550818, stack(0x00007f81325b5000,0x00007f81326b5000) (1024K)]
  0x0000000029d80cb0 JavaThread "Common-Cleaner"             [_thread_blocked, id=550819, stack(0x00007f81324b5000,0x00007f81325b5000) (1024K)]
  0x0000000029d90cd0 JavaThread "Notification Thread"        [_thread_blocked, id=550820, stack(0x00007f81323b5000,0x00007f81324b5000) (1024K)]
  0x00007f8070009450 JavaThread "SIGINT handler"             [_thread_blocked, id=557448, stack(0x00007f77133ab000,0x00007f77134ab000) (1024K)]
Total: 10

Other Threads:
  0x0000000029d5f990 VMThread "VM Thread"                           [id=550811, stack(0x00007f8132cb6000,0x00007f8132db6000) (1024K)]
  0x00000000266874d0 WorkerThread "GC Thread#0"                     [id=550805, stack(0x00007f8140700000,0x00007f8140800000) (1024K)]
  0x00007f8080006460 WorkerThread "GC Thread#1"                     [id=550821, stack(0x00007f8085000000,0x00007f8085100000) (1024K)]
  0x000000002632dc10 ConcurrentGCThread "G1 Main Marker"            terminated
  0x00000000299d7530 WorkerThread "G1 Conc#0"                       [id=550807, stack(0x00007f81404fe000,0x00007f81405fe000) (1024K)]
  0x0000000029c30a60 ConcurrentGCThread "G1 Refine#0"               terminated
  0x0000000029c31800 ConcurrentGCThread "G1 Service"                terminated
Total: 7

Threads with active compile tasks:
Total: 0

VM state: at safepoint (shutting down)

VM Mutex/Monitor currently owned by a thread:  ([mutex/lock_event])
[0x00007f813e9e24e0] Threads_lock - owner thread: 0x0000000029d5f990
[0x00007f813e9e23e0] Heap_lock - owner thread: 0x00007f8070009450

Heap address: 0x00000000a0000000, size: 30208 MB, Compressed Oops mode: Zero based, Oop shift amount: 3

CDS archive(s) mapped at: [0x00007f808b000000-0x00007f808bca8000-0x00007f808bca8000), size 13271040, SharedBaseAddress: 0x00007f808b000000, ArchiveRelocationMode: 1.
Compressed class space mapped at: 0x00007f808c000000-0x00007f80cc000000, reserved size: 1073741824
Narrow klass base: 0x00007f808b000000, Narrow klass shift: 0, Narrow klass range: 0x100000000

GC Precious Log:
 CardTable entry size: 512
 Card Set container configuration: InlinePtr #cards 3 size 8 Array Of Cards #cards 128 size 272 Howl #buckets 8 coarsen threshold 29491 Howl Bitmap #cards 4096 size 528 coarsen threshold 3686 Card regions per heap region 1 cards per card region 32768
 CPUs: 384 total, 2 available
 Memory: 755G
 Large Page Support: Disabled
 NUMA Support: Disabled
 Compressed Oops: Enabled (Zero based)
 Heap Region Size: 16M
 Heap Min Capacity: 16M
 Heap Initial Capacity: 2G
 Heap Max Capacity: 30208M
 Pre-touch: Disabled
 Parallel Workers: 2
 Concurrent Workers: 1
 Concurrent Refinement Workers: 2
 Periodic GC: Disabled

Heap:
 garbage-first heap   total 2113536K, used 776417K [0x00000000a0000000, 0x0000000800000000)
  region size 16384K, 49 young (802816K), 1 survivors (16384K)
 Metaspace       used 1904K, committed 2112K, reserved 1114112K
  class space    used 209K, committed 320K, reserved 1048576K

Heap Regions: E=young(eden), S=young(survivor), O=old, HS=humongous(starts), HC=humongous(continues), CS=collection set, F=free, TAMS=top-at-mark-start, PB=parsable bottom
|   0|0x00000000a0000000, 0x00000000a0000000, 0x00000000a1000000|  0%| F|  |TAMS 0x00000000a0000000| PB 0x00000000a0000000| Untracked 
|   1|0x00000000a1000000, 0x00000000a1000000, 0x00000000a2000000|  0%| F|  |TAMS 0x00000000a1000000| PB 0x00000000a1000000| Untracked 
|   2|0x00000000a2000000, 0x00000000a2000000, 0x00000000a3000000|  0%| F|  |TAMS 0x00000000a2000000| PB 0x00000000a2000000| Untracked 
|   3|0x00000000a3000000, 0x00000000a3000000, 0x00000000a4000000|  0%| F|  |TAMS 0x00000000a3000000| PB 0x00000000a3000000| Untracked 
|   4|0x00000000a4000000, 0x00000000a4000000, 0x00000000a5000000|  0%| F|  |TAMS 0x00000000a4000000| PB 0x00000000a4000000| Untracked 
|   5|0x00000000a5000000, 0x00000000a5000000, 0x00000000a6000000|  0%| F|  |TAMS 0x00000000a5000000| PB 0x00000000a5000000| Untracked 
|   6|0x00000000a6000000, 0x00000000a6000000, 0x00000000a7000000|  0%| F|  |TAMS 0x00000000a6000000| PB 0x00000000a6000000| Untracked 
|   7|0x00000000a7000000, 0x00000000a7000000, 0x00000000a8000000|  0%| F|  |TAMS 0x00000000a7000000| PB 0x00000000a7000000| Untracked 
|   8|0x00000000a8000000, 0x00000000a8000000, 0x00000000a9000000|  0%| F|  |TAMS 0x00000000a8000000| PB 0x00000000a8000000| Untracked 
|   9|0x00000000a9000000, 0x00000000a9000000, 0x00000000aa000000|  0%| F|  |TAMS 0x00000000a9000000| PB 0x00000000a9000000| Untracked 
|  10|0x00000000aa000000, 0x00000000aa000000, 0x00000000ab000000|  0%| F|  |TAMS 0x00000000aa000000| PB 0x00000000aa000000| Untracked 
|  11|0x00000000ab000000, 0x00000000ab000000, 0x00000000ac000000|  0%| F|  |TAMS 0x00000000ab000000| PB 0x00000000ab000000| Untracked 
|  12|0x00000000ac000000, 0x00000000ac000000, 0x00000000ad000000|  0%| F|  |TAMS 0x00000000ac000000| PB 0x00000000ac000000| Untracked 
|  13|0x00000000ad000000, 0x00000000ad000000, 0x00000000ae000000|  0%| F|  |TAMS 0x00000000ad000000| PB 0x00000000ad000000| Untracked 
|  14|0x00000000ae000000, 0x00000000ae000000, 0x00000000af000000|  0%| F|  |TAMS 0x00000000ae000000| PB 0x00000000ae000000| Untracked 
|  15|0x00000000af000000, 0x00000000af000000, 0x00000000b0000000|  0%| F|  |TAMS 0x00000000af000000| PB 0x00000000af000000| Untracked 
|  16|0x00000000b0000000, 0x00000000b0000000, 0x00000000b1000000|  0%| F|  |TAMS 0x00000000b0000000| PB 0x00000000b0000000| Untracked 
|  17|0x00000000b1000000, 0x00000000b1000000, 0x00000000b2000000|  0%| F|  |TAMS 0x00000000b1000000| PB 0x00000000b1000000| Untracked 
|  18|0x00000000b2000000, 0x00000000b2000000, 0x00000000b3000000|  0%| F|  |TAMS 0x00000000b2000000| PB 0x00000000b2000000| Untracked 
|  19|0x00000000b3000000, 0x00000000b3000000, 0x00000000b4000000|  0%| F|  |TAMS 0x00000000b3000000| PB 0x00000000b3000000| Untracked 
|  20|0x00000000b4000000, 0x00000000b4000000, 0x00000000b5000000|  0%| F|  |TAMS 0x00000000b4000000| PB 0x00000000b4000000| Untracked 
|  21|0x00000000b5000000, 0x00000000b5000000, 0x00000000b6000000|  0%| F|  |TAMS 0x00000000b5000000| PB 0x00000000b5000000| Untracked 
|  22|0x00000000b6000000, 0x00000000b6000000, 0x00000000b7000000|  0%| F|  |TAMS 0x00000000b6000000| PB 0x00000000b6000000| Untracked 
|  23|0x00000000b7000000, 0x00000000b7000000, 0x00000000b8000000|  0%| F|  |TAMS 0x00000000b7000000| PB 0x00000000b7000000| Untracked 
|  24|0x00000000b8000000, 0x00000000b8000000, 0x00000000b9000000|  0%| F|  |TAMS 0x00000000b8000000| PB 0x00000000b8000000| Untracked 
|  25|0x00000000b9000000, 0x00000000b9000000, 0x00000000ba000000|  0%| F|  |TAMS 0x00000000b9000000| PB 0x00000000b9000000| Untracked 
|  26|0x00000000ba000000, 0x00000000ba000000, 0x00000000bb000000|  0%| F|  |TAMS 0x00000000ba000000| PB 0x00000000ba000000| Untracked 
|  27|0x00000000bb000000, 0x00000000bb000000, 0x00000000bc000000|  0%| F|  |TAMS 0x00000000bb000000| PB 0x00000000bb000000| Untracked 
|  28|0x00000000bc000000, 0x00000000bc000000, 0x00000000bd000000|  0%| F|  |TAMS 0x00000000bc000000| PB 0x00000000bc000000| Untracked 
|  29|0x00000000bd000000, 0x00000000bd000000, 0x00000000be000000|  0%| F|  |TAMS 0x00000000bd000000| PB 0x00000000bd000000| Untracked 
|  30|0x00000000be000000, 0x00000000be000000, 0x00000000bf000000|  0%| F|  |TAMS 0x00000000be000000| PB 0x00000000be000000| Untracked 
|  31|0x00000000bf000000, 0x00000000bf000000, 0x00000000c0000000|  0%| F|  |TAMS 0x00000000bf000000| PB 0x00000000bf000000| Untracked 
|  32|0x00000000c0000000, 0x00000000c0000000, 0x00000000c1000000|  0%| F|  |TAMS 0x00000000c0000000| PB 0x00000000c0000000| Untracked 
|  33|0x00000000c1000000, 0x00000000c1000000, 0x00000000c2000000|  0%| F|  |TAMS 0x00000000c1000000| PB 0x00000000c1000000| Untracked 
|  34|0x00000000c2000000, 0x00000000c2000000, 0x00000000c3000000|  0%| F|  |TAMS 0x00000000c2000000| PB 0x00000000c2000000| Untracked 
|  35|0x00000000c3000000, 0x00000000c3000000, 0x00000000c4000000|  0%| F|  |TAMS 0x00000000c3000000| PB 0x00000000c3000000| Untracked 
|  36|0x00000000c4000000, 0x00000000c4000000, 0x00000000c5000000|  0%| F|  |TAMS 0x00000000c4000000| PB 0x00000000c4000000| Untracked 
|  37|0x00000000c5000000, 0x00000000c5000000, 0x00000000c6000000|  0%| F|  |TAMS 0x00000000c5000000| PB 0x00000000c5000000| Untracked 
|  38|0x00000000c6000000, 0x00000000c6000000, 0x00000000c7000000|  0%| F|  |TAMS 0x00000000c6000000| PB 0x00000000c6000000| Untracked 
|  39|0x00000000c7000000, 0x00000000c7000000, 0x00000000c8000000|  0%| F|  |TAMS 0x00000000c7000000| PB 0x00000000c7000000| Untracked 
|  40|0x00000000c8000000, 0x00000000c8000000, 0x00000000c9000000|  0%| F|  |TAMS 0x00000000c8000000| PB 0x00000000c8000000| Untracked 
|  41|0x00000000c9000000, 0x00000000c9000000, 0x00000000ca000000|  0%| F|  |TAMS 0x00000000c9000000| PB 0x00000000c9000000| Untracked 
|  42|0x00000000ca000000, 0x00000000ca000000, 0x00000000cb000000|  0%| F|  |TAMS 0x00000000ca000000| PB 0x00000000ca000000| Untracked 
|  43|0x00000000cb000000, 0x00000000cb000000, 0x00000000cc000000|  0%| F|  |TAMS 0x00000000cb000000| PB 0x00000000cb000000| Untracked 
|  44|0x00000000cc000000, 0x00000000cc000000, 0x00000000cd000000|  0%| F|  |TAMS 0x00000000cc000000| PB 0x00000000cc000000| Untracked 
|  45|0x00000000cd000000, 0x00000000cd000000, 0x00000000ce000000|  0%| F|  |TAMS 0x00000000cd000000| PB 0x00000000cd000000| Untracked 
|  46|0x00000000ce000000, 0x00000000ce000000, 0x00000000cf000000|  0%| F|  |TAMS 0x00000000ce000000| PB 0x00000000ce000000| Untracked 
|  47|0x00000000cf000000, 0x00000000cf000000, 0x00000000d0000000|  0%| F|  |TAMS 0x00000000cf000000| PB 0x00000000cf000000| Untracked 
|  48|0x00000000d0000000, 0x00000000d0000000, 0x00000000d1000000|  0%| F|  |TAMS 0x00000000d0000000| PB 0x00000000d0000000| Untracked 
|  49|0x00000000d1000000, 0x00000000d1000000, 0x00000000d2000000|  0%| F|  |TAMS 0x00000000d1000000| PB 0x00000000d1000000| Untracked 
|  50|0x00000000d2000000, 0x00000000d2000000, 0x00000000d3000000|  0%| F|  |TAMS 0x00000000d2000000| PB 0x00000000d2000000| Untracked 
|  51|0x00000000d3000000, 0x00000000d3000000, 0x00000000d4000000|  0%| F|  |TAMS 0x00000000d3000000| PB 0x00000000d3000000| Untracked 
|  52|0x00000000d4000000, 0x00000000d4530f58, 0x00000000d5000000| 32%| S|CS|TAMS 0x00000000d4000000| PB 0x00000000d4000000| Complete 
|  53|0x00000000d5000000, 0x00000000d5000000, 0x00000000d6000000|  0%| F|  |TAMS 0x00000000d5000000| PB 0x00000000d5000000| Untracked 
|  54|0x00000000d6000000, 0x00000000d6000000, 0x00000000d7000000|  0%| F|  |TAMS 0x00000000d6000000| PB 0x00000000d6000000| Untracked 
|  55|0x00000000d7000000, 0x00000000d7000000, 0x00000000d8000000|  0%| F|  |TAMS 0x00000000d7000000| PB 0x00000000d7000000| Untracked 
|  56|0x00000000d8000000, 0x00000000d8000000, 0x00000000d9000000|  0%| F|  |TAMS 0x00000000d8000000| PB 0x00000000d8000000| Untracked 
|  57|0x00000000d9000000, 0x00000000d9000000, 0x00000000da000000|  0%| F|  |TAMS 0x00000000d9000000| PB 0x00000000d9000000| Untracked 
|  58|0x00000000da000000, 0x00000000da000000, 0x00000000db000000|  0%| F|  |TAMS 0x00000000da000000| PB 0x00000000da000000| Untracked 
|  59|0x00000000db000000, 0x00000000db000000, 0x00000000dc000000|  0%| F|  |TAMS 0x00000000db000000| PB 0x00000000db000000| Untracked 
|  60|0x00000000dc000000, 0x00000000dc000000, 0x00000000dd000000|  0%| F|  |TAMS 0x00000000dc000000| PB 0x00000000dc000000| Untracked 
|  61|0x00000000dd000000, 0x00000000dd000000, 0x00000000de000000|  0%| F|  |TAMS 0x00000000dd000000| PB 0x00000000dd000000| Untracked 
|  62|0x00000000de000000, 0x00000000de000000, 0x00000000df000000|  0%| F|  |TAMS 0x00000000de000000| PB 0x00000000de000000| Untracked 
|  63|0x00000000df000000, 0x00000000df000000, 0x00000000e0000000|  0%| F|  |TAMS 0x00000000df000000| PB 0x00000000df000000| Untracked 
|  64|0x00000000e0000000, 0x00000000e0000000, 0x00000000e1000000|  0%| F|  |TAMS 0x00000000e0000000| PB 0x00000000e0000000| Untracked 
|  65|0x00000000e1000000, 0x00000000e1000000, 0x00000000e2000000|  0%| F|  |TAMS 0x00000000e1000000| PB 0x00000000e1000000| Untracked 
|  66|0x00000000e2000000, 0x00000000e2000000, 0x00000000e3000000|  0%| F|  |TAMS 0x00000000e2000000| PB 0x00000000e2000000| Untracked 
|  67|0x00000000e3000000, 0x00000000e3000000, 0x00000000e4000000|  0%| F|  |TAMS 0x00000000e3000000| PB 0x00000000e3000000| Untracked 
|  68|0x00000000e4000000, 0x00000000e4000000, 0x00000000e5000000|  0%| F|  |TAMS 0x00000000e4000000| PB 0x00000000e4000000| Untracked 
|  69|0x00000000e5000000, 0x00000000e5000000, 0x00000000e6000000|  0%| F|  |TAMS 0x00000000e5000000| PB 0x00000000e5000000| Untracked 
|  70|0x00000000e6000000, 0x00000000e6000000, 0x00000000e7000000|  0%| F|  |TAMS 0x00000000e6000000| PB 0x00000000e6000000| Untracked 
|  71|0x00000000e7000000, 0x00000000e7000000, 0x00000000e8000000|  0%| F|  |TAMS 0x00000000e7000000| PB 0x00000000e7000000| Untracked 
|  72|0x00000000e8000000, 0x00000000e8000000, 0x00000000e9000000|  0%| F|  |TAMS 0x00000000e8000000| PB 0x00000000e8000000| Untracked 
|  73|0x00000000e9000000, 0x00000000e9000000, 0x00000000ea000000|  0%| F|  |TAMS 0x00000000e9000000| PB 0x00000000e9000000| Untracked 
|  74|0x00000000ea000000, 0x00000000ea000000, 0x00000000eb000000|  0%| F|  |TAMS 0x00000000ea000000| PB 0x00000000ea000000| Untracked 
|  75|0x00000000eb000000, 0x00000000eb000000, 0x00000000ec000000|  0%| F|  |TAMS 0x00000000eb000000| PB 0x00000000eb000000| Untracked 
|  76|0x00000000ec000000, 0x00000000ec000000, 0x00000000ed000000|  0%| F|  |TAMS 0x00000000ec000000| PB 0x00000000ec000000| Untracked 
|  77|0x00000000ed000000, 0x00000000ed000000, 0x00000000ee000000|  0%| F|  |TAMS 0x00000000ed000000| PB 0x00000000ed000000| Untracked 
|  78|0x00000000ee000000, 0x00000000ee000000, 0x00000000ef000000|  0%| F|  |TAMS 0x00000000ee000000| PB 0x00000000ee000000| Untracked 
|  79|0x00000000ef000000, 0x00000000ef000000, 0x00000000f0000000|  0%| F|  |TAMS 0x00000000ef000000| PB 0x00000000ef000000| Untracked 
|  80|0x00000000f0000000, 0x00000000f0800800, 0x00000000f1000000| 50%| E|  |TAMS 0x00000000f0000000| PB 0x00000000f0000000| Complete 
|  81|0x00000000f1000000, 0x00000000f2000000, 0x00000000f2000000|100%| E|CS|TAMS 0x00000000f1000000| PB 0x00000000f1000000| Complete 
|  82|0x00000000f2000000, 0x00000000f3000000, 0x00000000f3000000|100%| E|CS|TAMS 0x00000000f2000000| PB 0x00000000f2000000| Complete 
|  83|0x00000000f3000000, 0x00000000f4000000, 0x00000000f4000000|100%| E|CS|TAMS 0x00000000f3000000| PB 0x00000000f3000000| Complete 
|  84|0x00000000f4000000, 0x00000000f5000000, 0x00000000f5000000|100%| E|CS|TAMS 0x00000000f4000000| PB 0x00000000f4000000| Complete 
|  85|0x00000000f5000000, 0x00000000f6000000, 0x00000000f6000000|100%| E|CS|TAMS 0x00000000f5000000| PB 0x00000000f5000000| Complete 
|  86|0x00000000f6000000, 0x00000000f7000000, 0x00000000f7000000|100%| E|CS|TAMS 0x00000000f6000000| PB 0x00000000f6000000| Complete 
|  87|0x00000000f7000000, 0x00000000f8000000, 0x00000000f8000000|100%| E|CS|TAMS 0x00000000f7000000| PB 0x00000000f7000000| Complete 
|  88|0x00000000f8000000, 0x00000000f9000000, 0x00000000f9000000|100%| E|CS|TAMS 0x00000000f8000000| PB 0x00000000f8000000| Complete 
|  89|0x00000000f9000000, 0x00000000fa000000, 0x00000000fa000000|100%| E|CS|TAMS 0x00000000f9000000| PB 0x00000000f9000000| Complete 
|  90|0x00000000fa000000, 0x00000000fb000000, 0x00000000fb000000|100%| E|CS|TAMS 0x00000000fa000000| PB 0x00000000fa000000| Complete 
|  91|0x00000000fb000000, 0x00000000fc000000, 0x00000000fc000000|100%| E|CS|TAMS 0x00000000fb000000| PB 0x00000000fb000000| Complete 
|  92|0x00000000fc000000, 0x00000000fd000000, 0x00000000fd000000|100%| E|CS|TAMS 0x00000000fc000000| PB 0x00000000fc000000| Complete 
|  93|0x00000000fd000000, 0x00000000fe000000, 0x00000000fe000000|100%| E|CS|TAMS 0x00000000fd000000| PB 0x00000000fd000000| Complete 
|  94|0x00000000fe000000, 0x00000000ff000000, 0x00000000ff000000|100%| E|CS|TAMS 0x00000000fe000000| PB 0x00000000fe000000| Complete 
|  95|0x00000000ff000000, 0x0000000100000000, 0x0000000100000000|100%| E|CS|TAMS 0x00000000ff000000| PB 0x00000000ff000000| Complete 
|  96|0x0000000100000000, 0x0000000101000000, 0x0000000101000000|100%| E|CS|TAMS 0x0000000100000000| PB 0x0000000100000000| Complete 
|  97|0x0000000101000000, 0x0000000102000000, 0x0000000102000000|100%| E|CS|TAMS 0x0000000101000000| PB 0x0000000101000000| Complete 
|  98|0x0000000102000000, 0x0000000103000000, 0x0000000103000000|100%| E|CS|TAMS 0x0000000102000000| PB 0x0000000102000000| Complete 
|  99|0x0000000103000000, 0x0000000104000000, 0x0000000104000000|100%| E|CS|TAMS 0x0000000103000000| PB 0x0000000103000000| Complete 
| 100|0x0000000104000000, 0x0000000105000000, 0x0000000105000000|100%| E|CS|TAMS 0x0000000104000000| PB 0x0000000104000000| Complete 
| 101|0x0000000105000000, 0x0000000106000000, 0x0000000106000000|100%| E|CS|TAMS 0x0000000105000000| PB 0x0000000105000000| Complete 
| 102|0x0000000106000000, 0x0000000107000000, 0x0000000107000000|100%| E|CS|TAMS 0x0000000106000000| PB 0x0000000106000000| Complete 
| 103|0x0000000107000000, 0x0000000108000000, 0x0000000108000000|100%| E|CS|TAMS 0x0000000107000000| PB 0x0000000107000000| Complete 
| 104|0x0000000108000000, 0x0000000109000000, 0x0000000109000000|100%| E|CS|TAMS 0x0000000108000000| PB 0x0000000108000000| Complete 
| 105|0x0000000109000000, 0x000000010a000000, 0x000000010a000000|100%| E|CS|TAMS 0x0000000109000000| PB 0x0000000109000000| Complete 
| 106|0x000000010a000000, 0x000000010b000000, 0x000000010b000000|100%| E|CS|TAMS 0x000000010a000000| PB 0x000000010a000000| Complete 
| 107|0x000000010b000000, 0x000000010c000000, 0x000000010c000000|100%| E|CS|TAMS 0x000000010b000000| PB 0x000000010b000000| Complete 
| 108|0x000000010c000000, 0x000000010d000000, 0x000000010d000000|100%| E|CS|TAMS 0x000000010c000000| PB 0x000000010c000000| Complete 
| 109|0x000000010d000000, 0x000000010e000000, 0x000000010e000000|100%| E|CS|TAMS 0x000000010d000000| PB 0x000000010d000000| Complete 
| 110|0x000000010e000000, 0x000000010f000000, 0x000000010f000000|100%| E|CS|TAMS 0x000000010e000000| PB 0x000000010e000000| Complete 
| 111|0x000000010f000000, 0x0000000110000000, 0x0000000110000000|100%| E|CS|TAMS 0x000000010f000000| PB 0x000000010f000000| Complete 
| 112|0x0000000110000000, 0x0000000111000000, 0x0000000111000000|100%| E|CS|TAMS 0x0000000110000000| PB 0x0000000110000000| Complete 
| 113|0x0000000111000000, 0x0000000112000000, 0x0000000112000000|100%| E|CS|TAMS 0x0000000111000000| PB 0x0000000111000000| Complete 
| 114|0x0000000112000000, 0x0000000113000000, 0x0000000113000000|100%| E|CS|TAMS 0x0000000112000000| PB 0x0000000112000000| Complete 
| 115|0x0000000113000000, 0x0000000114000000, 0x0000000114000000|100%| E|CS|TAMS 0x0000000113000000| PB 0x0000000113000000| Complete 
| 116|0x0000000114000000, 0x0000000115000000, 0x0000000115000000|100%| E|CS|TAMS 0x0000000114000000| PB 0x0000000114000000| Complete 
| 117|0x0000000115000000, 0x0000000116000000, 0x0000000116000000|100%| E|CS|TAMS 0x0000000115000000| PB 0x0000000115000000| Complete 
| 118|0x0000000116000000, 0x0000000117000000, 0x0000000117000000|100%| E|CS|TAMS 0x0000000116000000| PB 0x0000000116000000| Complete 
| 119|0x0000000117000000, 0x0000000118000000, 0x0000000118000000|100%| E|CS|TAMS 0x0000000117000000| PB 0x0000000117000000| Complete 
| 120|0x0000000118000000, 0x0000000119000000, 0x0000000119000000|100%| E|CS|TAMS 0x0000000118000000| PB 0x0000000118000000| Complete 
| 121|0x0000000119000000, 0x000000011a000000, 0x000000011a000000|100%| E|CS|TAMS 0x0000000119000000| PB 0x0000000119000000| Complete 
| 122|0x000000011a000000, 0x000000011b000000, 0x000000011b000000|100%| E|CS|TAMS 0x000000011a000000| PB 0x000000011a000000| Complete 
| 123|0x000000011b000000, 0x000000011c000000, 0x000000011c000000|100%| E|CS|TAMS 0x000000011b000000| PB 0x000000011b000000| Complete 
| 124|0x000000011c000000, 0x000000011d000000, 0x000000011d000000|100%| E|CS|TAMS 0x000000011c000000| PB 0x000000011c000000| Complete 
| 125|0x000000011d000000, 0x000000011e000000, 0x000000011e000000|100%| E|CS|TAMS 0x000000011d000000| PB 0x000000011d000000| Complete 
| 126|0x000000011e000000, 0x000000011f000000, 0x000000011f000000|100%| E|CS|TAMS 0x000000011e000000| PB 0x000000011e000000| Complete 
| 127|0x000000011f000000, 0x0000000120000000, 0x0000000120000000|100%| E|CS|TAMS 0x000000011f000000| PB 0x000000011f000000| Complete 
|1887|0x00000007ff000000, 0x00000007ff107578, 0x0000000800000000|  6%| O|  |TAMS 0x00000007ff000000| PB 0x00000007ff000000| Untracked 

Card table byte_map: [0x00007f810038a000,0x00007f8103e8a000] _byte_map_base: 0x00007f80ffe8a000

Marking Bits: (CMBitMap*) 0x0000000026687de0
 Bits: [0x00007f80e2b8a000, 0x00007f810038a000)

Polling page: 0x00007f81f0f46000

Metaspace:

Usage:
  Non-class:      1.66 MB used.
      Class:    209.49 KB used.
       Both:      1.86 MB used.

Virtual space:
  Non-class space:       64.00 MB reserved,       1.75 MB (  3%) committed,  1 nodes.
      Class space:        1.00 GB reserved,     320.00 KB ( <1%) committed,  1 nodes.
             Both:        1.06 GB reserved,       2.06 MB ( <1%) committed. 

Chunk freelists:
   Non-Class:  11.28 MB
       Class:  15.62 MB
        Both:  26.90 MB

MaxMetaspaceSize: unlimited
CompressedClassSpaceSize: 1.00 GB
Initial GC threshold: 21.00 MB
Current GC threshold: 21.00 MB
CDS: on
 - commit_granule_bytes: 65536.
 - commit_granule_words: 8192.
 - virtual_space_node_default_size: 8388608.
 - enlarge_chunks_in_place: 1.
 - use_allocation_guard: 0.


Internal statistics:

num_allocs_failed_limit: 0.
num_arena_births: 72.
num_arena_deaths: 0.
num_vsnodes_births: 2.
num_vsnodes_deaths: 0.
num_space_committed: 33.
num_space_uncommitted: 0.
num_chunks_returned_to_freelist: 0.
num_chunks_taken_from_freelist: 113.
num_chunk_merges: 0.
num_chunk_splits: 79.
num_chunks_enlarged: 53.
num_inconsistent_stats: 0.

CodeHeap 'non-profiled nmethods': size=120036Kb used=492Kb max_used=492Kb free=119543Kb
 bounds [0x00007f810f451000, 0x00007f810f6c1000, 0x00007f811698a000]
CodeHeap 'profiled nmethods': size=120032Kb used=1052Kb max_used=1052Kb free=118979Kb
 bounds [0x00007f810798a000, 0x00007f8107bfa000, 0x00007f810eec2000]
CodeHeap 'non-nmethods': size=5692Kb used=1363Kb max_used=1378Kb free=4328Kb
 bounds [0x00007f810eec2000, 0x00007f810f132000, 0x00007f810f451000]
 total_blobs=1173 nmethods=774 adapters=305
 compilation: enabled
              stopped_count=0, restarted_count=0
 full_count=0

Compilation events (20 events):
Event: 6217.813 Thread 0x0000000029d67550  765       3       java.util.Optional::orElse (16 bytes)
Event: 6217.813 Thread 0x0000000029d67550 nmethod 765 0x00007f8107a8cf90 code [0x00007f8107a8d120, 0x00007f8107a8d2a8]
Event: 6217.813 Thread 0x0000000029d67550  766       3       java.nio.Buffer::session (20 bytes)
Event: 6217.813 Thread 0x0000000029d67550 nmethod 766 0x00007f8107a8d310 code [0x00007f8107a8d4c0, 0x00007f8107a8d7a0]
Event: 6217.813 Thread 0x0000000029d67550  767       3       java.nio.Buffer::checkIndex (12 bytes)
Event: 6217.813 Thread 0x0000000029d67550 nmethod 767 0x00007f8107a8d890 code [0x00007f8107a8da20, 0x00007f8107a8db78]
Event: 6217.813 Thread 0x0000000029d67550  768   !   3       java.nio.DirectByteBuffer::get (34 bytes)
Event: 6217.814 Thread 0x0000000029d67550 nmethod 768 0x00007f8107a8dc10 code [0x00007f8107a8de60, 0x00007f8107a8e7b8]
Event: 6217.814 Thread 0x0000000029d67550  769       3       java.nio.DirectByteBuffer::ix (10 bytes)
Event: 6217.814 Thread 0x0000000029d67550 nmethod 769 0x00007f8107a8ec90 code [0x00007f8107a8ee20, 0x00007f8107a8ef30]
Event: 6217.814 Thread 0x0000000029d67550  770       3       jdk.internal.jimage.ImageStringsReader::unmaskedHashCode (166 bytes)
Event: 6217.815 Thread 0x0000000029d67550 nmethod 770 0x00007f8107a8ef90 code [0x00007f8107a8f1e0, 0x00007f8107a8fd50]
Event: 6217.815 Thread 0x0000000029d67550  771       1       java.nio.Buffer::limit (5 bytes)
Event: 6217.815 Thread 0x0000000029d67550 nmethod 771 0x00007f810f4cbf90 code [0x00007f810f4cc120, 0x00007f810f4cc1e0]
Event: 6217.818 Thread 0x0000000029d67550  772       3       java.util.AbstractList::<init> (10 bytes)
Event: 6217.818 Thread 0x0000000029d67550 nmethod 772 0x00007f8107a90210 code [0x00007f8107a903c0, 0x00007f8107a90588]
Event: 6217.819 Thread 0x0000000029d67550  773       3       java.lang.Enum::<init> (15 bytes)
Event: 6217.819 Thread 0x0000000029d67550 nmethod 773 0x00007f8107a90690 code [0x00007f8107a90820, 0x00007f8107a909e8]
Event: 6217.819 Thread 0x0000000029d67550  774       3       java.lang.ref.ReferenceQueue::poll0 (65 bytes)
Event: 6217.820 Thread 0x0000000029d67550 nmethod 774 0x00007f8107a90a90 code [0x00007f8107a90c60, 0x00007f8107a911a8]

GC Heap History (16 events):
Event: 1.784 GC heap before
{Heap before GC invocations=0 (full 0):
 garbage-first heap   total 2113536K, used 99357K [0x00000000a0000000, 0x0000000800000000)
  region size 16384K, 6 young (98304K), 0 survivors (0K)
 Metaspace       used 1777K, committed 1984K, reserved 1114112K
  class space    used 195K, committed 320K, reserved 1048576K
}
Event: 1.786 GC heap after
{Heap after GC invocations=1 (full 0):
 garbage-first heap   total 2113536K, used 6234K [0x00000000a0000000, 0x0000000800000000)
  region size 16384K, 1 young (16384K), 1 survivors (16384K)
 Metaspace       used 1777K, committed 1984K, reserved 1114112K
  class space    used 195K, committed 320K, reserved 1048576K
}
Event: 2.643 GC heap before
{Heap before GC invocations=1 (full 0):
 garbage-first heap   total 2113536K, used 88154K [0x00000000a0000000, 0x0000000800000000)
  region size 16384K, 6 young (98304K), 1 survivors (16384K)
 Metaspace       used 1799K, committed 2048K, reserved 1114112K
  class space    used 196K, committed 320K, reserved 1048576K
}
Event: 2.644 GC heap after
{Heap after GC invocations=2 (full 0):
 garbage-first heap   total 2113536K, used 6278K [0x00000000a0000000, 0x0000000800000000)
  region size 16384K, 1 young (16384K), 1 survivors (16384K)
 Metaspace       used 1799K, committed 2048K, reserved 1114112K
  class space    used 196K, committed 320K, reserved 1048576K
}
Event: 3.482 GC heap before
{Heap before GC invocations=2 (full 0):
 garbage-first heap   total 2113536K, used 88198K [0x00000000a0000000, 0x0000000800000000)
  region size 16384K, 6 young (98304K), 1 survivors (16384K)
 Metaspace       used 1799K, committed 2048K, reserved 1114112K
  class space    used 196K, committed 320K, reserved 1048576K
}
Event: 3.484 GC heap after
{Heap after GC invocations=3 (full 0):
 garbage-first heap   total 2113536K, used 6294K [0x00000000a0000000, 0x0000000800000000)
  region size 16384K, 1 young (16384K), 1 survivors (16384K)
 Metaspace       used 1799K, committed 2048K, reserved 1114112K
  class space    used 196K, committed 320K, reserved 1048576K
}
Event: 4.324 GC heap before
{Heap before GC invocations=3 (full 0):
 garbage-first heap   total 2113536K, used 88214K [0x00000000a0000000, 0x0000000800000000)
  region size 16384K, 6 young (98304K), 1 survivors (16384K)
 Metaspace       used 1799K, committed 2048K, reserved 1114112K
  class space    used 196K, committed 320K, reserved 1048576K
}
Event: 4.326 GC heap after
{Heap after GC invocations=4 (full 0):
 garbage-first heap   total 2113536K, used 6267K [0x00000000a0000000, 0x0000000800000000)
  region size 16384K, 1 young (16384K), 1 survivors (16384K)
 Metaspace       used 1799K, committed 2048K, reserved 1114112K
  class space    used 196K, committed 320K, reserved 1048576K
}
Event: 5.601 GC heap before
{Heap before GC invocations=4 (full 0):
 garbage-first heap   total 2113536K, used 104571K [0x00000000a0000000, 0x0000000800000000)
  region size 16384K, 7 young (114688K), 1 survivors (16384K)
 Metaspace       used 1799K, committed 2048K, reserved 1114112K
  class space    used 196K, committed 320K, reserved 1048576K
}
Event: 5.603 GC heap after
{Heap after GC invocations=5 (full 0):
 garbage-first heap   total 2113536K, used 6306K [0x00000000a0000000, 0x0000000800000000)
  region size 16384K, 1 young (16384K), 1 survivors (16384K)
 Metaspace       used 1799K, committed 2048K, reserved 1114112K
  class space    used 196K, committed 320K, reserved 1048576K
}
Event: 7.116 GC heap before
{Heap before GC invocations=5 (full 0):
 garbage-first heap   total 2113536K, used 153762K [0x00000000a0000000, 0x0000000800000000)
  region size 16384K, 10 young (163840K), 1 survivors (16384K)
 Metaspace       used 1799K, committed 2048K, reserved 1114112K
  class space    used 196K, committed 320K, reserved 1048576K
}
Event: 7.118 GC heap after
{Heap after GC invocations=6 (full 0):
 garbage-first heap   total 2113536K, used 6265K [0x00000000a0000000, 0x0000000800000000)
  region size 16384K, 1 young (16384K), 1 survivors (16384K)
 Metaspace       used 1799K, committed 2048K, reserved 1114112K
  class space    used 196K, committed 320K, reserved 1048576K
}
Event: 20.307 GC heap before
{Heap before GC invocations=6 (full 0):
 garbage-first heap   total 2113536K, used 1235065K [0x00000000a0000000, 0x0000000800000000)
  region size 16384K, 76 young (1245184K), 1 survivors (16384K)
 Metaspace       used 1799K, committed 2048K, reserved 1114112K
  class space    used 196K, committed 320K, reserved 1048576K
}
Event: 20.309 GC heap after
{Heap after GC invocations=7 (full 0):
 garbage-first heap   total 2113536K, used 6288K [0x00000000a0000000, 0x0000000800000000)
  region size 16384K, 1 young (16384K), 1 survivors (16384K)
 Metaspace       used 1799K, committed 2048K, reserved 1114112K
  class space    used 196K, committed 320K, reserved 1048576K
}
Event: 32.941 GC heap before
{Heap before GC invocations=7 (full 0):
 garbage-first heap   total 2113536K, used 1235088K [0x00000000a0000000, 0x0000000800000000)
  region size 16384K, 76 young (1245184K), 1 survivors (16384K)
 Metaspace       used 1799K, committed 2048K, reserved 1114112K
  class space    used 196K, committed 320K, reserved 1048576K
}
Event: 32.943 GC heap after
{Heap after GC invocations=8 (full 0):
 garbage-first heap   total 2113536K, used 6369K [0x00000000a0000000, 0x0000000800000000)
  region size 16384K, 1 young (16384K), 1 survivors (16384K)
 Metaspace       used 1799K, committed 2048K, reserved 1114112K
  class space    used 196K, committed 320K, reserved 1048576K
}

Dll operation events (7 events):
Event: 0.012 Loaded shared library /scratch/fs201059/aa17626/jdk-21/lib/libjava.so
Event: 0.030 Loaded shared library /scratch/fs201059/aa17626/jdk-21/lib/libjsvml.so
Event: 0.104 Loaded shared library /scratch/fs201059/aa17626/jdk-21/lib/libnio.so
Event: 0.122 Loaded shared library /scratch/fs201059/aa17626/jdk-21/lib/libzip.so
Event: 0.744 Loaded shared library /scratch/fs201059/aa17626/jdk-21/lib/libmanagement.so
Event: 0.751 Loaded shared library /scratch/fs201059/aa17626/jdk-21/lib/libmanagement_ext.so
Event: 6217.812 Loaded shared library /scratch/fs201059/aa17626/jdk-21/lib/libjimage.so

Deoptimization events (20 events):
Event: 2.030 Thread 0x00000000263496c0 Uncommon trap: trap_request=0xffffff45 fr.pc=0x00007f810f499810 relative=0x0000000000000470
Event: 2.030 Thread 0x00000000263496c0 Uncommon trap: reason=unstable_if action=reinterpret pc=0x00007f810f499810 method=org.apache.lucene.analysis.en.PorterStemmer.step1()V @ 239 c2
Event: 2.030 Thread 0x00000000263496c0 DEOPT PACKING pc=0x00007f810f499810 sp=0x00007ffdf2b689d0
Event: 2.030 Thread 0x00000000263496c0 DEOPT UNPACKING pc=0x00007f810ef19619 sp=0x00007ffdf2b689a0 mode 2
Event: 2.128 Thread 0x00000000263496c0 Uncommon trap: trap_request=0xffffff45 fr.pc=0x00007f810f4bf0c8 relative=0x00000000000003a8
Event: 2.128 Thread 0x00000000263496c0 Uncommon trap: reason=unstable_if action=reinterpret pc=0x00007f810f4bf0c8 method=org.apache.lucene.analysis.en.PorterStemmer.step3()V @ 410 c2
Event: 2.128 Thread 0x00000000263496c0 DEOPT PACKING pc=0x00007f810f4bf0c8 sp=0x00007ffdf2b68a10
Event: 2.128 Thread 0x00000000263496c0 DEOPT UNPACKING pc=0x00007f810ef19619 sp=0x00007ffdf2b689c8 mode 2
Event: 8.244 Thread 0x00000000263496c0 Uncommon trap: trap_request=0xffffff45 fr.pc=0x00007f810f4c33a8 relative=0x0000000000000408
Event: 8.244 Thread 0x00000000263496c0 Uncommon trap: reason=unstable_if action=reinterpret pc=0x00007f810f4c33a8 method=org.apache.lucene.analysis.en.PorterStemmer.step3()V @ 392 c2
Event: 8.244 Thread 0x00000000263496c0 DEOPT PACKING pc=0x00007f810f4c33a8 sp=0x00007ffdf2b68a10
Event: 8.244 Thread 0x00000000263496c0 DEOPT UNPACKING pc=0x00007f810ef19619 sp=0x00007ffdf2b689c8 mode 2
Event: 16.631 Thread 0x00000000263496c0 Uncommon trap: trap_request=0xffffff45 fr.pc=0x00007f810f4a7148 relative=0x0000000000000848
Event: 16.631 Thread 0x00000000263496c0 Uncommon trap: reason=unstable_if action=reinterpret pc=0x00007f810f4a7148 method=org.apache.lucene.analysis.standard.StandardTokenizerImpl.zzRefill()Z @ 111 c2
Event: 16.631 Thread 0x00000000263496c0 DEOPT PACKING pc=0x00007f810f4a7148 sp=0x00007ffdf2b68950
Event: 16.631 Thread 0x00000000263496c0 DEOPT UNPACKING pc=0x00007f810ef19619 sp=0x00007ffdf2b68930 mode 2
Event: 23.635 Thread 0x00000000263496c0 Uncommon trap: trap_request=0xffffff45 fr.pc=0x00007f810f4c43d0 relative=0x0000000000000130
Event: 23.635 Thread 0x00000000263496c0 Uncommon trap: reason=unstable_if action=reinterpret pc=0x00007f810f4c43d0 method=java.lang.CharacterData00.toLowerCase(I)I @ 25 c2
Event: 23.635 Thread 0x00000000263496c0 DEOPT PACKING pc=0x00007f810f4c43d0 sp=0x00007ffdf2b68a40
Event: 23.635 Thread 0x00000000263496c0 DEOPT UNPACKING pc=0x00007f810ef19619 sp=0x00007ffdf2b689d8 mode 2

Classes loaded (20 events):
Event: 6217.818 Loading class jdk/internal/logger/AbstractLoggerWrapper
Event: 6217.819 Loading class jdk/internal/logger/AbstractLoggerWrapper done
Event: 6217.819 Loading class jdk/internal/logger/LazyLoggers$LazyLoggerWrapper done
Event: 6217.819 Loading class jdk/internal/logger/LazyLoggers$JdkLazyLogger done
Event: 6217.819 Loading class jdk/internal/logger/LazyLoggers$LazyLoggerAccessor
Event: 6217.819 Loading class jdk/internal/logger/LazyLoggers$LoggerAccessor
Event: 6217.819 Loading class jdk/internal/logger/LazyLoggers$LoggerAccessor done
Event: 6217.819 Loading class jdk/internal/logger/LazyLoggers$LazyLoggerAccessor done
Event: 6217.819 Loading class java/lang/System$Logger$Level
Event: 6217.819 Loading class java/lang/System$Logger$Level done
Event: 6217.819 Loading class jdk/internal/logger/SurrogateLogger
Event: 6217.819 Loading class jdk/internal/logger/SimpleConsoleLogger
Event: 6217.819 Loading class sun/util/logging/PlatformLogger$ConfigurableBridge$LoggerConfiguration
Event: 6217.819 Loading class sun/util/logging/PlatformLogger$ConfigurableBridge$LoggerConfiguration done
Event: 6217.819 Loading class jdk/internal/logger/SimpleConsoleLogger done
Event: 6217.819 Loading class jdk/internal/logger/SurrogateLogger done
Event: 6217.820 Loading class sun/util/logging/PlatformLogger
Event: 6217.820 Loading class sun/util/logging/PlatformLogger done
Event: 6217.820 Loading class sun/util/logging/PlatformLogger$Level
Event: 6217.820 Loading class sun/util/logging/PlatformLogger$Level done

Classes unloaded (0 events):
No events

Classes redefined (0 events):
No events

Internal exceptions (9 events):
Event: 0.739 Thread 0x00000000263496c0 Exception <a 'java/lang/NoSuchMethodError'{0x000000011fd310b0}: 'java.lang.Object java.lang.invoke.DirectMethodHandle$Holder.invokeStaticInit(java.lang.Object, java.lang.Object, java.lang.Object)'> (0x000000011fd310b0) 
thrown [src/hotspot/share/interpreter/linkResolver.cpp, line 772]
Event: 0.742 Thread 0x00000000263496c0 Exception <a 'java/lang/NoSuchMethodError'{0x000000011fd40a28}: 'void java.lang.invoke.DirectMethodHandle$Holder.invokeStatic(java.lang.Object, java.lang.Object, java.lang.Object)'> (0x000000011fd40a28) 
thrown [src/hotspot/share/interpreter/linkResolver.cpp, line 772]
Event: 0.744 Thread 0x00000000263496c0 Implicit null exception at 0x00007f810f4690e3 to 0x00007f810f469244
Event: 0.754 Thread 0x00000000263496c0 Exception <a 'java/lang/NoSuchMethodError'{0x000000011fd71540}: 'int java.lang.invoke.DirectMethodHandle$Holder.invokeSpecial(java.lang.Object, java.lang.Object, java.lang.Object)'> (0x000000011fd71540) 
thrown [src/hotspot/share/interpreter/linkResolver.cpp, line 772]
Event: 0.755 Thread 0x00000000263496c0 Exception <a 'java/lang/NoSuchMethodError'{0x000000011fd80058}: 'java.lang.Object java.lang.invoke.DirectMethodHandle$Holder.invokeStaticInit(java.lang.Object, java.lang.Object, java.lang.Object, java.lang.Object, java.lang.Object)'> (0x000000011fd80058) 
thrown [src/hotspot/share/interpreter/linkResolver.cpp, line 772]
Event: 0.756 Thread 0x00000000263496c0 Exception <a 'java/lang/NoSuchMethodError'{0x000000011fd86ef8}: 'java.lang.Object java.lang.invoke.DirectMethodHandle$Holder.invokeInterface(java.lang.Object, java.lang.Object, java.lang.Object)'> (0x000000011fd86ef8) 
thrown [src/hotspot/share/interpreter/linkResolver.cpp, line 772]
Event: 0.764 Thread 0x00000000263496c0 Exception <a 'java/lang/NoSuchMethodError'{0x000000011fdd09e8}: 'java.lang.Object java.lang.invoke.DirectMethodHandle$Holder.invokeStatic(java.lang.Object, java.lang.Object, int)'> (0x000000011fdd09e8) 
thrown [src/hotspot/share/interpreter/linkResolver.cpp, line 772]
Event: 0.765 Thread 0x00000000263496c0 Exception <a 'java/lang/NoSuchMethodError'{0x000000011fddbef8}: 'void java.lang.invoke.DelegatingMethodHandle$Holder.delegate(java.lang.Object, java.lang.Object, int, java.lang.Object)'> (0x000000011fddbef8) 
thrown [src/hotspot/share/interpreter/linkResolver.cpp, line 772]
Event: 0.773 Thread 0x00000000263496c0 Exception <a 'java/lang/NoSuchMethodError'{0x000000011fe45598}: 'void java.lang.invoke.DirectMethodHandle$Holder.invokeSpecial(java.lang.Object, java.lang.Object, java.lang.Object)'> (0x000000011fe45598) 
thrown [src/hotspot/share/interpreter/linkResolver.cpp, line 772]

ZGC Phase Switch (0 events):
No events

VM Operations (20 events):
Event: 2.644 Executing VM operation: G1CollectForAllocation (G1 Evacuation Pause) done
Event: 3.482 Executing VM operation: G1CollectForAllocation (G1 Evacuation Pause)
Event: 3.484 Executing VM operation: G1CollectForAllocation (G1 Evacuation Pause) done
Event: 4.324 Executing VM operation: G1CollectForAllocation (G1 Evacuation Pause)
Event: 4.326 Executing VM operation: G1CollectForAllocation (G1 Evacuation Pause) done
Event: 5.601 Executing VM operation: G1CollectForAllocation (G1 Evacuation Pause)
Event: 5.603 Executing VM operation: G1CollectForAllocation (G1 Evacuation Pause) done
Event: 7.116 Executing VM operation: G1CollectForAllocation (G1 Evacuation Pause)
Event: 7.118 Executing VM operation: G1CollectForAllocation (G1 Evacuation Pause) done
Event: 20.307 Executing VM operation: G1CollectForAllocation (G1 Evacuation Pause)
Event: 20.309 Executing VM operation: G1CollectForAllocation (G1 Evacuation Pause) done
Event: 21.309 Executing VM operation: Cleanup
Event: 21.310 Executing VM operation: Cleanup done
Event: 25.310 Executing VM operation: Cleanup
Event: 25.311 Executing VM operation: Cleanup done
Event: 30.311 Executing VM operation: Cleanup
Event: 30.311 Executing VM operation: Cleanup done
Event: 32.941 Executing VM operation: G1CollectForAllocation (G1 Evacuation Pause)
Event: 32.943 Executing VM operation: G1CollectForAllocation (G1 Evacuation Pause) done
Event: 6217.820 Executing VM operation: Exit

Events (20 events):
Event: 0.028 Protecting memory [0x00007f8132bb5000,0x00007f8132bb9000] with protection modes 0
Event: 0.029 Thread 0x0000000029d62000 Thread added: 0x0000000029d62000
Event: 0.029 Protecting memory [0x00007f8132ab5000,0x00007f8132ab9000] with protection modes 0
Event: 0.029 Thread 0x0000000029d63060 Thread added: 0x0000000029d63060
Event: 0.029 Protecting memory [0x00007f81329b5000,0x00007f81329b9000] with protection modes 0
Event: 0.029 Thread 0x0000000029d640c0 Thread added: 0x0000000029d640c0
Event: 0.029 Protecting memory [0x00007f81328b5000,0x00007f81328b9000] with protection modes 0
Event: 0.029 Thread 0x0000000029d65120 Thread added: 0x0000000029d65120
Event: 0.029 Protecting memory [0x00007f81327b5000,0x00007f81327b9000] with protection modes 0
Event: 0.029 Thread 0x0000000029d664b0 Thread added: 0x0000000029d664b0
Event: 0.029 Protecting memory [0x00007f81326b5000,0x00007f81326b9000] with protection modes 0
Event: 0.029 Thread 0x0000000029d67550 Thread added: 0x0000000029d67550
Event: 0.030 Protecting memory [0x00007f81325b5000,0x00007f81325b9000] with protection modes 0
Event: 0.041 Thread 0x0000000029d80cb0 Thread added: 0x0000000029d80cb0
Event: 0.041 Protecting memory [0x00007f81324b5000,0x00007f81324b9000] with protection modes 0
Event: 0.057 Thread 0x0000000029d90cd0 Thread added: 0x0000000029d90cd0
Event: 0.058 Protecting memory [0x00007f81323b5000,0x00007f81323b9000] with protection modes 0
Event: 6217.808 Thread 0x00007f8070009450 Thread added: 0x00007f8070009450
Event: 6217.808 Protecting memory [0x00007f77133ab000,0x00007f77133af000] with protection modes 0
Event: 6217.820 Thread 0x0000000029d63060 Thread exited: 0x0000000029d63060


Dynamic libraries:
00400000-0041f000 r--p 00000000 207:10f2a 3626337130322788353            /scratch/fs201059/aa17626/miniconda3/envs/swift_1/bin/python3.11
0041f000-00658000 r-xp 0001f000 207:10f2a 3626337130322788353            /scratch/fs201059/aa17626/miniconda3/envs/swift_1/bin/python3.11
00658000-00777000 r--p 00258000 207:10f2a 3626337130322788353            /scratch/fs201059/aa17626/miniconda3/envs/swift_1/bin/python3.11
00777000-00778000 r--p 00377000 207:10f2a 3626337130322788353            /scratch/fs201059/aa17626/miniconda3/envs/swift_1/bin/python3.11
00778000-008aa000 rw-p 00378000 207:10f2a 3626337130322788353            /scratch/fs201059/aa17626/miniconda3/envs/swift_1/bin/python3.11
008aa000-008ec000 rw-p 00000000 00:00 0 
01c6d000-3d12f000 rw-p 00000000 00:00 0                                  [heap]
3d12f000-3e4bd000 rw-p 00000000 00:00 0                                  [heap]
3e4bd000-9ffe7000 rw-p 00000000 00:00 0                                  [heap]
a0000000-120000000 rw-p 00000000 00:00 0 
120000000-7ff000000 ---p 00000000 00:00 0 
7ff000000-7ff108000 rw-p 00ce7000 207:10f2a 12117132001110196225         /scratch/fs201059/aa17626/jdk-21/lib/server/classes.jsa
7ff108000-800000000 rw-p 00000000 00:00 0 
800000000-800600000 ---p 00000000 00:00 0 
800600000-800800000 rw-s 00000000 00:05 3356                             /dev/nvidia1
800800000-805000000 rw-s 00000000 00:05 3354                             /dev/nvidiactl
805000000-805600000 ---p 00000000 00:00 0 
805600000-805800000 rw-s 00000000 00:05 3354                             /dev/nvidiactl
805800000-805a00000 rw-s 00000000 00:05 3354                             /dev/nvidiactl
805a00000-805c00000 rw-s 805a00000 00:05 3369                            /dev/nvidia-uvm
805c00000-900200000 ---p 00000000 00:00 0 
10000000000-10004000000 ---p 00000000 00:00 0 
7f770c000000-7f770c021000 rw-p 00000000 00:00 0 
7f770c021000-7f7710000000 ---p 00000000 00:00 0 
7f77133ab000-7f77133af000 ---p 00000000 00:00 0 
7f77133af000-7f771c000000 rw-p 00000000 00:00 0 
7f771c000000-7f78a2000000 ---p 00000000 00:00 0 
7f78a20e5000-7f78a37e5000 rw-p 00000000 00:00 0 
7f78a37e5000-7f7aa77e5000 ---p 00000000 00:00 0 
7f7aa7800000-7f7ab2000000 rw-p 00000000 00:00 0 
7f7ab2000000-7f7bd6000000 ---p 00000000 00:00 0 
7f7bd60ea000-7f7bda000000 rw-p 00000000 00:00 0 
7f7bda000000-7f7ce3800000 ---p 00000000 00:00 0 
7f7ce3800000-7f7ce3a00000 rw-s 00000000 00:01 179027                     /dev/zero (deleted)
7f7ce3a00000-7f7ce3c00000 rw-s 00000000 00:01 179029                     /dev/zero (deleted)
7f7ce3c00000-7f7cf0000000 ---p 00000000 00:00 0 
7f7cf0000000-7f7cf0021000 rw-p 00000000 00:00 0 
7f7cf0021000-7f7cf4000000 ---p 00000000 00:00 0 
7f7cf4000000-7f7cf6000000 rw-p 00000000 00:00 0 
7f7cf6000000-7f7cfd200000 ---p 00000000 00:00 0 
7f7cfd200000-7f7cfda41000 rw-s 00000000 00:01 179028                     /dev/zero (deleted)
7f7cfda41000-7f7f4c000000 ---p 00000000 00:00 0 
7f7f4c091000-7f7f4ce91000 rw-p 00000000 00:00 0 
7f7f4cf00000-7f7f50000000 rw-p 00000000 00:00 0 
7f7f50000000-7f7f5c000000 ---p 00000000 00:00 0 
7f7f5c091000-7f7f5c191000 rw-p 00000000 00:00 0 
7f7f5c20b000-7f7f5fe0b000 rw-p 00000000 00:00 0 
7f7f5fe21000-7f7f62000000 rw-p 00000000 00:00 0 
7f7f62000000-7f7f64000000 ---p 00000000 00:00 0 
7f7f64000000-7f7f64021000 rw-p 00000000 00:00 0 
7f7f64021000-7f7f68000000 ---p 00000000 00:00 0 
7f7f680f9000-7f7f718f9000 rw-p 00000000 00:00 0 
7f7f71900000-7f7f74000000 rw-p 00000000 00:00 0 
7f7f74000000-7f7fd0000000 ---p 00000000 00:00 0 
7f7fd00ff000-7f7fd06ff000 rw-p 00000000 00:00 0 
7f7fd0700000-7f7fd2000000 rw-p 00000000 00:00 0 
7f7fd2000000-7f7fd4000000 ---p 00000000 00:00 0 
7f7fd4053000-7f7fd6100000 rw-p 00000000 00:00 0 
7f7fd6100000-7f7fd8000000 rw-p 00000000 00:00 0 
7f7fd8000000-7f7fda000000 ---p 00000000 00:00 0 
7f7fda000000-7f7fdad00000 rw-p 00000000 00:00 0 
7f7fdad00000-7f7fde000000 rw-p 00000000 00:00 0 
7f7fde000000-7f7fea000000 ---p 00000000 00:00 0 
7f7fea000000-7f7feb200000 rw-p 00000000 00:00 0 
7f7feb200000-7f7fee000000 rw-p 00000000 00:00 0 
7f7fee000000-7f800e000000 ---p 00000000 00:00 0 
7f800e000000-7f800ee00000 rw-p 00000000 00:00 0 
7f800ee7f000-7f8012000000 rw-p 00000000 00:00 0 
7f8012000000-7f8024000000 ---p 00000000 00:00 0 
7f80240a6000-7f802c000000 rw-p 00000000 00:00 0 
7f802c000000-7f8044000000 ---p 00000000 00:00 0 
7f8044000000-7f8044021000 rw-p 00000000 00:00 0 
7f8044021000-7f8048000000 ---p 00000000 00:00 0 
7f8048000000-7f804a000000 rw-p 00000000 00:00 0 
7f804a000000-7f804c000000 ---p 00000000 00:00 0 
7f804c000000-7f804c021000 rw-p 00000000 00:00 0 
7f804c021000-7f8050000000 ---p 00000000 00:00 0 
7f80500fd000-7f8054000000 rw-p 00000000 00:00 0 
7f8054000000-7f8054600000 ---p 00000000 00:00 0 
7f8054600000-7f8054800000 rw-s 00000000 00:05 3354                       /dev/nvidiactl
7f8054800000-7f8054a00000 rw-s 00000000 00:01 179023                     /dev/zero (deleted)
7f8054a00000-7f8054c00000 rw-s 00000000 00:01 179024                     /dev/zero (deleted)
7f8054c00000-7f8055400000 ---p 00000000 00:00 0 
7f8055400000-7f8055600000 rw-s 00000000 00:05 3354                       /dev/nvidiactl
7f8055600000-7f8055800000 ---p 00000000 00:00 0 
7f8055800000-7f8055a00000 rw-s 00000000 00:01 179026                     /dev/zero (deleted)
7f8055a00000-7f8055feb000 rw-s 00000000 00:05 3354                       /dev/nvidiactl
7f8055feb000-7f8056000000 ---p 00000000 00:00 0 
7f80560df000-7f8056ddf000 rw-p 00000000 00:00 0 
7f8056ddf000-7f8056de0000 rw-s 00000000 00:05 3354                       /dev/nvidiactl
7f8056de0000-7f8056de1000 rw-s 00000000 00:05 3354                       /dev/nvidiactl
7f8056de1000-7f8056de2000 rw-s 00000000 00:05 3354                       /dev/nvidiactl
7f8056de2000-7f8056de3000 rw-s 00000000 00:05 3354                       /dev/nvidiactl
7f8056de3000-7f8056de4000 rw-s 00000000 00:05 3354                       /dev/nvidiactl
7f8056de4000-7f8056de5000 rw-s 00000000 00:05 3354                       /dev/nvidiactl
7f8056de5000-7f8056de6000 rw-s 00000000 00:05 3354                       /dev/nvidiactl
7f8056de6000-7f8056de7000 rw-s 00000000 00:05 3354                       /dev/nvidiactl
7f8056de7000-7f8056de8000 rw-s 00000000 00:05 3354                       /dev/nvidiactl
7f8056de8000-7f8056de9000 rw-s 00000000 00:05 3354                       /dev/nvidiactl
7f8056de9000-7f8056dea000 rw-s 00000000 00:05 3354                       /dev/nvidiactl
7f8056dea000-7f8056deb000 rw-s 00000000 00:05 3354                       /dev/nvidiactl
7f8056deb000-7f8056dec000 rw-s 00000000 00:05 3354                       /dev/nvidiactl
7f8056dec000-7f8056ded000 rw-s 00000000 00:05 3354                       /dev/nvidiactl
7f8056ded000-7f8056dee000 rw-s 00000000 00:05 3354                       /dev/nvidiactl
7f8056dee000-7f8056def000 rw-s 00000000 00:05 3354                       /dev/nvidiactl
7f8056def000-7f8056df0000 rw-s 00000000 00:05 3354                       /dev/nvidiactl
7f8056df0000-7f8056df1000 rw-s 00000000 00:05 3354                       /dev/nvidiactl
7f8056df1000-7f8056df2000 rw-s 00000000 00:05 3354                       /dev/nvidiactl
7f8056df2000-7f8056df3000 rw-s 00000000 00:05 3354                       /dev/nvidiactl
7f8056df3000-7f8056df4000 rw-s 00000000 00:05 3354                       /dev/nvidiactl
7f8056df4000-7f8056df5000 rw-s 00000000 00:05 3354                       /dev/nvidiactl
7f8056df5000-7f8056df6000 rw-s 00000000 00:05 3354                       /dev/nvidiactl
7f8056df6000-7f8056df7000 rw-s 00000000 00:05 3354                       /dev/nvidiactl
7f8056df7000-7f8056df8000 rw-s 00000000 00:05 3354                       /dev/nvidiactl
7f8056df8000-7f8056df9000 rw-s 00000000 00:05 3354                       /dev/nvidiactl
7f8056df9000-7f8056dfa000 rw-s 00000000 00:05 3354                       /dev/nvidiactl
7f8056dfa000-7f8056dfb000 rw-s 00000000 00:05 3354                       /dev/nvidiactl
7f8056dfb000-7f8058000000 ---p 00000000 00:00 0 
7f8058000000-7f8058021000 rw-p 00000000 00:00 0 
7f8058021000-7f805c000000 ---p 00000000 00:00 0 
7f805c000000-7f805c021000 rw-p 00000000 00:00 0 
7f805c021000-7f8060000000 ---p 00000000 00:00 0 
7f8060000000-7f806013f000 rw-p 00000000 00:00 0 
7f806013f000-7f8064000000 ---p 00000000 00:00 0 
7f8064000000-7f8064021000 rw-p 00000000 00:00 0 
7f8064021000-7f8068000000 ---p 00000000 00:00 0 
7f8068000000-7f8068021000 rw-p 00000000 00:00 0 
7f8068021000-7f806c000000 ---p 00000000 00:00 0 
7f806c000000-7f806c5a0000 rw-p 00000000 00:00 0 
7f806c5a0000-7f8070000000 ---p 00000000 00:00 0 
7f8070000000-7f8070021000 rw-p 00000000 00:00 0 
7f8070021000-7f8074000000 ---p 00000000 00:00 0 
7f8074000000-7f8074021000 rw-p 00000000 00:00 0 
7f8074021000-7f8078000000 ---p 00000000 00:00 0 
7f8078000000-7f8078021000 rw-p 00000000 00:00 0 
7f8078021000-7f807c000000 ---p 00000000 00:00 0 
7f807c000000-7f807c021000 rw-p 00000000 00:00 0 
7f807c021000-7f8080000000 ---p 00000000 00:00 0 
7f8080000000-7f808006c000 rw-p 00000000 00:00 0 
7f808006c000-7f8084000000 ---p 00000000 00:00 0 
7f80840ff000-7f8084fff000 rw-p 00000000 00:00 0 
7f8084fff000-7f8085000000 ---p 00000000 00:00 0 
7f8085000000-7f8085100000 rw-p 00000000 00:00 0 
7f80851de000-7f8085bde000 rw-p 00000000 00:00 0 
7f8085bde000-7f8085bdf000 ---p 00000000 00:00 0 
7f8085bdf000-7f8085ddf000 rw-p 00000000 00:00 0 
7f8085ddf000-7f8087000000 ---p 00000000 00:00 0 
7f8087000000-7f8087100000 rw-p 00000000 00:00 0 
7f8087100000-7f8087400000 ---p 00000000 00:00 0 
7f8087400000-7f80874c0000 rw-p 00000000 00:00 0 
7f80874c0000-7f808b000000 ---p 00000000 00:00 0 
7f808b000000-7f808bca8000 rw-p 00001000 207:10f2a 12117132001110196225   /scratch/fs201059/aa17626/jdk-21/lib/server/classes.jsa
7f808bca8000-7f808c000000 ---p 00000000 00:00 0 
7f808c000000-7f808c030000 rw-p 00000000 00:00 0 
7f808c030000-7f808c040000 ---p 00000000 00:00 0 
7f808c040000-7f808c060000 rw-p 00000000 00:00 0 
7f808c060000-7f80cc000000 ---p 00000000 00:00 0 
7f80cc000000-7f80cc021000 rw-p 00000000 00:00 0 
7f80cc021000-7f80d0000000 ---p 00000000 00:00 0 
7f80d0000000-7f80d0021000 rw-p 00000000 00:00 0 
7f80d0021000-7f80d4000000 ---p 00000000 00:00 0 
7f80d4000000-7f80d4021000 rw-p 00000000 00:00 0 
7f80d4021000-7f80d8000000 ---p 00000000 00:00 0 
7f80d8000000-7f80d8021000 rw-p 00000000 00:00 0 
7f80d8021000-7f80dc000000 ---p 00000000 00:00 0 
7f80dc000000-7f80dc021000 rw-p 00000000 00:00 0 
7f80dc021000-7f80e0000000 ---p 00000000 00:00 0 
7f80e00d4000-7f80e01d4000 rw-p 00000000 00:00 0 
7f80e01d4000-7f80e01d5000 ---p 00000000 00:00 0 
7f80e01d5000-7f80e03d5000 rw-p 00000000 00:00 0 
7f80e03d5000-7f80e05d5000 rw-s 00000000 00:01 179025                     /dev/zero (deleted)
7f80e05d5000-7f80e0615000 ---p 00000000 00:00 0 
7f80e0615000-7f80e0625000 -w-s 00000000 00:05 3356                       /dev/nvidia1
7f80e0625000-7f80e0635000 -w-s 00000000 00:05 3356                       /dev/nvidia1
7f80e0635000-7f80e0636000 ---p 00000000 00:00 0 
7f80e0636000-7f80e0f36000 rw-p 00000000 00:00 0 
7f80e0f36000-7f80e0f3a000 r--p 00000000 207:10f2a 5842789701621448705    /scratch/fs201059/aa17626/miniconda3/envs/swift_1/lib/python3.11/site-packages/gensim/similarities/fastss.cpython-311-x86_64-linux-gnu.so
7f80e0f3a000-7f80e0f4a000 r-xp 00004000 207:10f2a 5842789701621448705    /scratch/fs201059/aa17626/miniconda3/envs/swift_1/lib/python3.11/site-packages/gensim/similarities/fastss.cpython-311-x86_64-linux-gnu.so
7f80e0f4a000-7f80e0f4d000 r--p 00014000 207:10f2a 5842789701621448705    /scratch/fs201059/aa17626/miniconda3/envs/swift_1/lib/python3.11/site-packages/gensim/similarities/fastss.cpython-311-x86_64-linux-gnu.so
7f80e0f4d000-7f80e0f4e000 r--p 00017000 207:10f2a 5842789701621448705    /scratch/fs201059/aa17626/miniconda3/envs/swift_1/lib/python3.11/site-packages/gensim/similarities/fastss.cpython-311-x86_64-linux-gnu.so
7f80e0f4e000-7f80e0f4f000 rw-p 00018000 207:10f2a 5842789701621448705    /scratch/fs201059/aa17626/miniconda3/envs/swift_1/lib/python3.11/site-packages/gensim/similarities/fastss.cpython-311-x86_64-linux-gnu.so
7f80e0f4f000-7f80e0f55000 r--p 00000000 207:10f2a 9870049257588260865    /scratch/fs201059/aa17626/miniconda3/envs/swift_1/lib/python3.11/site-packages/gensim/models/nmf_pgd.cpython-311-x86_64-linux-gnu.so
7f80e0f55000-7f80e0f77000 r-xp 00006000 207:10f2a 9870049257588260865    /scratch/fs201059/aa17626/miniconda3/envs/swift_1/lib/python3.11/site-packages/gensim/models/nmf_pgd.cpython-311-x86_64-linux-gnu.so
7f80e0f77000-7f80e0f7e000 r--p 00028000 207:10f2a 9870049257588260865    /scratch/fs201059/aa17626/miniconda3/envs/swift_1/lib/python3.11/site-packages/gensim/models/nmf_pgd.cpython-311-x86_64-linux-gnu.so
7f80e0f7e000-7f80e0f7f000 r--p 0002f000 207:10f2a 9870049257588260865    /scratch/fs201059/aa17626/miniconda3/envs/swift_1/lib/python3.11/site-packages/gensim/models/nmf_pgd.cpython-311-x86_64-linux-gnu.so
7f80e0f7f000-7f80e0f81000 rw-p 00030000 207:10f2a 9870049257588260865    /scratch/fs201059/aa17626/miniconda3/envs/swift_1/lib/python3.11/site-packages/gensim/models/nmf_pgd.cpython-311-x86_64-linux-gnu.so
7f80e0f81000-7f80e0f85000 r--p 00000000 207:10f2a 16981567975327334401   /scratch/fs201059/aa17626/miniconda3/envs/swift_1/lib/python3.11/site-packages/gensim/models/fasttext_corpusfile.cpython-311-x86_64-linux-gnu.so
7f80e0f85000-7f80e0f96000 r-xp 00004000 207:10f2a 16981567975327334401   /scratch/fs201059/aa17626/miniconda3/envs/swift_1/lib/python3.11/site-packages/gensim/models/fasttext_corpusfile.cpython-311-x86_64-linux-gnu.so
7f80e0f96000-7f80e0f9b000 r--p 00015000 207:10f2a 16981567975327334401   /scratch/fs201059/aa17626/miniconda3/envs/swift_1/lib/python3.11/site-packages/gensim/models/fasttext_corpusfile.cpython-311-x86_64-linux-gnu.so
7f80e0f9b000-7f80e0f9c000 r--p 00019000 207:10f2a 16981567975327334401   /scratch/fs201059/aa17626/miniconda3/envs/swift_1/lib/python3.11/site-packages/gensim/models/fasttext_corpusfile.cpython-311-x86_64-linux-gnu.so
7f80e0f9c000-7f80e0f9d000 rw-p 0001a000 207:10f2a 16981567975327334401   /scratch/fs201059/aa17626/miniconda3/envs/swift_1/lib/python3.11/site-packages/gensim/models/fasttext_corpusfile.cpython-311-x86_64-linux-gnu.so
7f80e0f9d000-7f80e0fa1000 r--p 00000000 207:10f2a 8696568428829999105    /scratch/fs201059/aa17626/miniconda3/envs/swift_1/lib/python3.11/site-packages/gensim/models/fasttext_inner.cpython-311-x86_64-linux-gnu.so
7f80e0fa1000-7f80e0fb5000 r-xp 00004000 207:10f2a 8696568428829999105    /scratch/fs201059/aa17626/miniconda3/envs/swift_1/lib/python3.11/site-packages/gensim/models/fasttext_inner.cpython-311-x86_64-linux-gnu.so
7f80e0fb5000-7f80e0fb9000 r--p 00018000 207:10f2a 8696568428829999105    /scratch/fs201059/aa17626/miniconda3/envs/swift_1/lib/python3.11/site-packages/gensim/models/fasttext_inner.cpython-311-x86_64-linux-gnu.so
7f80e0fb9000-7f80e0fba000 r--p 0001c000 207:10f2a 8696568428829999105    /scratch/fs201059/aa17626/miniconda3/envs/swift_1/lib/python3.11/site-packages/gensim/models/fasttext_inner.cpython-311-x86_64-linux-gnu.so
7f80e0fba000-7f80e0fbb000 rw-p 0001d000 207:10f2a 8696568428829999105    /scratch/fs201059/aa17626/miniconda3/envs/swift_1/lib/python3.11/site-packages/gensim/models/fasttext_inner.cpython-311-x86_64-linux-gnu.so
7f80e0fbb000-7f80e0fbc000 rw-p 00000000 00:00 0 
7f80e0fbc000-7f80e0fc0000 r--p 00000000 207:10f2a 13410782648648794113   /scratch/fs201059/aa17626/miniconda3/envs/swift_1/lib/python3.11/site-packages/gensim/models/doc2vec_corpusfile.cpython-311-x86_64-linux-gnu.so
7f80e0fc0000-7f80e0fd7000 r-xp 00004000 207:10f2a 13410782648648794113   /scratch/fs201059/aa17626/miniconda3/envs/swift_1/lib/python3.11/site-packages/gensim/models/doc2vec_corpusfile.cpython-311-x86_64-linux-gnu.so
7f80e0fd7000-7f80e0fde000 r--p 0001b000 207:10f2a 13410782648648794113   /scratch/fs201059/aa17626/miniconda3/envs/swift_1/lib/python3.11/site-packages/gensim/models/doc2vec_corpusfile.cpython-311-x86_64-linux-gnu.so
7f80e0fde000-7f80e0fdf000 r--p 00022000 207:10f2a 13410782648648794113   /scratch/fs201059/aa17626/miniconda3/envs/swift_1/lib/python3.11/site-packages/gensim/models/doc2vec_corpusfile.cpython-311-x86_64-linux-gnu.so
7f80e0fdf000-7f80e0fe0000 rw-p 00023000 207:10f2a 13410782648648794113   /scratch/fs201059/aa17626/miniconda3/envs/swift_1/lib/python3.11/site-packages/gensim/models/doc2vec_corpusfile.cpython-311-x86_64-linux-gnu.so
7f80e0fe0000-7f80e0fe4000 r--p 00000000 207:10f2a 4235142280288993281    /scratch/fs201059/aa17626/miniconda3/envs/swift_1/lib/python3.11/site-packages/gensim/models/doc2vec_inner.cpython-311-x86_64-linux-gnu.so
7f80e0fe4000-7f80e0ffa000 r-xp 00004000 207:10f2a 4235142280288993281    /scratch/fs201059/aa17626/miniconda3/envs/swift_1/lib/python3.11/site-packages/gensim/models/doc2vec_inner.cpython-311-x86_64-linux-gnu.so
7f80e0ffa000-7f80e1001000 r--p 0001a000 207:10f2a 4235142280288993281    /scratch/fs201059/aa17626/miniconda3/envs/swift_1/lib/python3.11/site-packages/gensim/models/doc2vec_inner.cpython-311-x86_64-linux-gnu.so
7f80e1001000-7f80e1002000 r--p 00020000 207:10f2a 4235142280288993281    /scratch/fs201059/aa17626/miniconda3/envs/swift_1/lib/python3.11/site-packages/gensim/models/doc2vec_inner.cpython-311-x86_64-linux-gnu.so
7f80e1002000-7f80e1003000 rw-p 00021000 207:10f2a 4235142280288993281    /scratch/fs201059/aa17626/miniconda3/envs/swift_1/lib/python3.11/site-packages/gensim/models/doc2vec_inner.cpython-311-x86_64-linux-gnu.so
7f80e1003000-7f80e1103000 rw-p 00000000 00:00 0 
7f80e1103000-7f80e110a000 r--p 00000000 207:10f2a 1147966960905814017    /scratch/fs201059/aa17626/miniconda3/envs/swift_1/lib/python3.11/site-packages/gensim/models/word2vec_corpusfile.cpython-311-x86_64-linux-gnu.so
7f80e110a000-7f80e1126000 r-xp 00007000 207:10f2a 1147966960905814017    /scratch/fs201059/aa17626/miniconda3/envs/swift_1/lib/python3.11/site-packages/gensim/models/word2vec_corpusfile.cpython-311-x86_64-linux-gnu.so
7f80e1126000-7f80e112f000 r--p 00023000 207:10f2a 1147966960905814017    /scratch/fs201059/aa17626/miniconda3/envs/swift_1/lib/python3.11/site-packages/gensim/models/word2vec_corpusfile.cpython-311-x86_64-linux-gnu.so
7f80e112f000-7f80e1130000 r--p 0002c000 207:10f2a 1147966960905814017    /scratch/fs201059/aa17626/miniconda3/envs/swift_1/lib/python3.11/site-packages/gensim/models/word2vec_corpusfile.cpython-311-x86_64-linux-gnu.so
7f80e1130000-7f80e1132000 rw-p 0002d000 207:10f2a 1147966960905814017    /scratch/fs201059/aa17626/miniconda3/envs/swift_1/lib/python3.11/site-packages/gensim/models/word2vec_corpusfile.cpython-311-x86_64-linux-gnu.so
7f80e1132000-7f80e1136000 r--p 00000000 207:10f2a 4899591411106054145    /scratch/fs201059/aa17626/miniconda3/envs/swift_1/lib/python3.11/site-packages/gensim/models/word2vec_inner.cpython-311-x86_64-linux-gnu.so
7f80e1136000-7f80e114c000 r-xp 00004000 207:10f2a 4899591411106054145    /scratch/fs201059/aa17626/miniconda3/envs/swift_1/lib/python3.11/site-packages/gensim/models/word2vec_inner.cpython-311-x86_64-linux-gnu.so
7f80e114c000-7f80e1152000 r--p 0001a000 207:10f2a 4899591411106054145    /scratch/fs201059/aa17626/miniconda3/envs/swift_1/lib/python3.11/site-packages/gensim/models/word2vec_inner.cpython-311-x86_64-linux-gnu.so
7f80e1152000-7f80e1153000 r--p 0001f000 207:10f2a 4899591411106054145    /scratch/fs201059/aa17626/miniconda3/envs/swift_1/lib/python3.11/site-packages/gensim/models/word2vec_inner.cpython-311-x86_64-linux-gnu.so
7f80e1153000-7f80e1154000 rw-p 00020000 207:10f2a 4899591411106054145    /scratch/fs201059/aa17626/miniconda3/envs/swift_1/lib/python3.11/site-packages/gensim/models/word2vec_inner.cpython-311-x86_64-linux-gnu.so
7f80e1154000-7f80e1256000 rw-p 00000000 00:00 0 
7f80e1256000-7f80e1516000 r--p 00000000 207:10f2a 5164439376380690433    /scratch/fs201059/aa17626/miniconda3/envs/swift_1/lib/python3.11/site-packages/cryptography/hazmat/bindings/_rust.abi3.so
7f80e1516000-7f80e1bfb000 r-xp 002bf000 207:10f2a 5164439376380690433    /scratch/fs201059/aa17626/miniconda3/envs/swift_1/lib/python3.11/site-packages/cryptography/hazmat/bindings/_rust.abi3.so
7f80e1bfb000-7f80e1c9f000 r--p 009a3000 207:10f2a 5164439376380690433    /scratch/fs201059/aa17626/miniconda3/envs/swift_1/lib/python3.11/site-packages/cryptography/hazmat/bindings/_rust.abi3.so
7f80e1c9f000-7f80e1cb1000 rw-p 00a46000 207:10f2a 5164439376380690433    /scratch/fs201059/aa17626/miniconda3/envs/swift_1/lib/python3.11/site-packages/cryptography/hazmat/bindings/_rust.abi3.so
7f80e1cb1000-7f80e1cb4000 rw-p 00000000 00:00 0 
7f80e1cb4000-7f80e1d88000 r--p 00000000 207:10f2a 14227406428749168641   /scratch/fs201059/aa17626/miniconda3/envs/swift_1/lib/python3.11/site-packages/grpc/_cython/cygrpc.cpython-311-x86_64-linux-gnu.so
7f80e1d88000-7f80e2811000 r-xp 000d4000 207:10f2a 14227406428749168641   /scratch/fs201059/aa17626/miniconda3/envs/swift_1/lib/python3.11/site-packages/grpc/_cython/cygrpc.cpython-311-x86_64-linux-gnu.so
7f80e2811000-7f80e2b06000 r--p 00b5d000 207:10f2a 14227406428749168641   /scratch/fs201059/aa17626/miniconda3/envs/swift_1/lib/python3.11/site-packages/grpc/_cython/cygrpc.cpython-311-x86_64-linux-gnu.so
7f80e2b06000-7f80e2b4e000 r--p 00e51000 207:10f2a 14227406428749168641   /scratch/fs201059/aa17626/miniconda3/envs/swift_1/lib/python3.11/site-packages/grpc/_cython/cygrpc.cpython-311-x86_64-linux-gnu.so
7f80e2b4e000-7f80e2b71000 rw-p 00e99000 207:10f2a 14227406428749168641   /scratch/fs201059/aa17626/miniconda3/envs/swift_1/lib/python3.11/site-packages/grpc/_cython/cygrpc.cpython-311-x86_64-linux-gnu.so
7f80e2b71000-7f80e4b8a000 rw-p 00000000 00:00 0 
7f80e4b8a000-7f810034a000 ---p 00000000 00:00 0 
7f810034a000-7f810078a000 rw-p 00000000 00:00 0 
7f810078a000-7f8103e82000 ---p 00000000 00:00 0 
7f8103e82000-7f810428a000 rw-p 00000000 00:00 0 
7f810428a000-7f8107982000 ---p 00000000 00:00 0 
7f8107982000-7f810798a000 rw-p 00000000 00:00 0 
7f810798a000-7f8107bfa000 rwxp 00000000 00:00 0 
7f8107bfa000-7f810eec2000 ---p 00000000 00:00 0 
7f810eec2000-7f810f132000 rwxp 00000000 00:00 0 
7f810f132000-7f810f451000 ---p 00000000 00:00 0 
7f810f451000-7f810f6c1000 rwxp 00000000 00:00 0 
7f810f6c1000-7f811698a000 ---p 00000000 00:00 0 
7f811698a000-7f8131d12000 r--p 00000000 207:10f2a 15197628804010803201   /scratch/fs201059/aa17626/home_cache/.cache/huggingface/datasets/xlangai___bright/documents/0.0.0/3066d29c9651a576c8aba4832d249807b181ecae/bright-leetcode.arrow
7f8131d14000-7f8131d24000 ---p 00000000 00:00 0 
7f8131d24000-7f8131d2a000 r--p 00000000 207:10f2a 12321105320500330497   /scratch/fs201059/aa17626/miniconda3/envs/swift_1/lib/python3.11/site-packages/gensim/_matutils.cpython-311-x86_64-linux-gnu.so
7f8131d2a000-7f8131d5a000 r-xp 00006000 207:10f2a 12321105320500330497   /scratch/fs201059/aa17626/miniconda3/envs/swift_1/lib/python3.11/site-packages/gensim/_matutils.cpython-311-x86_64-linux-gnu.so
7f8131d5a000-7f8131d63000 r--p 00036000 207:10f2a 12321105320500330497   /scratch/fs201059/aa17626/miniconda3/envs/swift_1/lib/python3.11/site-packages/gensim/_matutils.cpython-311-x86_64-linux-gnu.so
7f8131d63000-7f8131d64000 r--p 0003f000 207:10f2a 12321105320500330497   /scratch/fs201059/aa17626/miniconda3/envs/swift_1/lib/python3.11/site-packages/gensim/_matutils.cpython-311-x86_64-linux-gnu.so
7f8131d64000-7f8131d66000 rw-p 00040000 207:10f2a 12321105320500330497   /scratch/fs201059/aa17626/miniconda3/envs/swift_1/lib/python3.11/site-packages/gensim/_matutils.cpython-311-x86_64-linux-gnu.so
7f8131d66000-7f8132067000 rw-p 00000000 00:00 0 
7f8132067000-7f8132071000 r--p 00000000 207:10f2a 12831273845280997377   /scratch/fs201059/aa17626/miniconda3/envs/swift_1/lib/python3.11/site-packages/google/_upb/_message.abi3.so
7f8132071000-7f813209b000 r-xp 0000a000 207:10f2a 12831273845280997377   /scratch/fs201059/aa17626/miniconda3/envs/swift_1/lib/python3.11/site-packages/google/_upb/_message.abi3.so
7f813209b000-7f81320af000 r--p 00034000 207:10f2a 12831273845280997377   /scratch/fs201059/aa17626/miniconda3/envs/swift_1/lib/python3.11/site-packages/google/_upb/_message.abi3.so
7f81320af000-7f81320b0000 ---p 00048000 207:10f2a 12831273845280997377   /scratch/fs201059/aa17626/miniconda3/envs/swift_1/lib/python3.11/site-packages/google/_upb/_message.abi3.so
7f81320b0000-7f81320b1000 r--p 00048000 207:10f2a 12831273845280997377   /scratch/fs201059/aa17626/miniconda3/envs/swift_1/lib/python3.11/site-packages/google/_upb/_message.abi3.so
7f81320b1000-7f81320b5000 rw-p 00049000 207:10f2a 12831273845280997377   /scratch/fs201059/aa17626/miniconda3/envs/swift_1/lib/python3.11/site-packages/google/_upb/_message.abi3.so
7f81320b5000-7f81323b5000 rw-p 00000000 00:00 0 
7f81323b5000-7f81323b9000 ---p 00000000 00:00 0 
7f81323b9000-7f81324b5000 rw-p 00000000 00:00 0 
7f81324b5000-7f81324b9000 ---p 00000000 00:00 0 
7f81324b9000-7f81325b5000 rw-p 00000000 00:00 0 
7f81325b5000-7f81325b9000 ---p 00000000 00:00 0 
7f81325b9000-7f81326b5000 rw-p 00000000 00:00 0 
7f81326b5000-7f81326b9000 ---p 00000000 00:00 0 
7f81326b9000-7f81327b5000 rw-p 00000000 00:00 0 
7f81327b5000-7f81327b9000 ---p 00000000 00:00 0 
7f81327b9000-7f81328b5000 rw-p 00000000 00:00 0 
7f81328b5000-7f81328b9000 ---p 00000000 00:00 0 
7f81328b9000-7f81329b5000 rw-p 00000000 00:00 0 
7f81329b5000-7f81329b9000 ---p 00000000 00:00 0 
7f81329b9000-7f8132ab5000 rw-p 00000000 00:00 0 
7f8132ab5000-7f8132ab9000 ---p 00000000 00:00 0 
7f8132ab9000-7f8132bb5000 rw-p 00000000 00:00 0 
7f8132bb5000-7f8132bb9000 ---p 00000000 00:00 0 
7f8132bb9000-7f8132cb5000 rw-p 00000000 00:00 0 
7f8132cb5000-7f8132cb6000 ---p 00000000 00:00 0 
7f8132cb6000-7f8134db6000 rw-p 00000000 00:00 0 
7f8134db6000-7f813d4eb000 r--s 00000000 207:10f2a 7558719385329008641    /scratch/fs201059/aa17626/jdk-21/lib/modules
7f813d4eb000-7f813d782000 r--p 00000000 207:10f2a 7786044771520544769    /scratch/fs201059/aa17626/jdk-21/lib/server/libjvm.so
7f813d782000-7f813e5db000 r-xp 00297000 207:10f2a 7786044771520544769    /scratch/fs201059/aa17626/jdk-21/lib/server/libjvm.so
7f813e5db000-7f813e8b0000 r--p 010f0000 207:10f2a 7786044771520544769    /scratch/fs201059/aa17626/jdk-21/lib/server/libjvm.so
7f813e8b0000-7f813e8b1000 ---p 013c5000 207:10f2a 7786044771520544769    /scratch/fs201059/aa17626/jdk-21/lib/server/libjvm.so
7f813e8b1000-7f813e981000 r--p 013c5000 207:10f2a 7786044771520544769    /scratch/fs201059/aa17626/jdk-21/lib/server/libjvm.so
7f813e981000-7f813e9b1000 rw-p 01495000 207:10f2a 7786044771520544769    /scratch/fs201059/aa17626/jdk-21/lib/server/libjvm.so
7f813e9b1000-7f8140116000 rw-p 00000000 00:00 0 
7f8140119000-7f8140129000 ---p 00000000 00:00 0 
7f8140129000-7f814012e000 r--p 00000000 207:10f2a 8139431533198573569    /scratch/fs201059/aa17626/jdk-21/lib/libjsvml.so
7f814012e000-7f814016f000 r-xp 00005000 207:10f2a 8139431533198573569    /scratch/fs201059/aa17626/jdk-21/lib/libjsvml.so
7f814016f000-7f81401f8000 r--p 00046000 207:10f2a 8139431533198573569    /scratch/fs201059/aa17626/jdk-21/lib/libjsvml.so
7f81401f8000-7f81401f9000 r--p 000ce000 207:10f2a 8139431533198573569    /scratch/fs201059/aa17626/jdk-21/lib/libjsvml.so
7f81401f9000-7f81401fa000 rw-p 000cf000 207:10f2a 8139431533198573569    /scratch/fs201059/aa17626/jdk-21/lib/libjsvml.so
7f81401fa000-7f81401fb000 ---p 00000000 00:00 0 
7f81401fb000-7f81402fb000 rw-p 00000000 00:00 0 
7f81402fb000-7f81402fc000 ---p 00000000 00:00 0 
7f81402fc000-7f81403fc000 rw-p 00000000 00:00 0 
7f81403fc000-7f81403fd000 ---p 00000000 00:00 0 
7f81403fd000-7f81404fd000 rw-p 00000000 00:00 0 
7f81404fd000-7f81404fe000 ---p 00000000 00:00 0 
7f81404fe000-7f81405fe000 rw-p 00000000 00:00 0 
7f81405fe000-7f81405ff000 ---p 00000000 00:00 0 
7f81405ff000-7f81406ff000 rw-p 00000000 00:00 0 
7f81406ff000-7f8140700000 ---p 00000000 00:00 0 
7f8140700000-7f8140800000 rw-p 00000000 00:00 0 
7f8140800000-7f81410d4000 r--s 00000000 fd:00 139957041                  /var/lib/sss/mc/passwd
7f81410d6000-7f81410db000 r--p 00000000 207:10f2a 10791653651054067713   /scratch/fs201059/aa17626/miniconda3/envs/swift_1/lib/python3.11/site-packages/gensim/corpora/_mmreader.cpython-311-x86_64-linux-gnu.so
7f81410db000-7f81410ef000 r-xp 00005000 207:10f2a 10791653651054067713   /scratch/fs201059/aa17626/miniconda3/envs/swift_1/lib/python3.11/site-packages/gensim/corpora/_mmreader.cpython-311-x86_64-linux-gnu.so
7f81410ef000-7f81410f4000 r--p 00019000 207:10f2a 10791653651054067713   /scratch/fs201059/aa17626/miniconda3/envs/swift_1/lib/python3.11/site-packages/gensim/corpora/_mmreader.cpython-311-x86_64-linux-gnu.so
7f81410f4000-7f81410f5000 r--p 0001d000 207:10f2a 10791653651054067713   /scratch/fs201059/aa17626/miniconda3/envs/swift_1/lib/python3.11/site-packages/gensim/corpora/_mmreader.cpython-311-x86_64-linux-gnu.so
7f81410f5000-7f81410f7000 rw-p 0001e000 207:10f2a 10791653651054067713   /scratch/fs201059/aa17626/miniconda3/envs/swift_1/lib/python3.11/site-packages/gensim/corpora/_mmreader.cpython-311-x86_64-linux-gnu.so
7f81410f7000-7f81410f9000 r--p 00000000 207:10f2a 14243142304663928833   /scratch/fs201059/aa17626/jdk-21/lib/libzip.so
7f81410f9000-7f814110b000 r-xp 00002000 207:10f2a 14243142304663928833   /scratch/fs201059/aa17626/jdk-21/lib/libzip.so
7f814110b000-7f8141113000 r--p 00014000 207:10f2a 14243142304663928833   /scratch/fs201059/aa17626/jdk-21/lib/libzip.so
7f8141113000-7f8141114000 r--p 0001b000 207:10f2a 14243142304663928833   /scratch/fs201059/aa17626/jdk-21/lib/libzip.so
7f8141114000-7f8141115000 rw-p 0001c000 207:10f2a 14243142304663928833   /scratch/fs201059/aa17626/jdk-21/lib/libzip.so
7f8141115000-7f814111a000 rw-p 00000000 00:00 0 
7f814111a000-7f8141200000 ---p 00000000 00:00 0 
7f8141200000-7f8144021000 rw-p 00000000 00:00 0 
7f8144021000-7f8148000000 ---p 00000000 00:00 0 
7f814800b000-7f814800d000 r--p 00000000 207:10f2a 13261375627906383873   /scratch/fs201059/aa17626/jdk-21/lib/libmanagement_ext.so
7f814800d000-7f8148010000 r-xp 00002000 207:10f2a 13261375627906383873   /scratch/fs201059/aa17626/jdk-21/lib/libmanagement_ext.so
7f8148010000-7f8148011000 r--p 00005000 207:10f2a 13261375627906383873   /scratch/fs201059/aa17626/jdk-21/lib/libmanagement_ext.so
7f8148011000-7f8148012000 ---p 00006000 207:10f2a 13261375627906383873   /scratch/fs201059/aa17626/jdk-21/lib/libmanagement_ext.so
7f8148012000-7f8148013000 r--p 00006000 207:10f2a 13261375627906383873   /scratch/fs201059/aa17626/jdk-21/lib/libmanagement_ext.so
7f8148013000-7f8148014000 rw-p 00007000 207:10f2a 13261375627906383873   /scratch/fs201059/aa17626/jdk-21/lib/libmanagement_ext.so
7f8148014000-7f8148019000 rw-p 00000000 00:00 0 
7f8148019000-7f81480ff000 ---p 00000000 00:00 0 
7f81480ff000-7f814b7ff000 rw-p 00000000 00:00 0 
7f814b7ff000-7f814b800000 ---p 00000000 00:00 0 
7f814b800000-7f814c404000 rw-p 00000000 00:00 0 
7f814c404000-7f8150000000 ---p 00000000 00:00 0 
7f8150001000-7f8150005000 r--p 00000000 207:10f2a 483700166720290817     /scratch/fs201059/aa17626/miniconda3/envs/swift_1/lib/python3.11/site-packages/wrapt/_wrappers.cpython-311-x86_64-linux-gnu.so
7f8150005000-7f815000b000 r-xp 00004000 207:10f2a 483700166720290817     /scratch/fs201059/aa17626/miniconda3/envs/swift_1/lib/python3.11/site-packages/wrapt/_wrappers.cpython-311-x86_64-linux-gnu.so
7f815000b000-7f815000e000 r--p 0000a000 207:10f2a 483700166720290817     /scratch/fs201059/aa17626/miniconda3/envs/swift_1/lib/python3.11/site-packages/wrapt/_wrappers.cpython-311-x86_64-linux-gnu.so
7f815000e000-7f815000f000 r--p 0000c000 207:10f2a 483700166720290817     /scratch/fs201059/aa17626/miniconda3/envs/swift_1/lib/python3.11/site-packages/wrapt/_wrappers.cpython-311-x86_64-linux-gnu.so
7f815000f000-7f8150011000 rw-p 0000d000 207:10f2a 483700166720290817     /scratch/fs201059/aa17626/miniconda3/envs/swift_1/lib/python3.11/site-packages/wrapt/_wrappers.cpython-311-x86_64-linux-gnu.so
7f8150011000-7f8150014000 r--p 00000000 207:10f2a 13958175582179164161   /scratch/fs201059/aa17626/jdk-21/lib/libnet.so
7f8150014000-7f815001c000 r-xp 00003000 207:10f2a 13958175582179164161   /scratch/fs201059/aa17626/jdk-21/lib/libnet.so
7f815001c000-7f815001e000 r--p 0000b000 207:10f2a 13958175582179164161   /scratch/fs201059/aa17626/jdk-21/lib/libnet.so
7f815001e000-7f815001f000 r--p 0000c000 207:10f2a 13958175582179164161   /scratch/fs201059/aa17626/jdk-21/lib/libnet.so
7f815001f000-7f8150020000 rw-p 0000d000 207:10f2a 13958175582179164161   /scratch/fs201059/aa17626/jdk-21/lib/libnet.so
7f8150020000-7f815005f000 rw-p 00000000 00:00 0 
7f815005f000-7f8150069000 r--p 00000000 207:10f2a 5829605486672150529    /scratch/fs201059/aa17626/miniconda3/envs/swift_1/lib/python3.11/site-packages/jnius/jnius.cpython-311-x86_64-linux-gnu.so
7f8150069000-7f81500e4000 r-xp 0000a000 207:10f2a 5829605486672150529    /scratch/fs201059/aa17626/miniconda3/envs/swift_1/lib/python3.11/site-packages/jnius/jnius.cpython-311-x86_64-linux-gnu.so
7f81500e4000-7f81500f3000 r--p 00085000 207:10f2a 5829605486672150529    /scratch/fs201059/aa17626/miniconda3/envs/swift_1/lib/python3.11/site-packages/jnius/jnius.cpython-311-x86_64-linux-gnu.so
7f81500f3000-7f81500f6000 r--p 00094000 207:10f2a 5829605486672150529    /scratch/fs201059/aa17626/miniconda3/envs/swift_1/lib/python3.11/site-packages/jnius/jnius.cpython-311-x86_64-linux-gnu.so
7f81500f6000-7f81500fa000 rw-p 00097000 207:10f2a 5829605486672150529    /scratch/fs201059/aa17626/miniconda3/envs/swift_1/lib/python3.11/site-packages/jnius/jnius.cpython-311-x86_64-linux-gnu.so
7f81500fa000-7f81502fb000 rw-p 00000000 00:00 0 
7f81502fb000-7f8150424000 r--p 00000000 207:10f2a 9710201597423714305    /scratch/fs201059/aa17626/home_cache/.cache/huggingface/datasets/xlangai___bright/examples/0.0.0/3066d29c9651a576c8aba4832d249807b181ecae/bright-leetcode.arrow
7f8150425000-7f815042c000 r--p 00000000 207:10f2a 12030942768234561537   /scratch/fs201059/aa17626/jdk-21/lib/libnio.so
7f815042c000-7f8150435000 r-xp 00007000 207:10f2a 12030942768234561537   /scratch/fs201059/aa17626/jdk-21/lib/libnio.so
7f8150435000-7f8150439000 r--p 00010000 207:10f2a 12030942768234561537   /scratch/fs201059/aa17626/jdk-21/lib/libnio.so
7f8150439000-7f815043a000 ---p 00014000 207:10f2a 12030942768234561537   /scratch/fs201059/aa17626/jdk-21/lib/libnio.so
7f815043a000-7f815043b000 r--p 00014000 207:10f2a 12030942768234561537   /scratch/fs201059/aa17626/jdk-21/lib/libnio.so
7f815043b000-7f815043c000 rw-p 00015000 207:10f2a 12030942768234561537   /scratch/fs201059/aa17626/jdk-21/lib/libnio.so
7f815043c000-7f8150441000 rw-p 00000000 00:00 0 
7f8150441000-7f8150448000 ---p 00000000 00:00 0 
7f8150448000-7f8150456000 r--p 00000000 207:10f2a 14204800593017503745   /scratch/fs201059/aa17626/jdk-21/lib/libjava.so
7f8150456000-7f8150464000 r-xp 0000e000 207:10f2a 14204800593017503745   /scratch/fs201059/aa17626/jdk-21/lib/libjava.so
7f8150464000-7f8150469000 r--p 0001c000 207:10f2a 14204800593017503745   /scratch/fs201059/aa17626/jdk-21/lib/libjava.so
7f8150469000-7f815046a000 ---p 00021000 207:10f2a 14204800593017503745   /scratch/fs201059/aa17626/jdk-21/lib/libjava.so
7f815046a000-7f815046b000 r--p 00021000 207:10f2a 14204800593017503745   /scratch/fs201059/aa17626/jdk-21/lib/libjava.so
7f815046b000-7f815046c000 rw-p 00022000 207:10f2a 14204800593017503745   /scratch/fs201059/aa17626/jdk-21/lib/libjava.so
7f815046c000-7f815046d000 rw-p 00000000 00:00 0 
7f815046d000-7f815046f000 r--p 00000000 fd:00 135125856                  /usr/lib64/libnss_sss.so.2
7f815046f000-7f8150477000 r-xp 00002000 fd:00 135125856                  /usr/lib64/libnss_sss.so.2
7f8150477000-7f8150479000 r--p 0000a000 fd:00 135125856                  /usr/lib64/libnss_sss.so.2
7f8150479000-7f815047a000 r--p 0000b000 fd:00 135125856                  /usr/lib64/libnss_sss.so.2
7f815047a000-7f815047b000 rw-p 0000c000 fd:00 135125856                  /usr/lib64/libnss_sss.so.2
7f815047b000-7f815047f000 r--p 00000000 207:10f2a 13072879913912762369   /scratch/fs201059/aa17626/jdk-21/lib/libjimage.so
7f815047f000-7f8150492000 r-xp 00004000 207:10f2a 13072879913912762369   /scratch/fs201059/aa17626/jdk-21/lib/libjimage.so
7f8150492000-7f8150498000 r--p 00017000 207:10f2a 13072879913912762369   /scratch/fs201059/aa17626/jdk-21/lib/libjimage.so
7f8150498000-7f815049a000 r--p 0001c000 207:10f2a 13072879913912762369   /scratch/fs201059/aa17626/jdk-21/lib/libjimage.so
7f815049a000-7f815049b000 rw-p 0001e000 207:10f2a 13072879913912762369   /scratch/fs201059/aa17626/jdk-21/lib/libjimage.so
7f815049b000-7f815069b000 rw-p 00000000 00:00 0 
7f815069b000-7f815069f000 r--p 00000000 207:10f2a 17116274542973747201   /scratch/fs201059/aa17626/miniconda3/envs/swift_1/lib/python3.11/site-packages/scipy/io/matlab/_streams.cpython-311-x86_64-linux-gnu.so
7f815069f000-7f81506b1000 r-xp 00004000 207:10f2a 17116274542973747201   /scratch/fs201059/aa17626/miniconda3/envs/swift_1/lib/python3.11/site-packages/scipy/io/matlab/_streams.cpython-311-x86_64-linux-gnu.so
7f81506b1000-7f81506b6000 r--p 00016000 207:10f2a 17116274542973747201   /scratch/fs201059/aa17626/miniconda3/envs/swift_1/lib/python3.11/site-packages/scipy/io/matlab/_streams.cpython-311-x86_64-linux-gnu.so
7f81506b6000-7f81506b7000 r--p 0001a000 207:10f2a 17116274542973747201   /scratch/fs201059/aa17626/miniconda3/envs/swift_1/lib/python3.11/site-packages/scipy/io/matlab/_streams.cpython-311-x86_64-linux-gnu.so
7f81506b7000-7f81506b9000 rw-p 0001b000 207:10f2a 17116274542973747201   /scratch/fs201059/aa17626/miniconda3/envs/swift_1/lib/python3.11/site-packages/scipy/io/matlab/_streams.cpython-311-x86_64-linux-gnu.so
7f81506b9000-7f81506bf000 r--p 00000000 207:10f2a 9858042486326689793    /scratch/fs201059/aa17626/miniconda3/envs/swift_1/lib/python3.11/site-packages/scipy/io/matlab/_mio5_utils.cpython-311-x86_64-linux-gnu.so
7f81506bf000-7f81506e2000 r-xp 00006000 207:10f2a 9858042486326689793    /scratch/fs201059/aa17626/miniconda3/envs/swift_1/lib/python3.11/site-packages/scipy/io/matlab/_mio5_utils.cpython-311-x86_64-linux-gnu.so
7f81506e2000-7f81506eb000 r--p 00029000 207:10f2a 9858042486326689793    /scratch/fs201059/aa17626/miniconda3/envs/swift_1/lib/python3.11/site-packages/scipy/io/matlab/_mio5_utils.cpython-311-x86_64-linux-gnu.so
7f81506eb000-7f81506ed000 r--p 00031000 207:10f2a 9858042486326689793    /scratch/fs201059/aa17626/miniconda3/envs/swift_1/lib/python3.11/site-packages/scipy/io/matlab/_mio5_utils.cpython-311-x86_64-linux-gnu.so
7f81506ed000-7f81506ef000 rw-p 00033000 207:10f2a 9858042486326689793    /scratch/fs201059/aa17626/miniconda3/envs/swift_1/lib/python3.11/site-packages/scipy/io/matlab/_mio5_utils.cpython-311-x86_64-linux-gnu.so
7f81506ef000-7f81506f0000 rw-p 00000000 00:00 0 
7f81506f0000-7f81506f3000 r--p 00000000 207:10f2a 12033354175741755393   /scratch/fs201059/aa17626/miniconda3/envs/swift_1/lib/python3.11/site-packages/scipy/io/matlab/_mio_utils.cpython-311-x86_64-linux-gnu.so
7f81506f3000-7f81506fa000 r-xp 00003000 207:10f2a 12033354175741755393   /scratch/fs201059/aa17626/miniconda3/envs/swift_1/lib/python3.11/site-packages/scipy/io/matlab/_mio_utils.cpython-311-x86_64-linux-gnu.so
7f81506fa000-7f81506fd000 r--p 0000a000 207:10f2a 12033354175741755393   /scratch/fs201059/aa17626/miniconda3/envs/swift_1/lib/python3.11/site-packages/scipy/io/matlab/_mio_utils.cpython-311-x86_64-linux-gnu.so
7f81506fd000-7f81506fe000 r--p 0000c000 207:10f2a 12033354175741755393   /scratch/fs201059/aa17626/miniconda3/envs/swift_1/lib/python3.11/site-packages/scipy/io/matlab/_mio_utils.cpython-311-x86_64-linux-gnu.so
7f81506fe000-7f81506ff000 rw-p 0000d000 207:10f2a 12033354175741755393   /scratch/fs201059/aa17626/miniconda3/envs/swift_1/lib/python3.11/site-packages/scipy/io/matlab/_mio_utils.cpython-311-x86_64-linux-gnu.so
7f81506ff000-7f8150700000 ---p 00000000 00:00 0 
7f8150700000-7f8151200000 rw-p 00000000 00:00 0 
7f8151200000-7f815122e000 r--p 00000000 207:10f2a 17630953989742526465   /scratch/fs201059/aa17626/miniconda3/envs/swift_1/lib/python3.11/site-packages/vllm/_moe_C.abi3.so
7f815122e000-7f81512d3000 r-xp 0002e000 207:10f2a 17630953989742526465   /scratch/fs201059/aa17626/miniconda3/envs/swift_1/lib/python3.11/site-packages/vllm/_moe_C.abi3.so
7f81512d3000-7f81598ac000 r--p 000d3000 207:10f2a 17630953989742526465   /scratch/fs201059/aa17626/miniconda3/envs/swift_1/lib/python3.11/site-packages/vllm/_moe_C.abi3.so
7f81598ac000-7f81598ad000 ---p 086ac000 207:10f2a 17630953989742526465   /scratch/fs201059/aa17626/miniconda3/envs/swift_1/lib/python3.11/site-packages/vllm/_moe_C.abi3.so
7f81598ad000-7f81598af000 r--p 086ac000 207:10f2a 17630953989742526465   /scratch/fs201059/aa17626/miniconda3/envs/swift_1/lib/python3.11/site-packages/vllm/_moe_C.abi3.so
7f81598af000-7f81598b1000 rw-p 086ae000 207:10f2a 17630953989742526465   /scratch/fs201059/aa17626/miniconda3/envs/swift_1/lib/python3.11/site-packages/vllm/_moe_C.abi3.so
7f81598b1000-7f8159db2000 rw-p 00000000 00:00 0 
7f8159db2000-7f8159fb1000 r--p 00000000 207:10f2a 695723719030407169     /scratch/fs201059/aa17626/miniconda3/envs/swift_1/lib/python3.11/site-packages/openai_harmony/openai_harmony.abi3.so
7f8159fb1000-7f815a342000 r-xp 001fe000 207:10f2a 695723719030407169     /scratch/fs201059/aa17626/miniconda3/envs/swift_1/lib/python3.11/site-packages/openai_harmony/openai_harmony.abi3.so
7f815a342000-7f815a3a3000 r--p 0058e000 207:10f2a 695723719030407169     /scratch/fs201059/aa17626/miniconda3/envs/swift_1/lib/python3.11/site-packages/openai_harmony/openai_harmony.abi3.so
7f815a3a3000-7f815a3a6000 rw-p 005ee000 207:10f2a 695723719030407169     /scratch/fs201059/aa17626/miniconda3/envs/swift_1/lib/python3.11/site-packages/openai_harmony/openai_harmony.abi3.so
7f815a3a6000-7f815a8a6000 rw-p 00000000 00:00 0 
7f815a8a6000-7f815aafe000 r--p 00000000 207:10f2a 16742044956827189249   /scratch/fs201059/aa17626/miniconda3/envs/swift_1/lib/python3.11/site-packages/vllm/_C.abi3.so
7f815aafe000-7f815b275000 r-xp 00258000 207:10f2a 16742044956827189249   /scratch/fs201059/aa17626/miniconda3/envs/swift_1/lib/python3.11/site-packages/vllm/_C.abi3.so
7f815b275000-7f816ffb6000 r--p 009cf000 207:10f2a 16742044956827189249   /scratch/fs201059/aa17626/miniconda3/envs/swift_1/lib/python3.11/site-packages/vllm/_C.abi3.so
7f816ffb6000-7f816ffc2000 r--p 1570f000 207:10f2a 16742044956827189249   /scratch/fs201059/aa17626/miniconda3/envs/swift_1/lib/python3.11/site-packages/vllm/_C.abi3.so
7f816ffc2000-7f816ffc9000 rw-p 1571b000 207:10f2a 16742044956827189249   /scratch/fs201059/aa17626/miniconda3/envs/swift_1/lib/python3.11/site-packages/vllm/_C.abi3.so
7f816ffc9000-7f8170021000 rw-p 00000000 00:00 0 
7f8170021000-7f8174000000 ---p 00000000 00:00 0 
7f8174003000-7f8174603000 rw-p 00000000 00:00 0 
7f8174603000-7f8174611000 r--p 00000000 207:10f2a 15491584841877487617   /scratch/fs201059/aa17626/miniconda3/envs/swift_1/lib/python3.11/site-packages/orjson/orjson.cpython-311-x86_64-linux-gnu.so
7f8174611000-7f8174641000 r-xp 0000d000 207:10f2a 15491584841877487617   /scratch/fs201059/aa17626/miniconda3/envs/swift_1/lib/python3.11/site-packages/orjson/orjson.cpython-311-x86_64-linux-gnu.so
7f8174641000-7f8174642000 r--p 0003c000 207:10f2a 15491584841877487617   /scratch/fs201059/aa17626/miniconda3/envs/swift_1/lib/python3.11/site-packages/orjson/orjson.cpython-311-x86_64-linux-gnu.so
7f8174642000-7f8174644000 rw-p 0003c000 207:10f2a 15491584841877487617   /scratch/fs201059/aa17626/miniconda3/envs/swift_1/lib/python3.11/site-packages/orjson/orjson.cpython-311-x86_64-linux-gnu.so
7f8174644000-7f8174c44000 rw-p 00000000 00:00 0 
7f8174c44000-7f8174c72000 r--p 00000000 207:10f2a 17723317228257017857   /scratch/fs201059/aa17626/miniconda3/envs/swift_1/lib/python3.11/site-packages/blake3/blake3.cpython-311-x86_64-linux-gnu.so
7f8174c72000-7f8174cf5000 r-xp 0002d000 207:10f2a 17723317228257017857   /scratch/fs201059/aa17626/miniconda3/envs/swift_1/lib/python3.11/site-packages/blake3/blake3.cpython-311-x86_64-linux-gnu.so
7f8174cf5000-7f8174cfd000 r--p 000af000 207:10f2a 17723317228257017857   /scratch/fs201059/aa17626/miniconda3/envs/swift_1/lib/python3.11/site-packages/blake3/blake3.cpython-311-x86_64-linux-gnu.so
7f8174cfd000-7f8174cff000 rw-p 000b6000 207:10f2a 17723317228257017857   /scratch/fs201059/aa17626/miniconda3/envs/swift_1/lib/python3.11/site-packages/blake3/blake3.cpython-311-x86_64-linux-gnu.so
7f8174cff000-7f8174dff000 rw-p 00000000 00:00 0 
7f8174dff000-7f8174e00000 ---p 00000000 00:00 0 
7f8174e00000-7f8175600000 rw-p 00000000 00:00 0 
7f8175600000-7f817561b000 r--p 00000000 fd:00 135125872                  /usr/lib64/libnvidia-ml.so.580.95.05
7f817561b000-7f8175797000 r-xp 0001b000 fd:00 135125872                  /usr/lib64/libnvidia-ml.so.580.95.05
7f8175797000-7f81757fb000 r--p 00197000 fd:00 135125872                  /usr/lib64/libnvidia-ml.so.580.95.05
7f81757fb000-7f81757fc000 ---p 001fb000 fd:00 135125872                  /usr/lib64/libnvidia-ml.so.580.95.05
7f81757fc000-7f817582c000 r--p 001fb000 fd:00 135125872                  /usr/lib64/libnvidia-ml.so.580.95.05
7f817582c000-7f817582f000 rw-p 0022b000 fd:00 135125872                  /usr/lib64/libnvidia-ml.so.580.95.05
7f817582f000-7f8176585000 rw-p 00000000 00:00 0 
7f8176585000-7f8176588000 r--p 00000000 207:10f2a 12859485464731779073   /scratch/fs201059/aa17626/jdk-21/lib/libmanagement.so
7f8176588000-7f8176589000 r-xp 00003000 207:10f2a 12859485464731779073   /scratch/fs201059/aa17626/jdk-21/lib/libmanagement.so
7f8176589000-7f817658a000 r--p 00004000 207:10f2a 12859485464731779073   /scratch/fs201059/aa17626/jdk-21/lib/libmanagement.so
7f817658a000-7f817658b000 r--p 00004000 207:10f2a 12859485464731779073   /scratch/fs201059/aa17626/jdk-21/lib/libmanagement.so
7f817658b000-7f817658c000 rw-p 00005000 207:10f2a 12859485464731779073   /scratch/fs201059/aa17626/jdk-21/lib/libmanagement.so
7f817658c000-7f817698c000 rw-p 00000000 00:00 0 
7f817698c000-7f8176999000 r--p 00000000 207:10f2a 11449503570561138689   /scratch/fs201059/aa17626/miniconda3/envs/swift_1/lib/python3.11/site-packages/pyzmq.libs/libsodium-19479d6d.so.26.2.0
7f8176999000-7f8176a8f000 r-xp 0000d000 207:10f2a 11449503570561138689   /scratch/fs201059/aa17626/miniconda3/envs/swift_1/lib/python3.11/site-packages/pyzmq.libs/libsodium-19479d6d.so.26.2.0
7f8176a8f000-7f8176aa4000 r--p 00103000 207:10f2a 11449503570561138689   /scratch/fs201059/aa17626/miniconda3/envs/swift_1/lib/python3.11/site-packages/pyzmq.libs/libsodium-19479d6d.so.26.2.0
7f8176aa4000-7f8176aa5000 r--p 00118000 207:10f2a 11449503570561138689   /scratch/fs201059/aa17626/miniconda3/envs/swift_1/lib/python3.11/site-packages/pyzmq.libs/libsodium-19479d6d.so.26.2.0
7f8176aa5000-7f8176aa6000 rw-p 00119000 207:10f2a 11449503570561138689   /scratch/fs201059/aa17626/miniconda3/envs/swift_1/lib/python3.11/site-packages/pyzmq.libs/libsodium-19479d6d.so.26.2.0
7f8176aa6000-7f8176ab3000 rw-p 0011b000 207:10f2a 11449503570561138689   /scratch/fs201059/aa17626/miniconda3/envs/swift_1/lib/python3.11/site-packages/pyzmq.libs/libsodium-19479d6d.so.26.2.0
7f8176ab3000-7f8177309000 rw-p 00000000 00:00 0 
7f8177309000-7f817730f000 r--p 00000000 207:10f2a 7614249280779059201    /scratch/fs201059/aa17626/miniconda3/envs/swift_1/lib/python3.11/site-packages/msgspec/_core.cpython-311-x86_64-linux-gnu.so
7f817730f000-7f817734b000 r-xp 00006000 207:10f2a 7614249280779059201    /scratch/fs201059/aa17626/miniconda3/envs/swift_1/lib/python3.11/site-packages/msgspec/_core.cpython-311-x86_64-linux-gnu.so
7f817734b000-7f8177364000 r--p 00042000 207:10f2a 7614249280779059201    /scratch/fs201059/aa17626/miniconda3/envs/swift_1/lib/python3.11/site-packages/msgspec/_core.cpython-311-x86_64-linux-gnu.so
7f8177364000-7f8177365000 r--p 0005a000 207:10f2a 7614249280779059201    /scratch/fs201059/aa17626/miniconda3/envs/swift_1/lib/python3.11/site-packages/msgspec/_core.cpython-311-x86_64-linux-gnu.so
7f8177365000-7f8177369000 rw-p 0005b000 207:10f2a 7614249280779059201    /scratch/fs201059/aa17626/miniconda3/envs/swift_1/lib/python3.11/site-packages/msgspec/_core.cpython-311-x86_64-linux-gnu.so
7f8177369000-7f817746c000 rw-p 00000000 00:00 0 
7f817746c000-7f81775a3000 r--p 00000000 207:10f2a 12814392724104740865   /scratch/fs201059/aa17626/miniconda3/envs/swift_1/lib/python3.11/site-packages/pydantic_core/_pydantic_core.cpython-311-x86_64-linux-gnu.so
7f81775a3000-7f81778d7000 r-xp 00136000 207:10f2a 12814392724104740865   /scratch/fs201059/aa17626/miniconda3/envs/swift_1/lib/python3.11/site-packages/pydantic_core/_pydantic_core.cpython-311-x86_64-linux-gnu.so
7f81778d7000-7f817790b000 r--p 00469000 207:10f2a 12814392724104740865   /scratch/fs201059/aa17626/miniconda3/envs/swift_1/lib/python3.11/site-packages/pydantic_core/_pydantic_core.cpython-311-x86_64-linux-gnu.so
7f817790b000-7f8177911000 rw-p 0049c000 207:10f2a 12814392724104740865   /scratch/fs201059/aa17626/miniconda3/envs/swift_1/lib/python3.11/site-packages/pydantic_core/_pydantic_core.cpython-311-x86_64-linux-gnu.so
7f8177911000-7f8178411000 rw-p 00000000 00:00 0 
7f8178411000-7f8178418000 r--p 00000000 207:10f2a 8189897022449451009    /scratch/fs201059/aa17626/miniconda3/envs/swift_1/lib/python3.11/site-packages/kiwisolver/_cext.cpython-311-x86_64-linux-gnu.so
7f8178418000-7f817843c000 r-xp 00007000 207:10f2a 8189897022449451009    /scratch/fs201059/aa17626/miniconda3/envs/swift_1/lib/python3.11/site-packages/kiwisolver/_cext.cpython-311-x86_64-linux-gnu.so
7f817843c000-7f8178442000 r--p 0002b000 207:10f2a 8189897022449451009    /scratch/fs201059/aa17626/miniconda3/envs/swift_1/lib/python3.11/site-packages/kiwisolver/_cext.cpython-311-x86_64-linux-gnu.so
7f8178442000-7f8178443000 r--p 00030000 207:10f2a 8189897022449451009    /scratch/fs201059/aa17626/miniconda3/envs/swift_1/lib/python3.11/site-packages/kiwisolver/_cext.cpython-311-x86_64-linux-gnu.so
7f8178443000-7f8178444000 rw-p 00031000 207:10f2a 8189897022449451009    /scratch/fs201059/aa17626/miniconda3/envs/swift_1/lib/python3.11/site-packages/kiwisolver/_cext.cpython-311-x86_64-linux-gnu.so
7f8178444000-7f8178545000 rw-p 00000000 00:00 0 
7f8178545000-7f817855e000 r--p 00000000 207:10f2a 1888849999776645121    /scratch/fs201059/aa17626/miniconda3/envs/swift_1/lib/python3.11/site-packages/matplotlib/ft2font.cpython-311-x86_64-linux-gnu.so
7f817855e000-7f817862c000 r-xp 00019000 207:10f2a 1888849999776645121    /scratch/fs201059/aa17626/miniconda3/envs/swift_1/lib/python3.11/site-packages/matplotlib/ft2font.cpython-311-x86_64-linux-gnu.so
7f817862c000-7f8178669000 r--p 000e7000 207:10f2a 1888849999776645121    /scratch/fs201059/aa17626/miniconda3/envs/swift_1/lib/python3.11/site-packages/matplotlib/ft2font.cpython-311-x86_64-linux-gnu.so
7f8178669000-7f8178670000 r--p 00123000 207:10f2a 1888849999776645121    /scratch/fs201059/aa17626/miniconda3/envs/swift_1/lib/python3.11/site-packages/matplotlib/ft2font.cpython-311-x86_64-linux-gnu.so
7f8178670000-7f8178671000 rw-p 0012a000 207:10f2a 1888849999776645121    /scratch/fs201059/aa17626/miniconda3/envs/swift_1/lib/python3.11/site-packages/matplotlib/ft2font.cpython-311-x86_64-linux-gnu.so
7f8178671000-7f8178872000 rw-p 00000000 00:00 0 
7f8178872000-7f8178881000 r--p 00000000 207:10f2a 16790095708576874497   /scratch/fs201059/aa17626/miniconda3/envs/swift_1/lib/python3.11/site-packages/matplotlib/_image.cpython-311-x86_64-linux-gnu.so
7f8178881000-7f81788d2000 r-xp 0000f000 207:10f2a 16790095708576874497   /scratch/fs201059/aa17626/miniconda3/envs/swift_1/lib/python3.11/site-packages/matplotlib/_image.cpython-311-x86_64-linux-gnu.so
7f81788d2000-7f81788e3000 r--p 00060000 207:10f2a 16790095708576874497   /scratch/fs201059/aa17626/miniconda3/envs/swift_1/lib/python3.11/site-packages/matplotlib/_image.cpython-311-x86_64-linux-gnu.so
7f81788e3000-7f81788e4000 r--p 00070000 207:10f2a 16790095708576874497   /scratch/fs201059/aa17626/miniconda3/envs/swift_1/lib/python3.11/site-packages/matplotlib/_image.cpython-311-x86_64-linux-gnu.so
7f81788e4000-7f81788e5000 rw-p 00071000 207:10f2a 16790095708576874497   /scratch/fs201059/aa17626/miniconda3/envs/swift_1/lib/python3.11/site-packages/matplotlib/_image.cpython-311-x86_64-linux-gnu.so
7f81788e5000-7f81788e6000 rw-p 00000000 00:00 0 
7f81788e6000-7f81788f5000 r--p 00000000 207:10f2a 3750688683809374209    /scratch/fs201059/aa17626/miniconda3/envs/swift_1/lib/python3.11/site-packages/matplotlib/_path.cpython-311-x86_64-linux-gnu.so
7f81788f5000-7f8178936000 r-xp 0000f000 207:10f2a 3750688683809374209    /scratch/fs201059/aa17626/miniconda3/envs/swift_1/lib/python3.11/site-packages/matplotlib/_path.cpython-311-x86_64-linux-gnu.so
7f8178936000-7f8178946000 r--p 00050000 207:10f2a 3750688683809374209    /scratch/fs201059/aa17626/miniconda3/envs/swift_1/lib/python3.11/site-packages/matplotlib/_path.cpython-311-x86_64-linux-gnu.so
7f8178946000-7f8178947000 ---p 00060000 207:10f2a 3750688683809374209    /scratch/fs201059/aa17626/miniconda3/envs/swift_1/lib/python3.11/site-packages/matplotlib/_path.cpython-311-x86_64-linux-gnu.so
7f8178947000-7f8178948000 r--p 00060000 207:10f2a 3750688683809374209    /scratch/fs201059/aa17626/miniconda3/envs/swift_1/lib/python3.11/site-packages/matplotlib/_path.cpython-311-x86_64-linux-gnu.so
7f8178948000-7f8178949000 rw-p 00061000 207:10f2a 3750688683809374209    /scratch/fs201059/aa17626/miniconda3/envs/swift_1/lib/python3.11/site-packages/matplotlib/_path.cpython-311-x86_64-linux-gnu.so
7f8178949000-7f8178a4a000 rw-p 00000000 00:00 0 
7f8178a4a000-7f8178a57000 r--p 00000000 207:10f2a 11194331059138527233   /scratch/fs201059/aa17626/miniconda3/envs/swift_1/lib/python3.11/site-packages/matplotlib/_c_internal_utils.cpython-311-x86_64-linux-gnu.so
7f8178a57000-7f8178a72000 r-xp 0000d000 207:10f2a 11194331059138527233   /scratch/fs201059/aa17626/miniconda3/envs/swift_1/lib/python3.11/site-packages/matplotlib/_c_internal_utils.cpython-311-x86_64-linux-gnu.so
7f8178a72000-7f8178a7b000 r--p 00028000 207:10f2a 11194331059138527233   /scratch/fs201059/aa17626/miniconda3/envs/swift_1/lib/python3.11/site-packages/matplotlib/_c_internal_utils.cpython-311-x86_64-linux-gnu.so
7f8178a7b000-7f8178a7c000 r--p 00030000 207:10f2a 11194331059138527233   /scratch/fs201059/aa17626/miniconda3/envs/swift_1/lib/python3.11/site-packages/matplotlib/_c_internal_utils.cpython-311-x86_64-linux-gnu.so
7f8178a7c000-7f8178a7d000 rw-p 00031000 207:10f2a 11194331059138527233   /scratch/fs201059/aa17626/miniconda3/envs/swift_1/lib/python3.11/site-packages/matplotlib/_c_internal_utils.cpython-311-x86_64-linux-gnu.so
7f8178a7d000-7f8178b7d000 rw-p 00000000 00:00 0 
7f8178b7d000-7f8178b81000 r--p 00000000 207:10f2a 3086513383349026817    /scratch/fs201059/aa17626/miniconda3/envs/swift_1/lib/python3.11/site-packages/scipy/signal/_peak_finding_utils.cpython-311-x86_64-linux-gnu.so
7f8178b81000-7f8178b97000 r-xp 00004000 207:10f2a 3086513383349026817    /scratch/fs201059/aa17626/miniconda3/envs/swift_1/lib/python3.11/site-packages/scipy/signal/_peak_finding_utils.cpython-311-x86_64-linux-gnu.so
7f8178b97000-7f8178b9e000 r--p 0001a000 207:10f2a 3086513383349026817    /scratch/fs201059/aa17626/miniconda3/envs/swift_1/lib/python3.11/site-packages/scipy/signal/_peak_finding_utils.cpython-311-x86_64-linux-gnu.so
7f8178b9e000-7f8178b9f000 r--p 00020000 207:10f2a 3086513383349026817    /scratch/fs201059/aa17626/miniconda3/envs/swift_1/lib/python3.11/site-packages/scipy/signal/_peak_finding_utils.cpython-311-x86_64-linux-gnu.so
7f8178b9f000-7f8178ba0000 rw-p 00021000 207:10f2a 3086513383349026817    /scratch/fs201059/aa17626/miniconda3/envs/swift_1/lib/python3.11/site-packages/scipy/signal/_peak_finding_utils.cpython-311-x86_64-linux-gnu.so
7f8178ba0000-7f8178ba1000 rw-p 00000000 00:00 0 
7f8178ba1000-7f8178ba5000 r--p 00000000 207:10f2a 13086824177058316289   /scratch/fs201059/aa17626/miniconda3/envs/swift_1/lib/python3.11/site-packages/scipy/signal/_sosfilt.cpython-311-x86_64-linux-gnu.so
7f8178ba5000-7f8178bba000 r-xp 00004000 207:10f2a 13086824177058316289   /scratch/fs201059/aa17626/miniconda3/envs/swift_1/lib/python3.11/site-packages/scipy/signal/_sosfilt.cpython-311-x86_64-linux-gnu.so
7f8178bba000-7f8178bbf000 r--p 00019000 207:10f2a 13086824177058316289   /scratch/fs201059/aa17626/miniconda3/envs/swift_1/lib/python3.11/site-packages/scipy/signal/_sosfilt.cpython-311-x86_64-linux-gnu.so
7f8178bbf000-7f8178bc0000 ---p 0001e000 207:10f2a 13086824177058316289   /scratch/fs201059/aa17626/miniconda3/envs/swift_1/lib/python3.11/site-packages/scipy/signal/_sosfilt.cpython-311-x86_64-linux-gnu.so
7f8178bc0000-7f8178bc1000 r--p 0001e000 207:10f2a 13086824177058316289   /scratch/fs201059/aa17626/miniconda3/envs/swift_1/lib/python3.11/site-packages/scipy/signal/_sosfilt.cpython-311-x86_64-linux-gnu.so
7f8178bc1000-7f8178bc2000 rw-p 0001f000 207:10f2a 13086824177058316289   /scratch/fs201059/aa17626/miniconda3/envs/swift_1/lib/python3.11/site-packages/scipy/signal/_sosfilt.cpython-311-x86_64-linux-gnu.so
7f8178bc2000-7f8178bc3000 rw-p 00000000 00:00 0 
7f8178bc3000-7f8178bc4000 r--p 00000000 207:10f2a 3770957868216811521    /scratch/fs201059/aa17626/miniconda3/envs/swift_1/lib/python3.11/site-packages/scipy/signal/_spline.cpython-311-x86_64-linux-gnu.so
7f8178bc4000-7f8178bcd000 r-xp 00001000 207:10f2a 3770957868216811521    /scratch/fs201059/aa17626/miniconda3/envs/swift_1/lib/python3.11/site-packages/scipy/signal/_spline.cpython-311-x86_64-linux-gnu.so
7f8178bcd000-7f8178bce000 r--p 0000a000 207:10f2a 3770957868216811521    /scratch/fs201059/aa17626/miniconda3/envs/swift_1/lib/python3.11/site-packages/scipy/signal/_spline.cpython-311-x86_64-linux-gnu.so
7f8178bce000-7f8178bcf000 r--p 0000a000 207:10f2a 3770957868216811521    /scratch/fs201059/aa17626/miniconda3/envs/swift_1/lib/python3.11/site-packages/scipy/signal/_spline.cpython-311-x86_64-linux-gnu.so
7f8178bcf000-7f8178bd1000 rw-p 0000b000 207:10f2a 3770957868216811521    /scratch/fs201059/aa17626/miniconda3/envs/swift_1/lib/python3.11/site-packages/scipy/signal/_spline.cpython-311-x86_64-linux-gnu.so
7f8178bd1000-7f8178bd6000 r--p 00000000 207:10f2a 14789672766916067329   /scratch/fs201059/aa17626/miniconda3/envs/swift_1/lib/python3.11/site-packages/scipy/signal/_upfirdn_apply.cpython-311-x86_64-linux-gnu.so
7f8178bd6000-7f8178bfe000 r-xp 00005000 207:10f2a 14789672766916067329   /scratch/fs201059/aa17626/miniconda3/envs/swift_1/lib/python3.11/site-packages/scipy/signal/_upfirdn_apply.cpython-311-x86_64-linux-gnu.so
7f8178bfe000-7f8178c05000 r--p 0002d000 207:10f2a 14789672766916067329   /scratch/fs201059/aa17626/miniconda3/envs/swift_1/lib/python3.11/site-packages/scipy/signal/_upfirdn_apply.cpython-311-x86_64-linux-gnu.so
7f8178c05000-7f8178c06000 ---p 00034000 207:10f2a 14789672766916067329   /scratch/fs201059/aa17626/miniconda3/envs/swift_1/lib/python3.11/site-packages/scipy/signal/_upfirdn_apply.cpython-311-x86_64-linux-gnu.so
7f8178c06000-7f8178c07000 r--p 00034000 207:10f2a 14789672766916067329   /scratch/fs201059/aa17626/miniconda3/envs/swift_1/lib/python3.11/site-packages/scipy/signal/_upfirdn_apply.cpython-311-x86_64-linux-gnu.so
7f8178c07000-7f8178c08000 rw-p 00035000 207:10f2a 14789672766916067329   /scratch/fs201059/aa17626/miniconda3/envs/swift_1/lib/python3.11/site-packages/scipy/signal/_upfirdn_apply.cpython-311-x86_64-linux-gnu.so
7f8178c08000-7f8178c09000 rw-p 00000000 00:00 0 
7f8178c09000-7f8178c0c000 r--p 00000000 207:10f2a 7586380514088976385    /scratch/fs201059/aa17626/miniconda3/envs/swift_1/lib/python3.11/site-packages/scipy/signal/_max_len_seq_inner.cpython-311-x86_64-linux-gnu.so
7f8178c0c000-7f8178c14000 r-xp 00003000 207:10f2a 7586380514088976385    /scratch/fs201059/aa17626/miniconda3/envs/swift_1/lib/python3.11/site-packages/scipy/signal/_max_len_seq_inner.cpython-311-x86_64-linux-gnu.so
7f8178c14000-7f8178c17000 r--p 0000b000 207:10f2a 7586380514088976385    /scratch/fs201059/aa17626/miniconda3/envs/swift_1/lib/python3.11/site-packages/scipy/signal/_max_len_seq_inner.cpython-311-x86_64-linux-gnu.so
7f8178c17000-7f8178c18000 r--p 0000d000 207:10f2a 7586380514088976385    /scratch/fs201059/aa17626/miniconda3/envs/swift_1/lib/python3.11/site-packages/scipy/signal/_max_len_seq_inner.cpython-311-x86_64-linux-gnu.so
7f8178c18000-7f8178c19000 rw-p 0000e000 207:10f2a 7586380514088976385    /scratch/fs201059/aa17626/miniconda3/envs/swift_1/lib/python3.11/site-packages/scipy/signal/_max_len_seq_inner.cpython-311-x86_64-linux-gnu.so
7f8178c19000-7f8178c1b000 r--p 00000000 207:10f2a 9322970130312527873    /scratch/fs201059/aa17626/miniconda3/envs/swift_1/lib/python3.11/site-packages/scipy/signal/_sigtools.cpython-311-x86_64-linux-gnu.so
7f8178c1b000-7f8178c2f000 r-xp 00002000 207:10f2a 9322970130312527873    /scratch/fs201059/aa17626/miniconda3/envs/swift_1/lib/python3.11/site-packages/scipy/signal/_sigtools.cpython-311-x86_64-linux-gnu.so
7f8178c2f000-7f8178c31000 r--p 00016000 207:10f2a 9322970130312527873    /scratch/fs201059/aa17626/miniconda3/envs/swift_1/lib/python3.11/site-packages/scipy/signal/_sigtools.cpython-311-x86_64-linux-gnu.so
7f8178c31000-7f8178c32000 r--p 00017000 207:10f2a 9322970130312527873    /scratch/fs201059/aa17626/miniconda3/envs/swift_1/lib/python3.11/site-packages/scipy/signal/_sigtools.cpython-311-x86_64-linux-gnu.so
7f8178c32000-7f8178c33000 rw-p 00018000 207:10f2a 9322970130312527873    /scratch/fs201059/aa17626/miniconda3/envs/swift_1/lib/python3.11/site-packages/scipy/signal/_sigtools.cpython-311-x86_64-linux-gnu.so
7f8178c33000-7f8179233000 rw-p 00000000 00:00 0 
7f8179233000-7f8179240000 r--p 00000000 207:10f2a 18115142911385075713   /scratch/fs201059/aa17626/miniconda3/envs/swift_1/lib/python3.11/site-packages/pyarrow/_parquet_encryption.cpython-311-x86_64-linux-gnu.so
7f8179240000-7f817925b000 r-xp 0000d000 207:10f2a 18115142911385075713   /scratch/fs201059/aa17626/miniconda3/envs/swift_1/lib/python3.11/site-packages/pyarrow/_parquet_encryption.cpython-311-x86_64-linux-gnu.so
7f817925b000-7f8179265000 r--p 00028000 207:10f2a 18115142911385075713   /scratch/fs201059/aa17626/miniconda3/envs/swift_1/lib/python3.11/site-packages/pyarrow/_parquet_encryption.cpython-311-x86_64-linux-gnu.so
7f8179265000-7f8179267000 r--p 00031000 207:10f2a 18115142911385075713   /scratch/fs201059/aa17626/miniconda3/envs/swift_1/lib/python3.11/site-packages/pyarrow/_parquet_encryption.cpython-311-x86_64-linux-gnu.so
7f8179267000-7f817926a000 rw-p 00033000 207:10f2a 18115142911385075713   /scratch/fs201059/aa17626/miniconda3/envs/swift_1/lib/python3.11/site-packages/pyarrow/_parquet_encryption.cpython-311-x86_64-linux-gnu.so
7f817926a000-7f8179270000 r--p 00000000 207:10f2a 4316880108007849985    /scratch/fs201059/aa17626/miniconda3/envs/swift_1/lib/python3.11/site-packages/pyarrow/_dataset_parquet_encryption.cpython-311-x86_64-linux-gnu.so
7f8179270000-7f817927b000 r-xp 00006000 207:10f2a 4316880108007849985    /scratch/fs201059/aa17626/miniconda3/envs/swift_1/lib/python3.11/site-packages/pyarrow/_dataset_parquet_encryption.cpython-311-x86_64-linux-gnu.so
7f817927b000-7f8179280000 r--p 00011000 207:10f2a 4316880108007849985    /scratch/fs201059/aa17626/miniconda3/envs/swift_1/lib/python3.11/site-packages/pyarrow/_dataset_parquet_encryption.cpython-311-x86_64-linux-gnu.so
7f8179280000-7f8179281000 r--p 00015000 207:10f2a 4316880108007849985    /scratch/fs201059/aa17626/miniconda3/envs/swift_1/lib/python3.11/site-packages/pyarrow/_dataset_parquet_encryption.cpython-311-x86_64-linux-gnu.so
7f8179281000-7f8179282000 rw-p 00016000 207:10f2a 4316880108007849985    /scratch/fs201059/aa17626/miniconda3/envs/swift_1/lib/python3.11/site-packages/pyarrow/_dataset_parquet_encryption.cpython-311-x86_64-linux-gnu.so
7f8179282000-7f8179283000 rw-p 00000000 00:00 0 
7f8179283000-7f817928f000 r--p 00000000 207:10f2a 4178421452945424385    /scratch/fs201059/aa17626/miniconda3/envs/swift_1/lib/python3.11/site-packages/pyarrow/_dataset_parquet.cpython-311-x86_64-linux-gnu.so
7f817928f000-7f81792ba000 r-xp 0000c000 207:10f2a 4178421452945424385    /scratch/fs201059/aa17626/miniconda3/envs/swift_1/lib/python3.11/site-packages/pyarrow/_dataset_parquet.cpython-311-x86_64-linux-gnu.so
7f81792ba000-7f81792c8000 r--p 00037000 207:10f2a 4178421452945424385    /scratch/fs201059/aa17626/miniconda3/envs/swift_1/lib/python3.11/site-packages/pyarrow/_dataset_parquet.cpython-311-x86_64-linux-gnu.so
7f81792c8000-7f81792ca000 r--p 00044000 207:10f2a 4178421452945424385    /scratch/fs201059/aa17626/miniconda3/envs/swift_1/lib/python3.11/site-packages/pyarrow/_dataset_parquet.cpython-311-x86_64-linux-gnu.so
7f81792ca000-7f81792cd000 rw-p 00046000 207:10f2a 4178421452945424385    /scratch/fs201059/aa17626/miniconda3/envs/swift_1/lib/python3.11/site-packages/pyarrow/_dataset_parquet.cpython-311-x86_64-linux-gnu.so
7f81792cd000-7f81792ce000 rw-p 00000000 00:00 0 
7f81792ce000-7f81792d3000 r--p 00000000 207:10f2a 2655736668099903489    /scratch/fs201059/aa17626/miniconda3/envs/swift_1/lib/python3.11/site-packages/pyarrow/_dataset_orc.cpython-311-x86_64-linux-gnu.so
7f81792d3000-7f81792da000 r-xp 00005000 207:10f2a 2655736668099903489    /scratch/fs201059/aa17626/miniconda3/envs/swift_1/lib/python3.11/site-packages/pyarrow/_dataset_orc.cpython-311-x86_64-linux-gnu.so
7f81792da000-7f81792dd000 r--p 0000c000 207:10f2a 2655736668099903489    /scratch/fs201059/aa17626/miniconda3/envs/swift_1/lib/python3.11/site-packages/pyarrow/_dataset_orc.cpython-311-x86_64-linux-gnu.so
7f81792dd000-7f81792de000 r--p 0000e000 207:10f2a 2655736668099903489    /scratch/fs201059/aa17626/miniconda3/envs/swift_1/lib/python3.11/site-packages/pyarrow/_dataset_orc.cpython-311-x86_64-linux-gnu.so
7f81792de000-7f81792df000 rw-p 0000f000 207:10f2a 2655736668099903489    /scratch/fs201059/aa17626/miniconda3/envs/swift_1/lib/python3.11/site-packages/pyarrow/_dataset_orc.cpython-311-x86_64-linux-gnu.so
7f81792df000-7f81792e0000 rw-p 00000000 00:00 0 
7f81792e0000-7f81b92f0000 rw-p 00000000 00:00 0 
7f81b92f4000-7f81b92fc000 rw-s 00000000 fd:01 19478350274                /tmp/hsperfdata_aa17626/549869 (deleted)
7f81b92fc000-7f81b93fc000 rw-p 00000000 00:00 0 
7f81b93fc000-7f81b9406000 r--p 00000000 207:10f2a 10526979329770782721   /scratch/fs201059/aa17626/miniconda3/envs/swift_1/lib/python3.11/site-packages/pyarrow/_substrait.cpython-311-x86_64-linux-gnu.so
7f81b9406000-7f81b941d000 r-xp 0000a000 207:10f2a 10526979329770782721   /scratch/fs201059/aa17626/miniconda3/envs/swift_1/lib/python3.11/site-packages/pyarrow/_substrait.cpython-311-x86_64-linux-gnu.so
7f81b941d000-7f81b9425000 r--p 00021000 207:10f2a 10526979329770782721   /scratch/fs201059/aa17626/miniconda3/envs/swift_1/lib/python3.11/site-packages/pyarrow/_substrait.cpython-311-x86_64-linux-gnu.so
7f81b9425000-7f81b9426000 r--p 00029000 207:10f2a 10526979329770782721   /scratch/fs201059/aa17626/miniconda3/envs/swift_1/lib/python3.11/site-packages/pyarrow/_substrait.cpython-311-x86_64-linux-gnu.so
7f81b9426000-7f81b9428000 rw-p 0002a000 207:10f2a 10526979329770782721   /scratch/fs201059/aa17626/miniconda3/envs/swift_1/lib/python3.11/site-packages/pyarrow/_substrait.cpython-311-x86_64-linux-gnu.so
7f81b9428000-7f81b942d000 r--p 00000000 207:10f2a 946784244407009281     /scratch/fs201059/aa17626/miniconda3/envs/swift_1/lib/python3.11/site-packages/pyarrow/_json.cpython-311-x86_64-linux-gnu.so
7f81b942d000-7f81b943b000 r-xp 00005000 207:10f2a 946784244407009281     /scratch/fs201059/aa17626/miniconda3/envs/swift_1/lib/python3.11/site-packages/pyarrow/_json.cpython-311-x86_64-linux-gnu.so
7f81b943b000-7f81b9440000 r--p 00013000 207:10f2a 946784244407009281     /scratch/fs201059/aa17626/miniconda3/envs/swift_1/lib/python3.11/site-packages/pyarrow/_json.cpython-311-x86_64-linux-gnu.so
7f81b9440000-7f81b9441000 r--p 00018000 207:10f2a 946784244407009281     /scratch/fs201059/aa17626/miniconda3/envs/swift_1/lib/python3.11/site-packages/pyarrow/_json.cpython-311-x86_64-linux-gnu.so
7f81b9441000-7f81b9443000 rw-p 00019000 207:10f2a 946784244407009281     /scratch/fs201059/aa17626/miniconda3/envs/swift_1/lib/python3.11/site-packages/pyarrow/_json.cpython-311-x86_64-linux-gnu.so
7f81b9443000-7f81b944e000 r--p 00000000 207:10f2a 11986307931068563457   /scratch/fs201059/aa17626/miniconda3/envs/swift_1/lib/python3.11/site-packages/pyarrow/_csv.cpython-311-x86_64-linux-gnu.so
7f81b944e000-7f81b9478000 r-xp 0000b000 207:10f2a 11986307931068563457   /scratch/fs201059/aa17626/miniconda3/envs/swift_1/lib/python3.11/site-packages/pyarrow/_csv.cpython-311-x86_64-linux-gnu.so
7f81b9478000-7f81b9489000 r--p 00035000 207:10f2a 11986307931068563457   /scratch/fs201059/aa17626/miniconda3/envs/swift_1/lib/python3.11/site-packages/pyarrow/_csv.cpython-311-x86_64-linux-gnu.so
7f81b9489000-7f81b948b000 r--p 00045000 207:10f2a 11986307931068563457   /scratch/fs201059/aa17626/miniconda3/envs/swift_1/lib/python3.11/site-packages/pyarrow/_csv.cpython-311-x86_64-linux-gnu.so
7f81b948b000-7f81b948e000 rw-p 00047000 207:10f2a 11986307931068563457   /scratch/fs201059/aa17626/miniconda3/envs/swift_1/lib/python3.11/site-packages/pyarrow/_csv.cpython-311-x86_64-linux-gnu.so
7f81b948e000-7f81b948f000 rw-p 00000000 00:00 0 
7f81b948f000-7f81b949c000 r--p 00000000 207:10f2a 9978933318266650625    /scratch/fs201059/aa17626/miniconda3/envs/swift_1/lib/python3.11/site-packages/pyarrow/_acero.cpython-311-x86_64-linux-gnu.so
7f81b949c000-7f81b94c0000 r-xp 0000d000 207:10f2a 9978933318266650625    /scratch/fs201059/aa17626/miniconda3/envs/swift_1/lib/python3.11/site-packages/pyarrow/_acero.cpython-311-x86_64-linux-gnu.so
7f81b94c0000-7f81b94cb000 r--p 00031000 207:10f2a 9978933318266650625    /scratch/fs201059/aa17626/miniconda3/envs/swift_1/lib/python3.11/site-packages/pyarrow/_acero.cpython-311-x86_64-linux-gnu.so
7f81b94cb000-7f81b94cd000 r--p 0003c000 207:10f2a 9978933318266650625    /scratch/fs201059/aa17626/miniconda3/envs/swift_1/lib/python3.11/site-packages/pyarrow/_acero.cpython-311-x86_64-linux-gnu.so
7f81b94cd000-7f81b94d0000 rw-p 0003e000 207:10f2a 9978933318266650625    /scratch/fs201059/aa17626/miniconda3/envs/swift_1/lib/python3.11/site-packages/pyarrow/_acero.cpython-311-x86_64-linux-gnu.so
7f81b94d0000-7f81b94d1000 rw-p 00000000 00:00 0 
7f81b94d1000-7f81b94ef000 r--p 00000000 207:10f2a 11749253454287208449   /scratch/fs201059/aa17626/miniconda3/envs/swift_1/lib/python3.11/site-packages/pyarrow/_dataset.cpython-311-x86_64-linux-gnu.so
7f81b94ef000-7f81b956c000 r-xp 0001e000 207:10f2a 11749253454287208449   /scratch/fs201059/aa17626/miniconda3/envs/swift_1/lib/python3.11/site-packages/pyarrow/_dataset.cpython-311-x86_64-linux-gnu.so
7f81b956c000-7f81b959a000 r--p 0009b000 207:10f2a 11749253454287208449   /scratch/fs201059/aa17626/miniconda3/envs/swift_1/lib/python3.11/site-packages/pyarrow/_dataset.cpython-311-x86_64-linux-gnu.so
7f81b959a000-7f81b959e000 r--p 000c8000 207:10f2a 11749253454287208449   /scratch/fs201059/aa17626/miniconda3/envs/swift_1/lib/python3.11/site-packages/pyarrow/_dataset.cpython-311-x86_64-linux-gnu.so
7f81b959e000-7f81b95a6000 rw-p 000cc000 207:10f2a 11749253454287208449   /scratch/fs201059/aa17626/miniconda3/envs/swift_1/lib/python3.11/site-packages/pyarrow/_dataset.cpython-311-x86_64-linux-gnu.so
7f81b95a6000-7f81b96a9000 rw-p 00000000 00:00 0 
7f81b96a9000-7f81b96ac000 r--p 00000000 207:10f2a 8816490891254366209    /scratch/fs201059/aa17626/miniconda3/envs/swift_1/lib/python3.11/site-packages/xxhash/_xxhash.cpython-311-x86_64-linux-gnu.so
7f81b96ac000-7f81b96b7000 r-xp 00003000 207:10f2a 8816490891254366209    /scratch/fs201059/aa17626/miniconda3/envs/swift_1/lib/python3.11/site-packages/xxhash/_xxhash.cpython-311-x86_64-linux-gnu.so
7f81b96b7000-7f81b96ba000 r--p 0000e000 207:10f2a 8816490891254366209    /scratch/fs201059/aa17626/miniconda3/envs/swift_1/lib/python3.11/site-packages/xxhash/_xxhash.cpython-311-x86_64-linux-gnu.so
7f81b96ba000-7f81b96bb000 r--p 00010000 207:10f2a 8816490891254366209    /scratch/fs201059/aa17626/miniconda3/envs/swift_1/lib/python3.11/site-packages/xxhash/_xxhash.cpython-311-x86_64-linux-gnu.so
7f81b96bb000-7f81b96bd000 rw-p 00011000 207:10f2a 8816490891254366209    /scratch/fs201059/aa17626/miniconda3/envs/swift_1/lib/python3.11/site-packages/xxhash/_xxhash.cpython-311-x86_64-linux-gnu.so
7f81b96bd000-7f81b97bd000 rw-p 00000000 00:00 0 
7f81b97bd000-7f81b97c2000 r--p 00000000 207:10f2a 8345502080419102721    /scratch/fs201059/aa17626/miniconda3/envs/swift_1/lib/python3.11/site-packages/frozenlist/_frozenlist.cpython-311-x86_64-linux-gnu.so
7f81b97c2000-7f81b97cf000 r-xp 00005000 207:10f2a 8345502080419102721    /scratch/fs201059/aa17626/miniconda3/envs/swift_1/lib/python3.11/site-packages/frozenlist/_frozenlist.cpython-311-x86_64-linux-gnu.so
7f81b97cf000-7f81b97d3000 r--p 00012000 207:10f2a 8345502080419102721    /scratch/fs201059/aa17626/miniconda3/envs/swift_1/lib/python3.11/site-packages/frozenlist/_frozenlist.cpython-311-x86_64-linux-gnu.so
7f81b97d3000-7f81b97d4000 r--p 00015000 207:10f2a 8345502080419102721    /scratch/fs201059/aa17626/miniconda3/envs/swift_1/lib/python3.11/site-packages/frozenlist/_frozenlist.cpython-311-x86_64-linux-gnu.so
7f81b97d4000-7f81b97d6000 rw-p 00016000 207:10f2a 8345502080419102721    /scratch/fs201059/aa17626/miniconda3/envs/swift_1/lib/python3.11/site-packages/frozenlist/_frozenlist.cpython-311-x86_64-linux-gnu.so
7f81b97d6000-7f81b98d6000 rw-p 00000000 00:00 0 
7f81b98d6000-7f81b98dc000 r--p 00000000 207:10f2a 8543458340623024129    /scratch/fs201059/aa17626/miniconda3/envs/swift_1/lib/python3.11/site-packages/aiohttp/_websocket/reader_c.cpython-311-x86_64-linux-gnu.so
7f81b98dc000-7f81b98ff000 r-xp 00006000 207:10f2a 8543458340623024129    /scratch/fs201059/aa17626/miniconda3/envs/swift_1/lib/python3.11/site-packages/aiohttp/_websocket/reader_c.cpython-311-x86_64-linux-gnu.so
7f81b98ff000-7f81b9906000 r--p 00029000 207:10f2a 8543458340623024129    /scratch/fs201059/aa17626/miniconda3/envs/swift_1/lib/python3.11/site-packages/aiohttp/_websocket/reader_c.cpython-311-x86_64-linux-gnu.so
7f81b9906000-7f81b9908000 r--p 0002f000 207:10f2a 8543458340623024129    /scratch/fs201059/aa17626/miniconda3/envs/swift_1/lib/python3.11/site-packages/aiohttp/_websocket/reader_c.cpython-311-x86_64-linux-gnu.so
7f81b9908000-7f81b990a000 rw-p 00031000 207:10f2a 8543458340623024129    /scratch/fs201059/aa17626/miniconda3/envs/swift_1/lib/python3.11/site-packages/aiohttp/_websocket/reader_c.cpython-311-x86_64-linux-gnu.so
7f81b990a000-7f81b990b000 rw-p 00000000 00:00 0 
7f81b990b000-7f81b9915000 r--p 00000000 207:10f2a 4604824437656387585    /scratch/fs201059/aa17626/miniconda3/envs/swift_1/lib/python3.11/site-packages/aiohttp/_http_parser.cpython-311-x86_64-linux-gnu.so
7f81b9915000-7f81b9963000 r-xp 0000a000 207:10f2a 4604824437656387585    /scratch/fs201059/aa17626/miniconda3/envs/swift_1/lib/python3.11/site-packages/aiohttp/_http_parser.cpython-311-x86_64-linux-gnu.so
7f81b9963000-7f81b996f000 r--p 00058000 207:10f2a 4604824437656387585    /scratch/fs201059/aa17626/miniconda3/envs/swift_1/lib/python3.11/site-packages/aiohttp/_http_parser.cpython-311-x86_64-linux-gnu.so
7f81b996f000-7f81b9971000 r--p 00064000 207:10f2a 4604824437656387585    /scratch/fs201059/aa17626/miniconda3/envs/swift_1/lib/python3.11/site-packages/aiohttp/_http_parser.cpython-311-x86_64-linux-gnu.so
7f81b9971000-7f81b9974000 rw-p 00066000 207:10f2a 4604824437656387585    /scratch/fs201059/aa17626/miniconda3/envs/swift_1/lib/python3.11/site-packages/aiohttp/_http_parser.cpython-311-x86_64-linux-gnu.so
7f81b9974000-7f81b9976000 rw-p 00000000 00:00 0 
7f81b9976000-7f81b9979000 r--p 00000000 207:10f2a 10642012696929042433   /scratch/fs201059/aa17626/miniconda3/envs/swift_1/lib/python3.11/site-packages/aiohttp/_http_writer.cpython-311-x86_64-linux-gnu.so
7f81b9979000-7f81b9982000 r-xp 00003000 207:10f2a 10642012696929042433   /scratch/fs201059/aa17626/miniconda3/envs/swift_1/lib/python3.11/site-packages/aiohttp/_http_writer.cpython-311-x86_64-linux-gnu.so
7f81b9982000-7f81b9984000 r--p 0000c000 207:10f2a 10642012696929042433   /scratch/fs201059/aa17626/miniconda3/envs/swift_1/lib/python3.11/site-packages/aiohttp/_http_writer.cpython-311-x86_64-linux-gnu.so
7f81b9984000-7f81b9985000 r--p 0000e000 207:10f2a 10642012696929042433   /scratch/fs201059/aa17626/miniconda3/envs/swift_1/lib/python3.11/site-packages/aiohttp/_http_writer.cpython-311-x86_64-linux-gnu.so
7f81b9985000-7f81b9986000 rw-p 0000f000 207:10f2a 10642012696929042433   /scratch/fs201059/aa17626/miniconda3/envs/swift_1/lib/python3.11/site-packages/aiohttp/_http_writer.cpython-311-x86_64-linux-gnu.so
7f81b9986000-7f81b9a86000 rw-p 00000000 00:00 0 
7f81b9a86000-7f81b9a8a000 r--p 00000000 207:10f2a 17205270395478147073   /scratch/fs201059/aa17626/miniconda3/envs/swift_1/lib/python3.11/site-packages/propcache/_helpers_c.cpython-311-x86_64-linux-gnu.so
7f81b9a8a000-7f81b9a96000 r-xp 00004000 207:10f2a 17205270395478147073   /scratch/fs201059/aa17626/miniconda3/envs/swift_1/lib/python3.11/site-packages/propcache/_helpers_c.cpython-311-x86_64-linux-gnu.so
7f81b9a96000-7f81b9a9a000 r--p 00010000 207:10f2a 17205270395478147073   /scratch/fs201059/aa17626/miniconda3/envs/swift_1/lib/python3.11/site-packages/propcache/_helpers_c.cpython-311-x86_64-linux-gnu.so
7f81b9a9a000-7f81b9a9b000 r--p 00013000 207:10f2a 17205270395478147073   /scratch/fs201059/aa17626/miniconda3/envs/swift_1/lib/python3.11/site-packages/propcache/_helpers_c.cpython-311-x86_64-linux-gnu.so
7f81b9a9b000-7f81b9a9c000 rw-p 00014000 207:10f2a 17205270395478147073   /scratch/fs201059/aa17626/miniconda3/envs/swift_1/lib/python3.11/site-packages/propcache/_helpers_c.cpython-311-x86_64-linux-gnu.so
7f81b9a9c000-7f81b9a9d000 rw-p 00000000 00:00 0 
7f81b9a9d000-7f81b9aa2000 r--p 00000000 207:10f2a 832492761896779777     /scratch/fs201059/aa17626/miniconda3/envs/swift_1/lib/python3.11/site-packages/yarl/_quoting_c.cpython-311-x86_64-linux-gnu.so
7f81b9aa2000-7f81b9ab7000 r-xp 00005000 207:10f2a 832492761896779777     /scratch/fs201059/aa17626/miniconda3/envs/swift_1/lib/python3.11/site-packages/yarl/_quoting_c.cpython-311-x86_64-linux-gnu.so
7f81b9ab7000-7f81b9abb000 r--p 0001a000 207:10f2a 832492761896779777     /scratch/fs201059/aa17626/miniconda3/envs/swift_1/lib/python3.11/site-packages/yarl/_quoting_c.cpython-311-x86_64-linux-gnu.so
7f81b9abb000-7f81b9abc000 r--p 0001e000 207:10f2a 832492761896779777     /scratch/fs201059/aa17626/miniconda3/envs/swift_1/lib/python3.11/site-packages/yarl/_quoting_c.cpython-311-x86_64-linux-gnu.so
7f81b9abc000-7f81b9abd000 rw-p 0001f000 207:10f2a 832492761896779777     /scratch/fs201059/aa17626/miniconda3/envs/swift_1/lib/python3.11/site-packages/yarl/_quoting_c.cpython-311-x86_64-linux-gnu.so
7f81b9abd000-7f81b9bbe000 rw-p 00000000 00:00 0 
7f81b9bbe000-7f81b9bc2000 r--p 00000000 207:10f2a 285011195057864705     /scratch/fs201059/aa17626/miniconda3/envs/swift_1/lib/python3.11/site-packages/multidict/_multidict.cpython-311-x86_64-linux-gnu.so
7f81b9bc2000-7f81b9bd3000 r-xp 00004000 207:10f2a 285011195057864705     /scratch/fs201059/aa17626/miniconda3/envs/swift_1/lib/python3.11/site-packages/multidict/_multidict.cpython-311-x86_64-linux-gnu.so
7f81b9bd3000-7f81b9bd7000 r--p 00015000 207:10f2a 285011195057864705     /scratch/fs201059/aa17626/miniconda3/envs/swift_1/lib/python3.11/site-packages/multidict/_multidict.cpython-311-x86_64-linux-gnu.so
7f81b9bd7000-7f81b9bd8000 r--p 00018000 207:10f2a 285011195057864705     /scratch/fs201059/aa17626/miniconda3/envs/swift_1/lib/python3.11/site-packages/multidict/_multidict.cpython-311-x86_64-linux-gnu.so
7f81b9bd8000-7f81b9bda000 rw-p 00019000 207:10f2a 285011195057864705     /scratch/fs201059/aa17626/miniconda3/envs/swift_1/lib/python3.11/site-packages/multidict/_multidict.cpython-311-x86_64-linux-gnu.so
7f81b9bda000-7f81b9cda000 rw-p 00000000 00:00 0 
7f81b9cda000-7f81b9ce1000 r--p 00000000 207:10f2a 4459020561082744833    /scratch/fs201059/aa17626/miniconda3/envs/swift_1/lib/python3.11/site-packages/pyarrow/_s3fs.cpython-311-x86_64-linux-gnu.so
7f81b9ce1000-7f81b9cfc000 r-xp 00007000 207:10f2a 4459020561082744833    /scratch/fs201059/aa17626/miniconda3/envs/swift_1/lib/python3.11/site-packages/pyarrow/_s3fs.cpython-311-x86_64-linux-gnu.so
7f81b9cfc000-7f81b9d03000 r--p 00022000 207:10f2a 4459020561082744833    /scratch/fs201059/aa17626/miniconda3/envs/swift_1/lib/python3.11/site-packages/pyarrow/_s3fs.cpython-311-x86_64-linux-gnu.so
7f81b9d03000-7f81b9d04000 r--p 00029000 207:10f2a 4459020561082744833    /scratch/fs201059/aa17626/miniconda3/envs/swift_1/lib/python3.11/site-packages/pyarrow/_s3fs.cpython-311-x86_64-linux-gnu.so
7f81b9d04000-7f81b9d06000 rw-p 0002a000 207:10f2a 4459020561082744833    /scratch/fs201059/aa17626/miniconda3/envs/swift_1/lib/python3.11/site-packages/pyarrow/_s3fs.cpython-311-x86_64-linux-gnu.so
7f81b9d06000-7f81b9d0c000 r--p 00000000 207:10f2a 8073060766314004481    /scratch/fs201059/aa17626/miniconda3/envs/swift_1/lib/python3.11/site-packages/pyarrow/_gcsfs.cpython-311-x86_64-linux-gnu.so
7f81b9d0c000-7f81b9d1c000 r-xp 00006000 207:10f2a 8073060766314004481    /scratch/fs201059/aa17626/miniconda3/envs/swift_1/lib/python3.11/site-packages/pyarrow/_gcsfs.cpython-311-x86_64-linux-gnu.so
7f81b9d1c000-7f81b9d20000 r--p 00016000 207:10f2a 8073060766314004481    /scratch/fs201059/aa17626/miniconda3/envs/swift_1/lib/python3.11/site-packages/pyarrow/_gcsfs.cpython-311-x86_64-linux-gnu.so
7f81b9d20000-7f81b9d21000 r--p 0001a000 207:10f2a 8073060766314004481    /scratch/fs201059/aa17626/miniconda3/envs/swift_1/lib/python3.11/site-packages/pyarrow/_gcsfs.cpython-311-x86_64-linux-gnu.so
7f81b9d21000-7f81b9d22000 rw-p 0001b000 207:10f2a 8073060766314004481    /scratch/fs201059/aa17626/miniconda3/envs/swift_1/lib/python3.11/site-packages/pyarrow/_gcsfs.cpython-311-x86_64-linux-gnu.so
7f81b9d22000-7f81b9d23000 rw-p 00000000 00:00 0 
7f81b9d23000-7f81b9d29000 r--p 00000000 207:10f2a 3981483099561918465    /scratch/fs201059/aa17626/miniconda3/envs/swift_1/lib/python3.11/site-packages/pyarrow/_hdfs.cpython-311-x86_64-linux-gnu.so
7f81b9d29000-7f81b9d39000 r-xp 00006000 207:10f2a 3981483099561918465    /scratch/fs201059/aa17626/miniconda3/envs/swift_1/lib/python3.11/site-packages/pyarrow/_hdfs.cpython-311-x86_64-linux-gnu.so
7f81b9d39000-7f81b9d3d000 r--p 00016000 207:10f2a 3981483099561918465    /scratch/fs201059/aa17626/miniconda3/envs/swift_1/lib/python3.11/site-packages/pyarrow/_hdfs.cpython-311-x86_64-linux-gnu.so
7f81b9d3d000-7f81b9d3e000 r--p 0001a000 207:10f2a 3981483099561918465    /scratch/fs201059/aa17626/miniconda3/envs/swift_1/lib/python3.11/site-packages/pyarrow/_hdfs.cpython-311-x86_64-linux-gnu.so
7f81b9d3e000-7f81b9d3f000 rw-p 0001b000 207:10f2a 3981483099561918465    /scratch/fs201059/aa17626/miniconda3/envs/swift_1/lib/python3.11/site-packages/pyarrow/_hdfs.cpython-311-x86_64-linux-gnu.so
7f81b9d3f000-7f81b9d40000 rw-p 00000000 00:00 0 
7f81b9d40000-7f81b9d45000 r--p 00000000 207:10f2a 8267397339771895809    /scratch/fs201059/aa17626/miniconda3/envs/swift_1/lib/python3.11/site-packages/pyarrow/_azurefs.cpython-311-x86_64-linux-gnu.so
7f81b9d45000-7f81b9d55000 r-xp 00005000 207:10f2a 8267397339771895809    /scratch/fs201059/aa17626/miniconda3/envs/swift_1/lib/python3.11/site-packages/pyarrow/_azurefs.cpython-311-x86_64-linux-gnu.so
7f81b9d55000-7f81b9d59000 r--p 00015000 207:10f2a 8267397339771895809    /scratch/fs201059/aa17626/miniconda3/envs/swift_1/lib/python3.11/site-packages/pyarrow/_azurefs.cpython-311-x86_64-linux-gnu.so
7f81b9d59000-7f81b9d5a000 r--p 00019000 207:10f2a 8267397339771895809    /scratch/fs201059/aa17626/miniconda3/envs/swift_1/lib/python3.11/site-packages/pyarrow/_azurefs.cpython-311-x86_64-linux-gnu.so
7f81b9d5a000-7f81b9d5b000 rw-p 0001a000 207:10f2a 8267397339771895809    /scratch/fs201059/aa17626/miniconda3/envs/swift_1/lib/python3.11/site-packages/pyarrow/_azurefs.cpython-311-x86_64-linux-gnu.so
7f81b9d5b000-7f81b9d5c000 rw-p 00000000 00:00 0 
7f81b9d5c000-7f81b9d6a000 r--p 00000000 207:10f2a 7053294360316477441    /scratch/fs201059/aa17626/miniconda3/envs/swift_1/lib/python3.11/site-packages/pyarrow/_fs.cpython-311-x86_64-linux-gnu.so
7f81b9d6a000-7f81b9d9f000 r-xp 0000e000 207:10f2a 7053294360316477441    /scratch/fs201059/aa17626/miniconda3/envs/swift_1/lib/python3.11/site-packages/pyarrow/_fs.cpython-311-x86_64-linux-gnu.so
7f81b9d9f000-7f81b9db3000 r--p 00043000 207:10f2a 7053294360316477441    /scratch/fs201059/aa17626/miniconda3/envs/swift_1/lib/python3.11/site-packages/pyarrow/_fs.cpython-311-x86_64-linux-gnu.so
7f81b9db3000-7f81b9db5000 r--p 00057000 207:10f2a 7053294360316477441    /scratch/fs201059/aa17626/miniconda3/envs/swift_1/lib/python3.11/site-packages/pyarrow/_fs.cpython-311-x86_64-linux-gnu.so
7f81b9db5000-7f81b9db8000 rw-p 00059000 207:10f2a 7053294360316477441    /scratch/fs201059/aa17626/miniconda3/envs/swift_1/lib/python3.11/site-packages/pyarrow/_fs.cpython-311-x86_64-linux-gnu.so
7f81b9db8000-7f81b9db9000 rw-p 00000000 00:00 0 
7f81b9db9000-7f81b9dcc000 r--p 00000000 207:10f2a 3645008467928809473    /scratch/fs201059/aa17626/miniconda3/envs/swift_1/lib/python3.11/site-packages/pyarrow/_parquet.cpython-311-x86_64-linux-gnu.so
7f81b9dcc000-7f81b9e20000 r-xp 00013000 207:10f2a 3645008467928809473    /scratch/fs201059/aa17626/miniconda3/envs/swift_1/lib/python3.11/site-packages/pyarrow/_parquet.cpython-311-x86_64-linux-gnu.so
7f81b9e20000-7f81b9e35000 r--p 00067000 207:10f2a 3645008467928809473    /scratch/fs201059/aa17626/miniconda3/envs/swift_1/lib/python3.11/site-packages/pyarrow/_parquet.cpython-311-x86_64-linux-gnu.so
7f81b9e35000-7f81b9e38000 r--p 0007c000 207:10f2a 3645008467928809473    /scratch/fs201059/aa17626/miniconda3/envs/swift_1/lib/python3.11/site-packages/pyarrow/_parquet.cpython-311-x86_64-linux-gnu.so
7f81b9e38000-7f81b9e3d000 rw-p 0007f000 207:10f2a 3645008467928809473    /scratch/fs201059/aa17626/miniconda3/envs/swift_1/lib/python3.11/site-packages/pyarrow/_parquet.cpython-311-x86_64-linux-gnu.so
7f81b9e3d000-7f81b9e3f000 rw-p 00000000 00:00 0 
7f81b9e3f000-7f81b9e41000 r--p 00000000 fd:00 135125790                  /usr/lib64/libmvec.so.1
7f81b9e41000-7f81b9e4e000 r-xp 00002000 fd:00 135125790                  /usr/lib64/libmvec.so.1
7f81b9e4e000-7f81b9e69000 r--p 0000f000 fd:00 135125790                  /usr/lib64/libmvec.so.1
7f81b9e69000-7f81b9e6a000 r--p 00029000 fd:00 135125790                  /usr/lib64/libmvec.so.1
7f81b9e6a000-7f81b9e6b000 rw-p 0002a000 fd:00 135125790                  /usr/lib64/libmvec.so.1
7f81b9e6b000-7f81b9e6c000 ---p 00000000 00:00 0 
7f81b9e6c000-7f81b9e6f000 r--p 00000000 207:10f2a 10892600753246568449   /scratch/fs201059/aa17626/miniconda3/envs/swift_1/lib/python3.11/site-packages/aiohttp/_websocket/mask.cpython-311-x86_64-linux-gnu.so
7f81b9e6f000-7f81b9e73000 r-xp 00003000 207:10f2a 10892600753246568449   /scratch/fs201059/aa17626/miniconda3/envs/swift_1/lib/python3.11/site-packages/aiohttp/_websocket/mask.cpython-311-x86_64-linux-gnu.so
7f81b9e73000-7f81b9e75000 r--p 00007000 207:10f2a 10892600753246568449   /scratch/fs201059/aa17626/miniconda3/envs/swift_1/lib/python3.11/site-packages/aiohttp/_websocket/mask.cpython-311-x86_64-linux-gnu.so
7f81b9e75000-7f81b9e76000 r--p 00008000 207:10f2a 10892600753246568449   /scratch/fs201059/aa17626/miniconda3/envs/swift_1/lib/python3.11/site-packages/aiohttp/_websocket/mask.cpython-311-x86_64-linux-gnu.so
7f81b9e76000-7f81b9e77000 rw-p 00009000 207:10f2a 10892600753246568449   /scratch/fs201059/aa17626/miniconda3/envs/swift_1/lib/python3.11/site-packages/aiohttp/_websocket/mask.cpython-311-x86_64-linux-gnu.so
7f81b9e77000-7f81b9e96000 r--p 00000000 207:10f2a 905371917700956161     /scratch/fs201059/aa17626/miniconda3/envs/swift_1/lib/python3.11/site-packages/_soundfile_data/libsndfile_x86_64.so
7f81b9e96000-7f81ba08f000 r-xp 0001f000 207:10f2a 905371917700956161     /scratch/fs201059/aa17626/miniconda3/envs/swift_1/lib/python3.11/site-packages/_soundfile_data/libsndfile_x86_64.so
7f81ba08f000-7f81ba17e000 r--p 00218000 207:10f2a 905371917700956161     /scratch/fs201059/aa17626/miniconda3/envs/swift_1/lib/python3.11/site-packages/_soundfile_data/libsndfile_x86_64.so
7f81ba17e000-7f81ba19c000 r--p 00307000 207:10f2a 905371917700956161     /scratch/fs201059/aa17626/miniconda3/envs/swift_1/lib/python3.11/site-packages/_soundfile_data/libsndfile_x86_64.so
7f81ba19c000-7f81ba1a2000 rw-p 00325000 207:10f2a 905371917700956161     /scratch/fs201059/aa17626/miniconda3/envs/swift_1/lib/python3.11/site-packages/_soundfile_data/libsndfile_x86_64.so
7f81ba1a2000-7f81ba1d2000 rw-p 00000000 00:00 0 
7f81ba1d2000-7f81ba1da000 r--p 00000000 207:10f2a 13344135661887619073   /scratch/fs201059/aa17626/miniconda3/envs/swift_1/lib/python3.11/site-packages/_cffi_backend.cpython-311-x86_64-linux-gnu.so
7f81ba1da000-7f81ba206000 r-xp 00008000 207:10f2a 13344135661887619073   /scratch/fs201059/aa17626/miniconda3/envs/swift_1/lib/python3.11/site-packages/_cffi_backend.cpython-311-x86_64-linux-gnu.so
7f81ba206000-7f81ba215000 r--p 00034000 207:10f2a 13344135661887619073   /scratch/fs201059/aa17626/miniconda3/envs/swift_1/lib/python3.11/site-packages/_cffi_backend.cpython-311-x86_64-linux-gnu.so
7f81ba215000-7f81ba216000 r--p 00042000 207:10f2a 13344135661887619073   /scratch/fs201059/aa17626/miniconda3/envs/swift_1/lib/python3.11/site-packages/_cffi_backend.cpython-311-x86_64-linux-gnu.so
7f81ba216000-7f81ba21a000 rw-p 00043000 207:10f2a 13344135661887619073   /scratch/fs201059/aa17626/miniconda3/envs/swift_1/lib/python3.11/site-packages/_cffi_backend.cpython-311-x86_64-linux-gnu.so
7f81ba21a000-7f81ba71a000 rw-p 00000000 00:00 0 
7f81ba71a000-7f81ba71e000 r--p 00000000 207:10f2a 13326172948673921025   /scratch/fs201059/aa17626/miniconda3/envs/swift_1/lib/libexpat.so.1.11.1
7f81ba71e000-7f81ba73d000 r-xp 00004000 207:10f2a 13326172948673921025   /scratch/fs201059/aa17626/miniconda3/envs/swift_1/lib/libexpat.so.1.11.1
7f81ba73d000-7f81ba747000 r--p 00023000 207:10f2a 13326172948673921025   /scratch/fs201059/aa17626/miniconda3/envs/swift_1/lib/libexpat.so.1.11.1
7f81ba747000-7f81ba749000 r--p 0002d000 207:10f2a 13326172948673921025   /scratch/fs201059/aa17626/miniconda3/envs/swift_1/lib/libexpat.so.1.11.1
7f81ba749000-7f81ba74a000 rw-p 0002f000 207:10f2a 13326172948673921025   /scratch/fs201059/aa17626/miniconda3/envs/swift_1/lib/libexpat.so.1.11.1
7f81ba74a000-7f81ba74f000 r--p 00000000 207:10f2a 16764494936806719489   /scratch/fs201059/aa17626/miniconda3/envs/swift_1/lib/python3.11/lib-dynload/pyexpat.cpython-311-x86_64-linux-gnu.so
7f81ba74f000-7f81ba755000 r-xp 00005000 207:10f2a 16764494936806719489   /scratch/fs201059/aa17626/miniconda3/envs/swift_1/lib/python3.11/lib-dynload/pyexpat.cpython-311-x86_64-linux-gnu.so
7f81ba755000-7f81ba759000 r--p 0000b000 207:10f2a 16764494936806719489   /scratch/fs201059/aa17626/miniconda3/envs/swift_1/lib/python3.11/lib-dynload/pyexpat.cpython-311-x86_64-linux-gnu.so
7f81ba759000-7f81ba75a000 r--p 0000e000 207:10f2a 16764494936806719489   /scratch/fs201059/aa17626/miniconda3/envs/swift_1/lib/python3.11/lib-dynload/pyexpat.cpython-311-x86_64-linux-gnu.so
7f81ba75a000-7f81ba75c000 rw-p 0000f000 207:10f2a 16764494936806719489   /scratch/fs201059/aa17626/miniconda3/envs/swift_1/lib/python3.11/lib-dynload/pyexpat.cpython-311-x86_64-linux-gnu.so
7f81ba75c000-7f81ba760000 r--p 00000000 207:10f2a 3163945726075011073    /scratch/fs201059/aa17626/miniconda3/envs/swift_1/lib/python3.11/lib-dynload/_elementtree.cpython-311-x86_64-linux-gnu.so
7f81ba760000-7f81ba769000 r-xp 00004000 207:10f2a 3163945726075011073    /scratch/fs201059/aa17626/miniconda3/envs/swift_1/lib/python3.11/lib-dynload/_elementtree.cpython-311-x86_64-linux-gnu.so
7f81ba769000-7f81ba76d000 r--p 0000d000 207:10f2a 3163945726075011073    /scratch/fs201059/aa17626/miniconda3/envs/swift_1/lib/python3.11/lib-dynload/_elementtree.cpython-311-x86_64-linux-gnu.so
7f81ba76d000-7f81ba76e000 r--p 00010000 207:10f2a 3163945726075011073    /scratch/fs201059/aa17626/miniconda3/envs/swift_1/lib/python3.11/lib-dynload/_elementtree.cpython-311-x86_64-linux-gnu.so
7f81ba76e000-7f81ba770000 rw-p 00011000 207:10f2a 3163945726075011073    /scratch/fs201059/aa17626/miniconda3/envs/swift_1/lib/python3.11/lib-dynload/_elementtree.cpython-311-x86_64-linux-gnu.so
7f81ba770000-7f81ba870000 rw-p 00000000 00:00 0 
7f81ba870000-7f81ba874000 r--p 00000000 207:10f2a 3561163608597331969    /scratch/fs201059/aa17626/miniconda3/envs/swift_1/lib/python3.11/site-packages/av/video/codeccontext.cpython-311-x86_64-linux-gnu.so
7f81ba874000-7f81ba880000 r-xp 00004000 207:10f2a 3561163608597331969    /scratch/fs201059/aa17626/miniconda3/envs/swift_1/lib/python3.11/site-packages/av/video/codeccontext.cpython-311-x86_64-linux-gnu.so
7f81ba880000-7f81ba884000 r--p 00010000 207:10f2a 3561163608597331969    /scratch/fs201059/aa17626/miniconda3/envs/swift_1/lib/python3.11/site-packages/av/video/codeccontext.cpython-311-x86_64-linux-gnu.so
7f81ba884000-7f81ba885000 r--p 00013000 207:10f2a 3561163608597331969    /scratch/fs201059/aa17626/miniconda3/envs/swift_1/lib/python3.11/site-packages/av/video/codeccontext.cpython-311-x86_64-linux-gnu.so
7f81ba885000-7f81ba886000 rw-p 00014000 207:10f2a 3561163608597331969    /scratch/fs201059/aa17626/miniconda3/envs/swift_1/lib/python3.11/site-packages/av/video/codeccontext.cpython-311-x86_64-linux-gnu.so
7f81ba886000-7f81ba889000 rw-p 000ab000 207:10f2a 3561163608597331969    /scratch/fs201059/aa17626/miniconda3/envs/swift_1/lib/python3.11/site-packages/av/video/codeccontext.cpython-311-x86_64-linux-gnu.so
7f81ba889000-7f81ba88c000 r--p 00000000 207:10f2a 6940683386268024833    /scratch/fs201059/aa17626/miniconda3/envs/swift_1/lib/python3.11/site-packages/av/bitstream.cpython-311-x86_64-linux-gnu.so
7f81ba88c000-7f81ba891000 r-xp 00003000 207:10f2a 6940683386268024833    /scratch/fs201059/aa17626/miniconda3/envs/swift_1/lib/python3.11/site-packages/av/bitstream.cpython-311-x86_64-linux-gnu.so
7f81ba891000-7f81ba893000 r--p 00008000 207:10f2a 6940683386268024833    /scratch/fs201059/aa17626/miniconda3/envs/swift_1/lib/python3.11/site-packages/av/bitstream.cpython-311-x86_64-linux-gnu.so
7f81ba893000-7f81ba894000 r--p 00009000 207:10f2a 6940683386268024833    /scratch/fs201059/aa17626/miniconda3/envs/swift_1/lib/python3.11/site-packages/av/bitstream.cpython-311-x86_64-linux-gnu.so
7f81ba894000-7f81ba895000 rw-p 0000a000 207:10f2a 6940683386268024833    /scratch/fs201059/aa17626/miniconda3/envs/swift_1/lib/python3.11/site-packages/av/bitstream.cpython-311-x86_64-linux-gnu.so
7f81ba895000-7f81ba898000 rw-p 00056000 207:10f2a 6940683386268024833    /scratch/fs201059/aa17626/miniconda3/envs/swift_1/lib/python3.11/site-packages/av/bitstream.cpython-311-x86_64-linux-gnu.so
7f81ba898000-7f81ba89b000 r--p 00000000 207:10f2a 14770624018306039809   /scratch/fs201059/aa17626/miniconda3/envs/swift_1/lib/python3.11/site-packages/av/audio/fifo.cpython-311-x86_64-linux-gnu.so
7f81ba89b000-7f81ba8a6000 r-xp 00003000 207:10f2a 14770624018306039809   /scratch/fs201059/aa17626/miniconda3/envs/swift_1/lib/python3.11/site-packages/av/audio/fifo.cpython-311-x86_64-linux-gnu.so
7f81ba8a6000-7f81ba8a9000 r--p 0000e000 207:10f2a 14770624018306039809   /scratch/fs201059/aa17626/miniconda3/envs/swift_1/lib/python3.11/site-packages/av/audio/fifo.cpython-311-x86_64-linux-gnu.so
7f81ba8a9000-7f81ba8aa000 r--p 00010000 207:10f2a 14770624018306039809   /scratch/fs201059/aa17626/miniconda3/envs/swift_1/lib/python3.11/site-packages/av/audio/fifo.cpython-311-x86_64-linux-gnu.so
7f81ba8aa000-7f81ba8ab000 rw-p 00011000 207:10f2a 14770624018306039809   /scratch/fs201059/aa17626/miniconda3/envs/swift_1/lib/python3.11/site-packages/av/audio/fifo.cpython-311-x86_64-linux-gnu.so
7f81ba8ab000-7f81ba8ae000 rw-p 0009c000 207:10f2a 14770624018306039809   /scratch/fs201059/aa17626/miniconda3/envs/swift_1/lib/python3.11/site-packages/av/audio/fifo.cpython-311-x86_64-linux-gnu.so
7f81ba8ae000-7f81ba8b1000 r--p 00000000 207:10f2a 15516141157872959489   /scratch/fs201059/aa17626/miniconda3/envs/swift_1/lib/python3.11/site-packages/av/audio/resampler.cpython-311-x86_64-linux-gnu.so
7f81ba8b1000-7f81ba8bc000 r-xp 00003000 207:10f2a 15516141157872959489   /scratch/fs201059/aa17626/miniconda3/envs/swift_1/lib/python3.11/site-packages/av/audio/resampler.cpython-311-x86_64-linux-gnu.so
7f81ba8bc000-7f81ba8bf000 r--p 0000e000 207:10f2a 15516141157872959489   /scratch/fs201059/aa17626/miniconda3/envs/swift_1/lib/python3.11/site-packages/av/audio/resampler.cpython-311-x86_64-linux-gnu.so
7f81ba8bf000-7f81ba8c0000 r--p 00010000 207:10f2a 15516141157872959489   /scratch/fs201059/aa17626/miniconda3/envs/swift_1/lib/python3.11/site-packages/av/audio/resampler.cpython-311-x86_64-linux-gnu.so
7f81ba8c0000-7f81ba8c1000 rw-p 00011000 207:10f2a 15516141157872959489   /scratch/fs201059/aa17626/miniconda3/envs/swift_1/lib/python3.11/site-packages/av/audio/resampler.cpython-311-x86_64-linux-gnu.so
7f81ba8c1000-7f81ba8c4000 rw-p 0009b000 207:10f2a 15516141157872959489   /scratch/fs201059/aa17626/miniconda3/envs/swift_1/lib/python3.11/site-packages/av/audio/resampler.cpython-311-x86_64-linux-gnu.so
7f81ba8c4000-7f81ba8c7000 r--p 00000000 207:10f2a 11453235870230446081   /scratch/fs201059/aa17626/miniconda3/envs/swift_1/lib/python3.11/site-packages/av/filter/loudnorm.cpython-311-x86_64-linux-gnu.so
7f81ba8c7000-7f81ba8cc000 r-xp 00003000 207:10f2a 11453235870230446081   /scratch/fs201059/aa17626/miniconda3/envs/swift_1/lib/python3.11/site-packages/av/filter/loudnorm.cpython-311-x86_64-linux-gnu.so
7f81ba8cc000-7f81ba8ce000 r--p 00008000 207:10f2a 11453235870230446081   /scratch/fs201059/aa17626/miniconda3/envs/swift_1/lib/python3.11/site-packages/av/filter/loudnorm.cpython-311-x86_64-linux-gnu.so
7f81ba8ce000-7f81ba8cf000 r--p 00009000 207:10f2a 11453235870230446081   /scratch/fs201059/aa17626/miniconda3/envs/swift_1/lib/python3.11/site-packages/av/filter/loudnorm.cpython-311-x86_64-linux-gnu.so
7f81ba8cf000-7f81ba8d0000 rw-p 0000a000 207:10f2a 11453235870230446081   /scratch/fs201059/aa17626/miniconda3/envs/swift_1/lib/python3.11/site-packages/av/filter/loudnorm.cpython-311-x86_64-linux-gnu.so
7f81ba8d0000-7f81ba8d3000 rw-p 00050000 207:10f2a 11453235870230446081   /scratch/fs201059/aa17626/miniconda3/envs/swift_1/lib/python3.11/site-packages/av/filter/loudnorm.cpython-311-x86_64-linux-gnu.so
7f81ba8d3000-7f81ba8d6000 r--p 00000000 207:10f2a 5912059728962977793    /scratch/fs201059/aa17626/miniconda3/envs/swift_1/lib/python3.11/site-packages/av/filter/link.cpython-311-x86_64-linux-gnu.so
7f81ba8d6000-7f81ba8df000 r-xp 00003000 207:10f2a 5912059728962977793    /scratch/fs201059/aa17626/miniconda3/envs/swift_1/lib/python3.11/site-packages/av/filter/link.cpython-311-x86_64-linux-gnu.so
7f81ba8df000-7f81ba8e2000 r--p 0000c000 207:10f2a 5912059728962977793    /scratch/fs201059/aa17626/miniconda3/envs/swift_1/lib/python3.11/site-packages/av/filter/link.cpython-311-x86_64-linux-gnu.so
7f81ba8e2000-7f81ba8e3000 r--p 0000e000 207:10f2a 5912059728962977793    /scratch/fs201059/aa17626/miniconda3/envs/swift_1/lib/python3.11/site-packages/av/filter/link.cpython-311-x86_64-linux-gnu.so
7f81ba8e3000-7f81ba8e4000 rw-p 0000f000 207:10f2a 5912059728962977793    /scratch/fs201059/aa17626/miniconda3/envs/swift_1/lib/python3.11/site-packages/av/filter/link.cpython-311-x86_64-linux-gnu.so
7f81ba8e4000-7f81ba8e7000 rw-p 00081000 207:10f2a 5912059728962977793    /scratch/fs201059/aa17626/miniconda3/envs/swift_1/lib/python3.11/site-packages/av/filter/link.cpython-311-x86_64-linux-gnu.so
7f81ba8e7000-7f81ba8ed000 r--p 00000000 207:10f2a 9049470774759784449    /scratch/fs201059/aa17626/miniconda3/envs/swift_1/lib/python3.11/site-packages/av/filter/context.cpython-311-x86_64-linux-gnu.so
7f81ba8ed000-7f81ba913000 r-xp 00006000 207:10f2a 9049470774759784449    /scratch/fs201059/aa17626/miniconda3/envs/swift_1/lib/python3.11/site-packages/av/filter/context.cpython-311-x86_64-linux-gnu.so
7f81ba913000-7f81ba91a000 r--p 0002c000 207:10f2a 9049470774759784449    /scratch/fs201059/aa17626/miniconda3/envs/swift_1/lib/python3.11/site-packages/av/filter/context.cpython-311-x86_64-linux-gnu.so
7f81ba91a000-7f81ba91b000 r--p 00033000 207:10f2a 9049470774759784449    /scratch/fs201059/aa17626/miniconda3/envs/swift_1/lib/python3.11/site-packages/av/filter/context.cpython-311-x86_64-linux-gnu.so
7f81ba91b000-7f81ba91d000 rw-p 00034000 207:10f2a 9049470774759784449    /scratch/fs201059/aa17626/miniconda3/envs/swift_1/lib/python3.11/site-packages/av/filter/context.cpython-311-x86_64-linux-gnu.so
7f81ba91d000-7f81ba922000 rw-p 001c8000 207:10f2a 9049470774759784449    /scratch/fs201059/aa17626/miniconda3/envs/swift_1/lib/python3.11/site-packages/av/filter/context.cpython-311-x86_64-linux-gnu.so
7f81ba922000-7f81ba926000 r--p 00000000 207:10f2a 5683034949800099841    /scratch/fs201059/aa17626/miniconda3/envs/swift_1/lib/python3.11/site-packages/av/filter/graph.cpython-311-x86_64-linux-gnu.so
7f81ba926000-7f81ba938000 r-xp 00004000 207:10f2a 5683034949800099841    /scratch/fs201059/aa17626/miniconda3/envs/swift_1/lib/python3.11/site-packages/av/filter/graph.cpython-311-x86_64-linux-gnu.so
7f81ba938000-7f81ba93b000 r--p 00016000 207:10f2a 5683034949800099841    /scratch/fs201059/aa17626/miniconda3/envs/swift_1/lib/python3.11/site-packages/av/filter/graph.cpython-311-x86_64-linux-gnu.so
7f81ba93b000-7f81ba93c000 r--p 00019000 207:10f2a 5683034949800099841    /scratch/fs201059/aa17626/miniconda3/envs/swift_1/lib/python3.11/site-packages/av/filter/graph.cpython-311-x86_64-linux-gnu.so
7f81ba93c000-7f81ba93d000 rw-p 0001a000 207:10f2a 5683034949800099841    /scratch/fs201059/aa17626/miniconda3/envs/swift_1/lib/python3.11/site-packages/av/filter/graph.cpython-311-x86_64-linux-gnu.so
7f81ba93d000-7f81ba940000 rw-p 000f8000 207:10f2a 5683034949800099841    /scratch/fs201059/aa17626/miniconda3/envs/swift_1/lib/python3.11/site-packages/av/filter/graph.cpython-311-x86_64-linux-gnu.so
7f81ba940000-7f81ba943000 r--p 00000000 207:10f2a 7605416293045305345    /scratch/fs201059/aa17626/miniconda3/envs/swift_1/lib/python3.11/site-packages/av/filter/filter.cpython-311-x86_64-linux-gnu.so
7f81ba943000-7f81ba947000 r-xp 00003000 207:10f2a 7605416293045305345    /scratch/fs201059/aa17626/miniconda3/envs/swift_1/lib/python3.11/site-packages/av/filter/filter.cpython-311-x86_64-linux-gnu.so
7f81ba947000-7f81ba949000 r--p 00007000 207:10f2a 7605416293045305345    /scratch/fs201059/aa17626/miniconda3/envs/swift_1/lib/python3.11/site-packages/av/filter/filter.cpython-311-x86_64-linux-gnu.so
7f81ba949000-7f81ba94a000 r--p 00008000 207:10f2a 7605416293045305345    /scratch/fs201059/aa17626/miniconda3/envs/swift_1/lib/python3.11/site-packages/av/filter/filter.cpython-311-x86_64-linux-gnu.so
7f81ba94a000-7f81ba94b000 rw-p 00009000 207:10f2a 7605416293045305345    /scratch/fs201059/aa17626/miniconda3/envs/swift_1/lib/python3.11/site-packages/av/filter/filter.cpython-311-x86_64-linux-gnu.so
7f81ba94b000-7f81ba94e000 rw-p 00041000 207:10f2a 7605416293045305345    /scratch/fs201059/aa17626/miniconda3/envs/swift_1/lib/python3.11/site-packages/av/filter/filter.cpython-311-x86_64-linux-gnu.so
7f81ba94e000-7f81ba951000 r--p 00000000 207:10f2a 16298462513744576513   /scratch/fs201059/aa17626/miniconda3/envs/swift_1/lib/python3.11/site-packages/av/audio/codeccontext.cpython-311-x86_64-linux-gnu.so
7f81ba951000-7f81ba957000 r-xp 00003000 207:10f2a 16298462513744576513   /scratch/fs201059/aa17626/miniconda3/envs/swift_1/lib/python3.11/site-packages/av/audio/codeccontext.cpython-311-x86_64-linux-gnu.so
7f81ba957000-7f81ba959000 r--p 00009000 207:10f2a 16298462513744576513   /scratch/fs201059/aa17626/miniconda3/envs/swift_1/lib/python3.11/site-packages/av/audio/codeccontext.cpython-311-x86_64-linux-gnu.so
7f81ba959000-7f81ba95a000 r--p 0000b000 207:10f2a 16298462513744576513   /scratch/fs201059/aa17626/miniconda3/envs/swift_1/lib/python3.11/site-packages/av/audio/codeccontext.cpython-311-x86_64-linux-gnu.so
7f81ba95a000-7f81ba95b000 rw-p 0000c000 207:10f2a 16298462513744576513   /scratch/fs201059/aa17626/miniconda3/envs/swift_1/lib/python3.11/site-packages/av/audio/codeccontext.cpython-311-x86_64-linux-gnu.so
7f81ba95b000-7f81ba95e000 rw-p 00058000 207:10f2a 16298462513744576513   /scratch/fs201059/aa17626/miniconda3/envs/swift_1/lib/python3.11/site-packages/av/audio/codeccontext.cpython-311-x86_64-linux-gnu.so
7f81ba95e000-7f81ba961000 r--p 00000000 207:10f2a 8450020221392715777    /scratch/fs201059/aa17626/miniconda3/envs/swift_1/lib/python3.11/site-packages/av/audio/stream.cpython-311-x86_64-linux-gnu.so
7f81ba961000-7f81ba967000 r-xp 00003000 207:10f2a 8450020221392715777    /scratch/fs201059/aa17626/miniconda3/envs/swift_1/lib/python3.11/site-packages/av/audio/stream.cpython-311-x86_64-linux-gnu.so
7f81ba967000-7f81ba969000 r--p 00009000 207:10f2a 8450020221392715777    /scratch/fs201059/aa17626/miniconda3/envs/swift_1/lib/python3.11/site-packages/av/audio/stream.cpython-311-x86_64-linux-gnu.so
7f81ba969000-7f81ba96a000 r--p 0000a000 207:10f2a 8450020221392715777    /scratch/fs201059/aa17626/miniconda3/envs/swift_1/lib/python3.11/site-packages/av/audio/stream.cpython-311-x86_64-linux-gnu.so
7f81ba96a000-7f81ba96b000 rw-p 0000b000 207:10f2a 8450020221392715777    /scratch/fs201059/aa17626/miniconda3/envs/swift_1/lib/python3.11/site-packages/av/audio/stream.cpython-311-x86_64-linux-gnu.so
7f81ba96b000-7f81ba96e000 rw-p 0005f000 207:10f2a 8450020221392715777    /scratch/fs201059/aa17626/miniconda3/envs/swift_1/lib/python3.11/site-packages/av/audio/stream.cpython-311-x86_64-linux-gnu.so
7f81ba96e000-7f81ba971000 r--p 00000000 207:10f2a 14023963929217204225   /scratch/fs201059/aa17626/miniconda3/envs/swift_1/lib/python3.11/site-packages/av/audio/plane.cpython-311-x86_64-linux-gnu.so
7f81ba971000-7f81ba976000 r-xp 00003000 207:10f2a 14023963929217204225   /scratch/fs201059/aa17626/miniconda3/envs/swift_1/lib/python3.11/site-packages/av/audio/plane.cpython-311-x86_64-linux-gnu.so
7f81ba976000-7f81ba978000 r--p 00008000 207:10f2a 14023963929217204225   /scratch/fs201059/aa17626/miniconda3/envs/swift_1/lib/python3.11/site-packages/av/audio/plane.cpython-311-x86_64-linux-gnu.so
7f81ba978000-7f81ba979000 r--p 00009000 207:10f2a 14023963929217204225   /scratch/fs201059/aa17626/miniconda3/envs/swift_1/lib/python3.11/site-packages/av/audio/plane.cpython-311-x86_64-linux-gnu.so
7f81ba979000-7f81ba97a000 rw-p 0000a000 207:10f2a 14023963929217204225   /scratch/fs201059/aa17626/miniconda3/envs/swift_1/lib/python3.11/site-packages/av/audio/plane.cpython-311-x86_64-linux-gnu.so
7f81ba97a000-7f81ba97d000 rw-p 00047000 207:10f2a 14023963929217204225   /scratch/fs201059/aa17626/miniconda3/envs/swift_1/lib/python3.11/site-packages/av/audio/plane.cpython-311-x86_64-linux-gnu.so
7f81ba97d000-7f81baa7d000 rw-p 00000000 00:00 0 
7f81baa7d000-7f81baa81000 r--p 00000000 207:10f2a 5113578870551150593    /scratch/fs201059/aa17626/miniconda3/envs/swift_1/lib/python3.11/site-packages/av/audio/layout.cpython-311-x86_64-linux-gnu.so
7f81baa81000-7f81baa8b000 r-xp 00004000 207:10f2a 5113578870551150593    /scratch/fs201059/aa17626/miniconda3/envs/swift_1/lib/python3.11/site-packages/av/audio/layout.cpython-311-x86_64-linux-gnu.so
7f81baa8b000-7f81baa8e000 r--p 0000e000 207:10f2a 5113578870551150593    /scratch/fs201059/aa17626/miniconda3/envs/swift_1/lib/python3.11/site-packages/av/audio/layout.cpython-311-x86_64-linux-gnu.so
7f81baa8e000-7f81baa8f000 r--p 00010000 207:10f2a 5113578870551150593    /scratch/fs201059/aa17626/miniconda3/envs/swift_1/lib/python3.11/site-packages/av/audio/layout.cpython-311-x86_64-linux-gnu.so
7f81baa8f000-7f81baa90000 rw-p 00011000 207:10f2a 5113578870551150593    /scratch/fs201059/aa17626/miniconda3/envs/swift_1/lib/python3.11/site-packages/av/audio/layout.cpython-311-x86_64-linux-gnu.so
7f81baa90000-7f81baa91000 rw-p 00000000 00:00 0 
7f81baa91000-7f81baa94000 rw-p 0008b000 207:10f2a 5113578870551150593    /scratch/fs201059/aa17626/miniconda3/envs/swift_1/lib/python3.11/site-packages/av/audio/layout.cpython-311-x86_64-linux-gnu.so
7f81baa94000-7f81baa97000 r--p 00000000 207:10f2a 4387945181894017025    /scratch/fs201059/aa17626/miniconda3/envs/swift_1/lib/python3.11/site-packages/av/video/stream.cpython-311-x86_64-linux-gnu.so
7f81baa97000-7f81baa9f000 r-xp 00003000 207:10f2a 4387945181894017025    /scratch/fs201059/aa17626/miniconda3/envs/swift_1/lib/python3.11/site-packages/av/video/stream.cpython-311-x86_64-linux-gnu.so
7f81baa9f000-7f81baaa2000 r--p 0000b000 207:10f2a 4387945181894017025    /scratch/fs201059/aa17626/miniconda3/envs/swift_1/lib/python3.11/site-packages/av/video/stream.cpython-311-x86_64-linux-gnu.so
7f81baaa2000-7f81baaa3000 r--p 0000d000 207:10f2a 4387945181894017025    /scratch/fs201059/aa17626/miniconda3/envs/swift_1/lib/python3.11/site-packages/av/video/stream.cpython-311-x86_64-linux-gnu.so
7f81baaa3000-7f81baaa4000 rw-p 0000e000 207:10f2a 4387945181894017025    /scratch/fs201059/aa17626/miniconda3/envs/swift_1/lib/python3.11/site-packages/av/video/stream.cpython-311-x86_64-linux-gnu.so
7f81baaa4000-7f81baaa7000 rw-p 00078000 207:10f2a 4387945181894017025    /scratch/fs201059/aa17626/miniconda3/envs/swift_1/lib/python3.11/site-packages/av/video/stream.cpython-311-x86_64-linux-gnu.so
7f81baaa7000-7f81baaaa000 r--p 00000000 207:10f2a 11005236343594483713   /scratch/fs201059/aa17626/miniconda3/envs/swift_1/lib/python3.11/site-packages/av/video/plane.cpython-311-x86_64-linux-gnu.so
7f81baaaa000-7f81baab0000 r-xp 00003000 207:10f2a 11005236343594483713   /scratch/fs201059/aa17626/miniconda3/envs/swift_1/lib/python3.11/site-packages/av/video/plane.cpython-311-x86_64-linux-gnu.so
7f81baab0000-7f81baab2000 r--p 00009000 207:10f2a 11005236343594483713   /scratch/fs201059/aa17626/miniconda3/envs/swift_1/lib/python3.11/site-packages/av/video/plane.cpython-311-x86_64-linux-gnu.so
7f81baab2000-7f81baab3000 r--p 0000a000 207:10f2a 11005236343594483713   /scratch/fs201059/aa17626/miniconda3/envs/swift_1/lib/python3.11/site-packages/av/video/plane.cpython-311-x86_64-linux-gnu.so
7f81baab3000-7f81baab4000 rw-p 0000b000 207:10f2a 11005236343594483713   /scratch/fs201059/aa17626/miniconda3/envs/swift_1/lib/python3.11/site-packages/av/video/plane.cpython-311-x86_64-linux-gnu.so
7f81baab4000-7f81baab7000 rw-p 0005e000 207:10f2a 11005236343594483713   /scratch/fs201059/aa17626/miniconda3/envs/swift_1/lib/python3.11/site-packages/av/video/plane.cpython-311-x86_64-linux-gnu.so
7f81baab7000-7f81baaba000 r--p 00000000 207:10f2a 9564940273444978689    /scratch/fs201059/aa17626/miniconda3/envs/swift_1/lib/python3.11/site-packages/av/plane.cpython-311-x86_64-linux-gnu.so
7f81baaba000-7f81baabf000 r-xp 00003000 207:10f2a 9564940273444978689    /scratch/fs201059/aa17626/miniconda3/envs/swift_1/lib/python3.11/site-packages/av/plane.cpython-311-x86_64-linux-gnu.so
7f81baabf000-7f81baac1000 r--p 00008000 207:10f2a 9564940273444978689    /scratch/fs201059/aa17626/miniconda3/envs/swift_1/lib/python3.11/site-packages/av/plane.cpython-311-x86_64-linux-gnu.so
7f81baac1000-7f81baac2000 r--p 00009000 207:10f2a 9564940273444978689    /scratch/fs201059/aa17626/miniconda3/envs/swift_1/lib/python3.11/site-packages/av/plane.cpython-311-x86_64-linux-gnu.so
7f81baac2000-7f81baac3000 rw-p 0000a000 207:10f2a 9564940273444978689    /scratch/fs201059/aa17626/miniconda3/envs/swift_1/lib/python3.11/site-packages/av/plane.cpython-311-x86_64-linux-gnu.so
7f81baac3000-7f81baac6000 rw-p 0004e000 207:10f2a 9564940273444978689    /scratch/fs201059/aa17626/miniconda3/envs/swift_1/lib/python3.11/site-packages/av/plane.cpython-311-x86_64-linux-gnu.so
7f81baac6000-7f81baaca000 r--p 00000000 207:10f2a 17018995795045580801   /scratch/fs201059/aa17626/miniconda3/envs/swift_1/lib/python3.11/site-packages/av/video/reformatter.cpython-311-x86_64-linux-gnu.so
7f81baaca000-7f81baad5000 r-xp 00004000 207:10f2a 17018995795045580801   /scratch/fs201059/aa17626/miniconda3/envs/swift_1/lib/python3.11/site-packages/av/video/reformatter.cpython-311-x86_64-linux-gnu.so
7f81baad5000-7f81baad8000 r--p 0000f000 207:10f2a 17018995795045580801   /scratch/fs201059/aa17626/miniconda3/envs/swift_1/lib/python3.11/site-packages/av/video/reformatter.cpython-311-x86_64-linux-gnu.so
7f81baad8000-7f81baad9000 r--p 00012000 207:10f2a 17018995795045580801   /scratch/fs201059/aa17626/miniconda3/envs/swift_1/lib/python3.11/site-packages/av/video/reformatter.cpython-311-x86_64-linux-gnu.so
7f81baad9000-7f81baada000 rw-p 00013000 207:10f2a 17018995795045580801   /scratch/fs201059/aa17626/miniconda3/envs/swift_1/lib/python3.11/site-packages/av/video/reformatter.cpython-311-x86_64-linux-gnu.so
7f81baada000-7f81baadd000 rw-p 00098000 207:10f2a 17018995795045580801   /scratch/fs201059/aa17626/miniconda3/envs/swift_1/lib/python3.11/site-packages/av/video/reformatter.cpython-311-x86_64-linux-gnu.so
7f81baadd000-7f81baae2000 r--p 00000000 207:10f2a 495894608143843329     /scratch/fs201059/aa17626/miniconda3/envs/swift_1/lib/python3.11/site-packages/av/video/format.cpython-311-x86_64-linux-gnu.so
7f81baae2000-7f81baaf0000 r-xp 00005000 207:10f2a 495894608143843329     /scratch/fs201059/aa17626/miniconda3/envs/swift_1/lib/python3.11/site-packages/av/video/format.cpython-311-x86_64-linux-gnu.so
7f81baaf0000-7f81baaf4000 r--p 00013000 207:10f2a 495894608143843329     /scratch/fs201059/aa17626/miniconda3/envs/swift_1/lib/python3.11/site-packages/av/video/format.cpython-311-x86_64-linux-gnu.so
7f81baaf4000-7f81baaf5000 r--p 00017000 207:10f2a 495894608143843329     /scratch/fs201059/aa17626/miniconda3/envs/swift_1/lib/python3.11/site-packages/av/video/format.cpython-311-x86_64-linux-gnu.so
7f81baaf5000-7f81baaf7000 rw-p 00018000 207:10f2a 495894608143843329     /scratch/fs201059/aa17626/miniconda3/envs/swift_1/lib/python3.11/site-packages/av/video/format.cpython-311-x86_64-linux-gnu.so
7f81baaf7000-7f81baafa000 rw-p 000c7000 207:10f2a 495894608143843329     /scratch/fs201059/aa17626/miniconda3/envs/swift_1/lib/python3.11/site-packages/av/video/format.cpython-311-x86_64-linux-gnu.so
7f81baafa000-7f81baafe000 r--p 00000000 207:10f2a 7910969250076819457    /scratch/fs201059/aa17626/miniconda3/envs/swift_1/lib/python3.11/site-packages/av/container/output.cpython-311-x86_64-linux-gnu.so
7f81baafe000-7f81bab11000 r-xp 00004000 207:10f2a 7910969250076819457    /scratch/fs201059/aa17626/miniconda3/envs/swift_1/lib/python3.11/site-packages/av/container/output.cpython-311-x86_64-linux-gnu.so
7f81bab11000-7f81bab15000 r--p 00017000 207:10f2a 7910969250076819457    /scratch/fs201059/aa17626/miniconda3/envs/swift_1/lib/python3.11/site-packages/av/container/output.cpython-311-x86_64-linux-gnu.so
7f81bab15000-7f81bab16000 r--p 0001a000 207:10f2a 7910969250076819457    /scratch/fs201059/aa17626/miniconda3/envs/swift_1/lib/python3.11/site-packages/av/container/output.cpython-311-x86_64-linux-gnu.so
7f81bab16000-7f81bab17000 rw-p 0001b000 207:10f2a 7910969250076819457    /scratch/fs201059/aa17626/miniconda3/envs/swift_1/lib/python3.11/site-packages/av/container/output.cpython-311-x86_64-linux-gnu.so
7f81bab17000-7f81bab1b000 rw-p 00107000 207:10f2a 7910969250076819457    /scratch/fs201059/aa17626/miniconda3/envs/swift_1/lib/python3.11/site-packages/av/container/output.cpython-311-x86_64-linux-gnu.so
7f81bab1b000-7f81bab1f000 r--p 00000000 207:10f2a 18280418834742902785   /scratch/fs201059/aa17626/miniconda3/envs/swift_1/lib/python3.11/site-packages/av/container/input.cpython-311-x86_64-linux-gnu.so
7f81bab1f000-7f81bab2e000 r-xp 00004000 207:10f2a 18280418834742902785   /scratch/fs201059/aa17626/miniconda3/envs/swift_1/lib/python3.11/site-packages/av/container/input.cpython-311-x86_64-linux-gnu.so
7f81bab2e000-7f81bab32000 r--p 00013000 207:10f2a 18280418834742902785   /scratch/fs201059/aa17626/miniconda3/envs/swift_1/lib/python3.11/site-packages/av/container/input.cpython-311-x86_64-linux-gnu.so
7f81bab32000-7f81bab33000 r--p 00017000 207:10f2a 18280418834742902785   /scratch/fs201059/aa17626/miniconda3/envs/swift_1/lib/python3.11/site-packages/av/container/input.cpython-311-x86_64-linux-gnu.so
7f81bab33000-7f81bab34000 rw-p 00018000 207:10f2a 18280418834742902785   /scratch/fs201059/aa17626/miniconda3/envs/swift_1/lib/python3.11/site-packages/av/container/input.cpython-311-x86_64-linux-gnu.so
7f81bab34000-7f81bab35000 rw-p 00000000 00:00 0 
7f81bab35000-7f81bab38000 rw-p 000d1000 207:10f2a 18280418834742902785   /scratch/fs201059/aa17626/miniconda3/envs/swift_1/lib/python3.11/site-packages/av/container/input.cpython-311-x86_64-linux-gnu.so
7f81bab38000-7f81bab3b000 r--p 00000000 207:10f2a 5158916545898741761    /scratch/fs201059/aa17626/miniconda3/envs/swift_1/lib/python3.11/site-packages/av/opaque.cpython-311-x86_64-linux-gnu.so
7f81bab3b000-7f81bab3f000 r-xp 00003000 207:10f2a 5158916545898741761    /scratch/fs201059/aa17626/miniconda3/envs/swift_1/lib/python3.11/site-packages/av/opaque.cpython-311-x86_64-linux-gnu.so
7f81bab3f000-7f81bab41000 r--p 00007000 207:10f2a 5158916545898741761    /scratch/fs201059/aa17626/miniconda3/envs/swift_1/lib/python3.11/site-packages/av/opaque.cpython-311-x86_64-linux-gnu.so
7f81bab41000-7f81bab42000 r--p 00008000 207:10f2a 5158916545898741761    /scratch/fs201059/aa17626/miniconda3/envs/swift_1/lib/python3.11/site-packages/av/opaque.cpython-311-x86_64-linux-gnu.so
7f81bab42000-7f81bab43000 rw-p 00009000 207:10f2a 5158916545898741761    /scratch/fs201059/aa17626/miniconda3/envs/swift_1/lib/python3.11/site-packages/av/opaque.cpython-311-x86_64-linux-gnu.so
7f81bab43000-7f81bab46000 rw-p 00035000 207:10f2a 5158916545898741761    /scratch/fs201059/aa17626/miniconda3/envs/swift_1/lib/python3.11/site-packages/av/opaque.cpython-311-x86_64-linux-gnu.so
7f81bab46000-7f81bab4a000 r--p 00000000 207:10f2a 16422904604578283521   /scratch/fs201059/aa17626/miniconda3/envs/swift_1/lib/python3.11/site-packages/av/sidedata/motionvectors.cpython-311-x86_64-linux-gnu.so
7f81bab4a000-7f81bab54000 r-xp 00004000 207:10f2a 16422904604578283521   /scratch/fs201059/aa17626/miniconda3/envs/swift_1/lib/python3.11/site-packages/av/sidedata/motionvectors.cpython-311-x86_64-linux-gnu.so
7f81bab54000-7f81bab57000 r--p 0000e000 207:10f2a 16422904604578283521   /scratch/fs201059/aa17626/miniconda3/envs/swift_1/lib/python3.11/site-packages/av/sidedata/motionvectors.cpython-311-x86_64-linux-gnu.so
7f81bab57000-7f81bab58000 r--p 00010000 207:10f2a 16422904604578283521   /scratch/fs201059/aa17626/miniconda3/envs/swift_1/lib/python3.11/site-packages/av/sidedata/motionvectors.cpython-311-x86_64-linux-gnu.so
7f81bab58000-7f81bab59000 rw-p 00011000 207:10f2a 16422904604578283521   /scratch/fs201059/aa17626/miniconda3/envs/swift_1/lib/python3.11/site-packages/av/sidedata/motionvectors.cpython-311-x86_64-linux-gnu.so
7f81bab59000-7f81bab5c000 rw-p 0008f000 207:10f2a 16422904604578283521   /scratch/fs201059/aa17626/miniconda3/envs/swift_1/lib/python3.11/site-packages/av/sidedata/motionvectors.cpython-311-x86_64-linux-gnu.so
7f81bab5c000-7f81bab5f000 r--p 00000000 207:10f2a 5594792369572478977    /scratch/fs201059/aa17626/miniconda3/envs/swift_1/lib/python3.11/site-packages/av/utils.cpython-311-x86_64-linux-gnu.so
7f81bab5f000-7f81bab64000 r-xp 00003000 207:10f2a 5594792369572478977    /scratch/fs201059/aa17626/miniconda3/envs/swift_1/lib/python3.11/site-packages/av/utils.cpython-311-x86_64-linux-gnu.so
7f81bab64000-7f81bab65000 r--p 00008000 207:10f2a 5594792369572478977    /scratch/fs201059/aa17626/miniconda3/envs/swift_1/lib/python3.11/site-packages/av/utils.cpython-311-x86_64-linux-gnu.so
7f81bab65000-7f81bab66000 r--p 00009000 207:10f2a 5594792369572478977    /scratch/fs201059/aa17626/miniconda3/envs/swift_1/lib/python3.11/site-packages/av/utils.cpython-311-x86_64-linux-gnu.so
7f81bab66000-7f81bab67000 rw-p 0000a000 207:10f2a 5594792369572478977    /scratch/fs201059/aa17626/miniconda3/envs/swift_1/lib/python3.11/site-packages/av/utils.cpython-311-x86_64-linux-gnu.so
7f81bab67000-7f81bab6a000 rw-p 0003d000 207:10f2a 5594792369572478977    /scratch/fs201059/aa17626/miniconda3/envs/swift_1/lib/python3.11/site-packages/av/utils.cpython-311-x86_64-linux-gnu.so
7f81bab6a000-7f81bab6e000 r--p 00000000 207:10f2a 9054110344834514945    /scratch/fs201059/aa17626/miniconda3/envs/swift_1/lib/python3.11/site-packages/av/stream.cpython-311-x86_64-linux-gnu.so
7f81bab6e000-7f81bab7a000 r-xp 00004000 207:10f2a 9054110344834514945    /scratch/fs201059/aa17626/miniconda3/envs/swift_1/lib/python3.11/site-packages/av/stream.cpython-311-x86_64-linux-gnu.so
7f81bab7a000-7f81bab7e000 r--p 00010000 207:10f2a 9054110344834514945    /scratch/fs201059/aa17626/miniconda3/envs/swift_1/lib/python3.11/site-packages/av/stream.cpython-311-x86_64-linux-gnu.so
7f81bab7e000-7f81bab7f000 r--p 00013000 207:10f2a 9054110344834514945    /scratch/fs201059/aa17626/miniconda3/envs/swift_1/lib/python3.11/site-packages/av/stream.cpython-311-x86_64-linux-gnu.so
7f81bab7f000-7f81bab80000 rw-p 00014000 207:10f2a 9054110344834514945    /scratch/fs201059/aa17626/miniconda3/envs/swift_1/lib/python3.11/site-packages/av/stream.cpython-311-x86_64-linux-gnu.so
7f81bab80000-7f81bab81000 rw-p 00000000 00:00 0 
7f81bab81000-7f81bab84000 rw-p 000a7000 207:10f2a 9054110344834514945    /scratch/fs201059/aa17626/miniconda3/envs/swift_1/lib/python3.11/site-packages/av/stream.cpython-311-x86_64-linux-gnu.so
7f81bab84000-7f81bab88000 r--p 00000000 207:10f2a 1884629099948998657    /scratch/fs201059/aa17626/miniconda3/envs/swift_1/lib/python3.11/site-packages/av/option.cpython-311-x86_64-linux-gnu.so
7f81bab88000-7f81bab92000 r-xp 00004000 207:10f2a 1884629099948998657    /scratch/fs201059/aa17626/miniconda3/envs/swift_1/lib/python3.11/site-packages/av/option.cpython-311-x86_64-linux-gnu.so
7f81bab92000-7f81bab95000 r--p 0000e000 207:10f2a 1884629099948998657    /scratch/fs201059/aa17626/miniconda3/envs/swift_1/lib/python3.11/site-packages/av/option.cpython-311-x86_64-linux-gnu.so
7f81bab95000-7f81bab96000 r--p 00010000 207:10f2a 1884629099948998657    /scratch/fs201059/aa17626/miniconda3/envs/swift_1/lib/python3.11/site-packages/av/option.cpython-311-x86_64-linux-gnu.so
7f81bab96000-7f81bab97000 rw-p 00011000 207:10f2a 1884629099948998657    /scratch/fs201059/aa17626/miniconda3/envs/swift_1/lib/python3.11/site-packages/av/option.cpython-311-x86_64-linux-gnu.so
7f81bab97000-7f81bab98000 rw-p 00000000 00:00 0 
7f81bab98000-7f81bab9b000 rw-p 00087000 207:10f2a 1884629099948998657    /scratch/fs201059/aa17626/miniconda3/envs/swift_1/lib/python3.11/site-packages/av/option.cpython-311-x86_64-linux-gnu.so
7f81bab9b000-7f81bab9e000 r--p 00000000 207:10f2a 1624420544136740865    /scratch/fs201059/aa17626/miniconda3/envs/swift_1/lib/python3.11/site-packages/av/descriptor.cpython-311-x86_64-linux-gnu.so
7f81bab9e000-7f81baba3000 r-xp 00003000 207:10f2a 1624420544136740865    /scratch/fs201059/aa17626/miniconda3/envs/swift_1/lib/python3.11/site-packages/av/descriptor.cpython-311-x86_64-linux-gnu.so
7f81baba3000-7f81baba5000 r--p 00008000 207:10f2a 1624420544136740865    /scratch/fs201059/aa17626/miniconda3/envs/swift_1/lib/python3.11/site-packages/av/descriptor.cpython-311-x86_64-linux-gnu.so
7f81baba5000-7f81baba6000 r--p 00009000 207:10f2a 1624420544136740865    /scratch/fs201059/aa17626/miniconda3/envs/swift_1/lib/python3.11/site-packages/av/descriptor.cpython-311-x86_64-linux-gnu.so
7f81baba6000-7f81baba7000 rw-p 0000a000 207:10f2a 1624420544136740865    /scratch/fs201059/aa17626/miniconda3/envs/swift_1/lib/python3.11/site-packages/av/descriptor.cpython-311-x86_64-linux-gnu.so
7f81baba7000-7f81babaa000 rw-p 00040000 207:10f2a 1624420544136740865    /scratch/fs201059/aa17626/miniconda3/envs/swift_1/lib/python3.11/site-packages/av/descriptor.cpython-311-x86_64-linux-gnu.so
7f81babaa000-7f81babae000 r--p 00000000 207:10f2a 9832607857644797953    /scratch/fs201059/aa17626/miniconda3/envs/swift_1/lib/python3.11/site-packages/av/format.cpython-311-x86_64-linux-gnu.so
7f81babae000-7f81babb5000 r-xp 00004000 207:10f2a 9832607857644797953    /scratch/fs201059/aa17626/miniconda3/envs/swift_1/lib/python3.11/site-packages/av/format.cpython-311-x86_64-linux-gnu.so
7f81babb5000-7f81babb7000 r--p 0000b000 207:10f2a 9832607857644797953    /scratch/fs201059/aa17626/miniconda3/envs/swift_1/lib/python3.11/site-packages/av/format.cpython-311-x86_64-linux-gnu.so
7f81babb7000-7f81babb8000 r--p 0000d000 207:10f2a 9832607857644797953    /scratch/fs201059/aa17626/miniconda3/envs/swift_1/lib/python3.11/site-packages/av/format.cpython-311-x86_64-linux-gnu.so
7f81babb8000-7f81babb9000 rw-p 0000e000 207:10f2a 9832607857644797953    /scratch/fs201059/aa17626/miniconda3/envs/swift_1/lib/python3.11/site-packages/av/format.cpython-311-x86_64-linux-gnu.so
7f81babb9000-7f81babbc000 rw-p 00064000 207:10f2a 9832607857644797953    /scratch/fs201059/aa17626/miniconda3/envs/swift_1/lib/python3.11/site-packages/av/format.cpython-311-x86_64-linux-gnu.so
7f81babbc000-7f81babc0000 r--p 00000000 207:10f2a 17590847149427130369   /scratch/fs201059/aa17626/miniconda3/envs/swift_1/lib/python3.11/site-packages/av/container/streams.cpython-311-x86_64-linux-gnu.so
7f81babc0000-7f81babce000 r-xp 00004000 207:10f2a 17590847149427130369   /scratch/fs201059/aa17626/miniconda3/envs/swift_1/lib/python3.11/site-packages/av/container/streams.cpython-311-x86_64-linux-gnu.so
7f81babce000-7f81babd2000 r--p 00012000 207:10f2a 17590847149427130369   /scratch/fs201059/aa17626/miniconda3/envs/swift_1/lib/python3.11/site-packages/av/container/streams.cpython-311-x86_64-linux-gnu.so
7f81babd2000-7f81babd3000 r--p 00015000 207:10f2a 17590847149427130369   /scratch/fs201059/aa17626/miniconda3/envs/swift_1/lib/python3.11/site-packages/av/container/streams.cpython-311-x86_64-linux-gnu.so
7f81babd3000-7f81babd4000 rw-p 00016000 207:10f2a 17590847149427130369   /scratch/fs201059/aa17626/miniconda3/envs/swift_1/lib/python3.11/site-packages/av/container/streams.cpython-311-x86_64-linux-gnu.so
7f81babd4000-7f81babd5000 rw-p 00000000 00:00 0 
7f81babd5000-7f81babd8000 rw-p 000c9000 207:10f2a 17590847149427130369   /scratch/fs201059/aa17626/miniconda3/envs/swift_1/lib/python3.11/site-packages/av/container/streams.cpython-311-x86_64-linux-gnu.so
7f81babd8000-7f81babdc000 r--p 00000000 207:10f2a 3852710960643375105    /scratch/fs201059/aa17626/miniconda3/envs/swift_1/lib/python3.11/site-packages/av/sidedata/sidedata.cpython-311-x86_64-linux-gnu.so
7f81babdc000-7f81babe8000 r-xp 00004000 207:10f2a 3852710960643375105    /scratch/fs201059/aa17626/miniconda3/envs/swift_1/lib/python3.11/site-packages/av/sidedata/sidedata.cpython-311-x86_64-linux-gnu.so
7f81babe8000-7f81babeb000 r--p 00010000 207:10f2a 3852710960643375105    /scratch/fs201059/aa17626/miniconda3/envs/swift_1/lib/python3.11/site-packages/av/sidedata/sidedata.cpython-311-x86_64-linux-gnu.so
7f81babeb000-7f81babec000 r--p 00013000 207:10f2a 3852710960643375105    /scratch/fs201059/aa17626/miniconda3/envs/swift_1/lib/python3.11/site-packages/av/sidedata/sidedata.cpython-311-x86_64-linux-gnu.so
7f81babec000-7f81babed000 rw-p 00014000 207:10f2a 3852710960643375105    /scratch/fs201059/aa17626/miniconda3/envs/swift_1/lib/python3.11/site-packages/av/sidedata/sidedata.cpython-311-x86_64-linux-gnu.so
7f81babed000-7f81babf0000 rw-p 000aa000 207:10f2a 3852710960643375105    /scratch/fs201059/aa17626/miniconda3/envs/swift_1/lib/python3.11/site-packages/av/sidedata/sidedata.cpython-311-x86_64-linux-gnu.so
7f81babf0000-7f81babf5000 r--p 00000000 207:10f2a 8805708410177978369    /scratch/fs201059/aa17626/miniconda3/envs/swift_1/lib/python3.11/site-packages/av/packet.cpython-311-x86_64-linux-gnu.so
7f81babf5000-7f81bac07000 r-xp 00005000 207:10f2a 8805708410177978369    /scratch/fs201059/aa17626/miniconda3/envs/swift_1/lib/python3.11/site-packages/av/packet.cpython-311-x86_64-linux-gnu.so
7f81bac07000-7f81bac0d000 r--p 00017000 207:10f2a 8805708410177978369    /scratch/fs201059/aa17626/miniconda3/envs/swift_1/lib/python3.11/site-packages/av/packet.cpython-311-x86_64-linux-gnu.so
7f81bac0d000-7f81bac0e000 r--p 0001c000 207:10f2a 8805708410177978369    /scratch/fs201059/aa17626/miniconda3/envs/swift_1/lib/python3.11/site-packages/av/packet.cpython-311-x86_64-linux-gnu.so
7f81bac0e000-7f81bac10000 rw-p 0001d000 207:10f2a 8805708410177978369    /scratch/fs201059/aa17626/miniconda3/envs/swift_1/lib/python3.11/site-packages/av/packet.cpython-311-x86_64-linux-gnu.so
7f81bac10000-7f81bac14000 rw-p 0010e000 207:10f2a 8805708410177978369    /scratch/fs201059/aa17626/miniconda3/envs/swift_1/lib/python3.11/site-packages/av/packet.cpython-311-x86_64-linux-gnu.so
7f81bac14000-7f81bac17000 r--p 00000000 207:10f2a 15185061648067133441   /scratch/fs201059/aa17626/miniconda3/envs/swift_1/lib/python3.11/site-packages/av/container/pyio.cpython-311-x86_64-linux-gnu.so
7f81bac17000-7f81bac22000 r-xp 00003000 207:10f2a 15185061648067133441   /scratch/fs201059/aa17626/miniconda3/envs/swift_1/lib/python3.11/site-packages/av/container/pyio.cpython-311-x86_64-linux-gnu.so
7f81bac22000-7f81bac24000 r--p 0000e000 207:10f2a 15185061648067133441   /scratch/fs201059/aa17626/miniconda3/envs/swift_1/lib/python3.11/site-packages/av/container/pyio.cpython-311-x86_64-linux-gnu.so
7f81bac24000-7f81bac25000 r--p 0000f000 207:10f2a 15185061648067133441   /scratch/fs201059/aa17626/miniconda3/envs/swift_1/lib/python3.11/site-packages/av/container/pyio.cpython-311-x86_64-linux-gnu.so
7f81bac25000-7f81bac26000 rw-p 00010000 207:10f2a 15185061648067133441   /scratch/fs201059/aa17626/miniconda3/envs/swift_1/lib/python3.11/site-packages/av/container/pyio.cpython-311-x86_64-linux-gnu.so
7f81bac26000-7f81bac29000 rw-p 00090000 207:10f2a 15185061648067133441   /scratch/fs201059/aa17626/miniconda3/envs/swift_1/lib/python3.11/site-packages/av/container/pyio.cpython-311-x86_64-linux-gnu.so
7f81bac29000-7f81bac2f000 r--p 00000000 207:10f2a 3950119887278833665    /scratch/fs201059/aa17626/miniconda3/envs/swift_1/lib/python3.11/site-packages/av/container/core.cpython-311-x86_64-linux-gnu.so
7f81bac2f000-7f81bac45000 r-xp 00006000 207:10f2a 3950119887278833665    /scratch/fs201059/aa17626/miniconda3/envs/swift_1/lib/python3.11/site-packages/av/container/core.cpython-311-x86_64-linux-gnu.so
7f81bac45000-7f81bac4b000 r--p 0001c000 207:10f2a 3950119887278833665    /scratch/fs201059/aa17626/miniconda3/envs/swift_1/lib/python3.11/site-packages/av/container/core.cpython-311-x86_64-linux-gnu.so
7f81bac4b000-7f81bac4c000 r--p 00022000 207:10f2a 3950119887278833665    /scratch/fs201059/aa17626/miniconda3/envs/swift_1/lib/python3.11/site-packages/av/container/core.cpython-311-x86_64-linux-gnu.so
7f81bac4c000-7f81bac4e000 rw-p 00023000 207:10f2a 3950119887278833665    /scratch/fs201059/aa17626/miniconda3/envs/swift_1/lib/python3.11/site-packages/av/container/core.cpython-311-x86_64-linux-gnu.so
7f81bac4e000-7f81bac53000 rw-p 00132000 207:10f2a 3950119887278833665    /scratch/fs201059/aa17626/miniconda3/envs/swift_1/lib/python3.11/site-packages/av/container/core.cpython-311-x86_64-linux-gnu.so
7f81bac53000-7f81bac59000 r--p 00000000 207:10f2a 1030212395333844993    /scratch/fs201059/aa17626/miniconda3/envs/swift_1/lib/python3.11/site-packages/av/codec/context.cpython-311-x86_64-linux-gnu.so
7f81bac59000-7f81bac70000 r-xp 00006000 207:10f2a 1030212395333844993    /scratch/fs201059/aa17626/miniconda3/envs/swift_1/lib/python3.11/site-packages/av/codec/context.cpython-311-x86_64-linux-gnu.so
7f81bac70000-7f81bac76000 r--p 0001d000 207:10f2a 1030212395333844993    /scratch/fs201059/aa17626/miniconda3/envs/swift_1/lib/python3.11/site-packages/av/codec/context.cpython-311-x86_64-linux-gnu.so
7f81bac76000-7f81bac77000 r--p 00023000 207:10f2a 1030212395333844993    /scratch/fs201059/aa17626/miniconda3/envs/swift_1/lib/python3.11/site-packages/av/codec/context.cpython-311-x86_64-linux-gnu.so
7f81bac77000-7f81bac79000 rw-p 00024000 207:10f2a 1030212395333844993    /scratch/fs201059/aa17626/miniconda3/envs/swift_1/lib/python3.11/site-packages/av/codec/context.cpython-311-x86_64-linux-gnu.so
7f81bac79000-7f81bac7e000 rw-p 00143000 207:10f2a 1030212395333844993    /scratch/fs201059/aa17626/miniconda3/envs/swift_1/lib/python3.11/site-packages/av/codec/context.cpython-311-x86_64-linux-gnu.so
7f81bac7e000-7f81bac85000 r--p 00000000 207:10f2a 7254