retriever,task,query_id,max_score,gap_ctx,gap_25,retrieval_success_5,retrieval_success_25,judgment
sbert,biology,8,0.6373627185821533,0.11222946643829346,0.18980586528778076,1,1,CORRECT
sbert,biology,4,0.6663260459899902,0.0893012285232544,0.14893090724945068,0,1,CORRECT
sbert,biology,0,0.6125661730766296,0.09886616468429565,0.15837553143501282,1,1,INCORRECT
sbert,biology,12,0.7522640228271484,0.002412080764770508,0.14671987295150757,0,0,INCORRECT
sbert,biology,1,0.5867366790771484,0.043636977672576904,0.13305002450942993,1,1,CORRECT
sbert,biology,5,0.6494525671005249,0.05185443162918091,0.12908416986465454,1,1,CORRECT
sbert,biology,6,0.5274611711502075,0.01726740598678589,0.07242101430892944,1,1,CORRECT
sbert,biology,11,0.6024996042251587,0.05920553207397461,0.11242017149925232,1,1,CORRECT
sbert,biology,15,0.5680341720581055,0.04784989356994629,0.08232754468917847,0,0,INCORRECT
sbert,biology,2,0.5520897507667542,0.027669191360473633,0.08622768521308899,0,1,CORRECT
sbert,biology,7,0.7232483625411987,0.10782647132873535,0.3293186128139496,1,1,CORRECT
sbert,biology,3,0.6944283246994019,0.18436455726623535,0.23940062522888184,1,1,CORRECT
sbert,biology,13,0.6059796810150146,0.06415456533432007,0.13104236125946045,0,1,CORRECT
sbert,biology,14,0.602130651473999,0.06779909133911133,0.13719338178634644,1,1,CORRECT
sbert,biology,10,0.7331438064575195,0.21167415380477905,0.2707992494106293,1,1,CORRECT
sbert,biology,9,0.6234177350997925,0.03039783239364624,0.11841189861297607,0,0,CORRECT
sbert,biology,20,0.7626333832740784,0.10038191080093384,0.2534751296043396,1,1,CORRECT
sbert,biology,22,0.5435333847999573,0.08993276953697205,0.14677482843399048,0,1,INCORRECT
sbert,biology,16,0.6806719303131104,0.022620201110839844,0.14015799760818481,0,0,INCORRECT
sbert,biology,23,0.5738487243652344,0.0671660304069519,0.1365393102169037,0,0,CORRECT
sbert,biology,17,0.6707956790924072,0.08530771732330322,0.15263473987579346,1,1,INCORRECT
sbert,biology,18,0.5893237590789795,0.04963505268096924,0.11547902226448059,0,0,CORRECT
sbert,biology,19,0.7280025482177734,0.07836365699768066,0.17913877964019775,1,1,CORRECT
sbert,biology,32,0.49686717987060547,0.04400068521499634,0.10771125555038452,0,1,INCORRECT
sbert,biology,21,0.6403994560241699,0.08415031433105469,0.19961333274841309,1,1,CORRECT
sbert,biology,37,0.49469077587127686,0.02459716796875,0.06030955910682678,0,1,INCORRECT
sbert,biology,24,0.6531785726547241,0.13226032257080078,0.21148258447647095,1,1,CORRECT
sbert,biology,26,0.5619807839393616,0.026018083095550537,0.0848039984703064,0,0,INCORRECT
sbert,biology,25,0.6445051431655884,0.09313094615936279,0.15211129188537598,1,1,INCORRECT
sbert,biology,34,0.5322588086128235,0.035207927227020264,0.08117908239364624,0,0,INCORRECT
sbert,biology,35,0.6901466846466064,0.045638322830200195,0.14251995086669922,0,1,INCORRECT
sbert,biology,29,0.6050227284431458,0.007039248943328857,0.055417418479919434,0,0,CORRECT
sbert,biology,28,0.7728694081306458,0.17074471712112427,0.2338213324546814,0,0,CORRECT
sbert,biology,30,0.7366393208503723,0.12987977266311646,0.21700406074523926,1,1,CORRECT
sbert,biology,31,0.7021620273590088,0.0557405948638916,0.17685532569885254,0,1,CORRECT
sbert,biology,27,0.5519739985466003,0.0675404965877533,0.11842668056488037,0,1,CORRECT
sbert,biology,36,0.6175848245620728,0.006692409515380859,0.021866440773010254,0,0,CORRECT
sbert,biology,43,0.516758143901825,0.06847196817398071,0.11432939767837524,0,1,INCORRECT
sbert,biology,33,0.6686598062515259,0.11814594268798828,0.20214596390724182,0,1,CORRECT
sbert,biology,42,0.6964834928512573,0.00849294662475586,0.05666470527648926,0,0,CORRECT
sbert,biology,39,0.729682207107544,0.005504250526428223,0.05100142955780029,0,0,CORRECT
sbert,biology,48,0.6376088261604309,0.1227448582649231,0.20105791091918945,0,1,INCORRECT
sbert,biology,41,0.6891904473304749,0.06847697496414185,0.1291995644569397,0,1,CORRECT
sbert,biology,38,0.600219190120697,0.03540521860122681,0.08531540632247925,0,1,CORRECT
sbert,biology,50,0.7025911211967468,0.02241384983062744,0.13830775022506714,0,0,CORRECT
sbert,biology,46,0.6353554725646973,0.03319329023361206,0.12973833084106445,0,0,INCORRECT
sbert,biology,40,0.7155006527900696,0.0294916033744812,0.11818474531173706,0,0,INCORRECT
sbert,biology,47,0.748578667640686,0.07867014408111572,0.18682992458343506,0,0,CORRECT
sbert,biology,51,0.724031925201416,0.024780213832855225,0.12761664390563965,0,0,CORRECT
sbert,biology,44,0.6716236472129822,0.026543259620666504,0.04999268054962158,0,0,INCORRECT
sbert,biology,45,0.47620418667793274,0.03383484482765198,0.09216514229774475,0,0,CORRECT
sbert,biology,54,0.5658493041992188,0.08206558227539062,0.14440828561782837,0,0,CORRECT
sbert,biology,49,0.6293999552726746,0.025254547595977783,0.09454232454299927,0,0,CORRECT
sbert,biology,52,0.5980669260025024,0.08028721809387207,0.14204153418540955,0,0,CORRECT
sbert,biology,55,0.6648932695388794,0.08718037605285645,0.16937246918678284,0,1,INCORRECT
sbert,biology,53,0.6174764633178711,0.12222886085510254,0.15306967496871948,0,1,CORRECT
sbert,biology,56,0.6427983045578003,0.0321962833404541,0.1374201774597168,0,0,CORRECT
sbert,biology,64,0.6313892602920532,0.04793655872344971,0.15057489275932312,0,1,CORRECT
sbert,biology,57,0.6741602420806885,0.10392141342163086,0.1716783046722412,1,1,CORRECT
sbert,biology,58,0.46893996000289917,0.034133583307266235,0.07410562038421631,1,1,CORRECT
sbert,biology,67,0.5037389397621155,0.04702460765838623,0.07871821522712708,0,0,INCORRECT
sbert,biology,59,0.5108820796012878,0.02131485939025879,0.053657978773117065,0,1,CORRECT
sbert,biology,60,0.6776326894760132,0.12164461612701416,0.20605748891830444,0,0,CORRECT
sbert,biology,69,0.7210196256637573,0.03786206245422363,0.1854039430618286,0,1,CORRECT
sbert,biology,61,0.6571738719940186,0.11936581134796143,0.1816888153553009,1,1,CORRECT
sbert,biology,66,0.5632563233375549,0.0811220109462738,0.15241646766662598,0,1,INCORRECT
sbert,biology,63,0.6592506766319275,0.05948406457901001,0.12957870960235596,0,0,INCORRECT
sbert,biology,62,0.684748649597168,0.068622887134552,0.14776396751403809,0,0,CORRECT
sbert,biology,65,0.5806000232696533,0.03272742033004761,0.1200793981552124,1,1,CORRECT
sbert,biology,70,0.7376520037651062,0.19192665815353394,0.27411308884620667,1,1,CORRECT
sbert,biology,74,0.5739579200744629,0.051717162132263184,0.11435049772262573,1,1,CORRECT
sbert,biology,68,0.7174348831176758,0.05011343955993652,0.12525391578674316,0,0,CORRECT
sbert,biology,73,0.6535696983337402,0.02350592613220215,0.08510923385620117,0,0,INCORRECT
sbert,biology,71,0.8536190986633301,0.07436519861221313,0.110312819480896,0,0,CORRECT
sbert,biology,77,0.6334818005561829,0.021293282508850098,0.06472748517990112,0,0,INCORRECT
sbert,biology,75,0.6659833788871765,0.10629445314407349,0.17217451333999634,0,1,INCORRECT
sbert,biology,72,0.6120500564575195,0.06738632917404175,0.1738455891609192,1,1,CORRECT
sbert,biology,82,0.5481927394866943,0.07912331819534302,0.14675813913345337,0,1,CORRECT
sbert,biology,76,0.46610987186431885,0.04541859030723572,0.06583613157272339,0,0,INCORRECT
sbert,biology,81,0.5950934886932373,0.010034143924713135,0.04593902826309204,0,0,INCORRECT
sbert,biology,78,0.6879336833953857,0.03095167875289917,0.06660783290863037,1,1,CORRECT
sbert,biology,80,0.7344567179679871,0.11269980669021606,0.21916890144348145,0,1,CORRECT
sbert,biology,79,0.6306829452514648,0.030617952346801758,0.07893049716949463,0,0,CORRECT
sbert,biology,83,0.7426357269287109,0.08336770534515381,0.16129356622695923,0,0,INCORRECT
sbert,biology,84,0.7467920780181885,0.07967633008956909,0.13993561267852783,1,1,CORRECT
sbert,biology,86,0.6882580518722534,0.0390855073928833,0.16820096969604492,0,1,CORRECT
sbert,biology,87,0.6177520155906677,0.029380619525909424,0.0717896819114685,0,0,INCORRECT
sbert,biology,85,0.6350515484809875,0.02929288148880005,0.1519557237625122,1,1,CORRECT
sbert,biology,93,0.6074901819229126,0.03395533561706543,0.07768690586090088,0,0,INCORRECT
sbert,biology,94,0.6288988590240479,0.07923084497451782,0.11451202630996704,0,1,INCORRECT
sbert,biology,92,0.6445873975753784,0.012677907943725586,0.04837238788604736,0,0,CORRECT
sbert,biology,88,0.6793394088745117,0.06066274642944336,0.11971896886825562,0,1,CORRECT
sbert,biology,95,0.7211401462554932,0.1316617727279663,0.24756067991256714,0,0,INCORRECT
sbert,biology,91,0.6939730048179626,0.07041102647781372,0.16897130012512207,0,0,CORRECT
sbert,biology,89,0.6822104454040527,0.034940361976623535,0.09017789363861084,0,0,INCORRECT
sbert,biology,90,0.6179989576339722,0.08884251117706299,0.1566179394721985,0,0,INCORRECT
sbert,biology,96,0.6906120777130127,0.10220777988433838,0.18156051635742188,0,1,CORRECT
sbert,biology,98,0.592660665512085,0.04542273283004761,0.12701034545898438,0,1,CORRECT
sbert,biology,97,0.5945838689804077,0.03287506103515625,0.09494578838348389,0,1,CORRECT
sbert,biology,99,0.7046650648117065,0.12475931644439697,0.20090317726135254,1,1,CORRECT
sbert,biology,100,0.6003662347793579,0.03610628843307495,0.128395676612854,1,1,CORRECT
sbert,biology,101,0.6130995750427246,0.032382071018218994,0.09409606456756592,0,0,CORRECT
sbert,biology,102,0.6671597361564636,0.10841315984725952,0.23597922921180725,0,0,INCORRECT
sbert,aops,aops_2019_AMC_12A_Problems/Problem_17,0.5635322332382202,0.03351318836212158,0.06554237008094788,1,1,CORRECT
sbert,aops,math_test_intermediate_algebra_1179,0.6415661573410034,0.04914522171020508,0.12444484233856201,0,0,INCORRECT
sbert,aops,math_train_intermediate_algebra_513,0.5179712176322937,0.02618885040283203,0.08221465349197388,1,1,INCORRECT
sbert,aops,aops_2015_AMC_10B_Problems/Problem_15,0.6512271165847778,0.02391839027404785,0.047860026359558105,0,0,INCORRECT
sbert,aops,math_train_number_theory_7095,0.6689398288726807,0.02174389362335205,0.09505760669708252,0,0,INCORRECT
sbert,aops,math_train_number_theory_839,0.7777739763259888,0.01989203691482544,0.074210524559021,0,0,INCORRECT
sbert,aops,math_train_number_theory_7012,0.5167356729507446,0.035734325647354126,0.09562194347381592,0,0,INCORRECT
sbert,aops,math_train_counting_and_probability_5024,0.6708004474639893,0.01198643445968628,0.04689645767211914,0,0,INCORRECT
sbert,aops,aops_2000_AIME_I_Problems/Problem_9,0.6732832193374634,0.04468727111816406,0.09861981868743896,0,0,INCORRECT
sbert,aops,aops_2008_AMC_12B_Problems/Problem_16,0.6528385877609253,0.008729338645935059,0.045387327671051025,0,0,INCORRECT
sbert,aops,math_train_number_theory_7030,0.7532870769500732,0.19808918237686157,0.23016810417175293,0,0,INCORRECT
sbert,aops,aops_2008_AMC_12A_Problems/Problem_15,0.6884683966636658,0.04390078783035278,0.07310247421264648,0,0,INCORRECT
sbert,aops,math_train_number_theory_7016,0.5419713258743286,0.05261582136154175,0.0694882869720459,0,0,INCORRECT
sbert,aops,aops_2005_IMO_Problems/Problem_4,0.489626944065094,0.07177948951721191,0.10761845111846924,0,0,INCORRECT
sbert,aops,aops_2024_AIME_I_Problems/Problem_13,0.5526015162467957,0.02641528844833374,0.08485430479049683,0,0,INCORRECT
sbert,aops,aops_2017_AMC_10B_Problems/Problem_14,0.6735788583755493,0.050118446350097656,0.10225534439086914,0,0,INCORRECT
sbert,aops,aops_2005_USAMO_Problems/Problem_2,0.6559885144233704,0.11778753995895386,0.16429677605628967,0,0,INCORRECT
sbert,aops,math_train_counting_and_probability_5035,0.5460394620895386,0.03184974193572998,0.04320257902145386,0,0,INCORRECT
sbert,aops,aops_2021_AIME_I_Problems/Problem_14,0.6177406311035156,0.05381155014038086,0.10143011808395386,0,0,INCORRECT
sbert,aops,aops_2004_AIME_I_Problems/Problem_10,0.5951605439186096,0.011128425598144531,0.058688580989837646,0,0,INCORRECT
sbert,aops,aops_2023_AIME_I_Problems/Problem_5,0.6356906890869141,0.025490641593933105,0.06136512756347656,0,0,INCORRECT
sbert,aops,math_train_geometry_6018,0.6500133275985718,0.029915034770965576,0.07344305515289307,0,0,INCORRECT
sbert,aops,math_test_geometry_454,0.6666150093078613,0.028557240962982178,0.08675825595855713,0,0,INCORRECT
sbert,aops,math_train_geometry_6173,0.6018304824829102,0.01822221279144287,0.09321171045303345,0,1,INCORRECT
sbert,aops,aops_2001_AMC_10_Problems/Problem_19,0.7925122976303101,0.06839299201965332,0.13880693912506104,0,1,CORRECT
sbert,aops,math_train_counting_and_probability_5011,0.7315397262573242,0.07762455940246582,0.14326751232147217,0,0,INCORRECT
sbert,aops,math_test_counting_and_probability_1009,0.6894524097442627,0.018728971481323242,0.041576921939849854,0,0,CORRECT
sbert,aops,math_train_counting_and_probability_5131,0.7474360466003418,0.07958739995956421,0.10715246200561523,0,0,CORRECT
sbert,aops,aops_2007_AIME_I_Problems/Problem_10,0.5909308195114136,0.06180393695831299,0.10002511739730835,0,0,INCORRECT
sbert,aops,aops_2018_AMC_8_Problems/Problem_23,0.7070261240005493,0.056307196617126465,0.13499104976654053,0,0,INCORRECT
sbert,aops,aops_2019_AMC_8_Problems/Problem_25,0.6920511722564697,0.017002403736114502,0.04043877124786377,0,0,INCORRECT
sbert,aops,aops_2020_AMC_10B_Problems/Problem_25,0.6504411697387695,0.041251540184020996,0.08316707611083984,0,0,INCORRECT
sbert,aops,aops_2018_AMC_10A_Problems/Problem_11,0.7504239082336426,0.017390429973602295,0.06351745128631592,0,0,INCORRECT
sbert,aops,aops_2020_AMC_10A_Problems/Problem_24,0.691611647605896,0.018743455410003662,0.06576061248779297,0,0,INCORRECT
sbert,aops,math_train_number_theory_7003,0.6163845062255859,0.02267587184906006,0.059420764446258545,0,0,CORRECT
sbert,aops,aops_2021_AIME_II_Problems/Problem_9,0.5391789674758911,0.05147069692611694,0.07911726832389832,0,0,INCORRECT
sbert,aops,aops_2021_AIME_I_Problems/Problem_10,0.5854660272598267,0.030473709106445312,0.06539154052734375,0,0,INCORRECT
sbert,aops,aops_2007_iTest_Problems/Problem_6,0.7551236152648926,0.1252351999282837,0.21551942825317383,0,0,INCORRECT
sbert,aops,aops_1959_IMO_Problems/Problem_1,0.4599425196647644,0.08627402782440186,0.12101083993911743,0,0,INCORRECT
sbert,aops,math_test_counting_and_probability_838,0.6614485383033752,0.10685092210769653,0.16279840469360352,0,0,INCORRECT
sbert,aops,math_train_number_theory_7066,0.6223181486129761,0.01824367046356201,0.0780707597732544,0,0,INCORRECT
sbert,aops,aops_1987_IMO_Problems/Problem_1,0.5023521184921265,0.054391562938690186,0.11057907342910767,0,0,INCORRECT
sbert,aops,aops_2020_AMC_8_Problems/Problem_12,0.7717618942260742,0.09070014953613281,0.1430131196975708,0,0,CORRECT
sbert,aops,aops_2000_AMC_12_Problems/Problem_4,0.5583423376083374,0.015528857707977295,0.04400479793548584,0,0,INCORRECT
sbert,aops,math_train_intermediate_algebra_659,0.6243382096290588,0.019292235374450684,0.058450400829315186,0,0,INCORRECT
sbert,aops,aops_1990_AIME_Problems/Problem_9,0.6245796084403992,0.051376283168792725,0.082547128200531,0,0,INCORRECT
sbert,aops,math_train_intermediate_algebra_477,0.6416815519332886,0.16247445344924927,0.21706420183181763,0,0,INCORRECT
sbert,aops,aops_1981_IMO_Problems/Problem_3,0.5651642084121704,0.02269768714904785,0.08388859033584595,0,0,INCORRECT
sbert,aops,aops_2017_AMC_10B_Problems/Problem_13,0.8096396923065186,0.043503522872924805,0.07499313354492188,0,0,INCORRECT
sbert,aops,aops_2011_AMC_8_Problems/Problem_6,0.7317066192626953,0.006476759910583496,0.07745450735092163,0,0,CORRECT
sbert,aops,aops_2005_AMC_12A_Problems/Problem_18,0.7266681790351868,0.09276062250137329,0.12438410520553589,0,0,INCORRECT
sbert,aops,math_train_counting_and_probability_5047,0.6185137033462524,0.06119251251220703,0.1348072588443756,0,0,INCORRECT
sbert,aops,aops_2020_AIME_II_Problems/Problem_9,0.7413523197174072,0.031067252159118652,0.05457723140716553,0,0,INCORRECT
sbert,aops,math_train_counting_and_probability_5045,0.7040238380432129,0.0064604878425598145,0.08346366882324219,0,0,INCORRECT
sbert,aops,math_train_counting_and_probability_5048,0.6391243934631348,0.029123663902282715,0.04783427715301514,0,0,INCORRECT
sbert,aops,aops_2017_AIME_II_Problems/Problem_1,0.6656646132469177,0.07430773973464966,0.17646455764770508,0,0,INCORRECT
sbert,aops,aops_1985_AIME_Problems/Problem_6,0.709834635257721,0.019356906414031982,0.05116170644760132,0,0,CORRECT
sbert,aops,math_test_prealgebra_1987,0.7549772262573242,0.03744387626647949,0.0684119462966919,0,1,INCORRECT
sbert,aops,math_test_counting_and_probability_430,0.8153893351554871,0.0060291290283203125,0.04358476400375366,0,0,INCORRECT
sbert,aops,math_test_counting_and_probability_1003,0.7266981601715088,0.019962072372436523,0.07189035415649414,0,0,INCORRECT
sbert,aops,aops_2007_AIME_II_Problems/Problem_10,0.6087985634803772,0.013626456260681152,0.04550284147262573,0,0,INCORRECT
sbert,aops,math_train_geometry_317,0.7312068939208984,0.036008358001708984,0.08785545825958252,0,0,INCORRECT
sbert,aops,math_train_geometry_6060,0.7167313694953918,0.10567420721054077,0.16411417722702026,0,1,INCORRECT
sbert,aops,aops_1971_AHSME_Problems/Problem_26,0.799379289150238,0.038961708545684814,0.10849368572235107,0,0,INCORRECT
sbert,aops,aops_1988_AIME_Problems/Problem_12,0.5948952436447144,0.011333346366882324,0.048247575759887695,0,1,INCORRECT
sbert,aops,math_train_geometry_6022,0.6469011902809143,0.040078699588775635,0.08032256364822388,0,1,INCORRECT
sbert,aops,math_train_geometry_6116,0.7243544459342957,0.05299276113510132,0.08920818567276001,1,1,INCORRECT
sbert,aops,math_train_intermediate_algebra_2060,0.586820662021637,0.01800858974456787,0.0523410439491272,0,0,INCORRECT
sbert,aops,math_train_algebra_2521,0.6154383420944214,0.045346736907958984,0.08210968971252441,0,0,INCORRECT
sbert,aops,math_train_geometry_6115,0.6230020523071289,0.0547715425491333,0.07636022567749023,0,1,INCORRECT
sbert,aops,math_test_intermediate_algebra_951,0.6301068067550659,0.02535080909729004,0.0780172348022461,0,0,INCORRECT
sbert,aops,aops_2016_AMC_10A_Problems/Problem_19,0.711154043674469,0.010057628154754639,0.06627106666564941,0,0,INCORRECT
sbert,aops,math_test_algebra_1208,0.6760660409927368,0.11900150775909424,0.15530014038085938,1,1,INCORRECT
sbert,aops,math_train_intermediate_algebra_1822,0.6609440445899963,0.02014291286468506,0.08042740821838379,0,1,INCORRECT
sbert,aops,math_train_number_theory_7078,0.6853799819946289,0.0650019645690918,0.14797866344451904,0,1,INCORRECT
sbert,aops,aops_2009_AMC_12A_Problems/Problem_17,0.5909565687179565,0.055159926414489746,0.09712514281272888,1,1,INCORRECT
sbert,aops,math_test_intermediate_algebra_1812,0.6990807056427002,0.06336915493011475,0.09708160161972046,0,0,INCORRECT
sbert,aops,aops_2021_Fall_AMC_12A_Problems/Problem_12,0.6164627075195312,0.06698399782180786,0.1622765064239502,0,0,INCORRECT
sbert,aops,aops_2008_AMC_12A_Problems/Problem_16,0.6285872459411621,0.04495060443878174,0.0974726676940918,0,0,INCORRECT
sbert,aops,aops_2021_AMC_12B_Problems/Problem_9,0.6576023101806641,0.021685361862182617,0.07358098030090332,0,1,INCORRECT
sbert,aops,math_train_intermediate_algebra_1268,0.6851718425750732,0.05388462543487549,0.12346506118774414,0,1,CORRECT
sbert,aops,aops_2002_AIME_I_Problems/Problem_6,0.5600205063819885,0.056088387966156006,0.09861457347869873,0,0,INCORRECT
sbert,aops,math_train_geometry_747,0.8650871515274048,0.07847607135772705,0.16268497705459595,0,0,INCORRECT
sbert,aops,math_train_counting_and_probability_5111,0.6826860904693604,0.06282651424407959,0.16892129182815552,0,0,INCORRECT
sbert,aops,aops_1994_AIME_Problems/Problem_9,0.6286623477935791,0.006011247634887695,0.13355493545532227,0,0,INCORRECT
sbert,aops,math_train_counting_and_probability_5064,0.6321555376052856,0.014802217483520508,0.04976463317871094,0,0,INCORRECT
sbert,aops,math_train_counting_and_probability_822,0.7977554798126221,0.16657686233520508,0.229051411151886,0,0,INCORRECT
sbert,aops,aops_2015_AMC_12A_Problems/Problem_22,0.6385802030563354,0.0673515796661377,0.10704928636550903,0,0,INCORRECT
sbert,aops,math_train_algebra_2826,0.7831888794898987,0.053898513317108154,0.0798991322517395,0,0,CORRECT
sbert,aops,aops_2019_AMC_10A_Problems/Problem_12,0.6618210673332214,0.012766003608703613,0.04807764291763306,0,1,INCORRECT
sbert,aops,aops_2022_AMC_10B_Problems/Problem_9,0.6035788059234619,0.021106839179992676,0.07813513278961182,0,0,INCORRECT
sbert,aops,aops_2023_AIME_II_Problems/Problem_9,0.7406690120697021,0.09415686130523682,0.14330261945724487,1,1,INCORRECT
sbert,aops,aops_2016_AMC_10A_Problems/Problem_7,0.7707956433296204,0.08919340372085571,0.13184380531311035,0,0,INCORRECT
sbert,aops,aops_2000_AMC_12_Problems/Problem_14,0.6931488513946533,0.02085268497467041,0.06497204303741455,0,0,INCORRECT
sbert,aops,aops_1971_Canadian_MO_Problems/Problem_1,0.7028206586837769,0.05552983283996582,0.1486055850982666,0,0,INCORRECT
sbert,aops,aops_2024_AIME_I_Problems/Problem_10,0.6950401663780212,0.07905608415603638,0.15190273523330688,1,1,INCORRECT
sbert,aops,aops_2022_AIME_I_Problems/Problem_11,0.7689037322998047,0.06733435392379761,0.1419246792793274,1,1,INCORRECT
sbert,aops,aops_2016_AIME_I_Problems/Problem_15,0.6255213022232056,0.03226745128631592,0.07155716419219971,1,1,INCORRECT
sbert,aops,aops_2020_AIME_I_Problems/Problem_15,0.6940301060676575,0.03478527069091797,0.13728952407836914,1,1,INCORRECT
sbert,aops,aops_2016_AIME_II_Problems/Problem_10,0.751569390296936,0.1514056921005249,0.19938194751739502,1,1,INCORRECT
sbert,aops,math_train_geometry_6092,0.6215812563896179,0.026877641677856445,0.0700642466545105,0,1,INCORRECT
sbert,aops,aops_1998_AIME_Problems/Problem_2,0.6995534896850586,0.1614396572113037,0.19765806198120117,0,0,CORRECT
sbert,aops,aops_2013_AMC_12A_Problems/Problem_13,0.7110012769699097,0.03581535816192627,0.11442142724990845,0,0,INCORRECT
sbert,aops,math_train_geometry_6105,0.5597673654556274,0.02824413776397705,0.05236411094665527,0,0,INCORRECT
sbert,aops,aops_2015_AIME_I_Problems/Problem_4,0.6912195682525635,0.02249199151992798,0.06990402936935425,0,0,INCORRECT
sbert,aops,math_train_geometry_6112,0.6735455989837646,0.044953227043151855,0.0892934799194336,0,0,INCORRECT
sbert,aops,aops_2002_AIME_I_Problems/Problem_10,0.6837742328643799,0.0692141056060791,0.11261594295501709,0,1,INCORRECT
sbert,aops,aops_2019_AIME_I_Problems/Problem_3,0.7388770580291748,0.0535699725151062,0.12939858436584473,0,0,INCORRECT
sbert,earth_science,7,0.6857235431671143,0.05275440216064453,0.15153342485427856,0,0,CORRECT
sbert,aops,math_train_geometry_6078,0.6798694133758545,0.017903566360473633,0.08577990531921387,0,1,INCORRECT
sbert,aops,math_train_geometry_6051,0.6908859610557556,0.05990433692932129,0.1455521583557129,0,0,INCORRECT
sbert,earth_science,1,0.7192968130111694,0.05623883008956909,0.1307186484336853,0,0,CORRECT
sbert,earth_science,3,0.7890385389328003,0.06667709350585938,0.14336204528808594,1,1,CORRECT
sbert,aops,aops_2017_AIME_II_Problems/Problem_3,0.7242739796638489,0.08806467056274414,0.19563931226730347,0,0,INCORRECT
sbert,earth_science,0,0.5288063287734985,0.044422268867492676,0.09958159923553467,0,1,CORRECT
sbert,earth_science,6,0.8014692068099976,0.060315847396850586,0.12121570110321045,1,1,CORRECT
sbert,earth_science,2,0.7335093021392822,0.0702170729637146,0.19189512729644775,0,1,INCORRECT
sbert,earth_science,4,0.6380862593650818,0.010814964771270752,0.09627258777618408,1,1,CORRECT
sbert,earth_science,13,0.6903673410415649,0.048186421394348145,0.12281841039657593,0,1,CORRECT
sbert,earth_science,5,0.7259683609008789,0.09355521202087402,0.23080644011497498,0,0,INCORRECT
sbert,earth_science,8,0.7742186784744263,0.17617416381835938,0.3123069107532501,1,1,CORRECT
sbert,earth_science,11,0.7036234140396118,0.048030197620391846,0.14703428745269775,0,1,CORRECT
sbert,earth_science,10,0.6254472732543945,0.06993770599365234,0.11365801095962524,0,0,CORRECT
sbert,earth_science,9,0.7444910407066345,0.07869875431060791,0.17202717065811157,0,0,INCORRECT
sbert,earth_science,12,0.7942911982536316,0.08184444904327393,0.13714855909347534,0,1,INCORRECT
sbert,earth_science,17,0.7488431334495544,0.09816157817840576,0.22679263353347778,0,0,CORRECT
sbert,earth_science,15,0.6174871921539307,0.050382018089294434,0.11045342683792114,0,1,CORRECT
sbert,earth_science,14,0.6078726053237915,0.03521716594696045,0.07946157455444336,0,0,INCORRECT
sbert,earth_science,16,0.7520283460617065,0.18121135234832764,0.31204482913017273,0,0,INCORRECT
sbert,earth_science,23,0.5234413146972656,0.028072714805603027,0.09613436460494995,0,0,INCORRECT
sbert,earth_science,19,0.7211488485336304,0.02690035104751587,0.08896094560623169,0,1,CORRECT
sbert,earth_science,18,0.7106422185897827,0.059455275535583496,0.10603737831115723,0,1,CORRECT
sbert,earth_science,25,0.555229663848877,0.05517548322677612,0.10093092918395996,1,1,CORRECT
sbert,earth_science,21,0.6953833103179932,0.05001121759414673,0.1342068314552307,0,0,INCORRECT
sbert,earth_science,20,0.7432827949523926,0.1137690544128418,0.2078595757484436,1,1,CORRECT
sbert,earth_science,22,0.8436630964279175,0.08080118894577026,0.318415105342865,0,1,CORRECT
sbert,earth_science,24,0.7531726360321045,0.08822798728942871,0.19010913372039795,0,1,CORRECT
sbert,earth_science,26,0.7037918567657471,0.11680155992507935,0.20299404859542847,1,1,CORRECT
sbert,earth_science,33,0.5780949592590332,0.06554019451141357,0.09902572631835938,0,0,INCORRECT
sbert,earth_science,27,0.612189531326294,0.04842174053192139,0.1025882363319397,1,1,INCORRECT
sbert,earth_science,28,0.6710294485092163,0.11463725566864014,0.19406259059906006,1,1,CORRECT
sbert,earth_science,31,0.6305465698242188,0.06145977973937988,0.122916579246521,1,1,CORRECT
sbert,earth_science,37,0.7509018182754517,0.10247445106506348,0.2064148187637329,0,1,INCORRECT
sbert,earth_science,39,0.6727160215377808,0.06983375549316406,0.17897829413414001,1,1,CORRECT
sbert,earth_science,29,0.7046364545822144,0.08192175626754761,0.14459937810897827,0,0,CORRECT
sbert,earth_science,30,0.6426609754562378,0.023711085319519043,0.12831103801727295,0,0,INCORRECT
sbert,earth_science,32,0.6060750484466553,0.10043996572494507,0.15175870060920715,0,0,CORRECT
sbert,earth_science,38,0.5821917653083801,0.04627561569213867,0.10914349555969238,1,1,CORRECT
sbert,earth_science,42,0.5783578753471375,0.04384136199951172,0.10690751671791077,0,0,CORRECT
sbert,earth_science,45,0.5824307203292847,0.08092427253723145,0.15534862875938416,0,1,INCORRECT
sbert,earth_science,40,0.5342844724655151,0.033226191997528076,0.06404483318328857,0,0,CORRECT
sbert,earth_science,34,0.5844661593437195,0.030106961727142334,0.08665680885314941,0,0,INCORRECT
sbert,earth_science,35,0.594408392906189,0.05666297674179077,0.097441166639328,0,1,INCORRECT
sbert,earth_science,36,0.7594404220581055,0.08498084545135498,0.18187057971954346,1,1,CORRECT
sbert,earth_science,43,0.5886164903640747,0.10687381029129028,0.15041184425354004,1,1,INCORRECT
sbert,earth_science,41,0.7469478845596313,0.08294928073883057,0.16987109184265137,1,1,CORRECT
sbert,earth_science,44,0.758554220199585,0.03401064872741699,0.16482627391815186,0,0,CORRECT
sbert,earth_science,54,0.6506661176681519,0.10238337516784668,0.1983191967010498,0,1,CORRECT
sbert,earth_science,53,0.7322102189064026,0.016909897327423096,0.07482951879501343,0,0,CORRECT
sbert,earth_science,51,0.7852876782417297,0.12374013662338257,0.2196671962738037,0,1,CORRECT
sbert,earth_science,50,0.6564861536026001,0.034241676330566406,0.08076667785644531,1,1,CORRECT
sbert,earth_science,48,0.7356870174407959,0.07503879070281982,0.13851618766784668,0,0,CORRECT
sbert,earth_science,46,0.7234816551208496,0.06152355670928955,0.16561037302017212,1,1,CORRECT
sbert,earth_science,47,0.6646910905838013,0.09313184022903442,0.18738019466400146,1,1,CORRECT
sbert,earth_science,49,0.6812033653259277,0.04662799835205078,0.19569545984268188,0,1,CORRECT
sbert,earth_science,60,0.57622891664505,0.071219801902771,0.12114852666854858,0,1,CORRECT
sbert,earth_science,52,0.4134761691093445,0.009792208671569824,0.03282099962234497,1,1,CORRECT
sbert,earth_science,57,0.5669975280761719,0.06678211688995361,0.12097156047821045,1,1,CORRECT
sbert,earth_science,55,0.6713451743125916,0.06110793352127075,0.13553762435913086,0,0,INCORRECT
sbert,earth_science,58,0.6660939455032349,0.06516474485397339,0.2974861264228821,0,0,INCORRECT
sbert,earth_science,56,0.683596134185791,0.10168838500976562,0.19990035891532898,1,1,CORRECT
sbert,earth_science,59,0.6207310557365417,0.07238644361495972,0.13298743963241577,0,0,CORRECT
sbert,earth_science,63,0.7319859266281128,0.10805177688598633,0.16776031255722046,0,1,CORRECT
sbert,earth_science,72,0.5585066080093384,0.05653786659240723,0.12073728442192078,1,1,CORRECT
sbert,earth_science,66,0.5768817067146301,0.02425330877304077,0.08491098880767822,0,1,INCORRECT
sbert,earth_science,62,0.7007178068161011,0.2160813808441162,0.2683965563774109,1,1,CORRECT
sbert,earth_science,74,0.5495423674583435,0.11648386716842651,0.1832348108291626,0,1,INCORRECT
sbert,earth_science,71,0.5955264568328857,0.10782676935195923,0.16251099109649658,1,1,CORRECT
sbert,earth_science,68,0.5742473602294922,0.09487670660018921,0.1669180691242218,0,1,CORRECT
sbert,earth_science,61,0.6409534215927124,0.0219077467918396,0.06890398263931274,0,0,CORRECT
sbert,earth_science,67,0.6681020259857178,0.08577978610992432,0.18451154232025146,1,1,INCORRECT
sbert,earth_science,64,0.6453692317008972,0.08985382318496704,0.16838103532791138,0,1,CORRECT
sbert,earth_science,65,0.661300778388977,0.06714999675750732,0.145105242729187,1,1,CORRECT
sbert,earth_science,69,0.7570621967315674,0.1793835163116455,0.26726698875427246,0,1,CORRECT
sbert,earth_science,70,0.5105335116386414,0.024961411952972412,0.07294070720672607,0,1,CORRECT
sbert,earth_science,79,0.6782926321029663,0.033805012702941895,0.08034449815750122,0,0,INCORRECT
sbert,earth_science,75,0.569865345954895,0.034410059452056885,0.07168778777122498,1,1,INCORRECT
sbert,earth_science,73,0.5904477834701538,0.04221022129058838,0.09945333003997803,1,1,CORRECT
sbert,earth_science,86,0.4966529309749603,0.03503689169883728,0.12120887637138367,1,1,CORRECT
sbert,earth_science,76,0.5345345735549927,0.029073059558868408,0.11321327090263367,0,0,CORRECT
sbert,earth_science,84,0.6014113426208496,0.042327821254730225,0.10298997163772583,0,0,INCORRECT
sbert,earth_science,87,0.8518075942993164,0.10965520143508911,0.2545773386955261,1,1,CORRECT
sbert,earth_science,83,0.5963538289070129,0.09600841999053955,0.22187238931655884,1,1,CORRECT
sbert,earth_science,85,0.5476984977722168,0.08844834566116333,0.17914935946464539,1,1,CORRECT
sbert,earth_science,77,0.6644717454910278,0.0466231107711792,0.0924149751663208,0,0,CORRECT
sbert,earth_science,78,0.6396862268447876,0.05499255657196045,0.11931020021438599,0,0,CORRECT
sbert,earth_science,82,0.7245389819145203,0.04163092374801636,0.13638979196548462,0,1,CORRECT
sbert,earth_science,80,0.6609760522842407,0.08601552248001099,0.19241952896118164,1,1,CORRECT
sbert,earth_science,81,0.7092822194099426,0.06215482950210571,0.11411970853805542,1,1,CORRECT
sbert,earth_science,94,0.710718035697937,0.18428587913513184,0.2929129898548126,0,0,INCORRECT
sbert,earth_science,89,0.6020017862319946,0.040884971618652344,0.07531076669692993,0,0,INCORRECT
sbert,earth_science,92,0.5226396322250366,0.01596778631210327,0.05788302421569824,0,0,INCORRECT
sbert,earth_science,88,0.7778725624084473,0.12460708618164062,0.3070240020751953,1,1,CORRECT
sbert,earth_science,96,0.7232718467712402,0.11414587497711182,0.18183457851409912,0,1,CORRECT
sbert,earth_science,90,0.5948925614356995,0.012183964252471924,0.06106674671173096,0,0,CORRECT
sbert,earth_science,100,0.6763930320739746,0.06127727031707764,0.2095552682876587,0,0,INCORRECT
sbert,earth_science,102,0.5301421880722046,0.039191484451293945,0.09343469142913818,0,0,CORRECT
sbert,earth_science,91,0.7142043113708496,0.03141433000564575,0.1358581781387329,0,0,CORRECT
sbert,earth_science,101,0.8775593042373657,0.29929685592651367,0.41603904962539673,1,1,CORRECT
sbert,earth_science,97,0.5333881974220276,0.03717586398124695,0.12817531824111938,0,0,INCORRECT
sbert,earth_science,95,0.7718839645385742,0.0884714126586914,0.1695394515991211,0,0,INCORRECT
sbert,earth_science,93,0.5904375910758972,0.024056673049926758,0.08040487766265869,1,1,CORRECT
sbert,earth_science,110,0.70320725440979,0.06750869750976562,0.14868879318237305,0,1,CORRECT
sbert,earth_science,106,0.5726600885391235,0.04403126239776611,0.09243863821029663,0,1,INCORRECT
sbert,earth_science,99,0.6553457379341125,0.12919574975967407,0.24983826279640198,0,0,CORRECT
sbert,earth_science,98,0.6745328903198242,0.048000454902648926,0.1572260856628418,1,1,CORRECT
sbert,earth_science,103,0.7673225402832031,0.1524466872215271,0.20049655437469482,0,0,CORRECT
sbert,earth_science,104,0.4900948703289032,0.06970357894897461,0.11692294478416443,1,1,CORRECT
sbert,earth_science,108,0.6356997489929199,0.09552502632141113,0.13406962156295776,0,0,CORRECT
sbert,earth_science,105,0.5962835550308228,0.07887881994247437,0.14311140775680542,0,0,CORRECT
sbert,earth_science,107,0.646271288394928,0.057876408100128174,0.11134332418441772,1,1,CORRECT
sbert,earth_science,111,0.6237447261810303,0.03844207525253296,0.11833631992340088,0,0,CORRECT
sbert,earth_science,114,0.5406535863876343,0.056239306926727295,0.12113332748413086,1,1,CORRECT
sbert,earth_science,112,0.6567270755767822,0.05455887317657471,0.11719626188278198,0,0,INCORRECT
sbert,earth_science,113,0.5449811220169067,0.0675760805606842,0.22876647114753723,0,1,CORRECT
sbert,earth_science,109,0.6672385931015015,0.03485900163650513,0.07238298654556274,1,1,CORRECT
sbert,economics,9,0.6009800434112549,0.0520397424697876,0.10995718836784363,0,0,INCORRECT
sbert,earth_science,115,0.6991267204284668,0.15755921602249146,0.30455583333969116,0,0,CORRECT
sbert,economics,0,0.6533592939376831,0.04399824142456055,0.14529263973236084,0,0,INCORRECT
sbert,economics,1,0.5940408706665039,0.08811086416244507,0.15164464712142944,0,1,INCORRECT
sbert,economics,3,0.6699579954147339,0.07052534818649292,0.12279379367828369,0,1,CORRECT
sbert,economics,5,0.675310492515564,0.07476389408111572,0.15052086114883423,0,0,INCORRECT
sbert,economics,4,0.6353157758712769,0.03777968883514404,0.09531331062316895,0,0,CORRECT
sbert,economics,2,0.5677064061164856,0.05131012201309204,0.09287232160568237,0,0,CORRECT
sbert,economics,6,0.6389919519424438,0.06249445676803589,0.15116384625434875,0,0,INCORRECT
sbert,economics,13,0.4652823209762573,0.02198415994644165,0.09563520550727844,0,0,CORRECT
sbert,economics,7,0.6348900198936462,0.06699049472808838,0.13505172729492188,0,0,INCORRECT
sbert,economics,8,0.5554502606391907,0.023328006267547607,0.07709470391273499,0,1,CORRECT
sbert,economics,15,0.7561169862747192,0.010187268257141113,0.05332779884338379,0,0,CORRECT
sbert,economics,12,0.6792213320732117,0.09922689199447632,0.1547192931175232,0,1,CORRECT
sbert,economics,10,0.7725468873977661,0.09781026840209961,0.1667095422744751,0,0,CORRECT
sbert,economics,11,0.5838937759399414,0.04649162292480469,0.10202780365943909,0,0,CORRECT
sbert,economics,14,0.747869074344635,0.054538846015930176,0.16738450527191162,0,0,INCORRECT
sbert,economics,16,0.6999988555908203,0.08644711971282959,0.21509170532226562,0,1,CORRECT
sbert,economics,17,0.7403910160064697,0.03289628028869629,0.08995366096496582,1,1,INCORRECT
sbert,economics,18,0.5908331274986267,0.09127676486968994,0.1692865490913391,1,1,INCORRECT
sbert,economics,19,0.6751254796981812,0.139970064163208,0.2642311453819275,0,0,CORRECT
sbert,economics,20,0.6588884592056274,0.060543835163116455,0.10854846239089966,0,0,INCORRECT
sbert,economics,21,0.6916909217834473,0.07093584537506104,0.12229293584823608,1,1,CORRECT
sbert,economics,22,0.7339720726013184,0.0702059268951416,0.12569046020507812,1,1,CORRECT
sbert,economics,23,0.5844742655754089,0.05858689546585083,0.10435616970062256,0,0,INCORRECT
sbert,economics,24,0.5576896071434021,0.03156965970993042,0.11413145065307617,0,0,CORRECT
sbert,economics,26,0.6292309761047363,0.021187186241149902,0.07657790184020996,1,1,CORRECT
sbert,economics,27,0.7871929407119751,0.014629542827606201,0.10478067398071289,0,1,CORRECT
sbert,economics,25,0.7142457962036133,0.08176255226135254,0.16804438829421997,1,1,CORRECT
sbert,economics,28,0.7066352367401123,0.0972059965133667,0.16723918914794922,1,1,CORRECT
sbert,economics,33,0.7777202129364014,0.07738935947418213,0.215984046459198,0,1,CORRECT
sbert,economics,29,0.7110123634338379,0.09165620803833008,0.2146393060684204,1,1,CORRECT
sbert,economics,30,0.52196204662323,0.03663092851638794,0.09600743651390076,0,0,INCORRECT
sbert,economics,34,0.6142898201942444,0.026530802249908447,0.05623960494995117,1,1,CORRECT
sbert,economics,31,0.6791763305664062,0.035759806632995605,0.19370582699775696,0,0,INCORRECT
sbert,economics,32,0.6004171371459961,0.0972365140914917,0.16009259223937988,1,1,CORRECT
sbert,economics,35,0.6675865650177002,0.09765064716339111,0.13450086116790771,0,0,CORRECT
sbert,economics,41,0.6962717771530151,0.06772643327713013,0.1261235475540161,0,1,INCORRECT
sbert,economics,37,0.7554518580436707,0.031222045421600342,0.13352221250534058,0,0,CORRECT
sbert,economics,36,0.6208012104034424,0.07353270053863525,0.13330483436584473,0,1,CORRECT
sbert,economics,38,0.5836061239242554,0.049995481967926025,0.1414465308189392,1,1,CORRECT
sbert,economics,44,0.5770877003669739,0.0114670991897583,0.03772610425949097,0,0,CORRECT
sbert,economics,39,0.6969789266586304,0.04372870922088623,0.1273491382598877,0,1,CORRECT
sbert,economics,42,0.5968117713928223,0.024463534355163574,0.09301024675369263,1,1,CORRECT
sbert,economics,43,0.602135181427002,0.022523880004882812,0.06243276596069336,0,0,INCORRECT
sbert,economics,40,0.7396631240844727,0.06273680925369263,0.14169186353683472,0,0,CORRECT
sbert,economics,50,0.6443869471549988,0.03273427486419678,0.09648573398590088,0,0,INCORRECT
sbert,economics,45,0.691385805606842,0.04850953817367554,0.13369828462600708,0,0,INCORRECT
sbert,economics,46,0.6570216417312622,0.18792271614074707,0.2585966885089874,1,1,CORRECT
sbert,economics,47,0.6645209193229675,0.027397453784942627,0.12254887819290161,0,0,CORRECT
sbert,economics,53,0.6366199851036072,0.05166018009185791,0.11891299486160278,0,0,CORRECT
sbert,economics,48,0.76082444190979,0.0430830717086792,0.11321651935577393,0,0,INCORRECT
sbert,economics,49,0.6390159130096436,0.11148619651794434,0.21593928337097168,1,1,INCORRECT
sbert,economics,62,0.7545179128646851,0.09883344173431396,0.2058110237121582,0,0,CORRECT
sbert,economics,54,0.7001396417617798,0.07752549648284912,0.17332834005355835,0,0,INCORRECT
sbert,economics,66,0.7696433067321777,0.046251535415649414,0.14441239833831787,0,0,INCORRECT
sbert,economics,52,0.6967227458953857,0.012282729148864746,0.1019139289855957,0,1,CORRECT
sbert,economics,55,0.658930778503418,0.05917412042617798,0.14978325366973877,1,1,CORRECT
sbert,economics,56,0.6597999930381775,0.16016870737075806,0.23274394869804382,1,1,CORRECT
sbert,economics,57,0.475045770406723,0.032103121280670166,0.06918147206306458,0,0,CORRECT
sbert,economics,58,0.7054017782211304,0.0529942512512207,0.11854374408721924,0,0,CORRECT
sbert,economics,63,0.676084041595459,0.06349611282348633,0.192559152841568,0,0,INCORRECT
sbert,economics,59,0.6225854754447937,0.032139599323272705,0.06928586959838867,0,0,CORRECT
sbert,economics,61,0.694619357585907,0.041209399700164795,0.13050061464309692,0,0,CORRECT
sbert,economics,60,0.672187089920044,0.02182912826538086,0.11921459436416626,1,1,CORRECT
sbert,economics,64,0.47936004400253296,0.021166592836380005,0.112078458070755,1,1,CORRECT
sbert,economics,65,0.5592466592788696,0.04657179117202759,0.14100298285484314,1,1,INCORRECT
sbert,economics,67,0.6360092163085938,0.0659182071685791,0.13806381821632385,0,0,CORRECT
sbert,economics,68,0.466455340385437,0.0369105339050293,0.12083303928375244,1,1,CORRECT
sbert,economics,69,0.6215763092041016,0.02343529462814331,0.11350768804550171,0,1,INCORRECT
sbert,economics,78,0.547531247138977,0.03588956594467163,0.07592612504959106,0,1,CORRECT
sbert,economics,72,0.5636555552482605,0.09086066484451294,0.13601469993591309,0,1,CORRECT
sbert,economics,71,0.6520758867263794,0.07959109544754028,0.1422368884086609,0,0,CORRECT
sbert,economics,70,0.6422682404518127,0.08272725343704224,0.19611647725105286,0,1,CORRECT
sbert,economics,81,0.5940884351730347,0.017948508262634277,0.1010073721408844,0,0,CORRECT
sbert,economics,74,0.5470901727676392,0.06559094786643982,0.1251024603843689,0,0,CORRECT
sbert,economics,73,0.5971090793609619,0.04738354682922363,0.11798587441444397,0,1,CORRECT
sbert,economics,75,0.6317194700241089,0.027715086936950684,0.08652567863464355,1,1,CORRECT
sbert,economics,77,0.5823469161987305,0.07793444395065308,0.14631366729736328,0,0,INCORRECT
sbert,economics,76,0.6584532260894775,0.06513118743896484,0.21797508001327515,0,0,INCORRECT
sbert,economics,79,0.6203089952468872,0.01736927032470703,0.06710755825042725,1,1,CORRECT
sbert,economics,80,0.7507497072219849,0.14235162734985352,0.28825390338897705,0,0,CORRECT
sbert,economics,87,0.5608464479446411,0.02904200553894043,0.08696749806404114,0,0,CORRECT
sbert,economics,82,0.6192076206207275,0.1185297966003418,0.17655158042907715,0,0,CORRECT
sbert,economics,93,0.634710431098938,0.06368547677993774,0.16583919525146484,1,1,INCORRECT
sbert,economics,83,0.642913818359375,0.04591548442840576,0.0984233021736145,0,1,CORRECT
sbert,economics,90,0.6970893144607544,0.026268482208251953,0.12227439880371094,0,0,CORRECT
sbert,economics,86,0.6977278590202332,0.03182154893875122,0.11271041631698608,0,0,INCORRECT
sbert,economics,96,0.621788740158081,0.06050705909729004,0.11572736501693726,1,1,CORRECT
sbert,economics,84,0.6495589017868042,0.03452789783477783,0.10693478584289551,1,1,CORRECT
sbert,economics,85,0.7141578197479248,0.15420299768447876,0.2683306336402893,1,1,CORRECT
sbert,economics,88,0.631187379360199,0.11499476432800293,0.18638288974761963,0,0,CORRECT
sbert,economics,89,0.6005886793136597,0.086650550365448,0.17287617921829224,1,1,CORRECT
sbert,economics,91,0.7198171019554138,0.05217701196670532,0.14993220567703247,0,0,INCORRECT
sbert,economics,92,0.6049676537513733,0.06498736143112183,0.17417913675308228,1,1,CORRECT
sbert,economics,95,0.6362779140472412,0.08821827173233032,0.18474864959716797,1,1,CORRECT
sbert,economics,94,0.676180362701416,0.0521811842918396,0.10112285614013672,0,0,CORRECT
sbert,economics,97,0.6152349710464478,0.02465081214904785,0.12553191184997559,0,0,INCORRECT
sbert,economics,102,0.5966602563858032,0.05357968807220459,0.12800580263137817,0,0,INCORRECT
sbert,economics,98,0.736661434173584,0.07562839984893799,0.18711692094802856,0,1,CORRECT
sbert,economics,99,0.5162643194198608,0.03567877411842346,0.0996256172657013,0,0,CORRECT
sbert,economics,100,0.644501268863678,0.06931167840957642,0.13683956861495972,0,0,INCORRECT
sbert,economics,101,0.7452548742294312,0.04801583290100098,0.1954498291015625,0,0,INCORRECT
sbert,leetcode,0,0.8252547979354858,0.17555224895477295,0.30482184886932373,1,1,CORRECT
sbert,leetcode,1,0.8065435886383057,0.23843175172805786,0.35639506578445435,1,1,INCORRECT
sbert,leetcode,2,0.8464678525924683,0.2888902425765991,0.4169115424156189,1,1,INCORRECT
sbert,leetcode,3,0.8178901672363281,0.23714172840118408,0.28451836109161377,1,1,CORRECT
sbert,leetcode,4,0.7358729839324951,0.16711974143981934,0.22905373573303223,0,0,INCORRECT
sbert,leetcode,6,0.8589253425598145,0.24720633029937744,0.308799147605896,1,1,CORRECT
sbert,leetcode,7,0.7409565448760986,0.16945457458496094,0.2948378026485443,0,0,INCORRECT
sbert,leetcode,8,0.6694450378417969,0.06018531322479248,0.11494243144989014,0,0,INCORRECT
sbert,leetcode,5,0.8692031502723694,0.2384970784187317,0.2870904803276062,1,1,CORRECT
sbert,leetcode,9,0.845862627029419,0.33231353759765625,0.3810097277164459,1,1,CORRECT
sbert,leetcode,10,0.5915340781211853,0.020551025867462158,0.04749858379364014,0,0,CORRECT
sbert,leetcode,11,0.7513399124145508,0.24741846323013306,0.35083839297294617,0,0,CORRECT
sbert,leetcode,12,0.5685997009277344,0.07487130165100098,0.13800635933876038,0,0,INCORRECT
sbert,leetcode,13,0.7085670232772827,0.046959877014160156,0.11984109878540039,0,0,CORRECT
sbert,leetcode,14,0.7742394804954529,0.2107728123664856,0.2631896138191223,1,1,CORRECT
sbert,leetcode,15,0.7202481627464294,0.053950607776641846,0.11595577001571655,1,1,CORRECT
sbert,leetcode,16,0.6916552782058716,0.10044974088668823,0.16418790817260742,0,0,CORRECT
sbert,leetcode,17,0.7476093769073486,0.1804739236831665,0.23498952388763428,1,1,CORRECT
sbert,leetcode,18,0.7668614387512207,0.23995983600616455,0.3163093328475952,1,1,CORRECT
sbert,leetcode,19,0.6621036529541016,0.0949089527130127,0.16947412490844727,0,0,INCORRECT
sbert,leetcode,20,0.7496812343597412,0.1579498052597046,0.2241033911705017,0,0,CORRECT
sbert,leetcode,22,0.6261624097824097,0.08561432361602783,0.15214860439300537,1,1,CORRECT
sbert,leetcode,21,0.7153357267379761,0.13588058948516846,0.20026445388793945,1,1,CORRECT
sbert,leetcode,23,0.6383403539657593,0.08356118202209473,0.12286549806594849,0,0,CORRECT
sbert,leetcode,29,0.707574725151062,0.036894261837005615,0.13743501901626587,1,1,CORRECT
sbert,leetcode,24,0.6888926029205322,0.04884260892868042,0.11268281936645508,1,1,CORRECT
sbert,leetcode,25,0.653231143951416,0.07205164432525635,0.13291966915130615,0,0,CORRECT
sbert,leetcode,27,0.6987439393997192,0.06474971771240234,0.1166108250617981,0,0,CORRECT
sbert,leetcode,26,0.7546007633209229,0.043667495250701904,0.23414063453674316,0,1,CORRECT
sbert,leetcode,28,0.5986450910568237,0.043825507164001465,0.08281993865966797,0,0,INCORRECT
sbert,leetcode,31,0.7447217702865601,0.19242751598358154,0.23244833946228027,1,1,INCORRECT
sbert,leetcode,30,0.6087057590484619,0.028079986572265625,0.08621007204055786,1,1,CORRECT
sbert,leetcode,32,0.6106345057487488,0.019849002361297607,0.05466872453689575,0,0,CORRECT
sbert,leetcode,33,0.7489422559738159,0.10563838481903076,0.15404880046844482,1,1,CORRECT
sbert,leetcode,34,0.7571971416473389,0.1122855544090271,0.20477914810180664,1,1,CORRECT
sbert,leetcode,35,0.6349210739135742,0.07225310802459717,0.11578094959259033,0,0,CORRECT
sbert,leetcode,36,0.667245626449585,0.02515566349029541,0.08427262306213379,0,0,CORRECT
sbert,leetcode,37,0.7133261561393738,0.044067442417144775,0.10294944047927856,1,1,CORRECT
sbert,leetcode,38,0.6178989410400391,0.053748250007629395,0.10940462350845337,0,0,INCORRECT
sbert,leetcode,39,0.6647603511810303,0.030194759368896484,0.10382050275802612,0,1,CORRECT
sbert,leetcode,40,0.707809329032898,0.09412491321563721,0.16041457653045654,1,1,CORRECT
sbert,leetcode,41,0.7047308683395386,0.039877355098724365,0.1071884036064148,1,1,INCORRECT
sbert,leetcode,42,0.759138822555542,0.11522424221038818,0.2046210765838623,1,1,CORRECT
sbert,leetcode,43,0.8298931121826172,0.1766144037246704,0.25029468536376953,1,1,INCORRECT
sbert,leetcode,44,0.7447883486747742,0.14340358972549438,0.19339591264724731,0,0,CORRECT
sbert,leetcode,46,0.7257620692253113,0.05840998888015747,0.1162453293800354,1,1,INCORRECT
sbert,leetcode,45,0.7320556044578552,0.09928888082504272,0.1343631148338318,0,0,INCORRECT
sbert,economics,51,0.727118968963623,0.08719944953918457,0.13342976570129395,0,0,INCORRECT
sbert,leetcode,48,0.6584904193878174,0.03046262264251709,0.1007537841796875,1,1,CORRECT
sbert,leetcode,47,0.6541658639907837,0.008911728858947754,0.05594909191131592,0,0,CORRECT
sbert,leetcode,50,0.7698379755020142,0.09159409999847412,0.16737329959869385,1,1,CORRECT
sbert,leetcode,51,0.6403037905693054,0.057415902614593506,0.1229662299156189,1,1,CORRECT
sbert,leetcode,49,0.668287456035614,0.03713506460189819,0.09063094854354858,0,0,CORRECT
sbert,leetcode,52,0.7910545468330383,0.16032791137695312,0.23082774877548218,0,1,INCORRECT
sbert,leetcode,53,0.7695717215538025,0.09007340669631958,0.20235806703567505,1,1,CORRECT
sbert,leetcode,54,0.7008349895477295,0.09392011165618896,0.15999674797058105,1,1,CORRECT
sbert,leetcode,55,0.675072193145752,0.039571404457092285,0.13016283512115479,0,0,CORRECT
sbert,leetcode,56,0.8567280173301697,0.14526867866516113,0.2890945076942444,0,0,INCORRECT
sbert,leetcode,57,0.6190183162689209,0.019863784313201904,0.048210322856903076,0,0,INCORRECT
sbert,leetcode,58,0.8051847815513611,0.05690973997116089,0.214352548122406,1,1,CORRECT
sbert,leetcode,59,0.7151237726211548,0.10962450504302979,0.16834032535552979,0,0,INCORRECT
sbert,leetcode,60,0.7790534496307373,0.06082296371459961,0.16340196132659912,0,1,INCORRECT
sbert,leetcode,61,0.7183545827865601,0.01833951473236084,0.09627103805541992,0,0,INCORRECT
sbert,leetcode,62,0.8711609840393066,0.08579474687576294,0.29405003786087036,1,1,CORRECT
sbert,leetcode,63,0.5968708395957947,0.048642098903656006,0.0895090103149414,0,0,INCORRECT
sbert,leetcode,64,0.6329153776168823,0.06453019380569458,0.12528473138809204,0,1,CORRECT
sbert,leetcode,66,0.561352014541626,0.029746830463409424,0.06134575605392456,0,0,CORRECT
sbert,leetcode,65,0.7493047714233398,0.23431932926177979,0.2973724603652954,1,1,CORRECT
sbert,leetcode,67,0.848931074142456,0.1421375870704651,0.26482057571411133,1,1,CORRECT
sbert,leetcode,69,0.5591431856155396,0.030124664306640625,0.07496190071105957,0,0,CORRECT
sbert,leetcode,70,0.63288414478302,0.034503281116485596,0.08583509922027588,1,1,CORRECT
sbert,leetcode,68,0.6118451356887817,0.03887593746185303,0.08653151988983154,0,0,CORRECT
sbert,leetcode,71,0.5906037092208862,0.020992636680603027,0.07916426658630371,0,1,CORRECT
sbert,leetcode,72,0.6089601516723633,0.016487836837768555,0.047204017639160156,0,0,CORRECT
sbert,leetcode,73,0.7362369298934937,0.07130765914916992,0.13237488269805908,0,1,CORRECT
sbert,leetcode,74,0.6549731492996216,0.017054319381713867,0.06670832633972168,0,0,INCORRECT
sbert,leetcode,75,0.5467234253883362,0.01373511552810669,0.05669963359832764,0,0,CORRECT
sbert,leetcode,76,0.6291518211364746,0.028626680374145508,0.0662735104560852,0,0,CORRECT
sbert,leetcode,77,0.7549941539764404,0.1434265375137329,0.19056105613708496,0,1,CORRECT
sbert,leetcode,78,0.7962878942489624,0.11019372940063477,0.2034054398536682,0,1,CORRECT
sbert,leetcode,79,0.7628880143165588,0.13849514722824097,0.1919116973876953,1,1,CORRECT
sbert,leetcode,80,0.8221026659011841,0.22823911905288696,0.28847116231918335,1,1,CORRECT
sbert,leetcode,83,0.7203667163848877,0.1030576229095459,0.14698505401611328,1,1,INCORRECT
sbert,leetcode,82,0.7077838182449341,0.027844667434692383,0.11367762088775635,0,1,INCORRECT
sbert,leetcode,81,0.7180193662643433,0.0456581711769104,0.14747381210327148,1,1,INCORRECT
sbert,leetcode,85,0.659687876701355,0.09073746204376221,0.163596510887146,1,1,CORRECT
sbert,leetcode,86,0.5962601900100708,0.032873570919036865,0.07646387815475464,0,0,CORRECT
sbert,leetcode,84,0.6121563911437988,0.037915945053100586,0.07969379425048828,0,0,INCORRECT
sbert,leetcode,87,0.7931812405586243,0.19859671592712402,0.24410992860794067,0,0,CORRECT
sbert,leetcode,88,0.7639548778533936,0.061336517333984375,0.1924508810043335,0,1,CORRECT
sbert,leetcode,89,0.6712074875831604,0.05118030309677124,0.09542405605316162,0,0,CORRECT
sbert,leetcode,92,0.7765658497810364,0.08267098665237427,0.17357170581817627,0,1,INCORRECT
sbert,leetcode,91,0.7325727343559265,0.06708568334579468,0.1388019323348999,0,0,CORRECT
sbert,leetcode,90,0.7080496549606323,0.03015720844268799,0.10196852684020996,1,1,CORRECT
sbert,leetcode,94,0.7266356348991394,0.06338191032409668,0.13644874095916748,0,0,CORRECT
sbert,leetcode,95,0.6575433015823364,0.06845563650131226,0.12909311056137085,0,1,CORRECT
sbert,leetcode,93,0.5930326581001282,0.02587193250656128,0.05715852975845337,0,0,CORRECT
sbert,leetcode,96,0.7364770174026489,0.09828460216522217,0.16572344303131104,1,1,INCORRECT
sbert,leetcode,97,0.6752163171768188,0.01827526092529297,0.09229624271392822,0,1,INCORRECT
sbert,leetcode,99,0.8002774119377136,0.24372124671936035,0.2808527946472168,1,1,CORRECT
sbert,leetcode,98,0.7455441951751709,0.14570462703704834,0.19708621501922607,1,1,CORRECT
sbert,leetcode,102,0.703505277633667,0.17429643869400024,0.20203828811645508,0,0,CORRECT
sbert,leetcode,100,0.65809166431427,0.054699838161468506,0.09382790327072144,0,1,INCORRECT
sbert,leetcode,101,0.7699694633483887,0.1898207664489746,0.24550771713256836,0,0,CORRECT
sbert,leetcode,103,0.8502330780029297,0.2242680788040161,0.29445159435272217,1,1,CORRECT
sbert,leetcode,104,0.6370431184768677,0.028756439685821533,0.06777787208557129,0,0,INCORRECT
sbert,leetcode,105,0.831824779510498,0.25848984718322754,0.29356610774993896,0,0,CORRECT
sbert,leetcode,106,0.6303303837776184,0.03199416399002075,0.1086168885231018,0,0,CORRECT
sbert,leetcode,107,0.6769294738769531,0.04582017660140991,0.0865166187286377,0,0,CORRECT
sbert,leetcode,108,0.6200195550918579,0.041260719299316406,0.07137811183929443,0,0,CORRECT
sbert,leetcode,109,0.5087916851043701,0.029208004474639893,0.06514525413513184,0,0,INCORRECT
sbert,leetcode,111,0.6803114414215088,0.03760266304016113,0.09914577007293701,0,0,INCORRECT
sbert,leetcode,110,0.6456552743911743,0.05615067481994629,0.11169970035552979,0,0,CORRECT
sbert,leetcode,112,0.6813453435897827,0.03422212600708008,0.12379950284957886,0,0,INCORRECT
sbert,leetcode,114,0.6852421760559082,0.05981886386871338,0.1195409893989563,0,0,CORRECT
sbert,leetcode,113,0.5726507902145386,0.016817033290863037,0.06651538610458374,0,0,CORRECT
sbert,leetcode,115,0.7104692459106445,0.05525565147399902,0.11750149726867676,0,0,INCORRECT
sbert,leetcode,116,0.7218807935714722,0.1490558385848999,0.19950199127197266,1,1,CORRECT
sbert,leetcode,118,0.7498100996017456,0.11966419219970703,0.21446001529693604,0,0,CORRECT
sbert,leetcode,117,0.7814866304397583,0.09778058528900146,0.1720489263534546,0,1,CORRECT
sbert,leetcode,119,0.656693160533905,0.029210984706878662,0.1071627140045166,0,1,INCORRECT
sbert,leetcode,120,0.7993726134300232,0.19130700826644897,0.2316839098930359,0,0,INCORRECT
sbert,leetcode,121,0.6436154842376709,0.06789255142211914,0.10505211353302002,1,1,CORRECT
sbert,leetcode,122,0.610413670539856,0.027991175651550293,0.06133532524108887,1,1,CORRECT
sbert,leetcode,124,0.6683511734008789,0.08299791812896729,0.1338093876838684,0,0,CORRECT
sbert,leetcode,123,0.9066326022148132,0.16641968488693237,0.2555003762245178,1,1,CORRECT
sbert,leetcode,126,0.796592652797699,0.032703697681427,0.16389721632003784,0,1,CORRECT
sbert,leetcode,125,0.7778900265693665,0.24412721395492554,0.29108747839927673,1,1,INCORRECT
sbert,leetcode,127,0.7478066086769104,0.09600716829299927,0.21096009016036987,0,0,CORRECT
sbert,leetcode,128,0.7304407954216003,0.02323681116104126,0.10096102952957153,1,1,CORRECT
sbert,leetcode,131,0.6790991425514221,0.04563939571380615,0.12059575319290161,0,0,INCORRECT
sbert,leetcode,130,0.6296029090881348,0.03421318531036377,0.08301925659179688,0,1,CORRECT
sbert,leetcode,129,0.6049652099609375,0.04758095741271973,0.08041554689407349,1,1,CORRECT
sbert,leetcode,133,0.6156958937644958,0.047619402408599854,0.09558117389678955,0,1,INCORRECT
sbert,leetcode,134,0.6314701437950134,0.04982370138168335,0.1191720962524414,0,0,CORRECT
sbert,leetcode,132,0.7233785390853882,0.13655441999435425,0.1797894835472107,1,1,CORRECT
sbert,leetcode,135,0.8266500234603882,0.09081602096557617,0.19484829902648926,0,1,CORRECT
sbert,leetcode,136,0.5647130608558655,0.03920871019363403,0.07348313927650452,0,0,CORRECT
sbert,pony,0,0.5834400653839111,0.09575766324996948,0.13089513778686523,1,1,CORRECT
sbert,leetcode,137,0.6608837842941284,0.06040078401565552,0.10743331909179688,1,1,INCORRECT
sbert,leetcode,139,0.6011245250701904,0.02833724021911621,0.06442320346832275,0,0,INCORRECT
sbert,leetcode,140,0.6906942129135132,0.057581543922424316,0.12316787242889404,1,1,INCORRECT
sbert,leetcode,138,0.5465312600135803,0.07309108972549438,0.11574387550354004,0,0,CORRECT
sbert,leetcode,141,0.6515988111495972,0.03783518075942993,0.0978248119354248,0,0,INCORRECT
sbert,pony,1,0.5143864750862122,0.035948336124420166,0.07189488410949707,0,1,CORRECT
sbert,pony,2,0.6037651300430298,0.040973961353302,0.09093445539474487,1,1,INCORRECT
sbert,pony,3,0.617985725402832,0.09396827220916748,0.1638031005859375,0,1,INCORRECT
sbert,pony,5,0.468967080116272,0.016968190670013428,0.04715538024902344,0,0,CORRECT
sbert,pony,4,0.5430011749267578,0.04503351449966431,0.08476632833480835,0,0,CORRECT
sbert,pony,6,0.5132937431335449,0.06464487314224243,0.09534817934036255,0,1,INCORRECT
sbert,pony,7,0.5467970371246338,0.03983664512634277,0.0997677743434906,0,1,INCORRECT
sbert,pony,8,0.6563135385513306,0.040396690368652344,0.1662406325340271,0,0,CORRECT
sbert,pony,9,0.546568751335144,0.039349377155303955,0.07619684934616089,1,1,CORRECT
sbert,pony,10,0.5117951035499573,0.02806311845779419,0.057233333587646484,0,0,CORRECT
sbert,pony,18,0.5814934968948364,0.04339337348937988,0.10725194215774536,1,1,CORRECT
sbert,pony,11,0.5159555673599243,0.015631496906280518,0.08661910891532898,0,0,INCORRECT
sbert,pony,12,0.5463310480117798,0.06280988454818726,0.12715929746627808,1,1,CORRECT
sbert,pony,15,0.4706103205680847,0.018738359212875366,0.06796842813491821,0,0,INCORRECT
sbert,pony,14,0.608741044998169,0.04879045486450195,0.10481327772140503,0,0,CORRECT
sbert,pony,16,0.6347473859786987,0.10146176815032959,0.15236186981201172,0,0,CORRECT
sbert,pony,17,0.541551947593689,0.03161954879760742,0.05809399485588074,1,1,CORRECT
sbert,pony,13,0.5288709402084351,0.03307902812957764,0.08901810646057129,1,1,CORRECT
sbert,pony,19,0.5878064632415771,0.023426473140716553,0.1214609444141388,0,0,CORRECT
sbert,pony,20,0.5522249937057495,0.015968501567840576,0.06266063451766968,1,1,CORRECT
sbert,pony,23,0.5733485221862793,0.08529931306838989,0.15314584970474243,1,1,CORRECT
sbert,pony,21,0.5673474669456482,0.03548794984817505,0.08829039335250854,1,1,CORRECT
sbert,pony,22,0.5192712545394897,0.025786787271499634,0.06916916370391846,1,1,CORRECT
sbert,pony,24,0.6489784121513367,0.11935776472091675,0.19916316866874695,1,1,CORRECT
sbert,pony,34,0.6796596050262451,0.13997644186019897,0.1940854787826538,0,0,CORRECT
sbert,pony,29,0.6235278844833374,0.07999712228775024,0.1509561538696289,0,1,CORRECT
sbert,pony,25,0.4238428771495819,0.008081406354904175,0.037429630756378174,0,0,INCORRECT
sbert,pony,27,0.5145289301872253,0.05399584770202637,0.08307474851608276,1,1,CORRECT
sbert,pony,26,0.5697150230407715,0.02617466449737549,0.06706047058105469,1,1,CORRECT
sbert,pony,28,0.524600625038147,0.047089457511901855,0.08800017833709717,0,1,INCORRECT
sbert,pony,33,0.6381680965423584,0.05534631013870239,0.17484170198440552,0,1,INCORRECT
sbert,pony,31,0.5601781010627747,0.08638724684715271,0.13545379042625427,0,0,INCORRECT
sbert,pony,32,0.5469951629638672,0.029082834720611572,0.08655107021331787,1,1,CORRECT
sbert,pony,30,0.5621791481971741,0.011518716812133789,0.050607144832611084,0,1,CORRECT
sbert,pony,36,0.5943912863731384,0.06329184770584106,0.1123306155204773,1,1,CORRECT
sbert,pony,42,0.6305306553840637,0.05486553907394409,0.12135320901870728,1,1,CORRECT
sbert,pony,35,0.54375159740448,0.03829693794250488,0.09817779064178467,1,1,INCORRECT
sbert,pony,37,0.6792707443237305,0.1175031065940857,0.20775988698005676,0,1,CORRECT
sbert,pony,40,0.5009714961051941,0.04156413674354553,0.07332473993301392,1,1,CORRECT
sbert,pony,38,0.5746614336967468,0.0303613543510437,0.07786118984222412,0,1,INCORRECT
sbert,pony,39,0.5506527423858643,0.06100201606750488,0.12925374507904053,0,1,INCORRECT
sbert,pony,41,0.6105341911315918,0.14599788188934326,0.18861424922943115,0,1,CORRECT
sbert,pony,44,0.629155158996582,0.06460881233215332,0.13590377569198608,0,0,CORRECT
sbert,pony,43,0.578425407409668,0.04628252983093262,0.11454164981842041,0,0,INCORRECT
sbert,pony,48,0.6745767593383789,0.07771927118301392,0.15665382146835327,1,1,CORRECT
sbert,pony,51,0.5851831436157227,0.03596210479736328,0.08860981464385986,0,1,CORRECT
sbert,pony,45,0.6104806661605835,0.03544449806213379,0.0832587480545044,0,1,INCORRECT
sbert,pony,46,0.5882276296615601,0.06282985210418701,0.13493049144744873,1,1,CORRECT
sbert,pony,47,0.5082716345787048,0.0875931978225708,0.1364538073539734,0,0,CORRECT
sbert,pony,49,0.5431250333786011,0.07650291919708252,0.11667740345001221,0,1,INCORRECT
sbert,pony,50,0.5618327856063843,0.006561875343322754,0.09370625019073486,0,1,INCORRECT
sbert,pony,59,0.6571835279464722,0.08538424968719482,0.1730532944202423,0,0,CORRECT
sbert,pony,52,0.5643693208694458,0.05042356252670288,0.09113055467605591,0,0,INCORRECT
sbert,pony,53,0.5521557331085205,0.027963757514953613,0.09855177998542786,0,0,INCORRECT
sbert,pony,56,0.5660691261291504,0.04888200759887695,0.0989857017993927,0,1,CORRECT
sbert,pony,58,0.5539539456367493,0.05824875831604004,0.0989319384098053,0,1,CORRECT
sbert,pony,57,0.5038354396820068,0.04710662364959717,0.09827744960784912,0,1,CORRECT
sbert,pony,55,0.5383155941963196,0.04862600564956665,0.08684217929840088,0,1,CORRECT
sbert,pony,54,0.5914434194564819,0.04643237590789795,0.08015429973602295,0,0,CORRECT
sbert,pony,62,0.5206599235534668,0.012650847434997559,0.03636831045150757,1,1,INCORRECT
sbert,pony,61,0.6053516864776611,0.04892909526824951,0.13632327318191528,0,1,INCORRECT
sbert,pony,60,0.5675456523895264,0.06839925050735474,0.0996624231338501,0,0,CORRECT
sbert,pony,63,0.6874651312828064,0.07552224397659302,0.20027431845664978,0,0,INCORRECT
sbert,pony,64,0.5001875162124634,0.031979143619537354,0.07636556029319763,0,0,INCORRECT
sbert,pony,65,0.6047036647796631,0.15703433752059937,0.19545936584472656,0,0,CORRECT
sbert,pony,66,0.5266003608703613,0.047791898250579834,0.0910104513168335,0,1,CORRECT
sbert,pony,67,0.4939115345478058,0.025522083044052124,0.07058766484260559,0,1,INCORRECT
sbert,pony,68,0.5148704051971436,0.030307352542877197,0.06862115859985352,0,0,CORRECT
sbert,pony,73,0.5660232305526733,0.034172773361206055,0.08134770393371582,0,0,CORRECT
sbert,pony,69,0.5409384965896606,0.017088770866394043,0.06718206405639648,1,1,INCORRECT
sbert,pony,70,0.5053774118423462,0.0414084792137146,0.0853438675403595,0,0,INCORRECT
sbert,pony,77,0.5736010074615479,0.03913569450378418,0.09065809845924377,0,0,CORRECT
sbert,pony,71,0.5261377096176147,0.04408073425292969,0.08605390787124634,0,0,INCORRECT
sbert,pony,72,0.6052834987640381,0.07043039798736572,0.15520793199539185,0,0,INCORRECT
sbert,pony,74,0.5400553941726685,0.08749914169311523,0.129680335521698,0,0,INCORRECT
sbert,pony,75,0.6196479201316833,0.07241767644882202,0.12354916334152222,0,0,INCORRECT
sbert,pony,76,0.5080505609512329,0.009474635124206543,0.07407867908477783,0,0,INCORRECT
sbert,pony,78,0.5449098348617554,0.04214596748352051,0.07216820120811462,0,1,INCORRECT
sbert,pony,79,0.5875076055526733,0.0824924111366272,0.15303874015808105,0,1,CORRECT
sbert,pony,80,0.594765841960907,0.10037368535995483,0.16148656606674194,0,1,INCORRECT
sbert,pony,81,0.6147435903549194,0.06195777654647827,0.1307443380355835,0,1,CORRECT
sbert,pony,82,0.4967257082462311,0.05594140291213989,0.10850408673286438,0,0,CORRECT
sbert,pony,83,0.4940341114997864,0.03743910789489746,0.08136391639709473,1,1,CORRECT
sbert,pony,84,0.5111474990844727,0.025747328996658325,0.08057045936584473,0,0,CORRECT
sbert,pony,86,0.5874528884887695,0.08327347040176392,0.12285178899765015,0,1,CORRECT
sbert,pony,85,0.4974266290664673,0.018187135457992554,0.070556640625,0,1,INCORRECT
sbert,pony,87,0.5889744758605957,0.03172653913497925,0.11190035939216614,0,0,INCORRECT
sbert,pony,88,0.6196258664131165,0.05657541751861572,0.10405278205871582,0,0,CORRECT
sbert,pony,89,0.4815618395805359,0.023019731044769287,0.04697537422180176,0,1,CORRECT
sbert,pony,90,0.5355641841888428,0.05001235008239746,0.09816849231719971,0,0,INCORRECT
sbert,pony,91,0.6350753307342529,0.08180105686187744,0.1646263599395752,0,1,INCORRECT
sbert,pony,92,0.6172747015953064,0.02464437484741211,0.09793108701705933,0,1,INCORRECT
sbert,pony,93,0.555233895778656,0.06025892496109009,0.09871804714202881,1,1,INCORRECT
sbert,pony,94,0.5174727439880371,0.01810377836227417,0.057643353939056396,0,0,INCORRECT
sbert,pony,97,0.6176575422286987,0.07191336154937744,0.14365702867507935,0,1,CORRECT
sbert,pony,95,0.5097659230232239,0.04049846529960632,0.08910936117172241,0,1,CORRECT
sbert,pony,96,0.5543363094329834,0.06353005766868591,0.10894554853439331,0,0,INCORRECT
sbert,pony,99,0.4485011696815491,0.019891023635864258,0.0635787844657898,0,1,INCORRECT
sbert,pony,100,0.5752074718475342,0.09741878509521484,0.13454991579055786,1,1,INCORRECT
sbert,pony,98,0.5901657938957214,0.020529568195343018,0.08331608772277832,0,0,CORRECT
sbert,pony,108,0.48346012830734253,0.022606253623962402,0.05532795190811157,0,0,CORRECT
sbert,pony,105,0.5977641344070435,0.020781636238098145,0.08519911766052246,0,1,CORRECT
sbert,pony,101,0.5065116882324219,0.04138478636741638,0.0669143795967102,1,1,CORRECT
sbert,pony,102,0.4436926245689392,0.028070002794265747,0.04904714226722717,1,1,INCORRECT
sbert,pony,103,0.5647375583648682,0.02242368459701538,0.0883798599243164,1,1,CORRECT
sbert,pony,106,0.5122687816619873,0.02187037467956543,0.06739139556884766,0,0,INCORRECT
sbert,pony,107,0.598312497138977,0.06350606679916382,0.1595349907875061,0,1,CORRECT
sbert,pony,104,0.5982200503349304,0.09976458549499512,0.1499268114566803,1,1,INCORRECT
sbert,pony,109,0.516340434551239,0.029333531856536865,0.05845656991004944,0,0,INCORRECT
sbert,pony,110,0.5795999765396118,0.0921373963356018,0.14585822820663452,0,1,CORRECT
sbert,psychology,12,0.6368354558944702,0.06271851062774658,0.1174478530883789,1,1,CORRECT
sbert,psychology,1,0.4699188470840454,0.09232014417648315,0.13863009214401245,1,1,INCORRECT
sbert,pony,111,0.5552125573158264,0.05291640758514404,0.08802014589309692,0,0,CORRECT
sbert,psychology,9,0.6870774030685425,0.0946420431137085,0.1735372543334961,1,1,CORRECT
sbert,psychology,11,0.5433756709098816,0.0696071982383728,0.12372195720672607,0,0,INCORRECT
sbert,psychology,0,0.5858323574066162,0.05025064945220947,0.10104307532310486,0,0,CORRECT
sbert,psychology,7,0.6862151026725769,0.04717564582824707,0.10258603096008301,0,0,INCORRECT
sbert,psychology,3,0.6845519542694092,0.09876060485839844,0.16946148872375488,0,0,CORRECT
sbert,psychology,2,0.6641727685928345,0.05532431602478027,0.1419740915298462,1,1,CORRECT
sbert,psychology,4,0.630151093006134,0.09867972135543823,0.15630638599395752,0,0,CORRECT
sbert,psychology,17,0.572630763053894,0.03638535737991333,0.068459153175354,0,0,INCORRECT
sbert,psychology,5,0.7280473709106445,0.15555155277252197,0.2463119626045227,0,0,CORRECT
sbert,psychology,6,0.6438884139060974,0.04290670156478882,0.08567577600479126,0,0,CORRECT
sbert,psychology,8,0.6366013884544373,0.07381820678710938,0.18311214447021484,0,1,CORRECT
sbert,psychology,10,0.6708760857582092,0.02728968858718872,0.1157381534576416,1,1,CORRECT
sbert,psychology,18,0.723993182182312,0.010533928871154785,0.14821362495422363,0,0,CORRECT
sbert,psychology,23,0.8006279468536377,0.11467254161834717,0.19755131006240845,0,0,INCORRECT
sbert,psychology,20,0.5627155303955078,0.06108212471008301,0.1127123236656189,0,1,INCORRECT
sbert,psychology,13,0.7339872121810913,0.04836028814315796,0.13406574726104736,1,1,INCORRECT
sbert,psychology,14,0.7143657207489014,0.032748281955718994,0.11431622505187988,0,0,CORRECT
sbert,psychology,15,0.47990572452545166,0.024521589279174805,0.05439049005508423,0,1,CORRECT
sbert,psychology,16,0.6711927652359009,0.05567491054534912,0.1635192632675171,0,0,CORRECT
sbert,psychology,19,0.8061060905456543,0.111086905002594,0.3802570700645447,1,1,CORRECT
sbert,psychology,22,0.7433947324752808,0.04062831401824951,0.15368366241455078,0,0,CORRECT
sbert,psychology,21,0.6152775287628174,0.02581167221069336,0.11436212062835693,0,0,CORRECT
sbert,psychology,24,0.6725740432739258,0.06921076774597168,0.128068208694458,0,0,CORRECT
sbert,psychology,27,0.7004618644714355,0.07262873649597168,0.13927596807479858,0,0,INCORRECT
sbert,psychology,25,0.5768500566482544,0.03602898120880127,0.14572536945343018,1,1,CORRECT
sbert,psychology,33,0.657143235206604,0.05476868152618408,0.10722696781158447,0,0,CORRECT
sbert,psychology,26,0.7353600263595581,0.1605117917060852,0.2789115607738495,0,1,CORRECT
sbert,psychology,31,0.6941866874694824,0.08361166715621948,0.2694203853607178,1,1,CORRECT
sbert,psychology,28,0.5145879983901978,0.038648128509521484,0.09297925233840942,1,1,CORRECT
sbert,psychology,29,0.6193915605545044,0.04488968849182129,0.08639144897460938,0,1,INCORRECT
sbert,psychology,30,0.6476500630378723,0.031486570835113525,0.12429296970367432,1,1,CORRECT
sbert,psychology,43,0.73382568359375,0.10915911197662354,0.1842881441116333,0,1,CORRECT
sbert,psychology,38,0.5955161452293396,0.041984617710113525,0.13350600004196167,0,0,CORRECT
sbert,psychology,32,0.6609120965003967,0.07650381326675415,0.1284685730934143,0,0,CORRECT
sbert,psychology,36,0.5934467315673828,0.016077816486358643,0.07831680774688721,0,0,CORRECT
sbert,psychology,35,0.6792028546333313,0.08223313093185425,0.20018601417541504,1,1,CORRECT
sbert,psychology,34,0.7328442335128784,0.014955282211303711,0.06494230031967163,0,0,CORRECT
sbert,psychology,48,0.6735289096832275,0.12168896198272705,0.1847778558731079,1,1,CORRECT
sbert,psychology,37,0.7529914379119873,0.05065572261810303,0.1233372688293457,1,1,CORRECT
sbert,psychology,39,0.5594413876533508,0.08503103256225586,0.10918319225311279,0,0,INCORRECT
sbert,psychology,41,0.6104252338409424,0.0906217098236084,0.1403762698173523,1,1,INCORRECT
sbert,psychology,40,0.7249401211738586,0.0713491439819336,0.1955176591873169,0,0,CORRECT
sbert,psychology,42,0.7933288216590881,0.03868967294692993,0.1080777645111084,0,1,CORRECT
sbert,psychology,45,0.5727501511573792,0.09739267826080322,0.15541177988052368,0,1,CORRECT
sbert,psychology,44,0.6681544780731201,0.020055055618286133,0.09430265426635742,0,0,INCORRECT
sbert,psychology,51,0.5996688604354858,0.17131537199020386,0.21853840351104736,1,1,CORRECT
sbert,psychology,47,0.5878698229789734,0.06397014856338501,0.13374266028404236,1,1,CORRECT
sbert,psychology,46,0.6387524008750916,0.02610105276107788,0.05388444662094116,1,1,CORRECT
sbert,psychology,50,0.5935246348381042,0.03492534160614014,0.08656686544418335,1,1,CORRECT
sbert,psychology,49,0.7157810926437378,0.05146878957748413,0.1147339940071106,0,0,INCORRECT
sbert,psychology,58,0.6618061661720276,0.03262597322463989,0.07720732688903809,0,0,CORRECT
sbert,psychology,55,0.604881763458252,0.07428884506225586,0.17080765962600708,0,0,CORRECT
sbert,psychology,61,0.6692314147949219,0.09797060489654541,0.15636950731277466,1,1,CORRECT
sbert,psychology,53,0.6548516154289246,0.07231372594833374,0.1379641890525818,0,0,CORRECT
sbert,psychology,52,0.6698846817016602,0.04742753505706787,0.10640066862106323,0,1,INCORRECT
sbert,psychology,54,0.6441662907600403,0.03473097085952759,0.09350031614303589,0,0,CORRECT
sbert,psychology,62,0.6195819973945618,0.10120201110839844,0.18229544162750244,0,1,CORRECT
sbert,psychology,59,0.7487938404083252,0.015784144401550293,0.17972439527511597,0,1,CORRECT
sbert,psychology,57,0.7290621995925903,0.010390162467956543,0.18092143535614014,1,1,CORRECT
sbert,psychology,56,0.5012917518615723,0.06723636388778687,0.09843730926513672,0,1,CORRECT
sbert,psychology,60,0.6711286306381226,0.029010415077209473,0.06991469860076904,0,0,CORRECT
sbert,psychology,63,0.6121911406517029,0.07063096761703491,0.13499021530151367,0,0,INCORRECT
sbert,psychology,66,0.6897585391998291,0.025977730751037598,0.12849652767181396,1,1,CORRECT
sbert,psychology,64,0.4286613464355469,0.05912339687347412,0.11502715945243835,0,0,INCORRECT
sbert,psychology,65,0.6239489316940308,0.04388833045959473,0.10475027561187744,0,1,CORRECT
sbert,psychology,77,0.5279413461685181,0.058667659759521484,0.14085453748703003,0,0,INCORRECT
sbert,psychology,67,0.6453394889831543,0.04945862293243408,0.1322472095489502,1,1,CORRECT
sbert,psychology,70,0.5415201187133789,0.012329339981079102,0.07331669330596924,0,0,INCORRECT
sbert,psychology,68,0.6876389980316162,0.0198591947555542,0.1743970513343811,1,1,CORRECT
sbert,psychology,69,0.6465288400650024,0.03264045715332031,0.11326026916503906,0,0,CORRECT
sbert,psychology,72,0.5463787317276001,0.023427963256835938,0.07592302560806274,1,1,CORRECT
sbert,psychology,71,0.7354525327682495,0.03944629430770874,0.09921598434448242,1,1,CORRECT
sbert,psychology,73,0.6454477310180664,0.024356722831726074,0.0767669677734375,0,0,CORRECT
sbert,psychology,74,0.594643235206604,0.043470144271850586,0.08984917402267456,1,1,CORRECT
sbert,psychology,75,0.7982572317123413,0.12023162841796875,0.2599068880081177,0,0,INCORRECT
sbert,psychology,83,0.7020395994186401,0.01439577341079712,0.11002492904663086,0,0,INCORRECT
sbert,psychology,76,0.638852596282959,0.017331242561340332,0.08684992790222168,1,1,CORRECT
sbert,psychology,81,0.5254632234573364,0.034059226512908936,0.09920331835746765,0,0,INCORRECT
sbert,psychology,78,0.5858848690986633,0.022325336933135986,0.06284183263778687,0,0,CORRECT
sbert,psychology,79,0.7750644087791443,0.10748082399368286,0.2419661283493042,1,1,CORRECT
sbert,psychology,82,0.5435193777084351,0.053734034299850464,0.10856223106384277,0,0,CORRECT
sbert,psychology,80,0.6835476160049438,0.0764772891998291,0.1533510684967041,1,1,CORRECT
sbert,psychology,86,0.7176040410995483,0.11214792728424072,0.3104934096336365,1,1,CORRECT
sbert,psychology,85,0.6844875812530518,0.04350924491882324,0.20292529463768005,0,1,CORRECT
sbert,psychology,84,0.649493932723999,0.022186875343322754,0.12325239181518555,1,1,CORRECT
sbert,psychology,87,0.6170097589492798,0.027248382568359375,0.0812767744064331,1,1,CORRECT
sbert,psychology,88,0.6566617488861084,0.05750882625579834,0.12770545482635498,1,1,CORRECT
sbert,psychology,89,0.6434834003448486,0.05033689737319946,0.1105150580406189,0,0,INCORRECT
sbert,psychology,90,0.7408427596092224,0.05942052602767944,0.24481284618377686,0,1,CORRECT
sbert,psychology,95,0.5899638533592224,0.028427839279174805,0.07691097259521484,0,0,CORRECT
sbert,psychology,94,0.6146334409713745,0.03293585777282715,0.07398438453674316,0,0,INCORRECT
sbert,psychology,91,0.6613360643386841,0.04471445083618164,0.1406189203262329,1,1,CORRECT
sbert,psychology,92,0.6321736574172974,0.04221951961517334,0.11368733644485474,1,1,CORRECT
sbert,psychology,93,0.4711114764213562,0.05264553427696228,0.10406669974327087,0,0,CORRECT
sbert,psychology,97,0.5383755564689636,0.04793816804885864,0.09889829158782959,1,1,CORRECT
sbert,psychology,96,0.46782150864601135,0.0181388258934021,0.05884891748428345,0,0,CORRECT
sbert,psychology,98,0.5620471239089966,0.02829200029373169,0.08393755555152893,0,0,CORRECT
sbert,psychology,99,0.7208561897277832,0.15613830089569092,0.2127138376235962,0,0,INCORRECT
sbert,robotics,10,0.5900784730911255,0.03681540489196777,0.08370208740234375,0,1,INCORRECT
sbert,psychology,100,0.6496297121047974,0.05625438690185547,0.15263834595680237,0,0,INCORRECT
sbert,robotics,5,0.641654372215271,0.06692385673522949,0.12465935945510864,0,0,CORRECT
sbert,robotics,0,0.7486356496810913,0.07437288761138916,0.12856757640838623,0,0,CORRECT
sbert,robotics,1,0.5915735363960266,0.03771167993545532,0.0772351622581482,0,0,INCORRECT
sbert,robotics,3,0.683908998966217,0.07425248622894287,0.13956516981124878,0,0,INCORRECT
sbert,robotics,4,0.6430001258850098,0.013213634490966797,0.1076364517211914,0,0,CORRECT
sbert,robotics,2,0.7441660761833191,0.04164248704910278,0.08991450071334839,0,1,CORRECT
sbert,robotics,7,0.6394703388214111,0.03771299123764038,0.1125633716583252,0,0,CORRECT
sbert,robotics,6,0.7238411903381348,0.05961453914642334,0.1307935118675232,0,0,CORRECT
sbert,robotics,8,0.6968387365341187,0.07243883609771729,0.17373937368392944,1,1,CORRECT
sbert,robotics,14,0.5893551111221313,0.05967855453491211,0.12305891513824463,0,0,INCORRECT
sbert,robotics,15,0.6769646406173706,0.04623448848724365,0.10933536291122437,0,0,INCORRECT
sbert,robotics,9,0.5940842628479004,0.040860891342163086,0.10387161374092102,0,0,INCORRECT
sbert,robotics,13,0.6744437217712402,0.0644000768661499,0.0911443829536438,0,0,CORRECT
sbert,robotics,11,0.7419105768203735,0.0688442587852478,0.1410861611366272,0,0,CORRECT
sbert,robotics,12,0.638991117477417,0.050029635429382324,0.0918763279914856,1,1,CORRECT
sbert,robotics,16,0.6473811268806458,0.04582923650741577,0.12525933980941772,0,0,CORRECT
sbert,robotics,21,0.6950521469116211,0.11400479078292847,0.16502678394317627,0,0,INCORRECT
sbert,robotics,17,0.7565057873725891,0.02426016330718994,0.09951317310333252,0,0,CORRECT
sbert,robotics,18,0.773507833480835,0.08180445432662964,0.12685346603393555,1,1,CORRECT
sbert,robotics,19,0.6160092353820801,0.05163371562957764,0.1307140588760376,0,0,CORRECT
sbert,robotics,20,0.6993178129196167,0.05019688606262207,0.12242895364761353,1,1,CORRECT
sbert,robotics,22,0.4006976783275604,0.028474092483520508,0.12196189165115356,0,0,CORRECT
sbert,robotics,28,0.7397910952568054,0.03167372941970825,0.12693113088607788,0,0,INCORRECT
sbert,robotics,30,0.7440727949142456,0.061525702476501465,0.11193257570266724,0,0,INCORRECT
sbert,robotics,25,0.603785514831543,0.04609811305999756,0.131372332572937,0,1,INCORRECT
sbert,robotics,23,0.7230097651481628,0.050832927227020264,0.12238872051239014,0,1,CORRECT
sbert,robotics,24,0.6602014303207397,0.047820091247558594,0.09786105155944824,0,1,INCORRECT
sbert,robotics,26,0.8169020414352417,0.08497893810272217,0.15412664413452148,1,1,CORRECT
sbert,robotics,27,0.7240614891052246,0.05266594886779785,0.1958754062652588,1,1,CORRECT
sbert,robotics,29,0.7047693729400635,0.06859934329986572,0.13370943069458008,0,0,INCORRECT
sbert,robotics,31,0.6128409504890442,0.03652447462081909,0.07193195819854736,0,1,CORRECT
sbert,robotics,34,0.6950199604034424,0.05033469200134277,0.11361348628997803,0,0,INCORRECT
sbert,robotics,32,0.690941333770752,0.09150832891464233,0.14424699544906616,0,0,CORRECT
sbert,robotics,44,0.6119346022605896,0.031469762325286865,0.07244116067886353,0,0,INCORRECT
sbert,robotics,33,0.6777924299240112,0.03127861022949219,0.08537602424621582,0,0,CORRECT
sbert,robotics,35,0.6153513193130493,0.04870373010635376,0.09779542684555054,0,0,CORRECT
sbert,robotics,36,0.6054000854492188,0.025537490844726562,0.058182358741760254,1,1,CORRECT
sbert,robotics,37,0.683983564376831,0.0440220832824707,0.12045150995254517,0,0,CORRECT
sbert,robotics,38,0.7673873901367188,0.08052575588226318,0.162223219871521,1,1,CORRECT
sbert,robotics,39,0.6818445324897766,0.03358954191207886,0.11295121908187866,1,1,CORRECT
sbert,robotics,40,0.6591736078262329,0.014534354209899902,0.06636273860931396,0,1,CORRECT
sbert,robotics,42,0.6145150661468506,0.058605730533599854,0.09364336729049683,0,0,INCORRECT
sbert,robotics,41,0.7387530207633972,0.03862041234970093,0.052832186222076416,0,0,CORRECT
sbert,robotics,43,0.7109113931655884,0.03135943412780762,0.09721064567565918,0,1,CORRECT
sbert,robotics,45,0.7499127388000488,0.06133753061294556,0.15025991201400757,1,1,CORRECT
sbert,robotics,46,0.6245982050895691,0.030305802822113037,0.09587526321411133,0,0,INCORRECT
sbert,robotics,47,0.6416187286376953,0.02817404270172119,0.06342107057571411,1,1,CORRECT
sbert,robotics,49,0.7636802196502686,0.036699652671813965,0.10589742660522461,1,1,CORRECT
sbert,robotics,48,0.6599599719047546,0.03463447093963623,0.05568039417266846,0,0,CORRECT
sbert,robotics,51,0.698569118976593,0.06397420167922974,0.12010723352432251,0,0,CORRECT
sbert,robotics,50,0.6522170901298523,0.05064767599105835,0.0942808985710144,0,1,INCORRECT
sbert,robotics,52,0.6687411069869995,0.042325735092163086,0.08591747283935547,0,0,CORRECT
sbert,robotics,53,0.6379711627960205,0.024173617362976074,0.08074021339416504,0,0,CORRECT
sbert,robotics,54,0.6499792337417603,0.05490785837173462,0.12380915880203247,0,0,CORRECT
sbert,robotics,55,0.7559030055999756,0.04718339443206787,0.078296959400177,0,0,CORRECT
sbert,robotics,56,0.630622148513794,0.061968326568603516,0.10494035482406616,0,0,INCORRECT
sbert,robotics,57,0.7340615391731262,0.020411312580108643,0.06293278932571411,0,0,INCORRECT
sbert,robotics,59,0.676929771900177,0.04078596830368042,0.10664647817611694,1,1,CORRECT
sbert,robotics,60,0.5846664905548096,0.015549182891845703,0.07041501998901367,0,0,CORRECT
sbert,robotics,58,0.7783204317092896,0.09892570972442627,0.21452951431274414,0,0,CORRECT
sbert,robotics,61,0.803900957107544,0.11072409152984619,0.2955572009086609,0,0,INCORRECT
sbert,robotics,72,0.6527087688446045,0.046953439712524414,0.09662115573883057,0,0,CORRECT
sbert,robotics,62,0.790898323059082,0.13961398601531982,0.20371150970458984,0,0,CORRECT
sbert,robotics,63,0.7880421280860901,0.037362754344940186,0.15603286027908325,0,1,CORRECT
sbert,robotics,64,0.7137945890426636,0.06902039051055908,0.1196780800819397,0,1,CORRECT
sbert,robotics,75,0.7662129998207092,0.09327822923660278,0.20150989294052124,0,1,CORRECT
sbert,robotics,65,0.6774738430976868,0.030080318450927734,0.05863833427429199,0,1,CORRECT
sbert,robotics,67,0.6409415602684021,0.053962886333465576,0.09884536266326904,0,0,CORRECT
sbert,robotics,66,0.6789083480834961,0.025211691856384277,0.11832517385482788,0,1,CORRECT
sbert,robotics,68,0.6749346256256104,0.11947047710418701,0.20166617631912231,1,1,CORRECT
sbert,robotics,71,0.6200381517410278,0.017011523246765137,0.0630444884300232,0,1,CORRECT
sbert,robotics,73,0.7602716088294983,0.06347483396530151,0.17559248208999634,0,1,INCORRECT
sbert,robotics,69,0.690584659576416,0.09252309799194336,0.14255982637405396,1,1,CORRECT
sbert,robotics,70,0.6864981651306152,0.03648364543914795,0.09061300754547119,1,1,CORRECT
sbert,robotics,77,0.7057759761810303,0.04394996166229248,0.1347419023513794,0,0,INCORRECT
sbert,robotics,76,0.640857458114624,0.019599974155426025,0.07442104816436768,0,0,CORRECT
sbert,robotics,74,0.7542815804481506,0.04367309808731079,0.09088510274887085,0,0,INCORRECT
sbert,robotics,80,0.7593869566917419,0.01619952917098999,0.08876127004623413,0,0,CORRECT
sbert,robotics,78,0.7186543345451355,0.07065987586975098,0.16979199647903442,1,1,CORRECT
sbert,robotics,79,0.6778611540794373,0.04703313112258911,0.09845829010009766,0,0,CORRECT
sbert,robotics,81,0.7030891180038452,0.012376487255096436,0.10765993595123291,0,0,CORRECT
sbert,robotics,92,0.5900466442108154,0.06649518013000488,0.1612669825553894,0,0,CORRECT
sbert,robotics,87,0.6953117847442627,0.05907881259918213,0.12987256050109863,0,0,CORRECT
sbert,robotics,84,0.7189093828201294,0.12069648504257202,0.16877758502960205,1,1,CORRECT
sbert,robotics,85,0.6953288316726685,0.02264273166656494,0.0874984860420227,0,1,INCORRECT
sbert,robotics,88,0.6611875295639038,0.07468020915985107,0.13651788234710693,0,0,CORRECT
sbert,robotics,86,0.6861735582351685,0.05514216423034668,0.12825506925582886,0,0,CORRECT
sbert,robotics,83,0.7433881759643555,0.08955246210098267,0.18375420570373535,0,1,CORRECT
sbert,robotics,89,0.7082980871200562,0.02217245101928711,0.04866647720336914,0,1,CORRECT
sbert,robotics,90,0.6624668836593628,0.04342132806777954,0.07457345724105835,0,1,INCORRECT
sbert,robotics,82,0.6215372681617737,0.074643075466156,0.1271800398826599,0,0,CORRECT
sbert,robotics,91,0.6283923387527466,0.06263524293899536,0.15631353855133057,1,1,CORRECT
sbert,robotics,93,0.8695138692855835,0.25227493047714233,0.3119618892669678,1,1,CORRECT
sbert,stackoverflow,0,0.6031002998352051,0.002875089645385742,0.04756438732147217,0,1,INCORRECT
sbert,robotics,94,0.725203275680542,0.07816547155380249,0.15185141563415527,0,1,CORRECT
sbert,robotics,95,0.6411281824111938,0.05058443546295166,0.13062721490859985,0,0,CORRECT
sbert,robotics,96,0.6213560104370117,0.037605881690979004,0.11693060398101807,0,0,INCORRECT
sbert,robotics,98,0.6299535036087036,0.06125825643539429,0.10043060779571533,0,0,INCORRECT
sbert,robotics,99,0.6048396825790405,0.017015814781188965,0.10918188095092773,0,1,INCORRECT
sbert,robotics,97,0.6823916435241699,0.043659329414367676,0.08578836917877197,0,0,CORRECT
sbert,stackoverflow,5,0.6101670265197754,0.03719127178192139,0.08006405830383301,0,0,CORRECT
sbert,stackoverflow,1,0.6106512546539307,0.0221136212348938,0.05485856533050537,0,0,INCORRECT
sbert,stackoverflow,4,0.6161754131317139,0.0695573091506958,0.13555467128753662,0,0,CORRECT
sbert,stackoverflow,2,0.5714874863624573,0.03101634979248047,0.09890991449356079,0,0,CORRECT
sbert,robotics,100,0.6339117288589478,0.027720093727111816,0.0670243501663208,0,0,CORRECT
sbert,stackoverflow,6,0.5582924485206604,0.05760449171066284,0.09569975733757019,0,0,CORRECT
sbert,stackoverflow,3,0.5968940258026123,0.0377960205078125,0.0983736515045166,0,1,CORRECT
sbert,stackoverflow,7,0.5400142669677734,0.028882980346679688,0.08296141028404236,0,0,CORRECT
sbert,stackoverflow,8,0.5244609713554382,0.042416930198669434,0.09817779064178467,0,1,CORRECT
sbert,stackoverflow,9,0.6248911619186401,0.014325737953186035,0.12287652492523193,0,0,INCORRECT
sbert,stackoverflow,10,0.7645481824874878,0.029019653797149658,0.10564136505126953,0,1,CORRECT
sbert,stackoverflow,11,0.6910400986671448,0.035018980503082275,0.07758325338363647,0,0,INCORRECT
sbert,stackoverflow,12,0.6467877626419067,0.08036589622497559,0.10570687055587769,0,1,INCORRECT
sbert,stackoverflow,14,0.7209025621414185,0.11448824405670166,0.2105637788772583,0,1,CORRECT
sbert,stackoverflow,13,0.5827635526657104,0.02971440553665161,0.032553672790527344,0,0,CORRECT
sbert,stackoverflow,15,0.6533420085906982,0.04556894302368164,0.09235960245132446,0,0,CORRECT
sbert,stackoverflow,16,0.4604088068008423,0.033200979232788086,0.09488475322723389,0,0,CORRECT
sbert,stackoverflow,18,0.7382451891899109,0.08958739042282104,0.16335999965667725,0,0,CORRECT
sbert,stackoverflow,19,0.5386751890182495,0.04832693934440613,0.08573389053344727,0,0,CORRECT
sbert,stackoverflow,17,0.6306570768356323,0.009415924549102783,0.043561339378356934,0,0,CORRECT
sbert,stackoverflow,20,0.6563377976417542,0.04636180400848389,0.10991817712783813,0,0,CORRECT
sbert,stackoverflow,21,0.5727171897888184,0.05182945728302002,0.11961984634399414,0,0,CORRECT
sbert,stackoverflow,22,0.8332704305648804,0.026151657104492188,0.19182932376861572,0,0,INCORRECT
sbert,stackoverflow,23,0.6995526552200317,0.14623379707336426,0.24854877591133118,0,1,CORRECT
sbert,stackoverflow,24,0.6774170994758606,0.06873363256454468,0.09786021709442139,0,0,CORRECT
sbert,stackoverflow,25,0.7087206840515137,0.04138988256454468,0.14763426780700684,0,0,CORRECT
sbert,stackoverflow,31,0.7059358954429626,0.10786890983581543,0.20253980159759521,1,1,CORRECT
sbert,stackoverflow,26,0.5614025592803955,0.03383755683898926,0.08354443311691284,0,0,INCORRECT
sbert,stackoverflow,27,0.8300999999046326,0.08307105302810669,0.274566113948822,0,0,INCORRECT
sbert,stackoverflow,28,0.6535561084747314,0.019422292709350586,0.1432023048400879,0,0,CORRECT
sbert,stackoverflow,29,0.6325000524520874,0.05900287628173828,0.1294856071472168,0,0,CORRECT
sbert,stackoverflow,30,0.7397982478141785,0.1096300482749939,0.1426967978477478,0,0,INCORRECT
sbert,stackoverflow,34,0.6954874992370605,0.11217570304870605,0.16884177923202515,1,1,CORRECT
sbert,stackoverflow,33,0.5678551197052002,0.02064061164855957,0.043650686740875244,0,0,CORRECT
sbert,stackoverflow,38,0.6230223178863525,0.06812560558319092,0.13587439060211182,0,1,INCORRECT
sbert,stackoverflow,36,0.7111653089523315,0.14084362983703613,0.25411397218704224,0,0,INCORRECT
sbert,stackoverflow,37,0.5625110268592834,0.04684180021286011,0.08383971452713013,0,0,CORRECT
sbert,stackoverflow,35,0.555483341217041,0.02419358491897583,0.058826714754104614,0,0,CORRECT
sbert,stackoverflow,32,0.6459887027740479,0.07593560218811035,0.15555334091186523,0,1,INCORRECT
sbert,stackoverflow,39,0.813900351524353,0.11477261781692505,0.22148871421813965,0,1,CORRECT
sbert,stackoverflow,40,0.6092435121536255,0.051182329654693604,0.14259207248687744,0,0,CORRECT
sbert,stackoverflow,47,0.8170331716537476,0.16753756999969482,0.3578041195869446,0,0,CORRECT
sbert,stackoverflow,41,0.7746490836143494,0.06687581539154053,0.14268988370895386,0,1,CORRECT
sbert,stackoverflow,42,0.4084547162055969,0.023172855377197266,0.08297538757324219,1,1,CORRECT
sbert,stackoverflow,44,0.6703608632087708,0.05925089120864868,0.1408795714378357,1,1,CORRECT
sbert,stackoverflow,45,0.6968588829040527,0.06955498456954956,0.11031460762023926,1,1,CORRECT
sbert,stackoverflow,43,0.6974980235099792,0.018970251083374023,0.06343591213226318,0,1,CORRECT
sbert,stackoverflow,46,0.5425509214401245,0.05662274360656738,0.10857146978378296,0,1,CORRECT
sbert,stackoverflow,49,0.6285794377326965,0.070118248462677,0.1305166482925415,0,1,CORRECT
sbert,stackoverflow,48,0.4873787760734558,0.03029155731201172,0.07791182398796082,1,1,CORRECT
sbert,stackoverflow,50,0.6755802631378174,0.08506119251251221,0.1947222650051117,0,0,CORRECT
sbert,stackoverflow,53,0.6234711408615112,0.038756728172302246,0.09978294372558594,0,0,CORRECT
sbert,stackoverflow,51,0.5649735927581787,0.06604564189910889,0.09114038944244385,0,0,CORRECT
sbert,stackoverflow,52,0.6188345551490784,0.03479045629501343,0.07983273267745972,1,1,CORRECT
sbert,stackoverflow,54,0.6235999464988708,0.03426915407180786,0.09394878149032593,0,1,CORRECT
sbert,stackoverflow,55,0.5781456828117371,0.09805601835250854,0.18584728240966797,0,0,CORRECT
sbert,stackoverflow,56,0.6934981942176819,0.032427191734313965,0.13478654623031616,0,1,CORRECT
sbert,stackoverflow,70,0.6643439531326294,0.022944211959838867,0.09008735418319702,0,0,CORRECT
sbert,stackoverflow,57,0.6482971906661987,0.07534492015838623,0.10606420040130615,0,0,CORRECT
sbert,stackoverflow,58,0.5635067224502563,0.02657151222229004,0.11306226253509521,0,0,CORRECT
sbert,stackoverflow,61,0.6473998427391052,0.05698704719543457,0.11185228824615479,0,1,CORRECT
sbert,stackoverflow,59,0.742796003818512,0.08130723237991333,0.18936628103256226,0,0,INCORRECT
sbert,stackoverflow,60,0.589287519454956,0.0930899977684021,0.15019220113754272,0,0,CORRECT
sbert,stackoverflow,62,0.5941908359527588,0.05880779027938843,0.12048488855361938,0,1,CORRECT
sbert,stackoverflow,72,0.668426513671875,0.04882657527923584,0.1228991150856018,0,1,CORRECT
sbert,stackoverflow,63,0.6697183847427368,0.09539914131164551,0.19017186760902405,0,0,CORRECT
sbert,stackoverflow,64,0.6637263298034668,0.0575944185256958,0.15769368410110474,0,1,CORRECT
sbert,stackoverflow,69,0.5659035444259644,0.026099741458892822,0.11427372694015503,0,0,INCORRECT
sbert,stackoverflow,66,0.6786976456642151,0.042047083377838135,0.1019325852394104,0,0,CORRECT
sbert,stackoverflow,65,0.7755056619644165,0.09883320331573486,0.28739333152770996,0,0,CORRECT
sbert,stackoverflow,68,0.6562491059303284,0.026425302028656006,0.07765066623687744,0,0,CORRECT
sbert,stackoverflow,67,0.5752372741699219,0.05795395374298096,0.11999905109405518,0,1,CORRECT
sbert,stackoverflow,71,0.5817996263504028,0.07187819480895996,0.13951024413108826,0,1,CORRECT
sbert,stackoverflow,73,0.6755594611167908,0.08538538217544556,0.1597650647163391,0,0,INCORRECT
sbert,stackoverflow,74,0.6463953256607056,0.024454236030578613,0.07157254219055176,0,0,CORRECT
sbert,stackoverflow,75,0.6919904947280884,0.054146409034729004,0.15737837553024292,1,1,CORRECT
sbert,stackoverflow,77,0.814613938331604,0.057447075843811035,0.16834372282028198,0,0,INCORRECT
sbert,stackoverflow,78,0.572917103767395,0.026557445526123047,0.0861712396144867,0,0,INCORRECT
sbert,stackoverflow,76,0.5854299068450928,0.043685972690582275,0.10245048999786377,0,1,CORRECT
sbert,stackoverflow,82,0.587314248085022,0.06352025270462036,0.10188108682632446,1,1,CORRECT
sbert,stackoverflow,79,0.5218037962913513,0.01874840259552002,0.06542989611625671,0,1,CORRECT
sbert,stackoverflow,80,0.601341724395752,0.03208363056182861,0.13934326171875,0,0,CORRECT
sbert,stackoverflow,81,0.7134336233139038,0.17151468992233276,0.23377776145935059,0,0,INCORRECT
sbert,stackoverflow,86,0.6434226632118225,0.025222718715667725,0.1216968297958374,1,1,CORRECT
sbert,stackoverflow,83,0.5652228593826294,0.07481133937835693,0.13388407230377197,1,1,CORRECT
sbert,stackoverflow,84,0.5880548357963562,0.08920139074325562,0.16692283749580383,1,1,CORRECT
sbert,stackoverflow,85,0.5781564116477966,0.03215599060058594,0.10430669784545898,1,1,CORRECT
sbert,stackoverflow,87,0.7404265403747559,0.02700209617614746,0.1603044867515564,0,0,INCORRECT
sbert,stackoverflow,88,0.7993875741958618,0.13247668743133545,0.2647503614425659,1,1,CORRECT
sbert,stackoverflow,89,0.4969550371170044,0.022050201892852783,0.07590380311012268,0,1,CORRECT
sbert,stackoverflow,91,0.6439505219459534,0.04800677299499512,0.11860257387161255,0,1,CORRECT
sbert,stackoverflow,90,0.5860868096351624,0.05078238248825073,0.10533696413040161,0,1,CORRECT
sbert,stackoverflow,92,0.542282223701477,0.030816495418548584,0.06773707270622253,0,1,CORRECT
sbert,stackoverflow,93,0.7560807466506958,0.0518069863319397,0.19160640239715576,0,0,INCORRECT
sbert,stackoverflow,94,0.5763885974884033,0.023875832557678223,0.06613004207611084,0,0,CORRECT
sbert,stackoverflow,95,0.7779876589775085,0.1121717095375061,0.3024976849555969,0,0,CORRECT
sbert,stackoverflow,96,0.5405286550521851,0.05589833855628967,0.1038622260093689,0,0,CORRECT
sbert,stackoverflow,97,0.48389092087745667,0.06375846266746521,0.09122410416603088,0,1,CORRECT
sbert,stackoverflow,98,0.7577323317527771,0.09130895137786865,0.19936275482177734,0,1,INCORRECT
sbert,stackoverflow,99,0.5678192973136902,0.051622986793518066,0.10433661937713623,0,1,CORRECT
sbert,stackoverflow,100,0.7713757157325745,0.1110844612121582,0.25481289625167847,0,1,CORRECT
sbert,stackoverflow,102,0.7385711669921875,0.08088815212249756,0.20322740077972412,1,1,CORRECT
sbert,stackoverflow,101,0.70278000831604,0.038221776485443115,0.049659013748168945,0,0,CORRECT
sbert,stackoverflow,103,0.8112324476242065,0.23273587226867676,0.2948281764984131,0,1,CORRECT
sbert,stackoverflow,104,0.6466578245162964,0.050156354904174805,0.13889813423156738,0,1,CORRECT
sbert,stackoverflow,105,0.6621617674827576,0.022613525390625,0.09141349792480469,0,0,CORRECT
sbert,stackoverflow,106,0.5330655574798584,0.019661426544189453,0.09757351875305176,0,0,INCORRECT
sbert,stackoverflow,107,0.7637016773223877,0.10066795349121094,0.22781896591186523,1,1,CORRECT
sbert,stackoverflow,110,0.6133695840835571,0.0396803617477417,0.12779361009597778,0,1,CORRECT
sbert,stackoverflow,108,0.6511809229850769,0.1287345290184021,0.1621709167957306,0,1,CORRECT
sbert,stackoverflow,109,0.6564013361930847,0.0482100248336792,0.15125393867492676,0,0,CORRECT
sbert,stackoverflow,111,0.6067385077476501,0.08296430110931396,0.1316078007221222,1,1,CORRECT
sbert,stackoverflow,112,0.782662034034729,0.023123085498809814,0.07568812370300293,1,1,CORRECT
sbert,stackoverflow,113,0.6462081670761108,0.055189311504364014,0.15475994348526,0,0,INCORRECT
sbert,stackoverflow,115,0.5162051320075989,0.014397740364074707,0.07047244906425476,0,1,CORRECT
sbert,stackoverflow,114,0.6091147661209106,0.025038540363311768,0.09812557697296143,0,1,CORRECT
sbert,stackoverflow,116,0.6397609114646912,0.02363961935043335,0.11009961366653442,0,0,CORRECT
sbert,sustainable_living,0,0.7004245519638062,0.027982234954833984,0.10673415660858154,0,1,CORRECT
sbert,sustainable_living,1,0.552457332611084,0.040807485580444336,0.10317710041999817,0,1,INCORRECT
sbert,sustainable_living,4,0.5552204251289368,0.03019160032272339,0.06473073363304138,0,0,INCORRECT
sbert,sustainable_living,2,0.803548276424408,0.07352763414382935,0.15710574388504028,0,1,CORRECT
sbert,sustainable_living,8,0.6770058870315552,0.015385687351226807,0.09030592441558838,0,0,INCORRECT
sbert,sustainable_living,3,0.6288485527038574,0.012211382389068604,0.06267809867858887,1,1,CORRECT
sbert,sustainable_living,12,0.6407833099365234,0.05423712730407715,0.18735840916633606,0,0,INCORRECT
sbert,sustainable_living,13,0.6066752076148987,0.04861342906951904,0.08699041604995728,0,0,INCORRECT
sbert,sustainable_living,6,0.6472070217132568,0.03671467304229736,0.09070634841918945,0,1,CORRECT
sbert,sustainable_living,5,0.6647182703018188,0.11927002668380737,0.1812114715576172,0,0,CORRECT
sbert,sustainable_living,7,0.5948981046676636,0.038734257221221924,0.1149456799030304,0,0,CORRECT
sbert,sustainable_living,9,0.579390287399292,0.10845869779586792,0.16373050212860107,0,1,INCORRECT
sbert,sustainable_living,10,0.7041609287261963,0.11176598072052002,0.14944815635681152,0,0,INCORRECT
sbert,sustainable_living,11,0.69956374168396,0.01245427131652832,0.050822913646698,0,0,CORRECT
sbert,sustainable_living,19,0.7722973823547363,0.025588274002075195,0.054601430892944336,0,0,INCORRECT
sbert,sustainable_living,14,0.6231857538223267,0.025641560554504395,0.07009875774383545,0,0,INCORRECT
sbert,sustainable_living,17,0.6248345971107483,0.0627562403678894,0.12254965305328369,0,1,CORRECT
sbert,sustainable_living,16,0.7246271371841431,0.08420956134796143,0.2383730113506317,1,1,CORRECT
sbert,sustainable_living,15,0.6756160259246826,0.12446707487106323,0.19627809524536133,0,1,CORRECT
sbert,sustainable_living,18,0.5189929604530334,0.06174701452255249,0.14257091283798218,0,0,INCORRECT
sbert,sustainable_living,23,0.6871465444564819,0.027815937995910645,0.17870807647705078,0,1,INCORRECT
sbert,sustainable_living,20,0.5835303068161011,0.07705998420715332,0.13485145568847656,1,1,CORRECT
sbert,sustainable_living,24,0.6351038813591003,0.06331467628479004,0.12290126085281372,1,1,CORRECT
sbert,sustainable_living,21,0.6958814859390259,0.04823368787765503,0.13003301620483398,0,0,CORRECT
sbert,sustainable_living,22,0.6013864278793335,0.0760536789894104,0.09594959020614624,0,0,CORRECT
sbert,sustainable_living,33,0.5326586961746216,0.032653212547302246,0.11283594369888306,0,0,INCORRECT
sbert,sustainable_living,25,0.740264892578125,0.07341134548187256,0.13402950763702393,0,0,CORRECT
sbert,sustainable_living,35,0.543229341506958,0.05969640612602234,0.11143341660499573,1,1,INCORRECT
sbert,sustainable_living,29,0.6877559423446655,0.06402134895324707,0.14671951532363892,0,0,INCORRECT
sbert,sustainable_living,26,0.5874146223068237,0.01971268653869629,0.050591230392456055,1,1,CORRECT
sbert,sustainable_living,27,0.6159048080444336,0.04995870590209961,0.0883171558380127,0,0,CORRECT
sbert,sustainable_living,28,0.5977742671966553,0.025798797607421875,0.08655381202697754,1,1,CORRECT
sbert,sustainable_living,30,0.6264221668243408,0.08250796794891357,0.11329454183578491,1,1,CORRECT
sbert,sustainable_living,31,0.7400508522987366,0.15059274435043335,0.24261343479156494,1,1,CORRECT
sbert,sustainable_living,44,0.6833382844924927,0.05522346496582031,0.11430811882019043,0,0,CORRECT
sbert,sustainable_living,32,0.636520504951477,0.027368903160095215,0.11689692735671997,1,1,CORRECT
sbert,sustainable_living,41,0.5762573480606079,0.02807915210723877,0.06916689872741699,1,1,CORRECT
sbert,sustainable_living,34,0.6202137470245361,0.028403759002685547,0.0650484561920166,0,0,INCORRECT
sbert,sustainable_living,48,0.6748862266540527,0.05756545066833496,0.16182035207748413,0,1,INCORRECT
sbert,sustainable_living,47,0.611526608467102,0.05936551094055176,0.155309796333313,0,0,INCORRECT
sbert,sustainable_living,36,0.753693699836731,0.021638154983520508,0.10339784622192383,0,0,CORRECT
sbert,sustainable_living,37,0.5821713805198669,0.03674799203872681,0.09224861860275269,0,0,INCORRECT
sbert,sustainable_living,38,0.6104793548583984,0.022340476512908936,0.05781054496765137,0,1,CORRECT
sbert,sustainable_living,39,0.7800132036209106,0.04667729139328003,0.1274954080581665,1,1,CORRECT
sbert,sustainable_living,40,0.7259961366653442,0.10641193389892578,0.23840320110321045,1,1,CORRECT
sbert,sustainable_living,42,0.7038730382919312,0.05660295486450195,0.13248175382614136,1,1,CORRECT
sbert,sustainable_living,49,0.799943208694458,0.04492044448852539,0.12271952629089355,0,1,CORRECT
sbert,sustainable_living,43,0.6924952268600464,0.0855112075805664,0.21630209684371948,0,1,CORRECT
sbert,sustainable_living,45,0.7704824209213257,0.08390188217163086,0.16409409046173096,1,1,CORRECT
sbert,sustainable_living,46,0.7038213014602661,0.07562196254730225,0.14868974685668945,0,0,CORRECT
sbert,sustainable_living,51,0.6713888645172119,0.04267227649688721,0.14836782217025757,1,1,CORRECT
sbert,sustainable_living,60,0.6722628474235535,0.02136176824569702,0.08221954107284546,0,0,INCORRECT
sbert,sustainable_living,50,0.586434006690979,0.08481347560882568,0.14536860585212708,0,1,CORRECT
sbert,sustainable_living,63,0.6998946666717529,0.03878146409988403,0.09681850671768188,0,0,CORRECT
sbert,sustainable_living,52,0.6371359825134277,0.008746802806854248,0.0713115930557251,1,1,CORRECT
sbert,sustainable_living,53,0.6633093357086182,0.04993098974227905,0.10482239723205566,0,0,INCORRECT
sbert,sustainable_living,59,0.5648854374885559,0.03727799654006958,0.09623962640762329,0,0,INCORRECT
sbert,sustainable_living,67,0.6670914888381958,0.07352232933044434,0.15158134698867798,1,1,CORRECT
sbert,sustainable_living,54,0.7579836845397949,0.05884146690368652,0.15609443187713623,1,1,CORRECT
sbert,sustainable_living,55,0.630264937877655,0.011633574962615967,0.11604040861129761,1,1,CORRECT
sbert,sustainable_living,58,0.730461835861206,0.09094130992889404,0.19816845655441284,1,1,CORRECT
sbert,sustainable_living,56,0.8067824840545654,0.03572040796279907,0.11944413185119629,0,0,CORRECT
sbert,sustainable_living,57,0.7183668613433838,0.0596623420715332,0.15133154392242432,1,1,CORRECT
sbert,sustainable_living,70,0.649765133857727,0.010875821113586426,0.11813676357269287,0,1,INCORRECT
sbert,sustainable_living,69,0.6542820930480957,0.0359569787979126,0.12616795301437378,1,1,CORRECT
sbert,sustainable_living,61,0.5557266473770142,0.0397493839263916,0.10072687268257141,0,0,INCORRECT
sbert,sustainable_living,62,0.5517844557762146,0.005150139331817627,0.08813220262527466,0,1,CORRECT
sbert,sustainable_living,66,0.562186062335968,0.057350337505340576,0.10021764039993286,1,1,CORRECT
sbert,sustainable_living,65,0.6624730229377747,0.09881359338760376,0.172011137008667,1,1,INCORRECT
sbert,sustainable_living,64,0.659791886806488,0.1179468035697937,0.17001628875732422,0,1,CORRECT
sbert,sustainable_living,68,0.5802291631698608,0.023232758045196533,0.09038481116294861,0,0,CORRECT
sbert,sustainable_living,73,0.6355076432228088,0.02336496114730835,0.13481533527374268,1,1,CORRECT
sbert,sustainable_living,71,0.8024985790252686,0.0615847110748291,0.11009937524795532,0,0,CORRECT
sbert,sustainable_living,75,0.7533372640609741,0.06559234857559204,0.18072694540023804,0,0,INCORRECT
sbert,sustainable_living,74,0.6219621896743774,0.03565305471420288,0.07664191722869873,0,0,CORRECT
sbert,sustainable_living,72,0.7346867918968201,0.01788198947906494,0.14809876680374146,1,1,INCORRECT
sbert,sustainable_living,80,0.6152215003967285,0.07115936279296875,0.16335171461105347,0,0,INCORRECT
sbert,sustainable_living,76,0.6800533533096313,0.06636953353881836,0.13577735424041748,0,1,INCORRECT
sbert,sustainable_living,77,0.6969256401062012,0.06698393821716309,0.13399839401245117,0,1,INCORRECT
sbert,sustainable_living,78,0.7006216049194336,0.056451380252838135,0.15577161312103271,1,1,CORRECT
sbert,sustainable_living,79,0.5391854643821716,0.04554891586303711,0.12892884016036987,0,0,INCORRECT
sbert,sustainable_living,89,0.5665684938430786,0.04396772384643555,0.09477978944778442,0,0,INCORRECT
sbert,sustainable_living,83,0.762549102306366,0.10687625408172607,0.1600901484489441,1,1,CORRECT
sbert,sustainable_living,81,0.6521533131599426,0.06955403089523315,0.14755594730377197,0,0,CORRECT
sbert,sustainable_living,82,0.6726893782615662,0.060063838958740234,0.1870276927947998,1,1,CORRECT
sbert,sustainable_living,84,0.7372473478317261,0.029054641723632812,0.15745151042938232,0,1,INCORRECT
sbert,sustainable_living,85,0.7461221218109131,0.15352028608322144,0.2237027883529663,0,0,CORRECT
sbert,sustainable_living,91,0.6691317558288574,0.04306936264038086,0.1751929521560669,0,0,INCORRECT
sbert,sustainable_living,88,0.6179020404815674,0.056382060050964355,0.17354315519332886,0,0,INCORRECT
sbert,sustainable_living,86,0.8098593950271606,0.08175897598266602,0.23273974657058716,0,1,INCORRECT
sbert,sustainable_living,95,0.6596685647964478,0.11922216415405273,0.19707292318344116,1,1,CORRECT
sbert,sustainable_living,87,0.728489339351654,0.03757280111312866,0.11431390047073364,1,1,CORRECT
sbert,sustainable_living,94,0.6698601841926575,0.07114845514297485,0.10094219446182251,0,0,CORRECT
sbert,sustainable_living,90,0.7070097923278809,0.0407450795173645,0.14820170402526855,0,0,INCORRECT
sbert,sustainable_living,92,0.6485280990600586,0.13688123226165771,0.1799210011959076,0,0,INCORRECT
sbert,sustainable_living,93,0.7558197975158691,0.03844892978668213,0.1328752040863037,0,0,INCORRECT
sbert,sustainable_living,96,0.7301703691482544,0.07543432712554932,0.2053283452987671,1,1,CORRECT
sbert,sustainable_living,105,0.7208086252212524,0.04009449481964111,0.10929977893829346,0,0,INCORRECT
sbert,sustainable_living,101,0.7737388014793396,0.09868067502975464,0.20238667726516724,0,1,INCORRECT
sbert,sustainable_living,97,0.7017438411712646,0.0508040189743042,0.11889612674713135,0,0,INCORRECT
sbert,sustainable_living,98,0.7518247365951538,0.05107474327087402,0.17038124799728394,0,0,INCORRECT
sbert,sustainable_living,100,0.6230099201202393,0.06891846656799316,0.141689270734787,0,0,CORRECT
sbert,sustainable_living,99,0.6879868507385254,0.0783071517944336,0.18970495462417603,0,0,INCORRECT
sbert,sustainable_living,103,0.7698750495910645,0.016872048377990723,0.13480055332183838,1,1,CORRECT
sbert,sustainable_living,107,0.5736277103424072,0.02327561378479004,0.06005394458770752,0,1,INCORRECT
sbert,sustainable_living,104,0.8010920286178589,0.0812903642654419,0.12761181592941284,0,0,INCORRECT
sbert,sustainable_living,102,0.659857988357544,0.055106401443481445,0.1759125292301178,0,0,INCORRECT
sbert,sustainable_living,106,0.6798919439315796,0.04008018970489502,0.10970306396484375,0,0,INCORRECT
sbert,theoremqa_questions,TheoremQA_jianyu_xu/pigeonhole_3.json,0.5918424129486084,0.019869625568389893,0.03276705741882324,0,0,CORRECT
sbert,theoremqa_questions,TheoremQA_elainewan/math_calculus_5_2.json,0.7116889953613281,0.014941692352294922,0.046259284019470215,0,0,INCORRECT
sbert,theoremqa_questions,TheoremQA_jianyu_xu/pigeonhole_2.json,0.5179603099822998,0.02458012104034424,0.05174863338470459,0,0,CORRECT
sbert,theoremqa_questions,TheoremQA_maxku/cv-imageprocessing6-histogram.json,0.5326758623123169,0.07269293069839478,0.09674030542373657,0,0,INCORRECT
sbert,theoremqa_questions,TheoremQA_elainewan/math_algebra_1.json,0.656711995601654,0.01029425859451294,0.04945439100265503,0,0,INCORRECT
sbert,theoremqa_questions,TheoremQA_xinyi/rotation.json,0.6480138301849365,0.020887434482574463,0.05079483985900879,0,0,INCORRECT
sbert,theoremqa_questions,TheoremQA_wenhuchen/definite_matrix1.json,0.48254045844078064,0.052158743143081665,0.1270308792591095,1,1,CORRECT
sbert,theoremqa_questions,TheoremQA_wenhuchen/eigen_value1.json,0.48103803396224976,0.02209264039993286,0.053141891956329346,0,0,INCORRECT
sbert,theoremqa_questions,TheoremQA_wenhuchen/optics2.json,0.6186360716819763,0.10629981756210327,0.15982845425605774,1,1,INCORRECT
sbert,theoremqa_questions,TheoremQA_xueguangma/future_value_2.json,0.7951229810714722,0.039028823375701904,0.06822478771209717,0,0,INCORRECT
sbert,theoremqa_questions,TheoremQA_elainewan/math_algebra_1_2.json,0.587883710861206,0.023977577686309814,0.06747162342071533,0,0,CORRECT
sbert,theoremqa_questions,TheoremQA_wenhuchen/L'Hôpital_rule1.json,0.5594948530197144,0.03747636079788208,0.07736876606941223,0,0,CORRECT
sbert,theoremqa_questions,TheoremQA_elainewan/math_algebra_4.json,0.4143604338169098,0.014687329530715942,0.05922165513038635,1,1,CORRECT
sbert,theoremqa_questions,TheoremQA_wenhuchen/optics7.json,0.6795393824577332,0.11327338218688965,0.1905490756034851,1,1,INCORRECT
sbert,theoremqa_questions,TheoremQA_elainewan/math_calculus_2_11.json,0.42576611042022705,0.02638012170791626,0.06544750928878784,0,0,CORRECT
sbert,theoremqa_questions,TheoremQA_elainewan/math_calculus_2_5.json,0.5652694702148438,0.030752182006835938,0.06726047396659851,0,0,CORRECT
sbert,theoremqa_questions,TheoremQA_wenhuchen/gauss_lemma.json,0.49718600511550903,0.03811615705490112,0.07805323600769043,1,1,INCORRECT
sbert,theoremqa_questions,TheoremQA_xueguangma/dividend_discount_model_2.json,0.6108707189559937,0.03801703453063965,0.06762611865997314,0,1,INCORRECT
sbert,theoremqa_questions,TheoremQA_panlu/similarity2.json,0.5532187819480896,0.0029416680335998535,0.037695467472076416,0,0,CORRECT
sbert,theoremqa_questions,TheoremQA_tonyxia/euler-graph3.json,0.6183328032493591,0.054183244705200195,0.09167426824569702,1,1,CORRECT
sbert,theoremqa_questions,TheoremQA_mingyin/stopping-time1.json,0.47747308015823364,0.014728546142578125,0.03839811682701111,0,0,INCORRECT
sbert,theoremqa_questions,TheoremQA_xinyi/maximum_entropy_2.json,0.49089881777763367,0.024259835481643677,0.06089034676551819,0,1,CORRECT
sbert,theoremqa_questions,TheoremQA_jianyu_xu/Stirling_number_first_kind_5.json,0.8083020448684692,0.011198163032531738,0.04365742206573486,0,0,CORRECT
sbert,theoremqa_questions,TheoremQA_maxku/cv-colorsci2-hsi.json,0.7141488790512085,0.3255617022514343,0.3752119839191437,1,1,CORRECT
sbert,theoremqa_questions,TheoremQA_maxku/signalprocessing11-nyquist.json,0.7220584154129028,0.3026507794857025,0.37409403920173645,1,1,CORRECT
sbert,theoremqa_questions,TheoremQA_xueguangma/forward_price_2.json,0.5868362188339233,0.021155595779418945,0.06305229663848877,0,0,INCORRECT
sbert,theoremqa_questions,TheoremQA_maxku/ipnetwork13-hammingdist.json,0.5530102252960205,0.052952587604522705,0.06830525398254395,0,0,CORRECT
sbert,theoremqa_questions,TheoremQA_xinyi/linear_projection.json,0.5137213468551636,0.04342690110206604,0.10042625665664673,0,0,CORRECT
sbert,theoremqa_questions,TheoremQA_jianyu_xu/combination_1.json,0.770524799823761,0.011404216289520264,0.051527202129364014,0,0,INCORRECT
sbert,theoremqa_questions,TheoremQA_tonyxia/semiconductor1.json,0.5676243305206299,0.006174445152282715,0.08966857194900513,0,0,INCORRECT
sbert,theoremqa_questions,TheoremQA_maxku/signalprocessing15-DB.json,0.6086194515228271,0.15347820520401,0.19823700189590454,1,1,INCORRECT
sbert,theoremqa_questions,TheoremQA_wenhuchen/Liouville’s_theorem1.json,0.4878697693347931,0.09958949685096741,0.14502814412117004,1,1,CORRECT
sbert,theoremqa_questions,TheoremQA_mingyin/Lebesgue-measure1.json,0.456735759973526,0.014662563800811768,0.0724816620349884,0,0,INCORRECT
sbert,theoremqa_questions,TheoremQA_mingyin/series2.json,0.49608737230300903,0.036434322595596313,0.09799623489379883,0,0,INCORRECT
sbert,theoremqa_questions,TheoremQA_wenhuchen/ODE2.json,0.6263488531112671,0.0687485933303833,0.1250227689743042,0,0,INCORRECT
sbert,theoremqa_questions,TheoremQA_maxku/signalprocessing5-nyquist.json,0.49328455328941345,0.06984379887580872,0.20656096935272217,1,1,CORRECT
sbert,theoremqa_questions,TheoremQA_elainewan/math_abstact_algebra_7_8.json,0.4475705623626709,0.01823413372039795,0.0470222532749176,0,0,CORRECT
sbert,theoremqa_questions,TheoremQA_panlu/rigid-body3.json,0.4848971962928772,0.012459218502044678,0.04874527454376221,0,1,CORRECT
sbert,theoremqa_questions,TheoremQA_xinyi/cramer_rao_lower_bound_2.json,0.6112983226776123,0.20041292905807495,0.23750615119934082,1,1,INCORRECT
sbert,theoremqa_questions,TheoremQA_elainewan/math_algebra_5.json,0.49905532598495483,0.00930604338645935,0.042582422494888306,0,0,INCORRECT
sbert,theoremqa_questions,TheoremQA_xueguangma/taylors_approximation_theorem.json,0.5915682315826416,0.042494893074035645,0.08552080392837524,0,0,INCORRECT
sbert,theoremqa_questions,TheoremQA_xueguangma/binomial_model_2.json,0.5596415996551514,0.026964664459228516,0.056157827377319336,0,0,INCORRECT
sbert,theoremqa_questions,TheoremQA_xueguangma/spot_rate.json,0.5937815308570862,0.006736934185028076,0.025850772857666016,0,0,INCORRECT
sbert,theoremqa_questions,TheoremQA_tonyxia/wave2.json,0.4274296462535858,0.040458470582962036,0.09060028195381165,1,1,INCORRECT
sbert,theoremqa_questions,TheoremQA_wenhuchen/determinant2.json,0.548168420791626,0.048382699489593506,0.10906210541725159,1,1,CORRECT
sbert,theoremqa_questions,TheoremQA_panlu/molar_heat_capacity2.json,0.5269428491592407,0.004089772701263428,0.017356514930725098,0,0,INCORRECT
sbert,theoremqa_questions,TheoremQA_elainewan/math_abstact_algebra_7_5.json,0.6677111387252808,0.05441927909851074,0.07705014944076538,0,0,INCORRECT
sbert,theoremqa_questions,TheoremQA_mingyin/cauchy-integral-theorem1.json,0.5225403308868408,0.1401197910308838,0.20970487594604492,1,1,INCORRECT
sbert,theoremqa_questions,TheoremQA_jianyu_xu/Ramsey_4.json,0.6514815092086792,0.035049498081207275,0.06960272789001465,0,0,INCORRECT
sbert,theoremqa_questions,TheoremQA_wenhuchen/trapezoidal_rule2.json,0.6143977642059326,0.0064882636070251465,0.05700618028640747,0,0,INCORRECT
sbert,theoremqa_questions,TheoremQA_wenhuchen/determinant1.json,0.6146864891052246,0.08767712116241455,0.17646798491477966,1,1,INCORRECT
sbert,theoremqa_questions,TheoremQA_xinyi/huffman_code_1.json,0.5767097473144531,0.12449473142623901,0.1650925874710083,1,1,CORRECT
sbert,theoremqa_questions,TheoremQA_maxku/signalprocessing6-Ztransform.json,0.47323715686798096,0.0613836944103241,0.1045403778553009,0,1,CORRECT
sbert,theoremqa_questions,TheoremQA_wenhuchen/ODE3.json,0.543258786201477,0.029173552989959717,0.055159300565719604,0,0,INCORRECT
sbert,theoremqa_questions,TheoremQA_maxku/ipnetwork4-mac.json,0.6304073333740234,0.050856828689575195,0.08050596714019775,0,0,INCORRECT
sbert,theoremqa_questions,TheoremQA_maxku/graphtheory5-vertexcover.json,0.6024318933486938,0.020754218101501465,0.05745375156402588,0,0,CORRECT
sbert,theoremqa_questions,TheoremQA_xueguangma/dividend_discount_model_5.json,0.7669895887374878,0.19024980068206787,0.21412444114685059,1,1,INCORRECT
sbert,theoremqa_questions,TheoremQA_maxku/ipnetwork5-mac.json,0.45164328813552856,0.008669823408126831,0.01724734902381897,0,0,INCORRECT
sbert,theoremqa_questions,TheoremQA_wenhuchen/optics8.json,0.5589645504951477,0.14183393120765686,0.17489147186279297,1,1,INCORRECT
sbert,theoremqa_questions,TheoremQA_wenhuchen/t_test1.json,0.4996667206287384,0.050876110792160034,0.08717074990272522,0,0,INCORRECT
sbert,theoremqa_questions,TheoremQA_tonyxia/semiconductor5.json,0.4686945378780365,0.008201569318771362,0.04771709442138672,0,0,INCORRECT
sbert,theoremqa_questions,TheoremQA_jianyu_xu/Ramsey_2.json,0.6221261024475098,0.03270590305328369,0.054497718811035156,0,0,INCORRECT
sbert,theoremqa_questions,TheoremQA_wenhuchen/viterbi2.json,0.6874784231185913,0.1839553713798523,0.20999759435653687,1,1,CORRECT
sbert,theoremqa_questions,TheoremQA_maxku/ipnetwork14-hammingdist.json,0.5031406283378601,0.03828495740890503,0.06689292192459106,0,0,INCORRECT
sbert,theoremqa_questions,TheoremQA_xinyi/dag_2.json,0.39066314697265625,0.025149375200271606,0.0798027515411377,0,1,CORRECT
sbert,theoremqa_questions,TheoremQA_tonyxia/semiconductor3.json,0.6639835238456726,0.29952722787857056,0.35732489824295044,1,1,INCORRECT
sbert,theoremqa_questions,TheoremQA_elainewan/math_algebra_3_2.json,0.38350677490234375,0.03243279457092285,0.06199231743812561,0,0,CORRECT
sbert,theoremqa_questions,TheoremQA_panlu/molar_heat_capacity1.json,0.6016566157341003,0.012199819087982178,0.10948929190635681,1,1,INCORRECT
sbert,theoremqa_questions,TheoremQA_elainewan/math_calculus_12.json,0.7523486614227295,0.04557061195373535,0.17217117547988892,0,0,INCORRECT
sbert,theoremqa_questions,TheoremQA_maxku/graphtheory7-shortestpath.json,0.5652212500572205,0.042288362979888916,0.11340048909187317,0,1,CORRECT
sbert,theoremqa_questions,TheoremQA_elainewan/econ_micro_7.json,0.5879343748092651,0.05100655555725098,0.08608639240264893,1,1,INCORRECT
sbert,theoremqa_questions,TheoremQA_tonyxia/particle6.json,0.5574254989624023,0.17413192987442017,0.1941395401954651,1,1,INCORRECT
sbert,theoremqa_questions,TheoremQA_tonyxia/statisticalphysics2.json,0.3747800886631012,0.006696492433547974,0.03632649779319763,0,0,CORRECT
sbert,theoremqa_questions,TheoremQA_wenhuchen/gauss_lemma2.json,0.5733349323272705,0.03450191020965576,0.07967114448547363,0,0,CORRECT
sbert,theoremqa_questions,TheoremQA_panlu/angular_frequency3.json,0.5419255495071411,0.03175210952758789,0.07979559898376465,0,0,INCORRECT
sbert,theoremqa_questions,TheoremQA_panlu/trapezoid1.json,0.5692424774169922,0.01646268367767334,0.031548380851745605,0,0,INCORRECT
sbert,theoremqa_questions,TheoremQA_xinyi/channel_capacity_1.json,0.4060872793197632,0.09858784079551697,0.13420653343200684,1,1,CORRECT
sbert,theoremqa_questions,TheoremQA_jianyu_xu/Stirling_number_second_kind_3.json,0.6853634119033813,0.04371976852416992,0.07977551221847534,0,0,INCORRECT
sbert,theoremqa_questions,TheoremQA_wenhuchen/Rolle's_theorem.json,0.4584324359893799,0.02628713846206665,0.06879284977912903,0,0,CORRECT
sbert,theoremqa_questions,TheoremQA_wenhuchen/t_test2.json,0.5958012342453003,0.01841270923614502,0.06848639249801636,0,0,INCORRECT
sbert,theoremqa_questions,TheoremQA_maxku/graphtheory3-vertexcover.json,0.5936630964279175,0.0067713260650634766,0.03415989875793457,0,0,INCORRECT
sbert,theoremqa_questions,TheoremQA_maxku/cv-cnn4.json,0.5847612619400024,0.10708844661712646,0.16065049171447754,0,1,CORRECT
sbert,theoremqa_questions,TheoremQA_jianyu_xu/Stirling_number_second_kind_6.json,0.5956103801727295,0.013441205024719238,0.03858208656311035,0,0,INCORRECT
sbert,theoremqa_questions,TheoremQA_wenhuchen/euler's_method1.json,0.5204569101333618,0.018097400665283203,0.07776051759719849,0,0,INCORRECT
sbert,theoremqa_questions,TheoremQA_maxku/graphtheory10-shortestpath.json,0.5476070642471313,0.012516021728515625,0.07279834151268005,0,0,CORRECT
sbert,theoremqa_questions,TheoremQA_elainewan/econ_micro_14_3.json,0.7606296539306641,0.01267862319946289,0.04881620407104492,0,0,INCORRECT
sbert,theoremqa_questions,TheoremQA_wenhuchen/euler's_method2.json,0.5622351169586182,0.020379483699798584,0.09364005923271179,0,0,INCORRECT
sbert,theoremqa_questions,TheoremQA_jianyu_xu/Catalan_2.json,0.7386811971664429,0.11565101146697998,0.18103986978530884,0,0,CORRECT
sbert,theoremqa_questions,TheoremQA_wenhuchen/double_integral2.json,0.7520411014556885,0.02212667465209961,0.11988860368728638,0,0,INCORRECT
sbert,theoremqa_questions,TheoremQA_xueguangma/forward_price_1.json,0.6256515979766846,0.009281158447265625,0.020618915557861328,0,0,CORRECT
sbert,theoremqa_questions,TheoremQA_wenhuchen/cauchy_integral1.json,0.45785945653915405,0.03192359209060669,0.06674587726593018,0,0,CORRECT
sbert,theoremqa_questions,TheoremQA_panlu/gravitational_force1.json,0.6035407185554504,0.12976500391960144,0.17969414591789246,0,1,CORRECT
sbert,theoremqa_questions,TheoremQA_maxku/signalprocessing13-Ztransform.json,0.4803657829761505,0.14571532607078552,0.20634502172470093,1,1,CORRECT
sbert,theoremqa_questions,TheoremQA_jianyu_xu/Multinomial_2.json,0.6902422904968262,0.02171391248703003,0.066253662109375,0,0,INCORRECT
sbert,theoremqa_questions,TheoremQA_maxku/signalprocessing19-period.json,0.5015554428100586,0.00971907377243042,0.06045845150947571,1,1,CORRECT
sbert,theoremqa_questions,TheoremQA_wenhuchen/kepler's_law1.json,0.6966463327407837,0.003869771957397461,0.039049386978149414,0,0,CORRECT
sbert,theoremqa_questions,TheoremQA_maxku/ipnetwork21-ip-2.json,0.48731762170791626,0.04440206289291382,0.0755305290222168,0,0,CORRECT
sbert,theoremqa_questions,TheoremQA_maxku/cv-imageprocessing9-digital-image.json,0.7814354300498962,0.28548455238342285,0.3943622410297394,1,1,CORRECT
sbert,theoremqa_questions,TheoremQA_jianyu_xu/pigeonhole_4.json,0.6447805166244507,0.046208739280700684,0.16552776098251343,1,1,CORRECT
sbert,theoremqa_questions,TheoremQA_tonyxia/euler-graph2.json,0.5957517623901367,0.03804326057434082,0.0951191782951355,0,1,CORRECT
sbert,theoremqa_questions,TheoremQA_maxku/signalprocessing9-signalrep.json,0.48227787017822266,0.01715373992919922,0.04140192270278931,0,0,CORRECT
sbert,theoremqa_questions,TheoremQA_elainewan/math_calculus_5.json,0.6516920328140259,0.005040407180786133,0.02516329288482666,0,0,CORRECT
sbert,theoremqa_questions,TheoremQA_xinyi/dag_3.json,0.5139569640159607,0.08078771829605103,0.09478259086608887,0,0,INCORRECT
sbert,theoremqa_questions,TheoremQA_jianyu_xu/Graph_2.json,0.5532002449035645,0.04488968849182129,0.08157938718795776,0,0,CORRECT
sbert,theoremqa_questions,TheoremQA_jianyu_xu/Stirling_number_second_kind_5.json,0.5899287462234497,0.006315290927886963,0.03343421220779419,0,0,INCORRECT
sbert,theoremqa_questions,TheoremQA_xueguangma/present_value_1.json,0.713741660118103,0.027124762535095215,0.06770986318588257,0,0,CORRECT
sbert,theoremqa_questions,TheoremQA_jianyu_xu/Stirling_number_first_kind_6.json,0.8263821601867676,0.009271979331970215,0.03576540946960449,0,0,CORRECT
sbert,theoremqa_questions,TheoremQA_maxku/graphtheory4-vertexcover.json,0.4647076725959778,0.03189975023269653,0.055763423442840576,0,0,CORRECT
sbert,theoremqa_questions,TheoremQA_xueguangma/dividend_discount_model_4.json,0.6928113698959351,0.09588241577148438,0.1174544095993042,1,1,CORRECT
sbert,theoremqa_questions,TheoremQA_panlu/similarity3.json,0.6234108805656433,0.031553804874420166,0.06585031747817993,0,0,CORRECT
sbert,theoremqa_questions,TheoremQA_jianyu_xu/Multinomial_1.json,0.6721599698066711,0.013952851295471191,0.04848456382751465,0,0,CORRECT
sbert,theoremqa_questions,TheoremQA_maxku/cv-colorsci1-rgb.json,0.5299111604690552,0.06541958451271057,0.11031314730644226,1,1,CORRECT
sbert,theoremqa_questions,TheoremQA_jianyu_xu/Cayley_3.json,0.571763813495636,0.08470487594604492,0.14489471912384033,0,0,CORRECT
sbert,theoremqa_questions,TheoremQA_wenhuchen/trapezoidal_rule3.json,0.6782385110855103,0.1111530065536499,0.13337492942810059,1,1,INCORRECT
sbert,theoremqa_questions,TheoremQA_wenhuchen/infinite_series_sum3.json,0.5623341202735901,0.04579770565032959,0.08485674858093262,0,0,CORRECT
sbert,theoremqa_questions,TheoremQA_maxku/cv-colorsci3-rgb.json,0.5182141065597534,0.006413459777832031,0.10524973273277283,0,1,CORRECT
sbert,theoremqa_questions,TheoremQA_elainewan/math_calculus_3_8.json,0.606573224067688,0.07565921545028687,0.12107568979263306,0,0,INCORRECT
sbert,theoremqa_questions,TheoremQA_xinyi/kernel_1.json,0.41538572311401367,0.06230038404464722,0.09734439849853516,0,0,INCORRECT
sbert,theoremqa_questions,TheoremQA_jianyu_xu/Binomial_5.json,0.7064498662948608,0.02650272846221924,0.06774032115936279,0,0,CORRECT
sbert,theoremqa_questions,TheoremQA_jianyu_xu/Multinomial_4.json,0.6935549974441528,0.021573901176452637,0.05307883024215698,0,0,CORRECT
sbert,theoremqa_questions,TheoremQA_elainewan/econ_micro_7_2.json,0.5394721031188965,0.04265856742858887,0.0757792592048645,0,1,CORRECT
sbert,theoremqa_questions,TheoremQA_xueguangma/effective_rates_1.json,0.6994013786315918,0.017096281051635742,0.04851478338241577,0,0,CORRECT
sbert,theoremqa_questions,TheoremQA_maxku/fourier6-FT.json,0.41363877058029175,0.036297351121902466,0.06740081310272217,0,0,INCORRECT
sbert,theoremqa_questions,TheoremQA_xinyi/sum_product_algorithm.json,0.3672390580177307,0.005012869834899902,0.03996479511260986,0,0,CORRECT
sbert,theoremqa_questions,TheoremQA_wenhuchen/t_test3.json,0.7110757231712341,0.17109376192092896,0.20465683937072754,1,1,INCORRECT
sbert,theoremqa_questions,TheoremQA_maxku/cv-cnn1.json,0.4205172061920166,0.02519211173057556,0.07607480883598328,0,1,CORRECT
sbert,theoremqa_questions,TheoremQA_maxku/signalprocessing7-phaseshift.json,0.5442428588867188,0.023647546768188477,0.04438906908035278,0,0,CORRECT
sbert,theoremqa_questions,TheoremQA_jianyu_xu/Binomial_4.json,0.7316504716873169,0.030399084091186523,0.10055923461914062,0,0,CORRECT
sbert,theoremqa_questions,TheoremQA_xinyi/neural_networks.json,0.3710775375366211,0.04816406965255737,0.0856163501739502,0,0,CORRECT
sbert,theoremqa_questions,TheoremQA_wenhuchen/viterbi1.json,0.671045184135437,0.15106326341629028,0.18073123693466187,1,1,CORRECT
sbert,theoremqa_questions,TheoremQA_wenhuchen/L'Hôpital_rule2.json,0.5273672342300415,0.06205928325653076,0.17979133129119873,0,0,INCORRECT
sbert,theoremqa_questions,TheoremQA_elainewan/math_calculus_2_6.json,0.5818825960159302,0.02097606658935547,0.038771867752075195,0,0,CORRECT
sbert,theoremqa_questions,TheoremQA_jianyu_xu/pigeonhole_1.json,0.616742730140686,0.08066266775131226,0.169676274061203,1,1,CORRECT
sbert,theoremqa_questions,TheoremQA_xueguangma/future_value_1.json,0.8280768990516663,0.03031259775161743,0.08187180757522583,0,0,INCORRECT
sbert,theoremqa_questions,TheoremQA_jianyu_xu/Ramsey_3.json,0.6598527431488037,0.09013962745666504,0.13715720176696777,1,1,CORRECT
sbert,theoremqa_questions,TheoremQA_wenhuchen/jensen2.json,0.45679008960723877,0.008650004863739014,0.02445244789123535,0,0,INCORRECT
sbert,theoremqa_questions,TheoremQA_wenhuchen/Poisson_process2.json,0.5090500116348267,0.040814220905303955,0.085238516330719,0,0,INCORRECT
sbert,theoremqa_questions,TheoremQA_wenhuchen/kepler's_law3.json,0.6209017038345337,0.05908083915710449,0.11707985401153564,0,1,INCORRECT
sbert,theoremqa_questions,TheoremQA_xueguangma/binomial_model_1.json,0.7094550132751465,0.04752039909362793,0.08086216449737549,0,0,CORRECT
sbert,theoremqa_questions,TheoremQA_wenhuchen/newton2.json,0.49850738048553467,0.018198490142822266,0.052418649196624756,0,0,CORRECT
sbert,theoremqa_questions,TheoremQA_jianyu_xu/Binomial_3.json,0.874651312828064,0.13353276252746582,0.17187881469726562,0,0,CORRECT
sbert,theoremqa_questions,TheoremQA_elainewan/econ_micro_11.json,0.6928545832633972,0.005625665187835693,0.05212920904159546,0,0,CORRECT
sbert,theoremqa_questions,TheoremQA_jianyu_xu/Catalan_1.json,0.6397026777267456,0.08172070980072021,0.12064093351364136,0,0,CORRECT
sbert,theoremqa_questions,TheoremQA_elainewan/econ_micro_18.json,0.6357400417327881,0.0112532377243042,0.07578623294830322,1,1,CORRECT
sbert,theoremqa_questions,TheoremQA_elainewan/math_abstact_algebra_7.json,0.7499111294746399,0.03631621599197388,0.09535998106002808,0,0,CORRECT
sbert,theoremqa_questions,TheoremQA_tonyxia/semiconductor2.json,0.5600512027740479,0.08833491802215576,0.17524456977844238,1,1,INCORRECT
sbert,theoremqa_questions,TheoremQA_jianyu_xu/Multinomial_3.json,0.7020131349563599,0.03573322296142578,0.07007026672363281,0,1,CORRECT
sbert,theoremqa_questions,TheoremQA_maxku/graphtheory11-shortestpath-hard.json,0.7302852272987366,0.08029502630233765,0.10178440809249878,0,0,INCORRECT
sbert,theoremqa_questions,TheoremQA_xueguangma/present_value_2.json,0.7081559896469116,0.06454789638519287,0.08178287744522095,1,1,CORRECT
sbert,theoremqa_questions,TheoremQA_wenhuchen/p_value2.json,0.6579453945159912,0.1901995837688446,0.23667553067207336,1,1,CORRECT
sbert,theoremqa_questions,TheoremQA_xueguangma/dividend_discount_model_1.json,0.6555626392364502,0.004809737205505371,0.034307897090911865,0,0,CORRECT
sbert,theoremqa_questions,TheoremQA_xinyi/rate_distortion_function_2.json,0.40656086802482605,0.03972131013870239,0.14494433999061584,1,1,CORRECT
sbert,theoremqa_questions,TheoremQA_wenhuchen/jensen1.json,0.511673092842102,0.0219576358795166,0.054526686668395996,0,1,INCORRECT
sbert,theoremqa_questions,TheoremQA_maxku/signalprocessing14-Ztransform.json,0.3418370485305786,0.025622636079788208,0.06477731466293335,1,1,CORRECT
sbert,theoremqa_questions,TheoremQA_elainewan/math_calculus_11.json,0.5398421883583069,0.036561548709869385,0.08345496654510498,0,0,CORRECT
sbert,theoremqa_questions,TheoremQA_maxku/cv-imageprocessing8-fourier2.json,0.7608685493469238,0.36745890974998474,0.3898329734802246,1,1,INCORRECT
sbert,theoremqa_questions,TheoremQA_maxku/signalprocessing2-DB.json,0.38770776987075806,0.007628738880157471,0.022987157106399536,0,1,CORRECT
sbert,theoremqa_questions,TheoremQA_panlu/gravitational_force2.json,0.5672451257705688,0.08002376556396484,0.13012444972991943,1,1,CORRECT
sbert,theoremqa_questions,TheoremQA_mingyin/convexity1.json,0.3609662652015686,0.02296176552772522,0.04328364133834839,0,0,CORRECT
sbert,theoremqa_questions,TheoremQA_tonyxia/maxplanar3.json,0.4610074758529663,0.047738105058670044,0.07794150710105896,0,0,CORRECT
sbert,theoremqa_questions,TheoremQA_wenhuchen/Liouville’s_theorem2.json,0.4150997996330261,0.06822067499160767,0.10701557993888855,0,1,CORRECT
sbert,theoremqa_questions,TheoremQA_wenhuchen/series_convergen3.json,0.438090443611145,0.0367390513420105,0.06396383047103882,0,0,CORRECT
sbert,theoremqa_questions,TheoremQA_jianyu_xu/Binomial_6.json,0.7622735500335693,0.06540489196777344,0.16260087490081787,0,0,CORRECT
sbert,theoremqa_questions,TheoremQA_jianyu_xu/Binomial_1.json,0.6758579015731812,0.025642871856689453,0.08299893140792847,0,0,INCORRECT
sbert,theoremqa_questions,TheoremQA_xueguangma/forward_rate_1.json,0.706601083278656,0.0152243971824646,0.04445868730545044,0,0,INCORRECT
sbert,theoremqa_questions,TheoremQA_elainewan/math_algebra_4_3.json,0.49450188875198364,0.0459139347076416,0.0837831199169159,0,0,INCORRECT
sbert,theoremqa_questions,TheoremQA_xueguangma/intermediate_value_theorem.json,0.49423807859420776,0.0426366925239563,0.07527095079421997,0,0,INCORRECT
sbert,theoremqa_questions,TheoremQA_xueguangma/forward_price_3.json,0.6883617639541626,0.018159210681915283,0.043237924575805664,0,0,CORRECT
sbert,theoremqa_questions,TheoremQA_elainewan/math_abstact_algebra_7_3.json,0.5231831073760986,0.009116768836975098,0.04923400282859802,0,1,CORRECT
sbert,theoremqa_questions,TheoremQA_maxku/fourier1-FS.json,0.6787911653518677,0.10481846332550049,0.20140090584754944,0,0,CORRECT
sbert,theoremqa_questions,TheoremQA_mingyin/Limit-of-sequence2.json,0.521966814994812,0.015617966651916504,0.04384171962738037,0,0,INCORRECT
sbert,theoremqa_questions,TheoremQA_mingyin/Fundamental-Theorem-of-Calculus3.json,0.5340414643287659,0.08815088868141174,0.1339567005634308,0,0,INCORRECT
sbert,theoremqa_questions,TheoremQA_tonyxia/maxplanar1.json,0.5811190605163574,0.07045435905456543,0.1551390290260315,0,0,CORRECT
sbert,theoremqa_questions,TheoremQA_jianyu_xu/Multinomial_6.json,0.5770312547683716,0.004502415657043457,0.03973478078842163,0,0,INCORRECT
sbert,theoremqa_questions,TheoremQA_xinyi/dag_1.json,0.5461964011192322,0.019137084484100342,0.10440593957901001,0,0,CORRECT
sbert,theoremqa_questions,TheoremQA_wenhuchen/optics3.json,0.6931341886520386,0.1312803030014038,0.16562962532043457,1,1,CORRECT
sbert,theoremqa_questions,TheoremQA_panlu/wave_length1.json,0.5810158252716064,0.0267106294631958,0.04277634620666504,0,0,CORRECT
sbert,theoremqa_questions,TheoremQA_elainewan/math_algebra_7_2.json,0.33288145065307617,0.004586637020111084,0.02879256010055542,0,0,INCORRECT
sbert,theoremqa_questions,TheoremQA_elainewan/math_calculus_2_7.json,0.458351731300354,0.019643187522888184,0.06336581707000732,0,0,CORRECT
sbert,theoremqa_questions,TheoremQA_wenhuchen/Poisson_process3.json,0.5464930534362793,0.04771000146865845,0.07030940055847168,0,0,CORRECT
sbert,theoremqa_questions,TheoremQA_maxku/graphtheory6-shortestpath.json,0.43536996841430664,0.013370096683502197,0.044747889041900635,0,0,CORRECT
sbert,theoremqa_questions,TheoremQA_mingyin/Limit-of-sequence3.json,0.5625272393226624,0.022422432899475098,0.0390281081199646,0,0,CORRECT
sbert,theoremqa_questions,TheoremQA_xinyi/distortion_rate_function_2.json,0.4596066474914551,0.15916350483894348,0.24544663727283478,1,1,CORRECT
sbert,theoremqa_questions,TheoremQA_xueguangma/geometric_brownian_motion.json,0.5811405181884766,0.02830338478088379,0.09280449151992798,0,0,INCORRECT
sbert,theoremqa_questions,TheoremQA_maxku/graphtheory2-vertexcover.json,0.5786168575286865,0.02420485019683838,0.043963074684143066,0,0,CORRECT
sbert,theoremqa_questions,TheoremQA_xinyi/rate_distortion_function_1.json,0.41677913069725037,0.01260402798652649,0.0577981173992157,0,0,INCORRECT
sbert,theoremqa_questions,TheoremQA_maxku/cv-imageprocessing2-morphology.json,0.738395094871521,0.453687846660614,0.4823428988456726,1,1,CORRECT
sbert,theoremqa_questions,TheoremQA_jianyu_xu/Ramsey_5.json,0.6340190172195435,0.017766952514648438,0.0551798939704895,0,0,INCORRECT
sbert,theoremqa_questions,TheoremQA_tonyxia/particle4.json,0.658259391784668,0.23862269520759583,0.33751314878463745,1,1,CORRECT
sbert,theoremqa_questions,TheoremQA_jianyu_xu/Ramsey_6.json,0.5764822959899902,0.023547053337097168,0.06725502014160156,1,1,CORRECT
sbert,theoremqa_questions,TheoremQA_wenhuchen/series_convergen2.json,0.47971633076667786,0.019302397966384888,0.046129971742630005,0,0,CORRECT
sbert,theoremqa_questions,TheoremQA_jianyu_xu/Binomial_2.json,0.7484750747680664,0.06507176160812378,0.09055781364440918,0,0,CORRECT
sbert,theoremqa_questions,TheoremQA_xinyi/channel_capacity_3.json,0.46999549865722656,0.08524537086486816,0.1252443790435791,1,1,CORRECT
sbert,theoremqa_questions,TheoremQA_xinyi/huffman_code_3.json,0.6004725694656372,0.052474379539489746,0.0973101258277893,0,0,CORRECT
sbert,theoremqa_theorems,TheoremQA_jianyu_xu/pigeonhole_3.json,0.3851596415042877,0.07330691814422607,0.11799344420433044,0,0,CORRECT
sbert,theoremqa_theorems,TheoremQA_wenhuchen/eigen_value1.json,0.3894047737121582,0.05654501914978027,0.12351185083389282,1,1,INCORRECT
sbert,theoremqa_theorems,TheoremQA_jianyu_xu/pigeonhole_2.json,0.3744790554046631,0.05801045894622803,0.1186186671257019,0,0,CORRECT
sbert,theoremqa_theorems,TheoremQA_elainewan/math_algebra_1.json,0.47432222962379456,0.0783815085887909,0.14967480301856995,0,0,INCORRECT
sbert,theoremqa_theorems,TheoremQA_wenhuchen/definite_matrix1.json,0.5193893909454346,0.13751405477523804,0.19288471341133118,0,0,INCORRECT
sbert,theoremqa_theorems,TheoremQA_wenhuchen/L'Hôpital_rule1.json,0.6071839332580566,0.18137294054031372,0.2542415261268616,0,0,CORRECT
sbert,theoremqa_theorems,TheoremQA_elainewan/math_calculus_2_11.json,0.46615272760391235,0.04696917533874512,0.13763189315795898,0,0,CORRECT
sbert,theoremqa_theorems,TheoremQA_elainewan/math_algebra_4.json,0.5040079951286316,0.07413041591644287,0.14406731724739075,0,1,CORRECT
sbert,theoremqa_theorems,TheoremQA_elainewan/math_algebra_1_2.json,0.4937552213668823,0.0939909815788269,0.1470632553100586,0,0,CORRECT
sbert,theoremqa_theorems,TheoremQA_panlu/similarity2.json,0.4579829275608063,0.027265816926956177,0.13238346576690674,0,0,CORRECT
sbert,theoremqa_theorems,TheoremQA_xinyi/maximum_entropy_2.json,0.4160568118095398,0.03288215398788452,0.12916436791419983,0,1,CORRECT
sbert,theoremqa_theorems,TheoremQA_maxku/signalprocessing11-nyquist.json,0.33326300978660583,0.04816266894340515,0.08649587631225586,1,1,CORRECT
sbert,theoremqa_theorems,TheoremQA_jianyu_xu/Stirling_number_first_kind_5.json,0.41219550371170044,0.02692657709121704,0.11947715282440186,1,1,INCORRECT
sbert,theoremqa_theorems,TheoremQA_xinyi/linear_projection.json,0.34853482246398926,0.02319657802581787,0.06188809871673584,0,0,CORRECT
sbert,theoremqa_theorems,TheoremQA_maxku/ipnetwork13-hammingdist.json,0.3636894226074219,0.0481874942779541,0.08521288633346558,0,0,CORRECT
sbert,theoremqa_theorems,TheoremQA_panlu/rigid-body3.json,0.36319106817245483,0.02896973490715027,0.08952009677886963,1,1,CORRECT
sbert,theoremqa_theorems,TheoremQA_wenhuchen/ODE2.json,0.38027891516685486,0.018235862255096436,0.060446470975875854,0,1,INCORRECT
sbert,theoremqa_theorems,TheoremQA_mingyin/Lebesgue-measure1.json,0.48558521270751953,0.051445722579956055,0.12158083915710449,0,0,CORRECT
sbert,theoremqa_theorems,TheoremQA_mingyin/series2.json,0.512647807598114,0.0940229594707489,0.15795397758483887,0,1,INCORRECT
sbert,theoremqa_theorems,TheoremQA_wenhuchen/Liouville’s_theorem1.json,0.4409267008304596,0.04786762595176697,0.11709639430046082,1,1,CORRECT
sbert,theoremqa_theorems,TheoremQA_elainewan/math_algebra_5.json,0.4703546464443207,0.022558659315109253,0.10170340538024902,0,0,INCORRECT
sbert,theoremqa_theorems,TheoremQA_xueguangma/taylors_approximation_theorem.json,0.5127479434013367,0.07642683386802673,0.14628440141677856,0,0,CORRECT
sbert,theoremqa_theorems,TheoremQA_wenhuchen/ODE3.json,0.4762926399707794,0.07650485634803772,0.14546117186546326,0,0,INCORRECT
sbert,theoremqa_theorems,TheoremQA_mingyin/cauchy-integral-theorem1.json,0.38817498087882996,0.024676114320755005,0.06493082642555237,0,0,CORRECT
sbert,theoremqa_theorems,TheoremQA_jianyu_xu/Ramsey_4.json,0.3228803873062134,0.048902273178100586,0.07630391418933868,0,1,CORRECT
sbert,theoremqa_theorems,TheoremQA_wenhuchen/t_test1.json,0.3701613247394562,0.10455605387687683,0.1365330070257187,1,1,INCORRECT
sbert,theoremqa_theorems,TheoremQA_jianyu_xu/Ramsey_2.json,0.34537380933761597,0.050293147563934326,0.09547415375709534,0,0,CORRECT
sbert,theoremqa_theorems,TheoremQA_xinyi/dag_2.json,0.42519524693489075,0.033626049757003784,0.09630009531974792,0,0,CORRECT
sbert,theoremqa_theorems,TheoremQA_wenhuchen/viterbi2.json,0.354617178440094,0.05721217393875122,0.11173266172409058,0,0,INCORRECT
sbert,theoremqa_theorems,TheoremQA_jianyu_xu/Catalan_2.json,0.4252246022224426,0.0641588568687439,0.12365496158599854,0,0,CORRECT
sbert,theoremqa_theorems,TheoremQA_elainewan/math_algebra_3_2.json,0.45491722226142883,0.11523744463920593,0.15850523114204407,0,0,CORRECT
sbert,theoremqa_theorems,TheoremQA_jianyu_xu/Stirling_number_second_kind_3.json,0.3205237090587616,0.031910479068756104,0.08068795502185822,0,0,CORRECT
sbert,theoremqa_theorems,TheoremQA_wenhuchen/t_test2.json,0.40639325976371765,0.05905678868293762,0.12339138984680176,1,1,INCORRECT
sbert,theoremqa_theorems,TheoremQA_elainewan/math_calculus_12.json,0.5142868161201477,0.10660183429718018,0.1960374116897583,0,0,CORRECT
sbert,theoremqa_theorems,TheoremQA_elainewan/econ_micro_7.json,0.40767407417297363,0.07191193103790283,0.15808171033859253,0,0,CORRECT
sbert,theoremqa_theorems,TheoremQA_wenhuchen/Rolle's_theorem.json,0.46102476119995117,0.12309461832046509,0.1693996787071228,0,0,CORRECT
sbert,theoremqa_theorems,TheoremQA_jianyu_xu/Stirling_number_second_kind_5.json,0.39632296562194824,0.02451339364051819,0.0949779748916626,0,0,INCORRECT
sbert,theoremqa_theorems,TheoremQA_wenhuchen/cauchy_integral1.json,0.46207937598228455,0.06463596224784851,0.1252373456954956,0,0,CORRECT
sbert,theoremqa_theorems,TheoremQA_jianyu_xu/Multinomial_2.json,0.32306787371635437,0.020782679319381714,0.08081892132759094,0,0,INCORRECT
sbert,theoremqa_theorems,TheoremQA_jianyu_xu/pigeonhole_4.json,0.5235968232154846,0.11176419258117676,0.27521607279777527,0,0,CORRECT
sbert,theoremqa_theorems,TheoremQA_wenhuchen/kepler's_law1.json,0.4499480128288269,0.09970062971115112,0.14409565925598145,1,1,CORRECT
sbert,theoremqa_theorems,TheoremQA_xinyi/dag_3.json,0.5267869234085083,0.07789802551269531,0.16437846422195435,0,0,INCORRECT
sbert,theoremqa_theorems,TheoremQA_jianyu_xu/Graph_2.json,0.482059121131897,0.10005810856819153,0.15613049268722534,0,0,CORRECT
sbert,theoremqa_theorems,TheoremQA_panlu/similarity3.json,0.5622959136962891,0.10750913619995117,0.147108793258667,0,0,CORRECT
sbert,theoremqa_theorems,TheoremQA_jianyu_xu/Ramsey_3.json,0.3221573233604431,0.023868203163146973,0.07578952610492706,0,0,INCORRECT
sbert,theoremqa_theorems,TheoremQA_jianyu_xu/Multinomial_1.json,0.4006090760231018,0.060146987438201904,0.10873842239379883,0,0,CORRECT
sbert,theoremqa_theorems,TheoremQA_jianyu_xu/pigeonhole_1.json,0.4449082612991333,0.1133270263671875,0.20951367914676666,0,0,CORRECT
sbert,theoremqa_theorems,TheoremQA_jianyu_xu/Multinomial_4.json,0.4406418204307556,0.05009102821350098,0.1309230923652649,0,0,CORRECT
sbert,theoremqa_theorems,TheoremQA_jianyu_xu/Cayley_3.json,0.5472800731658936,0.11887592077255249,0.1668701469898224,0,0,CORRECT
sbert,theoremqa_theorems,TheoremQA_jianyu_xu/Binomial_5.json,0.41134849190711975,0.07207685708999634,0.13517460227012634,0,1,CORRECT
sbert,theoremqa_theorems,TheoremQA_wenhuchen/t_test3.json,0.378731369972229,0.06785568594932556,0.12404981255531311,1,1,INCORRECT
sbert,theoremqa_theorems,TheoremQA_wenhuchen/trapezoidal_rule3.json,0.5025001764297485,0.0876321792602539,0.134942889213562,0,1,INCORRECT
sbert,theoremqa_theorems,TheoremQA_elainewan/math_calculus_3_8.json,0.552209198474884,0.10825604200363159,0.23624509572982788,0,0,CORRECT
sbert,theoremqa_theorems,TheoremQA_jianyu_xu/Binomial_4.json,0.298687219619751,0.029885590076446533,0.08981230854988098,0,1,CORRECT
sbert,theoremqa_theorems,TheoremQA_wenhuchen/kepler's_law3.json,0.5760474801063538,0.16412174701690674,0.25728726387023926,1,1,CORRECT
sbert,theoremqa_theorems,TheoremQA_jianyu_xu/Catalan_1.json,0.379675030708313,0.04979240894317627,0.08170372247695923,0,1,CORRECT
sbert,theoremqa_theorems,TheoremQA_jianyu_xu/Binomial_3.json,0.3712346851825714,0.035870760679244995,0.11278268694877625,0,0,CORRECT
sbert,theoremqa_theorems,TheoremQA_jianyu_xu/Multinomial_3.json,0.40819430351257324,0.04521459341049194,0.11785531044006348,0,0,CORRECT
sbert,theoremqa_theorems,TheoremQA_wenhuchen/jensen1.json,0.43304443359375,0.09226512908935547,0.13152703642845154,0,0,CORRECT
sbert,theoremqa_theorems,TheoremQA_panlu/gravitational_force2.json,0.4355751574039459,0.03632250428199768,0.1406426727771759,0,1,CORRECT
sbert,theoremqa_theorems,TheoremQA_mingyin/convexity1.json,0.5292811393737793,0.08252352476119995,0.19819027185440063,0,0,CORRECT
sbert,theoremqa_theorems,TheoremQA_wenhuchen/Liouville’s_theorem2.json,0.40162205696105957,0.09023839235305786,0.1345159411430359,0,0,CORRECT
sbert,theoremqa_theorems,TheoremQA_tonyxia/maxplanar1.json,0.37282949686050415,0.02328750491142273,0.08841133117675781,0,0,INCORRECT
sbert,theoremqa_theorems,TheoremQA_mingyin/Fundamental-Theorem-of-Calculus3.json,0.5480008125305176,0.11578366160392761,0.12584882974624634,0,0,INCORRECT
sbert,theoremqa_theorems,TheoremQA_xueguangma/intermediate_value_theorem.json,0.36813053488731384,0.02506321668624878,0.07221612334251404,0,1,CORRECT
sbert,theoremqa_theorems,TheoremQA_tonyxia/maxplanar3.json,0.3944535255432129,0.0639166533946991,0.10793092846870422,0,0,CORRECT
sbert,theoremqa_theorems,TheoremQA_elainewan/math_algebra_7_2.json,0.3650270402431488,0.03635615110397339,0.12053698301315308,1,1,CORRECT
sbert,theoremqa_theorems,TheoremQA_elainewan/math_algebra_4_3.json,0.46878427267074585,0.105793297290802,0.16780585050582886,0,0,CORRECT
sbert,theoremqa_theorems,TheoremQA_jianyu_xu/Binomial_6.json,0.390969842672348,0.06872764229774475,0.14095032215118408,1,1,CORRECT
sbert,theoremqa_theorems,TheoremQA_elainewan/math_calculus_2_7.json,0.47739943861961365,0.08255979418754578,0.1327555775642395,0,0,CORRECT
sbert,theoremqa_theorems,TheoremQA_jianyu_xu/Multinomial_6.json,0.3977675437927246,0.023759663105010986,0.11135616898536682,0,0,INCORRECT
sbert,theoremqa_theorems,TheoremQA_jianyu_xu/Binomial_2.json,0.42558377981185913,0.03748410940170288,0.12605875730514526,0,0,CORRECT
sbert,theoremqa_theorems,TheoremQA_xinyi/dag_1.json,0.3953767418861389,0.01951313018798828,0.06705772876739502,0,0,CORRECT
sbert,theoremqa_theorems,TheoremQA_jianyu_xu/Ramsey_6.json,0.4075279235839844,0.06321269273757935,0.11841225624084473,0,1,CORRECT
sbert,theoremqa_theorems,TheoremQA_jianyu_xu/Ramsey_5.json,0.2963699996471405,0.030424118041992188,0.05730843544006348,0,1,INCORRECT
sbert,theoremqa_theorems,TheoremQA_wenhuchen/series_convergen2.json,0.4046947658061981,0.023041874170303345,0.06585100293159485,0,0,INCORRECT
