retriever,task,query_id,max_score,gap_ctx,gap_25,retrieval_success_5,retrieval_success_25,judgment
qwen2,biology,4,59.10618209838867,6.403816223144531,14.181373596191406,1,1,CORRECT
qwen2,biology,1,62.80873489379883,9.3397216796875,18.583614349365234,1,1,CORRECT
qwen2,biology,5,58.28129196166992,4.645332336425781,13.552719116210938,1,1,CORRECT
qwen2,biology,12,50.61054229736328,2.7598800659179688,6.362159729003906,0,1,CORRECT
qwen2,biology,11,64.15177154541016,11.351425170898438,16.64883804321289,1,1,CORRECT
qwen2,biology,8,55.650699615478516,13.653614044189453,15.61190414428711,0,1,INCORRECT
qwen2,biology,0,46.6771354675293,6.344551086425781,11.471954345703125,1,1,INCORRECT
qwen2,biology,7,68.94223022460938,7.647304534912109,32.10957717895508,1,1,CORRECT
qwen2,biology,2,49.85215377807617,2.9657325744628906,7.626827239990234,1,1,CORRECT
qwen2,biology,6,52.56688690185547,2.2042694091796875,7.621925354003906,1,1,CORRECT
qwen2,biology,10,57.31330108642578,13.977928161621094,16.85367202758789,1,1,CORRECT
qwen2,biology,9,54.02423095703125,1.1798553466796875,4.908058166503906,0,0,CORRECT
qwen2,biology,14,55.89387893676758,1.949554443359375,9.908222198486328,1,1,CORRECT
qwen2,biology,3,58.30118179321289,14.796245574951172,19.37908172607422,1,1,CORRECT
qwen2,biology,15,49.02305603027344,3.5166053771972656,6.98504638671875,0,1,INCORRECT
qwen2,biology,13,48.85961151123047,4.411323547363281,9.891700744628906,1,1,CORRECT
qwen2,biology,23,51.11433410644531,5.407833099365234,10.770259857177734,0,0,CORRECT
qwen2,biology,16,57.98139572143555,5.847637176513672,11.189632415771484,0,0,INCORRECT
qwen2,biology,27,53.94905090332031,9.008659362792969,13.66339111328125,1,1,INCORRECT
qwen2,biology,17,54.41709899902344,3.9877777099609375,9.992279052734375,1,1,CORRECT
qwen2,biology,22,57.15776824951172,14.180904388427734,20.662311553955078,1,1,CORRECT
qwen2,biology,19,70.57351684570312,10.292293548583984,18.911846160888672,1,1,CORRECT
qwen2,biology,21,68.48719787597656,8.047618865966797,26.600833892822266,1,1,CORRECT
qwen2,biology,18,44.659610748291016,1.9549713134765625,5.162113189697266,1,1,CORRECT
qwen2,biology,20,71.6713638305664,5.845756530761719,22.5567626953125,0,1,INCORRECT
qwen2,biology,24,47.70367431640625,4.215179443359375,8.670825958251953,1,1,CORRECT
qwen2,biology,25,51.4361457824707,2.9669532775878906,7.837726593017578,1,1,CORRECT
qwen2,biology,30,64.22725677490234,12.405284881591797,19.83885955810547,1,1,CORRECT
qwen2,biology,31,61.845760345458984,3.6103057861328125,10.73855209350586,1,1,CORRECT
qwen2,biology,29,53.435367584228516,5.836032867431641,8.634567260742188,1,1,CORRECT
qwen2,biology,28,72.671142578125,22.387901306152344,27.51333236694336,0,1,CORRECT
qwen2,biology,26,47.661128997802734,2.8320465087890625,5.555843353271484,1,1,CORRECT
qwen2,biology,36,50.05231475830078,1.7546920776367188,4.339073181152344,0,1,INCORRECT
qwen2,biology,47,60.62185287475586,3.6407546997070312,16.73271942138672,0,1,CORRECT
qwen2,biology,32,46.2020263671875,10.265289306640625,13.985782623291016,1,1,CORRECT
qwen2,biology,33,64.5567855834961,12.910789489746094,17.984127044677734,0,1,CORRECT
qwen2,biology,37,40.261199951171875,3.9257125854492188,7.222999572753906,1,1,CORRECT
qwen2,biology,44,52.87953567504883,2.1174240112304688,5.573627471923828,0,1,INCORRECT
qwen2,biology,35,53.947906494140625,4.365814208984375,14.331912994384766,1,1,CORRECT
qwen2,biology,42,55.145591735839844,1.0428924560546875,4.888256072998047,0,0,CORRECT
qwen2,biology,40,55.47999572753906,0.9916038513183594,5.565540313720703,0,0,INCORRECT
qwen2,biology,46,57.83077621459961,2.8968048095703125,10.74472427368164,0,0,INCORRECT
qwen2,biology,38,54.20671081542969,6.258323669433594,8.757461547851562,1,1,CORRECT
qwen2,biology,34,52.25574493408203,1.9787254333496094,6.646797180175781,1,1,CORRECT
qwen2,biology,41,49.300514221191406,1.7725677490234375,9.014396667480469,1,1,CORRECT
qwen2,biology,43,48.007293701171875,3.93389892578125,6.5692596435546875,1,1,CORRECT
qwen2,biology,45,49.42825698852539,5.287105560302734,9.474128723144531,1,1,CORRECT
qwen2,biology,54,49.90092086791992,3.955669403076172,9.834209442138672,0,1,CORRECT
qwen2,biology,48,55.37434768676758,7.011486053466797,12.271442413330078,1,1,CORRECT
qwen2,biology,50,62.55937194824219,3.1316146850585938,11.043148040771484,0,0,CORRECT
qwen2,biology,49,55.61515808105469,3.552104949951172,8.152961730957031,0,0,CORRECT
qwen2,biology,51,55.188514709472656,1.7367324829101562,7.704872131347656,0,0,CORRECT
qwen2,biology,53,62.387020111083984,7.287807464599609,12.752079010009766,1,1,CORRECT
qwen2,biology,39,49.8221321105957,1.6744232177734375,5.5277099609375,0,1,CORRECT
qwen2,biology,52,62.53600311279297,11.842826843261719,14.761482238769531,1,1,INCORRECT
qwen2,biology,55,55.7323112487793,4.217216491699219,12.76589584350586,0,1,INCORRECT
qwen2,biology,59,60.25139236450195,4.303646087646484,10.503379821777344,1,1,CORRECT
qwen2,biology,57,54.36937713623047,2.7318458557128906,8.595741271972656,1,1,CORRECT
qwen2,biology,62,55.04423904418945,3.611064910888672,7.315517425537109,1,1,CORRECT
qwen2,biology,58,54.760215759277344,6.350341796875,11.626468658447266,0,1,CORRECT
qwen2,biology,60,57.89301300048828,11.03853988647461,14.268436431884766,0,0,CORRECT
qwen2,biology,61,58.85589599609375,9.605476379394531,16.714519500732422,1,1,CORRECT
qwen2,biology,56,53.983909606933594,3.351043701171875,11.331783294677734,0,0,CORRECT
qwen2,biology,74,43.79814529418945,3.7311744689941406,6.521274566650391,1,1,CORRECT
qwen2,biology,63,51.18082809448242,6.687648773193359,12.590167999267578,0,1,CORRECT
qwen2,biology,73,55.36841583251953,5.027202606201172,10.404644012451172,0,0,INCORRECT
qwen2,biology,64,54.29574966430664,1.6073837280273438,8.225727081298828,0,1,CORRECT
qwen2,biology,76,45.44477081298828,1.8264389038085938,5.053760528564453,0,0,INCORRECT
qwen2,biology,69,56.724159240722656,4.324871063232422,8.430465698242188,1,1,CORRECT
qwen2,biology,67,46.45545196533203,5.853237152099609,9.181591033935547,0,0,INCORRECT
qwen2,biology,75,65.54910278320312,12.660453796386719,21.065250396728516,0,1,INCORRECT
qwen2,biology,70,56.88124465942383,7.749462127685547,13.510807037353516,0,0,CORRECT
qwen2,biology,66,49.26006317138672,5.789302825927734,12.142757415771484,1,1,CORRECT
qwen2,biology,65,57.21791458129883,5.377468109130859,11.359725952148438,1,1,CORRECT
qwen2,biology,68,57.58292007446289,5.89642333984375,10.51815414428711,0,0,CORRECT
qwen2,biology,71,66.4058609008789,7.6849365234375,11.868999481201172,0,0,INCORRECT
qwen2,biology,77,57.79890441894531,1.1659278869628906,4.022449493408203,0,0,INCORRECT
qwen2,biology,78,62.25900650024414,1.210479736328125,4.133052825927734,0,0,CORRECT
qwen2,biology,72,56.28730773925781,7.934333801269531,15.093338012695312,1,1,CORRECT
qwen2,biology,81,59.28175354003906,5.978111267089844,9.636348724365234,0,0,CORRECT
qwen2,biology,82,45.34769058227539,4.016452789306641,7.463138580322266,1,1,CORRECT
qwen2,biology,93,58.2995719909668,4.619758605957031,10.384334564208984,0,0,INCORRECT
qwen2,biology,79,47.47682571411133,4.154502868652344,7.198585510253906,1,1,CORRECT
qwen2,biology,80,59.17943572998047,6.323001861572266,11.574935913085938,0,0,CORRECT
qwen2,biology,86,48.17443084716797,6.2612457275390625,9.953998565673828,1,1,CORRECT
qwen2,biology,84,69.98191833496094,4.5856781005859375,9.423263549804688,1,1,CORRECT
qwen2,biology,85,57.935054779052734,6.420341491699219,15.499454498291016,1,1,CORRECT
qwen2,biology,92,55.67395782470703,3.1937713623046875,7.230384826660156,0,0,CORRECT
qwen2,biology,83,58.54963684082031,1.6196746826171875,6.872367858886719,0,0,INCORRECT
qwen2,biology,94,53.642391204833984,1.9781112670898438,7.039646148681641,1,1,CORRECT
qwen2,biology,88,59.53084945678711,2.648517608642578,8.17641830444336,0,0,CORRECT
qwen2,biology,87,53.88617706298828,4.384517669677734,8.321670532226562,0,1,INCORRECT
qwen2,biology,90,63.93979263305664,13.474136352539062,19.170398712158203,0,1,INCORRECT
qwen2,biology,89,55.9306755065918,4.921474456787109,7.850532531738281,1,1,INCORRECT
qwen2,biology,91,63.28606414794922,12.51742172241211,20.998367309570312,0,0,INCORRECT
qwen2,biology,97,57.42115783691406,2.1390609741210938,7.030204772949219,1,1,CORRECT
qwen2,biology,95,53.189361572265625,4.191032409667969,10.075550079345703,1,1,CORRECT
qwen2,biology,96,56.87477111816406,2.654888153076172,7.3220977783203125,1,1,CORRECT
qwen2,biology,100,48.26611328125,3.8709869384765625,8.326763153076172,0,1,CORRECT
qwen2,biology,99,49.75145721435547,8.598091125488281,11.412078857421875,1,1,CORRECT
qwen2,biology,98,54.620967864990234,5.375244140625,9.49271011352539,1,1,INCORRECT
qwen2,biology,101,57.18585205078125,1.6564483642578125,5.815006256103516,0,0,INCORRECT
qwen2,aops,math_train_intermediate_algebra_513,73.8020248413086,6.103965759277344,10.294010162353516,1,1,INCORRECT
qwen2,biology,102,50.112884521484375,3.3494033813476562,10.413063049316406,0,0,INCORRECT
qwen2,aops,aops_2019_AMC_12A_Problems/Problem_17,72.35289001464844,2.2368011474609375,4.8536529541015625,1,1,INCORRECT
qwen2,aops,aops_2015_AMC_10B_Problems/Problem_15,64.24295043945312,2.9358062744140625,4.610160827636719,0,0,CORRECT
qwen2,aops,math_test_intermediate_algebra_1179,71.3140640258789,2.890869140625,9.020652770996094,1,1,INCORRECT
qwen2,aops,math_train_counting_and_probability_5024,75.13306427001953,4.9473724365234375,7.4395294189453125,0,0,INCORRECT
qwen2,aops,math_train_number_theory_7095,71.99356842041016,2.2473220825195312,4.57086181640625,0,1,INCORRECT
qwen2,aops,math_train_number_theory_839,70.11630249023438,3.9503936767578125,7.078037261962891,0,0,INCORRECT
qwen2,aops,math_train_number_theory_7012,68.99415588378906,1.0154342651367188,4.412445068359375,0,0,INCORRECT
qwen2,aops,aops_2008_AMC_12B_Problems/Problem_16,72.6204605102539,2.9045791625976562,6.361640930175781,0,0,INCORRECT
qwen2,aops,aops_2000_AIME_I_Problems/Problem_9,76.49016571044922,1.9318923950195312,6.645355224609375,0,0,INCORRECT
qwen2,aops,math_train_number_theory_7030,86.29058837890625,13.279243469238281,16.183494567871094,0,0,CORRECT
qwen2,aops,aops_2008_AMC_12A_Problems/Problem_15,70.95951843261719,6.050270080566406,9.282791137695312,0,1,INCORRECT
qwen2,aops,aops_2005_IMO_Problems/Problem_4,67.05873107910156,2.8592071533203125,6.5222625732421875,1,1,INCORRECT
qwen2,aops,aops_2021_AIME_I_Problems/Problem_14,74.30034637451172,3.6556015014648438,6.937263488769531,1,1,INCORRECT
qwen2,aops,math_train_number_theory_7016,69.94270324707031,2.5899505615234375,4.860359191894531,0,1,INCORRECT
qwen2,aops,aops_2024_AIME_I_Problems/Problem_13,71.65289306640625,5.876487731933594,10.897140502929688,1,1,INCORRECT
qwen2,aops,aops_2005_USAMO_Problems/Problem_2,67.59313201904297,1.2864837646484375,3.894927978515625,0,0,INCORRECT
qwen2,aops,aops_2017_AMC_10B_Problems/Problem_14,73.72274780273438,4.1113739013671875,7.08441162109375,0,1,INCORRECT
qwen2,aops,math_train_counting_and_probability_5035,80.67505645751953,6.3655548095703125,11.360244750976562,1,1,INCORRECT
qwen2,aops,aops_2004_AIME_I_Problems/Problem_10,81.74606323242188,5.7512054443359375,8.720436096191406,1,1,INCORRECT
qwen2,aops,math_train_geometry_6018,75.40245056152344,4.604515075683594,8.059188842773438,0,1,INCORRECT
qwen2,aops,math_train_geometry_6173,80.34612274169922,3.5024871826171875,8.641571044921875,1,1,INCORRECT
qwen2,aops,aops_2023_AIME_I_Problems/Problem_5,75.325439453125,1.5323715209960938,5.324333190917969,0,0,INCORRECT
qwen2,aops,math_test_geometry_454,77.32112884521484,2.4184188842773438,6.757423400878906,0,0,INCORRECT
qwen2,aops,math_train_counting_and_probability_5011,71.4222412109375,3.2158660888671875,6.641166687011719,0,0,INCORRECT
qwen2,aops,aops_2001_AMC_10_Problems/Problem_19,75.26521301269531,2.4833908081054688,8.172927856445312,1,1,CORRECT
qwen2,aops,math_test_counting_and_probability_1009,77.62113952636719,6.08306884765625,9.141670227050781,1,1,CORRECT
qwen2,aops,math_train_counting_and_probability_5131,78.99573516845703,3.800811767578125,7.255439758300781,0,0,CORRECT
qwen2,aops,aops_2018_AMC_10A_Problems/Problem_11,74.42761993408203,1.0351715087890625,4.190940856933594,0,0,INCORRECT
qwen2,aops,aops_2007_AIME_I_Problems/Problem_10,76.4496841430664,2.0875244140625,5.800872802734375,0,1,INCORRECT
qwen2,aops,aops_2018_AMC_8_Problems/Problem_23,74.29679870605469,1.8543167114257812,5.483192443847656,0,0,INCORRECT
qwen2,aops,aops_2020_AMC_10B_Problems/Problem_25,73.12519073486328,3.6681747436523438,6.14227294921875,0,0,INCORRECT
qwen2,aops,aops_1959_IMO_Problems/Problem_1,61.53262710571289,3.5071182250976562,7.358024597167969,1,1,INCORRECT
qwen2,aops,aops_2020_AMC_10A_Problems/Problem_24,69.46235656738281,1.8828353881835938,6.758152008056641,1,1,INCORRECT
qwen2,aops,math_train_number_theory_7003,67.97576141357422,2.3407058715820312,7.722991943359375,0,1,CORRECT
qwen2,aops,aops_2019_AMC_8_Problems/Problem_25,73.02384185791016,0.9856948852539062,4.3440704345703125,1,1,INCORRECT
qwen2,aops,aops_2007_iTest_Problems/Problem_6,72.91622161865234,2.4738998413085938,5.204437255859375,0,1,INCORRECT
qwen2,aops,aops_2021_AIME_I_Problems/Problem_10,75.51170349121094,1.5817184448242188,5.348785400390625,0,0,INCORRECT
qwen2,aops,aops_2021_AIME_II_Problems/Problem_9,68.51407623291016,2.2709503173828125,7.410247802734375,0,1,INCORRECT
qwen2,aops,math_test_counting_and_probability_838,72.10517883300781,3.6074676513671875,6.4347686767578125,0,1,CORRECT
qwen2,aops,math_train_number_theory_7066,70.67137908935547,3.9077835083007812,6.710826873779297,0,0,INCORRECT
qwen2,aops,aops_1987_IMO_Problems/Problem_1,65.78705596923828,3.4820213317871094,6.02484130859375,0,0,INCORRECT
qwen2,aops,aops_2020_AMC_8_Problems/Problem_12,69.1492919921875,3.0040054321289062,5.888515472412109,0,1,INCORRECT
qwen2,aops,aops_2000_AMC_12_Problems/Problem_4,69.2509765625,4.385871887207031,8.368579864501953,0,0,INCORRECT
qwen2,aops,math_train_intermediate_algebra_659,74.55742645263672,3.7379150390625,6.9030303955078125,0,0,INCORRECT
qwen2,aops,math_train_intermediate_algebra_477,69.35115814208984,5.703338623046875,8.202152252197266,0,0,INCORRECT
qwen2,aops,aops_1981_IMO_Problems/Problem_3,75.78235626220703,5.250785827636719,7.981620788574219,0,0,INCORRECT
qwen2,aops,aops_1990_AIME_Problems/Problem_9,83.10823059082031,8.958473205566406,14.101188659667969,0,0,INCORRECT
qwen2,aops,math_train_counting_and_probability_5047,79.39476013183594,1.199554443359375,5.090660095214844,0,0,INCORRECT
qwen2,aops,aops_2017_AMC_10B_Problems/Problem_13,72.13992309570312,5.7831878662109375,10.03372573852539,1,1,CORRECT
qwen2,aops,aops_2005_AMC_12A_Problems/Problem_18,65.92585754394531,3.4866676330566406,6.1598968505859375,0,0,INCORRECT
qwen2,aops,aops_2011_AMC_8_Problems/Problem_6,65.1279296875,3.3917999267578125,6.330783843994141,0,1,CORRECT
qwen2,aops,math_train_counting_and_probability_5048,73.88359832763672,2.6838226318359375,5.952476501464844,0,1,INCORRECT
qwen2,aops,aops_2017_AIME_II_Problems/Problem_1,70.19186401367188,6.679939270019531,12.504032135009766,0,0,INCORRECT
qwen2,aops,math_train_counting_and_probability_5045,71.35125732421875,8.850982666015625,10.895751953125,0,0,INCORRECT
qwen2,aops,aops_2020_AIME_II_Problems/Problem_9,65.33383178710938,1.4125289916992188,4.647594451904297,0,0,INCORRECT
qwen2,aops,math_test_counting_and_probability_430,71.8266372680664,5.124114990234375,10.620033264160156,1,1,INCORRECT
qwen2,aops,math_test_prealgebra_1987,75.92402648925781,6.387939453125,12.695755004882812,1,1,INCORRECT
qwen2,aops,math_test_counting_and_probability_1003,73.19107818603516,3.6428146362304688,9.017791748046875,0,1,INCORRECT
qwen2,aops,aops_2007_AIME_II_Problems/Problem_10,77.1792984008789,5.75653076171875,9.767669677734375,0,0,INCORRECT
qwen2,aops,math_train_geometry_6060,75.41950225830078,1.3898391723632812,4.705955505371094,0,1,INCORRECT
qwen2,aops,math_train_geometry_317,79.82440948486328,3.2533721923828125,7.246757507324219,0,1,INCORRECT
qwen2,aops,aops_1985_AIME_Problems/Problem_6,76.91924285888672,3.3219070434570312,6.447273254394531,1,1,INCORRECT
qwen2,aops,math_train_geometry_6116,73.01289367675781,1.065673828125,5.1179351806640625,0,1,INCORRECT
qwen2,aops,aops_1971_AHSME_Problems/Problem_26,79.92340087890625,4.313385009765625,11.961952209472656,0,1,INCORRECT
qwen2,aops,aops_1988_AIME_Problems/Problem_12,73.62677764892578,2.0766448974609375,6.3635406494140625,0,1,INCORRECT
qwen2,aops,math_train_geometry_6022,79.34504699707031,5.018363952636719,11.486061096191406,0,1,INCORRECT
qwen2,aops,aops_2016_AMC_10A_Problems/Problem_19,79.84794616699219,2.2171173095703125,8.025749206542969,0,1,INCORRECT
qwen2,aops,math_train_intermediate_algebra_2060,76.62116241455078,4.96258544921875,9.485359191894531,0,1,CORRECT
qwen2,aops,math_train_geometry_6115,74.16727447509766,1.4895782470703125,6.524810791015625,0,1,INCORRECT
qwen2,aops,math_test_intermediate_algebra_951,59.98991012573242,4.026004791259766,6.972801208496094,0,1,INCORRECT
qwen2,aops,math_train_algebra_2521,74.74676513671875,5.595405578613281,7.8114166259765625,1,1,INCORRECT
qwen2,aops,math_train_intermediate_algebra_1822,72.81619262695312,7.3005828857421875,10.349971771240234,1,1,INCORRECT
qwen2,aops,math_train_number_theory_7078,68.698974609375,2.9486236572265625,6.400623321533203,0,1,INCORRECT
qwen2,aops,math_test_algebra_1208,76.36553955078125,3.45050048828125,6.2242889404296875,1,1,INCORRECT
qwen2,aops,aops_2009_AMC_12A_Problems/Problem_17,73.3077621459961,7.132469177246094,9.619449615478516,1,1,INCORRECT
qwen2,aops,aops_2021_Fall_AMC_12A_Problems/Problem_12,72.52706146240234,2.0518875122070312,5.008026123046875,0,0,INCORRECT
qwen2,aops,math_test_intermediate_algebra_1812,71.36447143554688,4.409912109375,7.6199188232421875,0,0,INCORRECT
qwen2,aops,aops_2021_AMC_12B_Problems/Problem_9,64.3974380493164,1.1024131774902344,7.47589111328125,1,1,INCORRECT
qwen2,aops,aops_2008_AMC_12A_Problems/Problem_16,71.00279235839844,6.4951019287109375,9.628883361816406,0,1,INCORRECT
qwen2,aops,math_train_intermediate_algebra_1268,71.26038360595703,4.9552001953125,10.359481811523438,1,1,INCORRECT
qwen2,aops,aops_2002_AIME_I_Problems/Problem_6,73.77898406982422,10.28689956665039,12.766803741455078,0,0,INCORRECT
qwen2,aops,math_train_counting_and_probability_5111,75.89881134033203,3.5717315673828125,6.679756164550781,0,0,INCORRECT
qwen2,aops,math_train_counting_and_probability_822,74.63705444335938,5.944679260253906,10.374725341796875,0,0,INCORRECT
qwen2,aops,math_train_geometry_747,71.7103271484375,1.6423568725585938,4.591224670410156,0,0,INCORRECT
qwen2,aops,aops_1994_AIME_Problems/Problem_9,74.51004028320312,2.3972854614257812,6.0949554443359375,0,0,INCORRECT
qwen2,aops,math_train_counting_and_probability_5064,72.92658996582031,1.74407958984375,4.414237976074219,1,1,INCORRECT
qwen2,aops,aops_2015_AMC_12A_Problems/Problem_22,80.1543960571289,6.449745178222656,10.883979797363281,0,1,INCORRECT
qwen2,aops,math_train_algebra_2826,69.64082336425781,3.517913818359375,6.436450958251953,1,1,CORRECT
qwen2,aops,aops_2022_AMC_10B_Problems/Problem_9,75.73974609375,4.810691833496094,9.28656005859375,0,0,INCORRECT
qwen2,aops,aops_2019_AMC_10A_Problems/Problem_12,63.47569274902344,5.016262054443359,9.359397888183594,1,1,INCORRECT
qwen2,aops,aops_2000_AMC_12_Problems/Problem_14,76.07716369628906,9.415740966796875,11.566795349121094,1,1,INCORRECT
qwen2,aops,aops_2023_AIME_II_Problems/Problem_9,77.69923400878906,1.3347854614257812,5.413505554199219,1,1,INCORRECT
qwen2,aops,aops_2024_AIME_I_Problems/Problem_10,74.97267150878906,0.55419921875,4.5562896728515625,0,1,INCORRECT
qwen2,aops,aops_2016_AMC_10A_Problems/Problem_7,74.50247192382812,11.275569915771484,13.835784912109375,1,1,CORRECT
qwen2,aops,aops_2022_AIME_I_Problems/Problem_11,75.632080078125,1.2346878051757812,3.55126953125,1,1,INCORRECT
qwen2,aops,aops_2016_AIME_I_Problems/Problem_15,78.13318634033203,1.2436752319335938,5.6337890625,1,1,INCORRECT
qwen2,aops,aops_2020_AIME_I_Problems/Problem_15,77.96721649169922,2.9003829956054688,6.044586181640625,1,1,INCORRECT
qwen2,aops,aops_2016_AIME_II_Problems/Problem_10,77.2620849609375,3.9014511108398438,6.8147125244140625,1,1,INCORRECT
qwen2,aops,aops_1971_Canadian_MO_Problems/Problem_1,62.50000762939453,2.8980674743652344,6.681449890136719,0,0,INCORRECT
qwen2,aops,math_train_geometry_6105,75.23841857910156,2.6633758544921875,5.81793212890625,0,0,INCORRECT
qwen2,aops,math_train_geometry_6092,77.1873550415039,2.9295196533203125,5.681373596191406,1,1,INCORRECT
qwen2,aops,aops_1998_AIME_Problems/Problem_2,75.27600860595703,5.421333312988281,8.148338317871094,0,0,INCORRECT
qwen2,aops,aops_2013_AMC_12A_Problems/Problem_13,79.23280334472656,4.096229553222656,6.934883117675781,0,0,INCORRECT
qwen2,earth_science,3,60.245262145996094,6.1899871826171875,11.323551177978516,1,1,CORRECT
qwen2,aops,aops_2019_AIME_I_Problems/Problem_3,74.02433776855469,4.5641937255859375,7.267616271972656,0,1,INCORRECT
qwen2,aops,aops_2002_AIME_I_Problems/Problem_10,73.96670532226562,1.7637100219726562,4.512687683105469,0,1,INCORRECT
qwen2,aops,math_train_geometry_6112,76.923828125,6.048210144042969,8.164535522460938,0,0,INCORRECT
qwen2,aops,aops_2015_AIME_I_Problems/Problem_4,76.0031967163086,2.0819473266601562,5.56005859375,0,0,INCORRECT
qwen2,aops,math_train_geometry_6078,76.14076232910156,2.4756927490234375,6.47552490234375,0,1,INCORRECT
qwen2,earth_science,1,68.3310546875,3.5063095092773438,12.881145477294922,0,0,CORRECT
qwen2,aops,math_train_geometry_6051,70.1957015991211,1.4305343627929688,3.3400421142578125,1,1,INCORRECT
qwen2,earth_science,2,66.24446868896484,8.80398941040039,14.712398529052734,1,1,INCORRECT
qwen2,aops,aops_2017_AIME_II_Problems/Problem_3,84.12168884277344,6.8237152099609375,11.982009887695312,0,0,INCORRECT
qwen2,earth_science,4,61.20696258544922,9.317996978759766,18.282699584960938,1,1,CORRECT
qwen2,earth_science,0,52.27766036987305,4.605628967285156,10.365547180175781,0,1,CORRECT
qwen2,earth_science,6,50.7302360534668,3.6224098205566406,10.564266204833984,1,1,CORRECT
qwen2,earth_science,7,53.409637451171875,6.006996154785156,9.644290924072266,1,1,CORRECT
qwen2,earth_science,5,58.54457092285156,3.56317138671875,14.535564422607422,0,0,CORRECT
qwen2,earth_science,8,73.07720184326172,18.068618774414062,35.28646469116211,1,1,CORRECT
qwen2,earth_science,17,64.14300537109375,6.613628387451172,10.701797485351562,0,0,CORRECT
qwen2,earth_science,9,58.11354446411133,6.055938720703125,9.26705551147461,0,1,INCORRECT
qwen2,earth_science,11,57.54620361328125,5.759960174560547,10.687740325927734,0,1,CORRECT
qwen2,earth_science,16,46.8632698059082,4.168407440185547,10.298236846923828,0,1,CORRECT
qwen2,earth_science,21,53.476680755615234,2.779979705810547,9.515705108642578,0,1,INCORRECT
qwen2,earth_science,12,52.76195526123047,2.4819869995117188,5.197154998779297,1,1,INCORRECT
qwen2,earth_science,10,60.383270263671875,14.51956558227539,18.398426055908203,0,0,CORRECT
qwen2,earth_science,13,55.93035888671875,7.1664581298828125,17.892532348632812,1,1,CORRECT
qwen2,earth_science,14,52.130741119384766,7.558834075927734,11.572757720947266,0,1,CORRECT
qwen2,earth_science,15,61.31103515625,5.058746337890625,8.713298797607422,0,1,CORRECT
qwen2,earth_science,20,53.82396697998047,7.303398132324219,9.650867462158203,1,1,CORRECT
qwen2,earth_science,19,68.05659484863281,6.318996429443359,11.69009017944336,1,1,CORRECT
qwen2,earth_science,18,51.4903564453125,0.9845390319824219,8.466926574707031,1,1,CORRECT
qwen2,earth_science,23,50.92652893066406,7.300006866455078,14.48073959350586,0,0,CORRECT
qwen2,earth_science,24,57.407474517822266,3.599132537841797,9.301345825195312,1,1,CORRECT
qwen2,earth_science,25,51.992340087890625,5.0527496337890625,12.568859100341797,1,1,CORRECT
qwen2,earth_science,22,59.8579216003418,8.04372787475586,15.447845458984375,0,0,CORRECT
qwen2,earth_science,26,56.610595703125,10.421134948730469,15.654991149902344,1,1,CORRECT
qwen2,earth_science,34,47.42959213256836,2.5589218139648438,5.297557830810547,1,1,CORRECT
qwen2,earth_science,27,50.09730529785156,3.78643798828125,8.653785705566406,1,1,INCORRECT
qwen2,earth_science,28,56.44437789916992,6.220367431640625,15.164459228515625,1,1,CORRECT
qwen2,earth_science,29,61.99968338012695,1.4054336547851562,3.847209930419922,0,0,INCORRECT
qwen2,earth_science,30,46.754634857177734,2.2080307006835938,6.040035247802734,1,1,INCORRECT
qwen2,earth_science,31,54.098846435546875,5.9087066650390625,10.051128387451172,1,1,CORRECT
qwen2,earth_science,36,68.26034545898438,8.234199523925781,14.751628875732422,1,1,CORRECT
qwen2,earth_science,32,43.842567443847656,3.849468231201172,7.404327392578125,1,1,CORRECT
qwen2,earth_science,40,48.66743850708008,3.4801292419433594,9.80776596069336,0,0,INCORRECT
qwen2,earth_science,38,58.93019485473633,11.355724334716797,15.788089752197266,1,1,CORRECT
qwen2,earth_science,39,59.10010528564453,8.873065948486328,17.769031524658203,1,1,CORRECT
qwen2,earth_science,35,60.47835922241211,7.697349548339844,12.30419921875,1,1,CORRECT
qwen2,earth_science,33,51.702945709228516,5.386547088623047,9.439754486083984,0,1,CORRECT
qwen2,earth_science,37,48.90930938720703,1.391021728515625,3.5931358337402344,0,1,INCORRECT
qwen2,earth_science,45,42.22271728515625,1.5961952209472656,6.261577606201172,1,1,INCORRECT
qwen2,earth_science,54,58.046470642089844,11.316383361816406,15.427589416503906,0,1,CORRECT
qwen2,earth_science,50,64.662841796875,6.318119049072266,11.769332885742188,0,1,INCORRECT
qwen2,earth_science,41,65.82406616210938,14.97640609741211,19.153446197509766,1,1,CORRECT
qwen2,earth_science,53,53.242366790771484,3.5166053771972656,8.757923126220703,1,1,CORRECT
qwen2,earth_science,42,48.5640869140625,2.9387779235839844,5.798728942871094,1,1,CORRECT
qwen2,earth_science,43,42.329071044921875,2.8158302307128906,9.885677337646484,1,1,CORRECT
qwen2,earth_science,60,51.161529541015625,1.3020133972167969,7.612529754638672,1,1,CORRECT
qwen2,earth_science,46,61.084503173828125,5.554656982421875,16.707408905029297,1,1,CORRECT
qwen2,earth_science,44,55.6165771484375,4.179718017578125,8.087615966796875,0,0,CORRECT
qwen2,earth_science,55,69.31907653808594,16.142108917236328,20.109691619873047,1,1,CORRECT
qwen2,earth_science,47,65.97511291503906,5.747955322265625,16.791942596435547,1,1,CORRECT
qwen2,earth_science,48,51.358787536621094,1.5916023254394531,4.274700164794922,0,0,CORRECT
qwen2,earth_science,49,54.00484085083008,3.829174041748047,14.1385498046875,1,1,CORRECT
qwen2,earth_science,51,68.87340545654297,14.229564666748047,24.213401794433594,1,1,CORRECT
qwen2,earth_science,57,54.25898361206055,6.836963653564453,11.289878845214844,1,1,CORRECT
qwen2,earth_science,52,54.99729919433594,7.000850677490234,10.968170166015625,1,1,CORRECT
qwen2,earth_science,58,65.35016632080078,1.7352752685546875,17.30337905883789,0,0,INCORRECT
qwen2,earth_science,72,64.64009857177734,6.544963836669922,17.853778839111328,1,1,CORRECT
qwen2,earth_science,62,52.3873405456543,2.999237060546875,11.742340087890625,1,1,CORRECT
qwen2,earth_science,56,58.707122802734375,5.3394775390625,17.108604431152344,1,1,CORRECT
qwen2,earth_science,61,55.77906799316406,2.0185508728027344,6.510826110839844,0,0,INCORRECT
qwen2,earth_science,59,62.09132766723633,6.370979309082031,12.24676513671875,1,1,CORRECT
qwen2,earth_science,63,79.38563537597656,11.92034912109375,21.60760498046875,1,1,CORRECT
qwen2,earth_science,64,46.64058303833008,2.645549774169922,8.228157043457031,1,1,CORRECT
qwen2,earth_science,71,55.64607238769531,8.85992431640625,13.856395721435547,1,1,CORRECT
qwen2,earth_science,69,60.92572021484375,6.5392303466796875,16.438030242919922,1,1,CORRECT
qwen2,earth_science,73,63.87566375732422,6.809200286865234,12.166679382324219,1,1,CORRECT
qwen2,earth_science,65,67.65617370605469,18.14145278930664,21.840229034423828,1,1,CORRECT
qwen2,earth_science,68,52.0430908203125,2.9500389099121094,6.156684875488281,1,1,CORRECT
qwen2,earth_science,67,50.25828552246094,4.009246826171875,9.117660522460938,1,1,CORRECT
qwen2,earth_science,66,48.95127868652344,4.951606750488281,8.452404022216797,1,1,CORRECT
qwen2,earth_science,70,55.27568435668945,5.214344024658203,10.749263763427734,1,1,CORRECT
qwen2,earth_science,79,48.65176010131836,3.7997512817382812,7.744983673095703,0,0,CORRECT
qwen2,earth_science,74,64.23038482666016,15.011367797851562,18.494171142578125,1,1,CORRECT
qwen2,earth_science,77,59.54783630371094,4.208839416503906,7.8648681640625,0,0,INCORRECT
qwen2,earth_science,78,46.71702575683594,2.8896636962890625,6.216064453125,0,1,CORRECT
qwen2,earth_science,75,54.80254364013672,9.55938720703125,14.109088897705078,1,1,CORRECT
qwen2,earth_science,80,70.65287780761719,13.080123901367188,24.05704116821289,1,1,CORRECT
qwen2,earth_science,81,70.06794738769531,6.572257995605469,14.009124755859375,1,1,CORRECT
qwen2,earth_science,82,65.03394317626953,6.292499542236328,12.515815734863281,1,1,CORRECT
qwen2,earth_science,76,54.46088409423828,5.829319000244141,8.407779693603516,1,1,INCORRECT
qwen2,earth_science,85,60.73489761352539,8.052963256835938,12.353992462158203,1,1,CORRECT
qwen2,earth_science,84,58.41049575805664,8.807334899902344,15.617900848388672,0,0,INCORRECT
qwen2,earth_science,96,62.47251510620117,8.413150787353516,15.53152084350586,1,1,CORRECT
qwen2,earth_science,95,54.65264129638672,1.3660697937011719,6.493457794189453,0,1,INCORRECT
qwen2,earth_science,88,47.675662994384766,6.0125885009765625,12.110355377197266,1,1,CORRECT
qwen2,earth_science,89,43.94166946411133,1.5500526428222656,4.014152526855469,0,0,INCORRECT
qwen2,earth_science,83,66.04277801513672,1.493560791015625,14.969841003417969,1,1,CORRECT
qwen2,earth_science,86,59.09083557128906,6.941642761230469,15.316844940185547,1,1,CORRECT
qwen2,earth_science,92,53.18397903442383,2.612377166748047,6.823246002197266,0,1,CORRECT
qwen2,earth_science,87,59.20233154296875,9.798664093017578,15.694225311279297,1,1,CORRECT
qwen2,earth_science,90,53.676719665527344,2.6545372009277344,6.10028076171875,0,1,INCORRECT
qwen2,earth_science,102,45.852108001708984,5.823936462402344,9.673145294189453,0,0,CORRECT
qwen2,earth_science,94,47.889888763427734,3.0986328125,6.998016357421875,0,0,INCORRECT
qwen2,earth_science,97,64.17771911621094,6.174263000488281,18.719284057617188,1,1,CORRECT
qwen2,earth_science,91,64.47920227050781,1.9819908142089844,12.70864486694336,1,1,CORRECT
qwen2,earth_science,93,51.8277702331543,2.6927719116210938,8.579124450683594,1,1,CORRECT
qwen2,earth_science,101,83.17345428466797,27.321868896484375,37.75045394897461,1,1,CORRECT
qwen2,earth_science,98,56.17227554321289,4.0113525390625,11.747852325439453,1,1,CORRECT
qwen2,earth_science,105,41.64348220825195,2.592754364013672,6.128261566162109,0,1,CORRECT
qwen2,earth_science,99,55.70008850097656,5.958415985107422,11.460010528564453,0,0,CORRECT
qwen2,earth_science,103,47.74847412109375,6.047477722167969,8.850013732910156,0,0,CORRECT
qwen2,earth_science,100,50.0882682800293,4.045806884765625,10.31362533569336,0,0,INCORRECT
qwen2,earth_science,104,50.50999450683594,1.9575004577636719,10.744781494140625,1,1,INCORRECT
qwen2,earth_science,106,57.86042785644531,3.9889564514160156,9.532657623291016,0,1,INCORRECT
qwen2,earth_science,111,45.55351638793945,3.18743896484375,5.440509796142578,0,0,CORRECT
qwen2,earth_science,113,67.18284606933594,10.68239974975586,19.604232788085938,1,1,CORRECT
qwen2,earth_science,114,49.77265930175781,3.1292152404785156,8.155345916748047,1,1,CORRECT
qwen2,earth_science,107,62.33680725097656,16.865188598632812,21.120365142822266,1,1,CORRECT
qwen2,earth_science,108,46.616580963134766,3.4099388122558594,8.587162017822266,0,0,CORRECT
qwen2,economics,0,56.74421691894531,5.035423278808594,10.63192367553711,0,0,INCORRECT
qwen2,earth_science,109,54.231422424316406,2.9381141662597656,7.578006744384766,0,1,CORRECT
qwen2,earth_science,112,55.83678436279297,4.109592437744141,9.901504516601562,0,0,INCORRECT
qwen2,earth_science,115,64.1854019165039,9.406700134277344,18.299549102783203,0,0,CORRECT
qwen2,earth_science,110,55.1683235168457,2.2608795166015625,8.154918670654297,1,1,CORRECT
qwen2,economics,3,57.35639190673828,5.992465972900391,10.549354553222656,0,1,CORRECT
qwen2,economics,1,63.687252044677734,3.2364883422851562,6.914638519287109,0,1,INCORRECT
qwen2,economics,2,47.60516357421875,1.87030029296875,5.488807678222656,0,1,CORRECT
qwen2,economics,5,55.81043243408203,5.327140808105469,10.246685028076172,0,0,INCORRECT
qwen2,economics,6,49.70920944213867,1.6642532348632812,5.469001770019531,0,0,INCORRECT
qwen2,economics,7,61.49887466430664,2.6157798767089844,8.152847290039062,0,0,INCORRECT
qwen2,economics,9,64.7707748413086,5.4174041748046875,12.646759033203125,1,1,CORRECT
qwen2,economics,4,52.117069244384766,2.9365577697753906,10.296504974365234,0,0,CORRECT
qwen2,economics,8,51.011085510253906,4.970390319824219,8.279155731201172,0,1,CORRECT
qwen2,economics,15,57.31806945800781,1.3313446044921875,4.557445526123047,0,0,INCORRECT
qwen2,economics,12,55.93355178833008,3.630321502685547,9.348590850830078,1,1,CORRECT
qwen2,economics,11,53.52349090576172,0.6681137084960938,5.973663330078125,0,0,CORRECT
qwen2,economics,14,53.89492416381836,3.1511459350585938,10.564971923828125,0,0,INCORRECT
qwen2,economics,13,53.18602752685547,1.7003059387207031,5.7363433837890625,1,1,CORRECT
qwen2,economics,10,54.535980224609375,4.694896697998047,8.342964172363281,0,0,CORRECT
qwen2,economics,16,51.054168701171875,2.4668960571289062,6.250072479248047,0,1,CORRECT
qwen2,economics,18,53.69184494018555,4.273197174072266,8.204879760742188,1,1,CORRECT
qwen2,economics,17,61.66655349731445,3.3477249145507812,7.414417266845703,1,1,CORRECT
qwen2,economics,19,63.141929626464844,4.318447113037109,8.226764678955078,0,0,CORRECT
qwen2,economics,20,56.386863708496094,5.5100860595703125,8.446990966796875,0,0,INCORRECT
qwen2,economics,22,58.77671813964844,2.7914886474609375,9.082103729248047,0,1,INCORRECT
qwen2,economics,21,59.7923583984375,1.8605422973632812,5.779212951660156,0,0,CORRECT
qwen2,economics,23,65.57320404052734,2.1330947875976562,4.476535797119141,1,1,CORRECT
qwen2,economics,25,58.44855499267578,7.879505157470703,15.589698791503906,1,1,CORRECT
qwen2,economics,24,62.71539306640625,6.551422119140625,10.812175750732422,0,1,CORRECT
qwen2,economics,26,58.070899963378906,6.659313201904297,10.902900695800781,0,1,CORRECT
qwen2,economics,33,62.667457580566406,5.032444000244141,9.319469451904297,0,0,INCORRECT
qwen2,economics,36,64.96332550048828,10.29373550415039,16.00405502319336,0,1,CORRECT
qwen2,economics,27,67.7549057006836,1.8930816650390625,9.370246887207031,1,1,CORRECT
qwen2,economics,29,64.71576690673828,5.679553985595703,12.21282958984375,1,1,CORRECT
qwen2,economics,31,60.01004409790039,3.460369110107422,8.386390686035156,0,0,CORRECT
qwen2,economics,30,50.19210433959961,2.6795387268066406,7.72027587890625,0,0,INCORRECT
qwen2,economics,28,45.84040069580078,0.8493232727050781,2.638957977294922,1,1,CORRECT
qwen2,economics,32,51.82374572753906,3.590160369873047,7.230472564697266,1,1,INCORRECT
qwen2,economics,41,62.462181091308594,6.382549285888672,9.681285858154297,0,1,CORRECT
qwen2,economics,37,72.74002838134766,3.2455596923828125,10.719608306884766,0,0,CORRECT
qwen2,economics,35,58.05569839477539,5.038494110107422,9.066295623779297,0,0,CORRECT
qwen2,economics,50,52.073692321777344,1.618865966796875,5.610950469970703,0,0,INCORRECT
qwen2,economics,39,58.32377243041992,6.6837615966796875,9.287452697753906,0,1,CORRECT
qwen2,economics,40,53.89212417602539,1.6903572082519531,6.003410339355469,0,1,CORRECT
qwen2,economics,38,52.48305892944336,5.2735137939453125,14.143539428710938,1,1,CORRECT
qwen2,economics,34,56.16790008544922,6.007991790771484,10.432384490966797,1,1,CORRECT
qwen2,economics,42,63.44212341308594,1.9414596557617188,5.919342041015625,1,1,CORRECT
qwen2,economics,43,50.65297317504883,3.342559814453125,7.320228576660156,0,1,INCORRECT
qwen2,economics,46,49.479801177978516,1.4622650146484375,8.244022369384766,0,0,CORRECT
qwen2,economics,44,56.082366943359375,4.022632598876953,7.334468841552734,0,1,CORRECT
qwen2,economics,47,54.398983001708984,2.1162338256835938,7.084537506103516,0,0,INCORRECT
qwen2,economics,48,74.21284484863281,7.91265869140625,15.286285400390625,0,0,CORRECT
qwen2,economics,49,58.16366195678711,3.2157745361328125,8.76449966430664,1,1,CORRECT
qwen2,economics,45,59.53477478027344,7.808582305908203,14.311553955078125,0,0,INCORRECT
qwen2,economics,62,63.97822952270508,1.5918655395507812,8.949970245361328,0,1,CORRECT
qwen2,economics,52,65.28961944580078,6.0029296875,12.589679718017578,0,1,CORRECT
qwen2,economics,53,64.85694885253906,7.3720855712890625,11.455238342285156,0,1,CORRECT
qwen2,economics,55,62.485557556152344,8.375782012939453,15.258495330810547,1,1,CORRECT
qwen2,economics,59,63.39337158203125,2.9599952697753906,7.042629241943359,1,1,CORRECT
qwen2,economics,57,51.264469146728516,3.4129867553710938,8.397838592529297,0,1,CORRECT
qwen2,economics,54,50.75892639160156,3.8332901000976562,9.987419128417969,0,0,INCORRECT
qwen2,economics,56,54.96668243408203,7.0488739013671875,10.841289520263672,1,1,CORRECT
qwen2,economics,58,56.6579475402832,0.86376953125,4.065090179443359,0,1,CORRECT
qwen2,economics,66,65.00147247314453,3.7547836303710938,10.493038177490234,1,1,CORRECT
qwen2,economics,60,60.10233688354492,2.6026077270507812,8.610050201416016,0,0,INCORRECT
qwen2,economics,63,56.62838363647461,3.1781272888183594,8.059551239013672,0,0,INCORRECT
qwen2,economics,64,56.995201110839844,4.567729949951172,6.468921661376953,0,0,INCORRECT
qwen2,economics,61,67.61054229736328,7.129016876220703,18.111499786376953,0,0,CORRECT
qwen2,economics,65,49.48288345336914,5.299449920654297,11.674400329589844,0,1,INCORRECT
qwen2,economics,69,57.43722915649414,3.3904266357421875,9.32895278930664,0,1,CORRECT
qwen2,economics,80,60.32032775878906,5.1305999755859375,11.793838500976562,0,0,CORRECT
qwen2,economics,67,64.16226959228516,1.1872749328613281,5.082069396972656,0,0,CORRECT
qwen2,economics,70,57.39966583251953,10.679637908935547,17.732269287109375,0,1,CORRECT
qwen2,economics,68,60.75348663330078,8.767955780029297,14.291969299316406,0,0,CORRECT
qwen2,economics,72,57.56692886352539,2.4615821838378906,5.986915588378906,0,0,CORRECT
qwen2,economics,75,51.46412658691406,2.7137527465820312,6.328952789306641,1,1,CORRECT
qwen2,economics,74,60.21637725830078,2.559398651123047,5.847583770751953,1,1,CORRECT
qwen2,economics,73,58.073951721191406,1.3424072265625,5.723121643066406,0,1,CORRECT
qwen2,economics,71,52.39641571044922,4.452259063720703,5.412322998046875,0,0,CORRECT
qwen2,economics,79,62.516056060791016,5.766300201416016,8.738128662109375,1,1,CORRECT
qwen2,economics,78,60.61045455932617,7.217853546142578,11.9716796875,0,1,CORRECT
qwen2,economics,82,54.97445297241211,3.5450782775878906,6.054065704345703,0,0,CORRECT
qwen2,economics,76,56.36988830566406,11.841358184814453,16.65506362915039,0,0,INCORRECT
qwen2,economics,77,61.798919677734375,8.220256805419922,11.476203918457031,0,0,INCORRECT
qwen2,economics,81,56.48444366455078,1.6403274536132812,4.806602478027344,0,0,CORRECT
qwen2,economics,87,58.2595100402832,1.3335533142089844,8.651508331298828,0,0,CORRECT
qwen2,economics,90,65.1827392578125,3.4764175415039062,8.529556274414062,0,0,INCORRECT
qwen2,economics,85,49.29476547241211,2.6563072204589844,7.691501617431641,1,1,CORRECT
qwen2,economics,84,54.74544143676758,5.286872863769531,10.517223358154297,0,0,CORRECT
qwen2,economics,83,52.394493103027344,3.9146690368652344,6.788127899169922,0,1,CORRECT
qwen2,economics,86,63.6848258972168,5.825862884521484,13.37485122680664,0,1,INCORRECT
qwen2,economics,88,65.85325622558594,8.191020965576172,16.264354705810547,0,1,CORRECT
qwen2,economics,89,59.1303825378418,3.705944061279297,8.934844970703125,0,0,CORRECT
qwen2,economics,94,66.7338638305664,7.444652557373047,12.377296447753906,0,0,CORRECT
qwen2,economics,91,53.54102325439453,6.495277404785156,9.985504150390625,0,0,CORRECT
qwen2,economics,93,60.66718292236328,4.153438568115234,11.240676879882812,1,1,CORRECT
qwen2,economics,95,59.5992431640625,1.0901603698730469,6.78070068359375,1,1,CORRECT
qwen2,economics,96,57.18680191040039,4.7283172607421875,9.142631530761719,1,1,CORRECT
qwen2,economics,97,62.97952651977539,1.7338180541992188,6.923618316650391,0,0,CORRECT
qwen2,economics,92,58.36998748779297,6.6542510986328125,12.084159851074219,1,1,CORRECT
qwen2,economics,98,69.36705017089844,7.7157745361328125,12.308013916015625,0,0,CORRECT
qwen2,economics,101,57.97837448120117,3.7230186462402344,8.199649810791016,0,0,INCORRECT
qwen2,economics,102,59.0928955078125,3.5929183959960938,8.21319580078125,0,0,CORRECT
qwen2,economics,99,57.212890625,3.4653663635253906,8.555130004882812,0,0,CORRECT
qwen2,economics,100,52.30944061279297,3.2138290405273438,7.604610443115234,0,0,CORRECT
qwen2,leetcode,2,73.87714385986328,17.438316345214844,25.209308624267578,1,1,CORRECT
qwen2,leetcode,0,67.93753814697266,18.558761596679688,22.99956512451172,1,1,CORRECT
qwen2,leetcode,1,69.67927551269531,11.397228240966797,19.544849395751953,1,1,CORRECT
qwen2,leetcode,3,64.2063217163086,9.413833618164062,16.05970001220703,1,1,CORRECT
qwen2,leetcode,5,66.70934295654297,19.138458251953125,23.675949096679688,1,1,CORRECT
qwen2,leetcode,6,71.21687316894531,20.580326080322266,27.191146850585938,1,1,CORRECT
qwen2,leetcode,10,63.827449798583984,13.321823120117188,16.39596176147461,1,1,CORRECT
qwen2,leetcode,8,58.14204406738281,3.822643280029297,10.492340087890625,0,1,INCORRECT
qwen2,leetcode,7,67.1159896850586,10.868755340576172,17.074600219726562,1,1,INCORRECT
qwen2,leetcode,9,68.34803771972656,24.443153381347656,25.834796905517578,1,1,CORRECT
qwen2,leetcode,4,54.68208312988281,1.0901985168457031,5.591583251953125,0,1,INCORRECT
qwen2,leetcode,11,61.007205963134766,3.0992660522460938,10.99123764038086,1,1,CORRECT
qwen2,leetcode,12,55.196571350097656,7.687049865722656,9.969161987304688,0,1,INCORRECT
qwen2,leetcode,14,56.2593994140625,10.871387481689453,13.134613037109375,1,1,CORRECT
qwen2,leetcode,17,61.39698791503906,7.860103607177734,10.457134246826172,1,1,CORRECT
qwen2,leetcode,16,46.24251937866211,2.8543472290039062,5.9561309814453125,0,1,CORRECT
qwen2,leetcode,15,61.204795837402344,2.507476806640625,6.978130340576172,0,0,CORRECT
qwen2,leetcode,18,57.38616180419922,4.767189025878906,7.062751770019531,1,1,CORRECT
qwen2,leetcode,22,68.21603393554688,11.714912414550781,16.437854766845703,1,1,CORRECT
qwen2,leetcode,20,63.632755279541016,18.730209350585938,20.909839630126953,0,0,CORRECT
qwen2,leetcode,24,62.93393325805664,8.995712280273438,13.117141723632812,1,1,INCORRECT
qwen2,leetcode,19,59.20818328857422,5.937110900878906,9.502532958984375,0,0,INCORRECT
qwen2,leetcode,21,62.71467208862305,11.764259338378906,15.460716247558594,1,1,CORRECT
qwen2,leetcode,26,58.75896072387695,7.347095489501953,11.248519897460938,1,1,CORRECT
qwen2,leetcode,23,54.498756408691406,5.208038330078125,8.906257629394531,0,0,CORRECT
qwen2,leetcode,25,57.75954818725586,5.2276611328125,9.747852325439453,0,1,CORRECT
qwen2,leetcode,27,55.51259994506836,1.0429267883300781,4.999271392822266,1,1,CORRECT
qwen2,leetcode,28,41.725887298583984,5.544101715087891,8.894634246826172,0,0,INCORRECT
qwen2,leetcode,29,50.33366775512695,3.4720611572265625,9.537532806396484,1,1,CORRECT
qwen2,leetcode,30,61.619205474853516,4.930706024169922,9.260971069335938,1,1,CORRECT
qwen2,leetcode,32,49.4720573425293,2.3011512756347656,4.032936096191406,0,0,INCORRECT
qwen2,leetcode,31,53.20240783691406,1.9692955017089844,5.111812591552734,1,1,INCORRECT
qwen2,leetcode,13,56.95100402832031,2.324420928955078,6.171672821044922,1,1,CORRECT
qwen2,leetcode,35,57.4083251953125,4.089683532714844,6.147151947021484,1,1,INCORRECT
qwen2,leetcode,39,62.48676300048828,5.133819580078125,11.03237533569336,0,0,INCORRECT
qwen2,leetcode,33,61.858646392822266,9.32403564453125,14.877178192138672,1,1,CORRECT
qwen2,leetcode,37,54.754608154296875,2.1760406494140625,5.737621307373047,0,1,CORRECT
qwen2,leetcode,36,49.10218048095703,4.896331787109375,7.232624053955078,1,1,CORRECT
qwen2,leetcode,38,59.66960144042969,7.213352203369141,13.022232055664062,0,0,INCORRECT
qwen2,leetcode,34,63.52490234375,9.678901672363281,14.848159790039062,1,1,CORRECT
qwen2,leetcode,40,67.14483642578125,6.352146148681641,13.498390197753906,1,1,CORRECT
qwen2,leetcode,41,62.25432586669922,4.122928619384766,7.756870269775391,1,1,CORRECT
qwen2,leetcode,42,62.57265853881836,9.94588851928711,13.859447479248047,0,1,CORRECT
qwen2,leetcode,44,56.4615592956543,9.61349868774414,13.42490005493164,0,1,CORRECT
qwen2,leetcode,43,68.04876708984375,14.038482666015625,22.258163452148438,1,1,CORRECT
qwen2,leetcode,46,62.57856369018555,9.14276123046875,14.382556915283203,1,1,INCORRECT
qwen2,leetcode,45,65.91184997558594,2.770618438720703,8.664085388183594,0,0,INCORRECT
qwen2,leetcode,51,55.64915084838867,9.253524780273438,12.399131774902344,0,0,INCORRECT
qwen2,leetcode,50,74.93412780761719,13.941875457763672,18.895347595214844,1,1,CORRECT
qwen2,leetcode,48,65.96957397460938,12.068305969238281,16.297866821289062,1,1,CORRECT
qwen2,leetcode,47,58.9190788269043,9.200492858886719,11.41009521484375,0,0,CORRECT
qwen2,leetcode,54,53.117855072021484,6.853019714355469,9.42245101928711,1,1,CORRECT
qwen2,leetcode,52,71.37005615234375,16.093280792236328,19.30371856689453,0,0,INCORRECT
qwen2,leetcode,55,63.935546875,10.482078552246094,14.007759094238281,0,0,CORRECT
qwen2,leetcode,49,61.14375686645508,4.660011291503906,11.424797058105469,1,1,CORRECT
qwen2,leetcode,53,66.08489227294922,8.52545166015625,14.279823303222656,1,1,CORRECT
qwen2,leetcode,56,62.907588958740234,4.668117523193359,11.072296142578125,0,1,INCORRECT
qwen2,leetcode,59,64.20032501220703,14.750320434570312,19.90096664428711,0,0,INCORRECT
qwen2,leetcode,58,65.40471649169922,6.595489501953125,14.91525650024414,1,1,CORRECT
qwen2,leetcode,57,64.48490142822266,5.721866607666016,11.408313751220703,1,1,INCORRECT
qwen2,leetcode,60,63.61549377441406,5.566364288330078,11.078506469726562,0,1,INCORRECT
qwen2,leetcode,61,59.206817626953125,4.712371826171875,9.526874542236328,0,0,INCORRECT
qwen2,leetcode,63,66.07185363769531,17.803882598876953,20.48247528076172,0,0,INCORRECT
qwen2,leetcode,64,54.13621139526367,1.52032470703125,4.744503021240234,0,0,CORRECT
qwen2,leetcode,66,52.23896026611328,5.1790771484375,7.5303192138671875,0,0,CORRECT
qwen2,leetcode,62,73.85646057128906,14.566082000732422,22.269290924072266,1,1,CORRECT
qwen2,leetcode,65,62.94118118286133,15.916210174560547,18.889102935791016,1,1,CORRECT
qwen2,leetcode,69,72.8671875,18.48773193359375,21.53744888305664,0,1,CORRECT
qwen2,leetcode,68,68.40220642089844,12.144969940185547,17.800128936767578,0,0,CORRECT
qwen2,leetcode,67,60.487525939941406,7.9604034423828125,15.560302734375,1,1,CORRECT
qwen2,leetcode,70,58.88024139404297,4.958099365234375,9.252159118652344,1,1,CORRECT
qwen2,leetcode,73,67.72595977783203,11.711189270019531,16.304950714111328,0,0,CORRECT
qwen2,leetcode,71,68.73330688476562,15.538490295410156,20.00058364868164,0,1,CORRECT
qwen2,leetcode,75,56.9542121887207,3.6106109619140625,5.760772705078125,0,0,CORRECT
qwen2,leetcode,74,59.30530548095703,9.53326416015625,11.959518432617188,0,0,INCORRECT
qwen2,leetcode,72,65.08917236328125,17.967647552490234,21.32784652709961,0,1,CORRECT
qwen2,leetcode,76,56.81638717651367,2.7678909301757812,6.994743347167969,0,0,INCORRECT
qwen2,leetcode,79,76.20262145996094,19.448474884033203,23.771957397460938,1,1,INCORRECT
qwen2,leetcode,81,56.07919692993164,5.910480499267578,14.13827896118164,1,1,INCORRECT
qwen2,leetcode,78,63.176979064941406,8.744758605957031,14.332080841064453,0,1,CORRECT
qwen2,leetcode,77,72.27984619140625,21.638385772705078,25.47937774658203,0,0,CORRECT
qwen2,leetcode,80,68.3190689086914,19.117355346679688,23.040035247802734,1,1,CORRECT
qwen2,leetcode,82,65.35354614257812,4.23602294921875,9.373199462890625,0,0,INCORRECT
qwen2,leetcode,84,44.96747589111328,2.5083236694335938,6.021415710449219,0,0,INCORRECT
qwen2,leetcode,83,61.84372329711914,8.279502868652344,14.66135025024414,1,1,INCORRECT
qwen2,leetcode,85,68.65538024902344,18.316665649414062,23.37628173828125,1,1,INCORRECT
qwen2,leetcode,86,54.58104705810547,2.1575088500976562,5.783588409423828,0,0,INCORRECT
qwen2,leetcode,90,63.81536102294922,3.327495574951172,9.463268280029297,1,1,CORRECT
qwen2,leetcode,88,54.37187576293945,2.2749977111816406,9.859317779541016,0,0,CORRECT
qwen2,leetcode,91,58.42741775512695,5.996608734130859,8.329368591308594,0,0,CORRECT
qwen2,leetcode,89,54.53058624267578,4.395648956298828,7.988964080810547,1,1,CORRECT
qwen2,leetcode,87,53.0667839050293,4.552398681640625,7.0606231689453125,0,0,CORRECT
qwen2,leetcode,95,63.980037689208984,13.762611389160156,20.309803009033203,1,1,CORRECT
qwen2,leetcode,94,53.83475875854492,1.9746894836425781,5.206775665283203,1,1,CORRECT
qwen2,leetcode,92,65.16201782226562,6.251995086669922,14.84136962890625,0,1,INCORRECT
qwen2,leetcode,93,41.85420608520508,1.1758155822753906,2.636524200439453,0,1,CORRECT
qwen2,leetcode,96,67.64937591552734,7.024990081787109,12.579483032226562,1,1,INCORRECT
qwen2,leetcode,97,57.39130401611328,1.3663063049316406,5.666713714599609,0,0,INCORRECT
qwen2,leetcode,99,50.44060516357422,6.949329376220703,11.112430572509766,1,1,CORRECT
qwen2,leetcode,100,54.41047668457031,9.400623321533203,11.758544921875,1,1,CORRECT
qwen2,leetcode,98,56.66044998168945,6.242156982421875,12.627750396728516,1,1,CORRECT
qwen2,leetcode,103,64.16802978515625,14.670795440673828,19.825782775878906,1,1,CORRECT
qwen2,leetcode,105,68.49041748046875,20.574234008789062,23.203018188476562,0,1,CORRECT
qwen2,leetcode,102,63.42970275878906,20.214569091796875,22.92650604248047,0,0,CORRECT
qwen2,leetcode,104,54.21647262573242,2.138164520263672,5.686611175537109,0,0,INCORRECT
qwen2,leetcode,106,67.41315460205078,17.85470962524414,20.91644287109375,0,0,CORRECT
qwen2,leetcode,101,68.20271301269531,13.543411254882812,16.744461059570312,0,1,CORRECT
qwen2,leetcode,108,64.50469207763672,17.495777130126953,20.375926971435547,1,1,INCORRECT
qwen2,leetcode,112,56.283992767333984,8.805046081542969,11.860004425048828,0,0,INCORRECT
qwen2,leetcode,107,68.92063903808594,12.927661895751953,17.817005157470703,1,1,CORRECT
qwen2,leetcode,110,61.31122589111328,10.73813247680664,13.254920959472656,0,0,CORRECT
qwen2,leetcode,111,68.10237884521484,11.870616912841797,15.60748291015625,0,0,INCORRECT
qwen2,leetcode,109,62.76662826538086,4.310024261474609,6.918231964111328,0,0,INCORRECT
qwen2,leetcode,115,61.4307746887207,7.019832611083984,10.878917694091797,0,0,CORRECT
qwen2,leetcode,113,59.88056564331055,3.1340179443359375,8.974742889404297,0,0,CORRECT
qwen2,leetcode,114,60.557376861572266,7.569664001464844,10.404354095458984,1,1,CORRECT
qwen2,leetcode,118,56.059444427490234,10.137226104736328,15.563385009765625,1,1,CORRECT
qwen2,leetcode,121,46.3822021484375,2.596954345703125,6.480804443359375,1,1,CORRECT
qwen2,leetcode,120,72.20073699951172,16.41495132446289,21.35747528076172,0,0,INCORRECT
qwen2,leetcode,119,51.312400817871094,2.7966384887695312,6.701023101806641,1,1,INCORRECT
qwen2,leetcode,117,62.255210876464844,6.2250823974609375,11.431987762451172,1,1,CORRECT
qwen2,leetcode,116,70.8327865600586,14.091651916503906,18.243030548095703,1,1,CORRECT
qwen2,leetcode,123,73.31763458251953,11.114723205566406,18.07845687866211,1,1,CORRECT
qwen2,leetcode,124,52.56156921386719,3.013561248779297,6.680946350097656,0,1,CORRECT
qwen2,leetcode,125,61.94654083251953,2.153278350830078,6.765937805175781,0,1,CORRECT
qwen2,leetcode,126,65.17498779296875,5.49835205078125,13.323925018310547,1,1,CORRECT
qwen2,leetcode,122,56.64011764526367,4.463920593261719,8.681900024414062,1,1,INCORRECT
qwen2,leetcode,127,51.42100524902344,6.298301696777344,11.140365600585938,0,0,CORRECT
qwen2,leetcode,129,46.712650299072266,3.5101051330566406,7.051769256591797,1,1,CORRECT
qwen2,leetcode,128,61.26070785522461,4.3693695068359375,9.967304229736328,1,1,CORRECT
qwen2,leetcode,130,42.93001174926758,3.8589630126953125,7.150829315185547,0,1,CORRECT
qwen2,leetcode,132,64.70834350585938,15.195297241210938,19.458759307861328,1,1,INCORRECT
qwen2,leetcode,136,50.356292724609375,3.1133346557617188,5.909221649169922,0,1,CORRECT
qwen2,leetcode,135,64.32305908203125,6.718372344970703,11.315074920654297,0,1,CORRECT
qwen2,leetcode,134,54.80042266845703,5.558982849121094,9.099922180175781,0,0,CORRECT
qwen2,pony,1,59.90116500854492,5.558929443359375,7.654380798339844,0,0,CORRECT
qwen2,leetcode,137,55.52993392944336,2.1485137939453125,5.5122833251953125,0,1,CORRECT
qwen2,leetcode,138,58.97211456298828,1.7362937927246094,7.237335205078125,0,0,INCORRECT
qwen2,leetcode,140,58.105979919433594,3.5681228637695312,6.639984130859375,1,1,INCORRECT
qwen2,leetcode,139,61.193359375,3.876026153564453,6.485980987548828,0,0,INCORRECT
qwen2,pony,0,69.661865234375,8.973865509033203,15.590099334716797,0,1,INCORRECT
qwen2,leetcode,141,61.10528564453125,6.592655181884766,9.51113510131836,0,1,INCORRECT
qwen2,pony,2,69.86510467529297,7.421222686767578,10.66989517211914,0,0,INCORRECT
qwen2,pony,3,61.291419982910156,4.462940216064453,9.353649139404297,0,0,INCORRECT
qwen2,leetcode,131,54.28807067871094,2.863780975341797,6.380241394042969,0,0,INCORRECT
qwen2,leetcode,133,59.024818420410156,6.127399444580078,9.258995056152344,0,0,INCORRECT
qwen2,economics,51,64.6810302734375,7.891315460205078,15.02279281616211,0,0,INCORRECT
qwen2,pony,4,60.66520309448242,3.3670196533203125,6.80340576171875,0,0,INCORRECT
qwen2,pony,5,60.3353157043457,1.3445396423339844,5.541637420654297,0,0,CORRECT
qwen2,pony,6,69.66617584228516,9.510498046875,12.425178527832031,0,0,CORRECT
qwen2,pony,8,62.00930404663086,3.330902099609375,7.670986175537109,0,0,CORRECT
qwen2,pony,7,63.45199203491211,2.952220916748047,8.030376434326172,0,0,INCORRECT
qwen2,pony,9,62.136024475097656,2.7883071899414062,6.153209686279297,0,0,CORRECT
qwen2,pony,12,64.80589294433594,4.227470397949219,8.998825073242188,0,0,CORRECT
qwen2,pony,10,64.21626281738281,5.182518005371094,8.456226348876953,0,0,CORRECT
qwen2,pony,11,61.12381362915039,2.402240753173828,5.482513427734375,0,0,CORRECT
qwen2,pony,13,63.275917053222656,3.5401344299316406,7.665428161621094,0,0,INCORRECT
qwen2,pony,20,62.738651275634766,2.5642471313476562,6.31512451171875,0,1,CORRECT
qwen2,pony,14,65.3321762084961,5.3558349609375,9.58837890625,0,0,CORRECT
qwen2,pony,16,60.031455993652344,5.407947540283203,8.31081771850586,0,1,CORRECT
qwen2,pony,15,59.92924499511719,7.9496917724609375,9.806571960449219,0,0,CORRECT
qwen2,pony,17,65.91580963134766,1.5695343017578125,4.317817687988281,0,0,INCORRECT
qwen2,pony,18,63.77351379394531,4.427947998046875,8.646286010742188,0,0,CORRECT
qwen2,pony,19,67.21942138671875,3.1993560791015625,6.140277862548828,0,0,CORRECT
qwen2,pony,26,63.70981979370117,4.453956604003906,7.2997589111328125,0,0,CORRECT
qwen2,pony,25,63.39667892456055,3.1305999755859375,7.889434814453125,0,0,INCORRECT
qwen2,pony,21,61.800540924072266,2.890392303466797,5.021396636962891,0,1,CORRECT
qwen2,pony,22,63.55946731567383,2.2142410278320312,5.362125396728516,0,1,CORRECT
qwen2,pony,35,64.91300201416016,6.520816802978516,9.627941131591797,1,1,CORRECT
qwen2,pony,24,70.09564208984375,6.373954772949219,10.40335464477539,0,0,CORRECT
qwen2,pony,23,67.46419525146484,9.410648345947266,12.71630859375,0,0,CORRECT
qwen2,pony,28,65.15371704101562,4.157451629638672,9.571659088134766,0,0,INCORRECT
qwen2,pony,27,63.201744079589844,2.658313751220703,5.969150543212891,0,1,INCORRECT
qwen2,pony,29,68.6762924194336,4.359901428222656,8.99618911743164,0,1,CORRECT
qwen2,pony,36,60.37129592895508,2.959087371826172,6.30023193359375,0,0,CORRECT
qwen2,pony,30,64.06880950927734,3.7363319396972656,5.8448638916015625,0,0,CORRECT
qwen2,pony,32,63.00492858886719,6.162422180175781,9.029476165771484,0,1,INCORRECT
qwen2,pony,31,64.77645874023438,9.335906982421875,11.468513488769531,0,0,CORRECT
qwen2,pony,34,67.31661224365234,7.499702453613281,12.063331604003906,0,1,CORRECT
qwen2,pony,33,62.78892135620117,7.1453094482421875,11.583442687988281,0,0,INCORRECT
qwen2,pony,38,63.11250305175781,2.6073570251464844,5.0322113037109375,1,1,CORRECT
qwen2,pony,44,75.64519500732422,12.467315673828125,17.214374542236328,0,0,CORRECT
qwen2,pony,42,64.17000579833984,3.672618865966797,6.777759552001953,0,1,CORRECT
qwen2,pony,41,63.55628967285156,1.3043594360351562,5.858715057373047,0,0,CORRECT
qwen2,pony,43,65.77828216552734,3.8037567138671875,7.572807312011719,0,0,INCORRECT
qwen2,pony,40,67.8178939819336,6.839267730712891,9.616382598876953,0,1,CORRECT
qwen2,pony,37,72.58795166015625,3.9778289794921875,11.069526672363281,0,0,CORRECT
qwen2,pony,39,69.6550521850586,6.4282379150390625,14.845298767089844,0,0,INCORRECT
qwen2,pony,48,68.45848846435547,5.241550445556641,8.81317138671875,1,1,CORRECT
qwen2,pony,51,62.40901184082031,4.555706024169922,6.4006500244140625,0,0,CORRECT
qwen2,pony,50,67.4305648803711,6.691192626953125,9.340129852294922,0,1,CORRECT
qwen2,pony,45,62.491844177246094,4.364051818847656,9.123828887939453,0,1,CORRECT
qwen2,pony,47,62.7030143737793,5.328205108642578,7.997322082519531,0,0,CORRECT
qwen2,pony,53,62.12834548950195,4.193424224853516,7.359474182128906,0,0,INCORRECT
qwen2,pony,49,65.20111846923828,4.3245391845703125,7.664875030517578,0,0,CORRECT
qwen2,pony,52,64.68575286865234,4.288585662841797,7.874439239501953,0,1,INCORRECT
qwen2,pony,46,69.11270141601562,5.267810821533203,8.273353576660156,0,0,CORRECT
qwen2,pony,59,66.72928619384766,2.689300537109375,10.035629272460938,0,0,CORRECT
qwen2,pony,54,65.71571350097656,5.029537200927734,10.522342681884766,0,0,INCORRECT
qwen2,pony,60,58.702171325683594,2.2029762268066406,7.391883850097656,0,0,CORRECT
qwen2,pony,55,66.83396911621094,7.444324493408203,10.226036071777344,0,1,CORRECT
qwen2,pony,56,63.792728424072266,3.260974884033203,7.054233551025391,0,0,INCORRECT
qwen2,pony,58,56.78847885131836,2.0968589782714844,5.592617034912109,0,1,INCORRECT
qwen2,pony,57,61.45136260986328,2.1344947814941406,7.710567474365234,0,0,INCORRECT
qwen2,pony,61,58.531715393066406,1.7986488342285156,5.978721618652344,0,0,INCORRECT
qwen2,pony,62,65.47354125976562,6.194541931152344,8.733497619628906,0,0,INCORRECT
qwen2,pony,63,65.848388671875,5.897212982177734,9.989585876464844,0,0,INCORRECT
qwen2,pony,69,62.488319396972656,3.3574485778808594,6.361087799072266,1,1,CORRECT
qwen2,pony,67,62.46574020385742,4.631450653076172,8.425922393798828,0,0,INCORRECT
qwen2,pony,66,66.32508850097656,6.393184661865234,9.765125274658203,0,0,CORRECT
qwen2,pony,64,61.379859924316406,3.4732933044433594,6.2568817138671875,0,0,INCORRECT
qwen2,pony,65,65.33059692382812,5.339302062988281,9.759380340576172,0,0,INCORRECT
qwen2,pony,70,56.75059509277344,3.8711471557617188,6.122707366943359,0,0,INCORRECT
qwen2,pony,68,63.09651565551758,5.131340026855469,10.610485076904297,0,0,INCORRECT
qwen2,pony,71,62.429351806640625,5.2062835693359375,8.425052642822266,0,0,INCORRECT
qwen2,pony,76,66.64236450195312,10.05611801147461,12.211639404296875,0,0,INCORRECT
qwen2,pony,75,62.330162048339844,3.8478851318359375,7.0157928466796875,0,1,INCORRECT
qwen2,pony,77,66.28079223632812,4.7073211669921875,10.711395263671875,0,0,CORRECT
qwen2,pony,74,65.17145538330078,5.629901885986328,10.072776794433594,0,0,INCORRECT
qwen2,pony,73,61.70805740356445,3.0710411071777344,8.311641693115234,0,0,INCORRECT
qwen2,pony,72,65.89473724365234,7.660121917724609,12.512371063232422,0,0,CORRECT
qwen2,pony,83,64.36043548583984,7.212360382080078,10.005035400390625,0,1,CORRECT
qwen2,pony,81,66.32933807373047,6.526584625244141,9.722431182861328,0,1,CORRECT
qwen2,pony,80,64.28373718261719,4.805179595947266,9.275318145751953,0,0,INCORRECT
qwen2,pony,85,63.970558166503906,6.140106201171875,9.701732635498047,0,1,CORRECT
qwen2,pony,82,62.01005554199219,2.01239013671875,6.533134460449219,0,0,CORRECT
qwen2,pony,86,61.095664978027344,2.6905517578125,5.451229095458984,0,1,CORRECT
qwen2,pony,84,61.90989685058594,4.7055206298828125,7.941883087158203,0,0,CORRECT
qwen2,pony,79,64.72178649902344,3.7207374572753906,7.693195343017578,0,0,CORRECT
qwen2,pony,78,65.74288177490234,6.309261322021484,9.641185760498047,0,0,CORRECT
qwen2,pony,87,63.30946731567383,3.6487274169921875,7.058650970458984,0,0,CORRECT
qwen2,pony,89,61.11179733276367,4.817935943603516,8.60965347290039,0,0,CORRECT
qwen2,pony,88,70.38145446777344,6.523845672607422,9.028091430664062,0,0,INCORRECT
qwen2,pony,90,66.36160278320312,7.341484069824219,10.535491943359375,0,1,INCORRECT
qwen2,pony,92,63.113136291503906,2.0870819091796875,5.456138610839844,0,1,CORRECT
qwen2,pony,93,65.11073303222656,5.647552490234375,8.460529327392578,0,1,INCORRECT
qwen2,pony,91,76.31888580322266,15.996082305908203,19.31304931640625,0,0,CORRECT
qwen2,pony,102,55.16583251953125,3.0472755432128906,5.558490753173828,1,1,CORRECT
qwen2,pony,98,69.84747314453125,8.769580841064453,11.04019546508789,0,0,CORRECT
qwen2,pony,95,64.64025115966797,3.539173126220703,8.431293487548828,0,0,CORRECT
qwen2,pony,94,62.331825256347656,5.639518737792969,9.264976501464844,0,0,INCORRECT
qwen2,pony,96,65.50792694091797,5.1407012939453125,9.943038940429688,0,0,CORRECT
qwen2,pony,97,68.55229187011719,6.608295440673828,10.480182647705078,0,1,CORRECT
qwen2,pony,99,61.4063606262207,5.786296844482422,8.720455169677734,0,0,INCORRECT
qwen2,pony,101,63.54777908325195,5.844654083251953,9.348052978515625,0,0,CORRECT
qwen2,pony,100,66.98287963867188,6.822868347167969,9.361156463623047,0,1,INCORRECT
qwen2,pony,105,64.07521057128906,1.1815223693847656,5.547119140625,0,0,CORRECT
qwen2,pony,104,64.87520599365234,2.828929901123047,7.9958038330078125,0,0,INCORRECT
qwen2,pony,106,65.7471694946289,2.080738067626953,8.885967254638672,0,0,INCORRECT
qwen2,pony,108,63.81196212768555,8.557781219482422,11.429706573486328,0,0,CORRECT
qwen2,pony,109,62.49197769165039,6.848430633544922,10.148712158203125,0,0,INCORRECT
qwen2,pony,107,63.29896545410156,1.8449363708496094,6.025154113769531,0,0,INCORRECT
qwen2,psychology,3,62.53348159790039,7.048580169677734,10.541297912597656,0,0,CORRECT
qwen2,pony,111,61.95597839355469,5.972267150878906,10.49368667602539,0,0,CORRECT
qwen2,psychology,0,55.411521911621094,5.610126495361328,9.706836700439453,0,1,CORRECT
qwen2,psychology,2,63.16191482543945,7.397514343261719,13.724117279052734,1,1,CORRECT
qwen2,pony,103,61.891483306884766,4.696903228759766,7.319038391113281,0,1,CORRECT
qwen2,pony,110,64.99111938476562,6.884929656982422,9.676395416259766,0,1,CORRECT
qwen2,psychology,5,57.75148391723633,6.437355041503906,12.624759674072266,0,0,CORRECT
qwen2,psychology,9,63.90803527832031,4.285736083984375,14.481304168701172,1,1,CORRECT
qwen2,psychology,12,56.35795593261719,2.5906333923339844,6.544258117675781,0,0,INCORRECT
qwen2,psychology,4,51.440940856933594,1.5794334411621094,4.384819030761719,0,1,INCORRECT
qwen2,psychology,6,61.84697723388672,7.025875091552734,15.209487915039062,0,0,CORRECT
qwen2,psychology,1,68.17756652832031,9.935699462890625,17.91498565673828,1,1,INCORRECT
qwen2,psychology,7,57.82318878173828,4.132015228271484,8.386810302734375,0,0,INCORRECT
qwen2,psychology,10,54.30449295043945,3.564910888671875,6.445549011230469,0,1,CORRECT
qwen2,psychology,8,55.16982650756836,6.989810943603516,11.372119903564453,0,1,CORRECT
qwen2,psychology,20,62.83140182495117,4.168964385986328,12.808834075927734,0,1,CORRECT
qwen2,psychology,11,62.64879608154297,6.116542816162109,13.218807220458984,0,1,INCORRECT
qwen2,psychology,17,56.362056732177734,4.760074615478516,8.926074981689453,1,1,CORRECT
qwen2,psychology,18,67.8839111328125,2.9244384765625,11.366561889648438,0,1,CORRECT
qwen2,psychology,22,64.58211517333984,3.7732162475585938,9.377056121826172,0,0,CORRECT
qwen2,psychology,13,57.82944107055664,2.8405380249023438,9.75076675415039,1,1,CORRECT
qwen2,psychology,15,46.380741119384766,1.8600845336914062,5.138298034667969,0,1,CORRECT
qwen2,psychology,14,61.735355377197266,4.043529510498047,13.833393096923828,0,0,CORRECT
qwen2,psychology,19,69.6063232421875,8.190032958984375,26.431034088134766,0,1,CORRECT
qwen2,psychology,24,55.15681076049805,4.925090789794922,12.376388549804688,0,1,CORRECT
qwen2,psychology,21,55.57709503173828,4.036506652832031,8.63290023803711,0,0,INCORRECT
qwen2,psychology,23,64.56724548339844,6.138145446777344,10.43572998046875,0,0,CORRECT
qwen2,psychology,27,65.95508575439453,4.460918426513672,13.467105865478516,0,0,INCORRECT
qwen2,psychology,25,53.33986282348633,3.5333709716796875,9.204071044921875,0,1,CORRECT
qwen2,psychology,31,45.8922119140625,3.719390869140625,7.582283020019531,1,1,CORRECT
qwen2,psychology,16,62.41312026977539,8.139862060546875,12.810321807861328,0,0,CORRECT
qwen2,psychology,33,55.30165481567383,2.9555015563964844,6.7870330810546875,1,1,CORRECT
qwen2,psychology,38,59.602516174316406,6.967685699462891,13.54537582397461,1,1,CORRECT
qwen2,psychology,26,66.99144744873047,8.735660552978516,19.016159057617188,0,1,CORRECT
qwen2,psychology,28,56.58286666870117,2.7006263732910156,12.407997131347656,1,1,CORRECT
qwen2,psychology,29,55.598365783691406,2.9757843017578125,8.644702911376953,0,0,INCORRECT
qwen2,psychology,30,69.50224304199219,6.184284210205078,13.940837860107422,0,1,CORRECT
qwen2,psychology,32,47.70537185668945,1.5193061828613281,5.575031280517578,0,0,CORRECT
qwen2,psychology,34,66.92300415039062,2.280120849609375,6.109855651855469,0,0,CORRECT
qwen2,psychology,35,58.60447692871094,3.9057350158691406,14.62057876586914,1,1,INCORRECT
qwen2,psychology,43,66.10159301757812,4.968963623046875,12.97518539428711,1,1,CORRECT
qwen2,psychology,37,61.2926139831543,4.358203887939453,10.517955780029297,1,1,CORRECT
qwen2,psychology,39,48.62783432006836,2.2239341735839844,6.7813262939453125,1,1,CORRECT
qwen2,psychology,44,62.486785888671875,6.3899383544921875,11.34869384765625,1,1,CORRECT
qwen2,psychology,41,59.886295318603516,4.313232421875,14.808635711669922,0,1,INCORRECT
qwen2,psychology,36,59.70232391357422,3.9523048400878906,9.334915161132812,0,0,CORRECT
qwen2,psychology,40,60.43077850341797,3.2472076416015625,7.053863525390625,0,0,CORRECT
qwen2,psychology,48,58.882606506347656,2.790027618408203,6.134784698486328,0,0,INCORRECT
qwen2,psychology,42,57.085601806640625,4.571651458740234,8.203628540039062,0,0,CORRECT
qwen2,psychology,45,57.69688034057617,1.8100509643554688,7.570743560791016,1,1,CORRECT
qwen2,psychology,55,54.080684661865234,3.7553443908691406,7.5289459228515625,1,1,CORRECT
qwen2,psychology,53,59.827816009521484,1.7556838989257812,6.385467529296875,0,1,CORRECT
qwen2,psychology,51,56.5526237487793,6.581966400146484,10.239280700683594,1,1,CORRECT
qwen2,psychology,46,60.43712615966797,1.3826255798339844,6.239234924316406,1,1,CORRECT
qwen2,psychology,50,48.03498840332031,3.3312911987304688,7.014362335205078,0,0,CORRECT
qwen2,psychology,49,61.331695556640625,4.640972137451172,10.678108215332031,0,0,INCORRECT
qwen2,psychology,52,60.34885787963867,0.9116020202636719,5.526081085205078,0,0,CORRECT
qwen2,psychology,54,57.969970703125,5.849613189697266,10.012439727783203,0,0,CORRECT
qwen2,psychology,57,74.29181671142578,1.4057540893554688,22.058006286621094,1,1,CORRECT
qwen2,psychology,63,56.59263610839844,4.870292663574219,8.70376205444336,0,0,INCORRECT
qwen2,psychology,56,52.584712982177734,7.402885437011719,11.709545135498047,1,1,CORRECT
qwen2,psychology,58,58.62313461303711,3.1565170288085938,5.478061676025391,0,0,CORRECT
qwen2,psychology,47,49.38851547241211,2.592639923095703,7.486804962158203,0,1,CORRECT
qwen2,psychology,60,54.39185333251953,4.086902618408203,7.638893127441406,0,0,CORRECT
qwen2,psychology,59,56.383358001708984,2.5043907165527344,9.05987548828125,0,1,CORRECT
qwen2,psychology,61,52.463294982910156,2.742046356201172,9.349609375,1,1,CORRECT
qwen2,psychology,62,61.63277053833008,3.853618621826172,7.845188140869141,0,0,CORRECT
qwen2,psychology,66,61.781002044677734,2.6940994262695312,9.845348358154297,0,1,CORRECT
qwen2,psychology,65,63.68498229980469,6.284278869628906,10.936290740966797,1,1,CORRECT
qwen2,psychology,64,58.17850875854492,3.400554656982422,8.914608001708984,0,1,INCORRECT
qwen2,psychology,77,51.48683166503906,5.101726531982422,8.963874816894531,0,0,INCORRECT
qwen2,psychology,67,63.167972564697266,2.323200225830078,12.609870910644531,1,1,CORRECT
qwen2,psychology,81,52.06732940673828,3.4624900817871094,7.9537200927734375,1,1,CORRECT
qwen2,psychology,68,66.6226806640625,4.687191009521484,13.300067901611328,1,1,CORRECT
qwen2,psychology,70,61.36064529418945,4.739421844482422,9.876483917236328,0,1,CORRECT
qwen2,psychology,69,63.09967041015625,4.148685455322266,11.953853607177734,1,1,CORRECT
qwen2,psychology,71,60.94504165649414,7.166511535644531,12.090625762939453,0,1,CORRECT
qwen2,psychology,72,52.8399543762207,0.4123954772949219,3.3969459533691406,1,1,CORRECT
qwen2,psychology,79,70.69229125976562,9.832809448242188,17.205162048339844,1,1,CORRECT
qwen2,psychology,75,63.12894821166992,8.002269744873047,13.70737075805664,0,1,CORRECT
qwen2,psychology,74,56.382442474365234,7.981327056884766,10.764545440673828,1,1,CORRECT
qwen2,psychology,76,47.2476921081543,2.553131103515625,5.935234069824219,1,1,CORRECT
qwen2,psychology,73,56.57571029663086,2.1892013549804688,6.8583221435546875,1,1,CORRECT
qwen2,psychology,78,56.13032150268555,6.996906280517578,10.312225341796875,1,1,CORRECT
qwen2,psychology,80,61.343719482421875,4.119319915771484,12.856121063232422,0,1,CORRECT
qwen2,psychology,83,61.90262985229492,12.585315704345703,15.63235092163086,0,1,INCORRECT
qwen2,psychology,82,64.06455993652344,1.4620399475097656,6.532070159912109,1,1,CORRECT
qwen2,psychology,89,57.42542266845703,3.4950218200683594,8.305221557617188,1,1,CORRECT
qwen2,psychology,84,50.76450729370117,2.0458221435546875,9.49664306640625,1,1,CORRECT
qwen2,psychology,87,55.655704498291016,4.454624176025391,7.746929168701172,0,0,CORRECT
qwen2,psychology,86,71.96807098388672,19.700607299804688,33.74925994873047,1,1,CORRECT
qwen2,psychology,88,68.51463317871094,4.051666259765625,14.123058319091797,1,1,CORRECT
qwen2,psychology,95,52.150428771972656,5.082958221435547,8.117080688476562,0,1,CORRECT
qwen2,psychology,90,60.321571350097656,6.037105560302734,13.63046646118164,0,1,CORRECT
qwen2,psychology,94,51.99890899658203,5.962348937988281,9.95438003540039,1,1,CORRECT
qwen2,psychology,91,65.98873138427734,6.679725646972656,16.519046783447266,1,1,CORRECT
qwen2,psychology,93,45.95524597167969,3.3113632202148438,5.725345611572266,0,1,INCORRECT
qwen2,psychology,92,62.285457611083984,10.732398986816406,17.581417083740234,1,1,CORRECT
qwen2,psychology,100,62.5965576171875,6.318267822265625,10.994449615478516,0,1,INCORRECT
qwen2,psychology,99,61.396873474121094,6.959434509277344,12.997356414794922,0,0,CORRECT
qwen2,psychology,96,48.4907341003418,0.9744224548339844,5.415187835693359,0,0,CORRECT
qwen2,psychology,97,55.17190170288086,4.843105316162109,9.576099395751953,1,1,CORRECT
qwen2,psychology,98,54.08308029174805,5.602275848388672,11.340801239013672,0,0,INCORRECT
qwen2,robotics,5,77.01128387451172,2.7455825805664062,8.512138366699219,0,1,CORRECT
qwen2,robotics,8,67.8870849609375,1.7788009643554688,6.1953887939453125,0,1,CORRECT
qwen2,robotics,3,71.16850280761719,3.4844207763671875,6.05609130859375,0,0,INCORRECT
qwen2,robotics,10,69.36553955078125,6.019596099853516,6.493011474609375,0,0,INCORRECT
qwen2,robotics,1,65.1114501953125,1.6915817260742188,3.1299514770507812,0,0,INCORRECT
qwen2,robotics,4,64.94164276123047,1.9457664489746094,4.296722412109375,0,0,CORRECT
qwen2,robotics,0,66.55885314941406,2.9975738525390625,4.8568267822265625,0,0,INCORRECT
qwen2,robotics,2,69.69157409667969,1.998199462890625,4.012908935546875,0,0,CORRECT
qwen2,robotics,14,65.89327239990234,0.0,0.0,0,0,INCORRECT
qwen2,robotics,7,65.0500717163086,2.6866188049316406,4.019641876220703,0,0,CORRECT
qwen2,psychology,85,49.811500549316406,2.1364173889160156,7.540493011474609,0,0,CORRECT
qwen2,robotics,13,65.62220764160156,0.64068603515625,4.359123229980469,0,0,CORRECT
qwen2,robotics,6,66.2173080444336,2.4954299926757812,3.8887863159179688,0,0,CORRECT
qwen2,robotics,9,66.17774200439453,2.355560302734375,3.6599578857421875,0,0,INCORRECT
qwen2,robotics,11,72.88329315185547,6.594512939453125,12.341480255126953,0,0,CORRECT
qwen2,robotics,12,66.65367889404297,1.251007080078125,2.4535369873046875,0,0,INCORRECT
qwen2,robotics,21,65.00798797607422,5.0486297607421875,6.984050750732422,0,0,INCORRECT
qwen2,robotics,15,71.85054779052734,2.4041519165039062,4.427482604980469,1,1,CORRECT
qwen2,robotics,27,69.98950958251953,2.4536056518554688,9.937572479248047,0,1,INCORRECT
qwen2,robotics,19,70.30319213867188,4.663032531738281,5.8778076171875,0,0,INCORRECT
qwen2,robotics,16,66.23391723632812,2.7150306701660156,5.001697540283203,0,1,INCORRECT
qwen2,robotics,18,74.92906188964844,2.9226913452148438,7.714591979980469,0,1,CORRECT
qwen2,robotics,17,67.32051086425781,2.0359878540039062,7.027824401855469,0,1,CORRECT
qwen2,robotics,20,66.92457580566406,4.5693359375,8.171573638916016,0,1,CORRECT
qwen2,robotics,24,73.65304565429688,4.7529754638671875,8.579635620117188,1,1,CORRECT
qwen2,robotics,22,50.44039535522461,3.09869384765625,6.313076019287109,0,0,INCORRECT
qwen2,robotics,23,64.54046630859375,0.8339004516601562,3.533336639404297,0,0,CORRECT
qwen2,robotics,26,74.61116027832031,2.9462051391601562,5.951606750488281,1,1,CORRECT
qwen2,robotics,25,72.27294158935547,11.285266876220703,17.42620086669922,0,0,CORRECT
qwen2,robotics,31,61.793983459472656,0.2792015075683594,2.7422714233398438,0,0,CORRECT
qwen2,robotics,30,72.94979858398438,2.6452560424804688,5.5610504150390625,0,0,CORRECT
qwen2,robotics,28,70.04956817626953,2.23394775390625,3.660308837890625,0,0,INCORRECT
qwen2,robotics,29,57.232601165771484,2.385242462158203,2.385242462158203,0,0,CORRECT
qwen2,robotics,33,72.51815795898438,1.6986236572265625,5.076667785644531,0,1,CORRECT
qwen2,robotics,44,72.62303161621094,0.0,1.4467315673828125,0,0,INCORRECT
qwen2,robotics,32,70.08257293701172,1.609893798828125,4.930229187011719,0,0,CORRECT
qwen2,robotics,43,65.62274932861328,1.41851806640625,4.089786529541016,0,1,INCORRECT
qwen2,robotics,35,63.982303619384766,2.4319419860839844,3.322864532470703,0,0,CORRECT
qwen2,robotics,36,65.76214599609375,2.1410369873046875,5.4915618896484375,1,1,INCORRECT
qwen2,robotics,34,67.88143157958984,5.712474822998047,10.361263275146484,0,0,INCORRECT
qwen2,robotics,42,67.2904281616211,3.1071853637695312,5.121044158935547,0,0,INCORRECT
qwen2,robotics,40,67.77623748779297,1.2174835205078125,1.2174835205078125,0,0,CORRECT
qwen2,robotics,37,66.1323013305664,1.7551040649414062,4.848201751708984,0,0,CORRECT
qwen2,robotics,39,64.39073944091797,3.4511489868164062,3.4586830139160156,1,1,CORRECT
qwen2,robotics,38,75.10363006591797,8.000419616699219,13.030769348144531,1,1,INCORRECT
qwen2,robotics,46,69.44434356689453,1.613372802734375,1.613372802734375,0,0,CORRECT
qwen2,robotics,45,66.34512329101562,1.1974716186523438,1.1974716186523438,1,1,CORRECT
qwen2,robotics,48,65.57408905029297,4.084938049316406,4.084938049316406,0,0,CORRECT
qwen2,robotics,49,73.09925842285156,2.1476898193359375,6.281013488769531,0,0,INCORRECT
qwen2,robotics,47,66.8837661743164,1.802764892578125,4.496913909912109,0,0,CORRECT
qwen2,robotics,50,73.30020904541016,5.581298828125,8.859786987304688,0,1,CORRECT
qwen2,robotics,41,68.34752655029297,0.9967269897460938,3.1453704833984375,0,0,CORRECT
qwen2,robotics,51,67.18685913085938,6.0191497802734375,8.867607116699219,0,0,CORRECT
qwen2,robotics,52,67.18634033203125,0.0516204833984375,0.0516204833984375,0,0,CORRECT
qwen2,robotics,56,71.23965454101562,1.4757156372070312,4.635124206542969,0,1,CORRECT
qwen2,robotics,59,73.1696548461914,10.447227478027344,17.645488739013672,1,1,CORRECT
qwen2,robotics,55,69.92028045654297,3.00701904296875,4.9981842041015625,0,0,CORRECT
qwen2,robotics,54,73.032958984375,4.394950866699219,6.426658630371094,0,1,CORRECT
qwen2,robotics,53,66.83016967773438,1.1292953491210938,5.929679870605469,0,0,CORRECT
qwen2,robotics,57,71.82106018066406,3.8239059448242188,5.605316162109375,0,0,CORRECT
qwen2,robotics,58,79.73007202148438,2.732025146484375,11.823150634765625,0,1,CORRECT
qwen2,robotics,61,63.93630599975586,3.3367233276367188,5.212009429931641,0,0,CORRECT
qwen2,robotics,60,65.8997573852539,1.7660140991210938,4.665126800537109,0,0,CORRECT
qwen2,robotics,62,67.18812561035156,0.26485443115234375,0.26485443115234375,0,0,CORRECT
qwen2,robotics,72,64.60511016845703,1.3925590515136719,2.4620628356933594,0,0,CORRECT
qwen2,robotics,63,80.98164367675781,4.8634033203125,9.89501953125,1,1,CORRECT
qwen2,robotics,64,68.81073760986328,2.5066604614257812,4.890697479248047,1,1,CORRECT
qwen2,robotics,65,70.41551208496094,1.16986083984375,4.622291564941406,0,0,INCORRECT
qwen2,robotics,66,66.00191497802734,2.7371139526367188,4.62237548828125,0,1,CORRECT
qwen2,robotics,68,72.96820068359375,3.584259033203125,11.458763122558594,1,1,CORRECT
qwen2,robotics,67,69.41825103759766,3.6859970092773438,5.53173828125,0,0,INCORRECT
qwen2,robotics,69,64.67725372314453,2.108295440673828,7.058010101318359,0,1,CORRECT
qwen2,robotics,74,71.19434356689453,2.31256103515625,4.957672119140625,0,0,CORRECT
qwen2,robotics,75,75.34584045410156,5.7325897216796875,9.326683044433594,0,1,CORRECT
qwen2,robotics,73,73.74303436279297,4.313682556152344,5.9261016845703125,1,1,INCORRECT
qwen2,robotics,70,71.13055419921875,0.0,2.2534408569335938,0,0,CORRECT
qwen2,robotics,71,68.44227600097656,1.0297775268554688,1.0297775268554688,0,0,CORRECT
qwen2,robotics,76,69.58135223388672,1.599884033203125,4.49713134765625,0,0,INCORRECT
qwen2,robotics,77,78.38479614257812,8.227676391601562,11.693901062011719,0,0,INCORRECT
qwen2,robotics,82,56.389801025390625,0.047718048095703125,0.047718048095703125,0,0,CORRECT
qwen2,robotics,78,72.2509536743164,3.1860198974609375,4.125091552734375,1,1,CORRECT
qwen2,robotics,80,71.96369934082031,2.3887557983398438,5.7979583740234375,0,0,CORRECT
qwen2,robotics,79,69.36306762695312,2.94140625,4.0471343994140625,0,0,CORRECT
qwen2,robotics,81,70.88616180419922,4.149314880371094,4.413536071777344,0,0,CORRECT
qwen2,robotics,87,71.27503204345703,2.5860443115234375,5.475555419921875,0,0,INCORRECT
qwen2,robotics,88,67.80924987792969,5.614433288574219,8.50204849243164,0,0,CORRECT
qwen2,robotics,83,61.87358093261719,2.587718963623047,7.483253479003906,0,1,CORRECT
qwen2,robotics,85,72.29145050048828,8.073928833007812,11.673778533935547,1,1,CORRECT
qwen2,robotics,90,65.26296997070312,2.5187759399414062,3.5070724487304688,0,0,CORRECT
qwen2,robotics,86,72.94115447998047,8.599594116210938,10.787647247314453,0,0,INCORRECT
qwen2,robotics,92,67.78028869628906,4.318325042724609,8.621910095214844,1,1,CORRECT
qwen2,robotics,84,68.19558715820312,3.472991943359375,7.104270935058594,1,1,CORRECT
qwen2,robotics,89,75.24211883544922,3.5210494995117188,6.44415283203125,0,0,CORRECT
qwen2,robotics,91,71.35790252685547,4.9018096923828125,7.768501281738281,1,1,CORRECT
qwen2,robotics,97,67.03528594970703,0.6753463745117188,5.337497711181641,0,0,CORRECT
qwen2,robotics,99,69.17032623291016,2.2889404296875,6.4307861328125,0,0,INCORRECT
qwen2,robotics,98,65.10021209716797,2.518238067626953,4.4509124755859375,0,0,INCORRECT
qwen2,robotics,93,76.1271743774414,14.254959106445312,19.96117401123047,1,1,CORRECT
qwen2,robotics,96,70.95135498046875,3.37689208984375,8.437507629394531,0,0,INCORRECT
qwen2,robotics,95,70.03273010253906,2.075103759765625,4.076141357421875,0,0,INCORRECT
qwen2,robotics,94,69.673583984375,3.4283370971679688,6.264560699462891,1,1,CORRECT
qwen2,robotics,100,66.95653533935547,3.383563995361328,5.370391845703125,0,0,CORRECT
qwen2,stackoverflow,5,52.703250885009766,0.060726165771484375,0.060726165771484375,0,0,CORRECT
qwen2,stackoverflow,0,58.81345748901367,3.7694129943847656,7.768589019775391,1,1,CORRECT
qwen2,stackoverflow,3,62.28018569946289,4.573947906494141,8.329788208007812,0,0,CORRECT
qwen2,stackoverflow,1,59.821041107177734,2.1818008422851562,5.0727081298828125,0,0,CORRECT
qwen2,stackoverflow,2,58.99671936035156,1.4693489074707031,6.325382232666016,0,1,CORRECT
qwen2,stackoverflow,4,58.331851959228516,4.894844055175781,10.23660659790039,0,0,CORRECT
qwen2,stackoverflow,7,55.02918243408203,4.45806884765625,8.420196533203125,0,0,CORRECT
qwen2,stackoverflow,6,63.350341796875,5.551670074462891,9.66707992553711,0,0,CORRECT
qwen2,stackoverflow,9,51.59036636352539,3.088329315185547,5.412006378173828,0,0,INCORRECT
qwen2,stackoverflow,10,68.9241943359375,2.16351318359375,11.017620086669922,1,1,CORRECT
qwen2,stackoverflow,13,63.024688720703125,2.120067596435547,6.951351165771484,0,1,CORRECT
qwen2,stackoverflow,8,59.62660217285156,5.808261871337891,10.967498779296875,1,1,CORRECT
qwen2,stackoverflow,11,61.14733123779297,3.7799949645996094,7.115516662597656,0,0,CORRECT
qwen2,stackoverflow,12,59.608238220214844,5.2565155029296875,10.128944396972656,1,1,CORRECT
qwen2,stackoverflow,14,67.96974182128906,7.321483612060547,13.56936264038086,0,0,CORRECT
qwen2,stackoverflow,19,62.04484176635742,8.639823913574219,13.836688995361328,0,0,CORRECT
qwen2,stackoverflow,15,58.512542724609375,3.3302688598632812,6.9977569580078125,0,0,CORRECT
qwen2,stackoverflow,16,58.15769958496094,2.8878555297851562,9.346664428710938,1,1,CORRECT
qwen2,stackoverflow,17,53.95196533203125,2.6456642150878906,6.163169860839844,0,1,CORRECT
qwen2,stackoverflow,18,65.81214141845703,4.819126129150391,10.608024597167969,0,0,CORRECT
qwen2,stackoverflow,20,64.02178955078125,5.405670166015625,8.876121520996094,0,1,CORRECT
qwen2,stackoverflow,22,69.56063842773438,2.7350845336914062,10.708358764648438,0,0,INCORRECT
qwen2,stackoverflow,21,52.762393951416016,5.751960754394531,7.346916198730469,1,1,CORRECT
qwen2,stackoverflow,23,65.36453247070312,4.316917419433594,10.620147705078125,1,1,CORRECT
qwen2,stackoverflow,24,59.11835861206055,3.242156982421875,6.785297393798828,1,1,CORRECT
qwen2,stackoverflow,27,67.71047973632812,3.5427017211914062,14.333621978759766,0,0,CORRECT
qwen2,stackoverflow,29,57.587772369384766,4.364372253417969,7.633159637451172,0,0,CORRECT
qwen2,stackoverflow,28,67.60250091552734,3.81866455078125,10.765003204345703,1,1,CORRECT
qwen2,stackoverflow,26,57.079200744628906,3.352813720703125,6.317108154296875,0,0,CORRECT
qwen2,stackoverflow,25,65.01460266113281,5.722412109375,10.453624725341797,1,1,CORRECT
qwen2,stackoverflow,30,55.495174407958984,3.5031700134277344,6.932914733886719,0,0,INCORRECT
qwen2,stackoverflow,31,66.28190612792969,5.263118743896484,8.150764465332031,1,1,CORRECT
qwen2,stackoverflow,32,62.502498626708984,6.709266662597656,9.587806701660156,0,0,CORRECT
qwen2,stackoverflow,34,67.79783630371094,5.6589202880859375,15.416149139404297,0,1,CORRECT
qwen2,stackoverflow,33,59.9010009765625,4.336650848388672,7.055408477783203,0,1,CORRECT
qwen2,stackoverflow,36,67.31355285644531,5.318004608154297,13.114913940429688,0,0,INCORRECT
qwen2,stackoverflow,38,62.93053436279297,3.9681968688964844,12.482162475585938,0,1,INCORRECT
qwen2,stackoverflow,35,65.64659881591797,3.427734375,8.48175048828125,0,0,CORRECT
qwen2,stackoverflow,37,51.518733978271484,1.0269851684570312,4.714466094970703,0,0,CORRECT
qwen2,stackoverflow,39,70.12451934814453,5.392631530761719,10.794639587402344,0,0,CORRECT
qwen2,stackoverflow,46,52.90152359008789,2.743968963623047,9.30911636352539,1,1,CORRECT
qwen2,stackoverflow,43,61.39167404174805,1.8927841186523438,5.2714691162109375,1,1,CORRECT
qwen2,stackoverflow,42,62.78114318847656,6.2513885498046875,17.10057830810547,1,1,CORRECT
qwen2,stackoverflow,41,64.62237548828125,0.6849632263183594,6.014259338378906,1,1,CORRECT
qwen2,stackoverflow,44,72.62813568115234,12.980480194091797,19.024654388427734,1,1,INCORRECT
qwen2,stackoverflow,45,65.6904525756836,3.3621444702148438,9.509326934814453,0,1,CORRECT
qwen2,stackoverflow,40,51.76555633544922,2.4905624389648438,8.338218688964844,0,0,CORRECT
qwen2,stackoverflow,47,58.66999053955078,3.5998687744140625,8.309734344482422,1,1,CORRECT
qwen2,stackoverflow,49,67.26615905761719,4.3740692138671875,9.151237487792969,1,1,CORRECT
qwen2,stackoverflow,48,60.448272705078125,3.9709625244140625,8.217063903808594,1,1,CORRECT
qwen2,stackoverflow,50,61.85457229614258,10.029716491699219,12.83010482788086,0,0,INCORRECT
qwen2,stackoverflow,53,68.84249877929688,2.0522003173828125,4.120857238769531,0,1,CORRECT
qwen2,stackoverflow,52,61.4346923828125,2.9660568237304688,10.04605484008789,1,1,CORRECT
qwen2,stackoverflow,51,54.377811431884766,1.537078857421875,5.0722503662109375,0,0,CORRECT
qwen2,stackoverflow,54,58.371131896972656,2.0765419006347656,5.147968292236328,1,1,CORRECT
qwen2,stackoverflow,55,64.06806945800781,7.193138122558594,10.691192626953125,0,0,CORRECT
qwen2,stackoverflow,62,62.49705505371094,3.0120201110839844,6.5640106201171875,0,1,CORRECT
qwen2,stackoverflow,61,66.982177734375,4.0708160400390625,11.563716888427734,0,1,CORRECT
qwen2,stackoverflow,59,66.01062774658203,3.0464744567871094,9.142654418945312,0,0,CORRECT
qwen2,stackoverflow,60,53.5247917175293,5.670368194580078,8.743682861328125,0,0,CORRECT
qwen2,stackoverflow,56,70.93974304199219,4.681121826171875,11.98581314086914,0,0,CORRECT
qwen2,stackoverflow,57,63.47230529785156,2.1866111755371094,6.590423583984375,0,0,CORRECT
qwen2,stackoverflow,58,52.59218978881836,4.929630279541016,7.461307525634766,0,0,CORRECT
qwen2,stackoverflow,63,63.85000228881836,9.185508728027344,19.042476654052734,0,1,CORRECT
qwen2,stackoverflow,68,59.59914779663086,1.2558555603027344,6.066165924072266,0,0,CORRECT
qwen2,stackoverflow,65,64.4767837524414,3.0832901000976562,12.877735137939453,0,0,CORRECT
qwen2,stackoverflow,66,64.70893859863281,3.7539138793945312,8.860389709472656,0,0,CORRECT
qwen2,stackoverflow,70,64.57778930664062,4.749351501464844,9.573490142822266,0,1,CORRECT
qwen2,stackoverflow,69,64.71282196044922,3.9945526123046875,8.076263427734375,0,0,INCORRECT
qwen2,stackoverflow,64,61.890625,5.5069122314453125,10.548622131347656,0,1,CORRECT
qwen2,stackoverflow,67,57.33079147338867,5.061065673828125,8.801704406738281,0,1,CORRECT
qwen2,stackoverflow,78,54.58934783935547,4.739810943603516,9.469444274902344,0,0,INCORRECT
qwen2,stackoverflow,71,58.69782638549805,2.7556419372558594,6.912242889404297,0,1,CORRECT
qwen2,stackoverflow,73,61.398250579833984,1.7600288391113281,6.711124420166016,0,0,CORRECT
qwen2,stackoverflow,75,59.95140075683594,1.6913223266601562,10.199897766113281,0,1,CORRECT
qwen2,stackoverflow,72,72.57525634765625,6.816162109375,13.242141723632812,1,1,CORRECT
qwen2,stackoverflow,74,58.477806091308594,3.5527267456054688,5.269573211669922,1,1,CORRECT
qwen2,stackoverflow,76,68.0466079711914,2.6121444702148438,6.932518005371094,0,1,CORRECT
qwen2,stackoverflow,77,65.6964340209961,2.040973663330078,9.49920654296875,0,1,INCORRECT
qwen2,stackoverflow,79,63.77738571166992,6.135490417480469,12.934974670410156,0,1,CORRECT
qwen2,stackoverflow,86,66.53345489501953,5.163051605224609,11.416389465332031,1,1,CORRECT
qwen2,stackoverflow,80,69.97283172607422,6.655143737792969,16.46581268310547,0,0,CORRECT
qwen2,stackoverflow,81,64.70072937011719,10.047077178955078,15.427383422851562,0,0,INCORRECT
qwen2,stackoverflow,82,55.256675720214844,4.134952545166016,11.10976791381836,1,1,CORRECT
qwen2,stackoverflow,83,55.16202926635742,7.5456695556640625,12.464115142822266,0,1,CORRECT
qwen2,stackoverflow,85,56.18308639526367,3.1823692321777344,9.698829650878906,1,1,CORRECT
qwen2,stackoverflow,87,53.867923736572266,1.6049842834472656,6.079273223876953,0,1,CORRECT
qwen2,stackoverflow,84,58.09312438964844,2.5514907836914062,11.480690002441406,1,1,CORRECT
qwen2,stackoverflow,91,65.53705596923828,3.409698486328125,9.02569580078125,0,0,INCORRECT
qwen2,stackoverflow,90,61.191612243652344,6.650352478027344,10.948509216308594,0,1,CORRECT
qwen2,stackoverflow,93,68.13568115234375,5.1991424560546875,11.233100891113281,0,0,INCORRECT
qwen2,stackoverflow,95,62.21589279174805,5.705478668212891,15.042530059814453,0,0,CORRECT
qwen2,stackoverflow,94,50.35696029663086,1.574951171875,4.835254669189453,0,1,CORRECT
qwen2,stackoverflow,88,72.87110900878906,6.063209533691406,18.65035629272461,0,1,CORRECT
qwen2,stackoverflow,92,60.685752868652344,1.6920623779296875,4.75811767578125,0,0,CORRECT
qwen2,stackoverflow,89,63.7373161315918,5.028648376464844,8.778568267822266,0,1,CORRECT
qwen2,stackoverflow,99,59.463375091552734,3.6745948791503906,6.285915374755859,0,1,CORRECT
qwen2,stackoverflow,102,69.37368774414062,3.670440673828125,19.267101287841797,1,1,CORRECT
qwen2,stackoverflow,101,59.79947280883789,2.3374290466308594,3.1456756591796875,0,0,CORRECT
qwen2,stackoverflow,96,58.934486389160156,8.698936462402344,12.852596282958984,1,1,INCORRECT
qwen2,stackoverflow,98,68.83186340332031,6.8123779296875,11.609764099121094,0,1,CORRECT
qwen2,stackoverflow,100,75.03858184814453,9.197738647460938,18.863624572753906,0,0,CORRECT
qwen2,stackoverflow,97,45.425045013427734,0.5189247131347656,4.800525665283203,0,0,CORRECT
qwen2,stackoverflow,103,68.4234848022461,8.131885528564453,13.85788345336914,1,1,CORRECT
qwen2,stackoverflow,104,55.601776123046875,2.4029006958007812,6.664058685302734,1,1,CORRECT
qwen2,stackoverflow,110,63.785457611083984,3.6384811401367188,8.166206359863281,1,1,CORRECT
qwen2,stackoverflow,107,71.75577545166016,7.270378112792969,14.405651092529297,1,1,CORRECT
qwen2,stackoverflow,106,67.73639678955078,4.661567687988281,9.288307189941406,0,1,INCORRECT
qwen2,stackoverflow,109,67.8033218383789,2.4909744262695312,11.862533569335938,0,0,CORRECT
qwen2,stackoverflow,108,66.43509674072266,2.150604248046875,5.258171081542969,1,1,CORRECT
qwen2,stackoverflow,105,63.71484375,1.5553512573242188,5.951023101806641,1,1,CORRECT
qwen2,sustainable_living,4,58.204795837402344,0.0,0.0,0,0,INCORRECT
qwen2,sustainable_living,0,58.56072235107422,8.25838851928711,12.575092315673828,0,1,CORRECT
qwen2,stackoverflow,111,61.066375732421875,1.0531997680664062,3.475372314453125,0,1,CORRECT
qwen2,sustainable_living,1,45.42280197143555,2.6256446838378906,5.550376892089844,0,1,INCORRECT
qwen2,stackoverflow,114,57.45062255859375,2.5160369873046875,7.939838409423828,1,1,CORRECT
qwen2,sustainable_living,7,50.490909576416016,4.1808013916015625,7.1867828369140625,0,0,INCORRECT
qwen2,stackoverflow,116,66.30753326416016,3.866107940673828,8.880985260009766,0,0,CORRECT
qwen2,stackoverflow,112,74.23551177978516,4.949440002441406,12.406169891357422,0,1,INCORRECT
qwen2,stackoverflow,113,66.49700927734375,9.24161148071289,15.2755126953125,0,1,INCORRECT
qwen2,sustainable_living,8,58.09878158569336,3.7947235107421875,7.864631652832031,0,0,CORRECT
qwen2,stackoverflow,115,54.27255630493164,3.847209930419922,6.270343780517578,0,0,CORRECT
qwen2,sustainable_living,2,67.94246673583984,8.417255401611328,21.494956970214844,0,1,CORRECT
qwen2,sustainable_living,6,58.34738540649414,4.0313720703125,8.216850280761719,1,1,CORRECT
qwen2,sustainable_living,5,49.7885856628418,2.66961669921875,10.60528564453125,0,0,CORRECT
qwen2,sustainable_living,18,52.914791107177734,0.0,0.0,0,0,INCORRECT
qwen2,sustainable_living,10,52.88878631591797,4.216281890869141,7.832195281982422,0,0,INCORRECT
qwen2,sustainable_living,3,53.54011535644531,1.4960174560546875,6.183815002441406,0,0,CORRECT
qwen2,sustainable_living,9,50.94274139404297,3.4580955505371094,8.316448211669922,1,1,CORRECT
qwen2,sustainable_living,12,52.601707458496094,4.214103698730469,15.09747314453125,0,0,CORRECT
qwen2,sustainable_living,24,45.63889694213867,3.3210411071777344,7.227138519287109,0,0,INCORRECT
qwen2,sustainable_living,11,50.622779846191406,4.9613189697265625,9.1812744140625,0,0,CORRECT
qwen2,sustainable_living,14,52.39523696899414,1.1026992797851562,5.20648193359375,0,0,CORRECT
qwen2,sustainable_living,19,53.09990692138672,0.8067245483398438,2.992706298828125,0,1,CORRECT
qwen2,sustainable_living,15,54.501827239990234,4.357177734375,8.650821685791016,1,1,CORRECT
qwen2,sustainable_living,13,53.454200744628906,4.561412811279297,8.35512924194336,1,1,CORRECT
qwen2,sustainable_living,17,54.57231903076172,4.875007629394531,9.056446075439453,0,0,CORRECT
qwen2,sustainable_living,20,53.52074432373047,4.013263702392578,9.05966567993164,1,1,CORRECT
qwen2,sustainable_living,16,49.94929885864258,1.8753852844238281,7.873714447021484,1,1,CORRECT
qwen2,sustainable_living,21,63.88456726074219,7.274238586425781,12.782482147216797,0,0,CORRECT
qwen2,sustainable_living,26,49.86845779418945,2.8397598266601562,7.283893585205078,1,1,CORRECT
qwen2,sustainable_living,28,55.23573684692383,10.46560287475586,16.092041015625,0,0,INCORRECT
qwen2,sustainable_living,25,60.12380599975586,4.5631561279296875,12.058246612548828,0,0,INCORRECT
qwen2,sustainable_living,22,51.135498046875,2.5452919006347656,6.498817443847656,0,1,CORRECT
qwen2,sustainable_living,35,48.27392578125,2.8338165283203125,6.361076354980469,0,0,INCORRECT
qwen2,sustainable_living,23,59.843780517578125,7.898712158203125,17.576282501220703,1,1,CORRECT
qwen2,sustainable_living,27,57.052154541015625,4.200222015380859,9.897804260253906,0,0,CORRECT
qwen2,sustainable_living,29,55.624568939208984,2.740520477294922,7.835704803466797,0,0,INCORRECT
qwen2,sustainable_living,31,57.30860137939453,5.345928192138672,13.914413452148438,1,1,CORRECT
qwen2,sustainable_living,33,69.0604476928711,13.128105163574219,23.329959869384766,1,1,CORRECT
qwen2,sustainable_living,32,57.797386169433594,2.5049095153808594,9.733379364013672,1,1,CORRECT
qwen2,sustainable_living,37,52.31890106201172,1.02288818359375,5.406013488769531,0,0,INCORRECT
qwen2,sustainable_living,30,48.99684524536133,3.8266639709472656,8.218605041503906,1,1,CORRECT
qwen2,sustainable_living,36,53.27909469604492,1.8336410522460938,8.721656799316406,0,0,CORRECT
qwen2,sustainable_living,41,54.96881103515625,3.2859153747558594,8.92831039428711,0,1,INCORRECT
qwen2,sustainable_living,34,66.56205749511719,5.206596374511719,13.119823455810547,1,1,CORRECT
qwen2,sustainable_living,38,48.04707336425781,0.871063232421875,4.921943664550781,0,1,CORRECT
qwen2,sustainable_living,42,53.568756103515625,3.0995826721191406,8.701274871826172,0,1,CORRECT
qwen2,sustainable_living,40,62.7239990234375,8.350776672363281,18.825695037841797,1,1,CORRECT
qwen2,sustainable_living,44,52.831119537353516,1.7985267639160156,7.1693878173828125,0,1,CORRECT
qwen2,sustainable_living,39,57.308685302734375,3.9941673278808594,10.366718292236328,1,1,CORRECT
qwen2,sustainable_living,43,59.461997985839844,8.108245849609375,12.555137634277344,0,1,CORRECT
qwen2,sustainable_living,45,70.83305358886719,14.54046630859375,20.322975158691406,1,1,CORRECT
qwen2,sustainable_living,51,67.26762390136719,7.8580474853515625,21.99367904663086,0,1,CORRECT
qwen2,sustainable_living,46,54.443580627441406,3.8948707580566406,10.611278533935547,0,0,CORRECT
qwen2,sustainable_living,48,47.43352127075195,2.7920608520507812,9.582420349121094,0,1,CORRECT
qwen2,sustainable_living,53,52.06731414794922,4.346153259277344,9.809024810791016,0,0,INCORRECT
qwen2,sustainable_living,47,51.06798553466797,2.2011070251464844,5.019474029541016,0,0,CORRECT
qwen2,sustainable_living,49,63.200496673583984,7.6527099609375,13.924015045166016,1,1,CORRECT
qwen2,sustainable_living,50,55.99299240112305,7.367195129394531,14.705574035644531,1,1,CORRECT
qwen2,sustainable_living,54,63.887451171875,3.749286651611328,17.827392578125,1,1,CORRECT
qwen2,sustainable_living,63,62.637943267822266,3.313274383544922,8.251277923583984,0,0,CORRECT
qwen2,sustainable_living,58,47.71122741699219,2.4079360961914062,5.600898742675781,1,1,CORRECT
qwen2,sustainable_living,55,65.33995056152344,10.518013000488281,16.761287689208984,1,1,CORRECT
qwen2,sustainable_living,59,51.128353118896484,1.8863945007324219,3.0575599670410156,0,0,INCORRECT
qwen2,sustainable_living,52,59.19142532348633,5.208587646484375,8.500797271728516,0,0,CORRECT
qwen2,sustainable_living,56,64.79910278320312,6.641857147216797,10.874588012695312,1,1,CORRECT
qwen2,sustainable_living,57,56.74264907836914,4.7003326416015625,13.456230163574219,0,1,CORRECT
qwen2,sustainable_living,60,54.1666259765625,2.3929214477539062,6.160491943359375,0,1,CORRECT
qwen2,sustainable_living,61,59.99089431762695,10.087593078613281,14.953815460205078,1,1,CORRECT
qwen2,sustainable_living,64,46.97338104248047,2.1827774047851562,5.7145233154296875,0,0,CORRECT
qwen2,sustainable_living,70,52.703041076660156,5.24591064453125,8.642871856689453,0,0,INCORRECT
qwen2,sustainable_living,66,44.6843147277832,3.377685546875,5.752651214599609,0,0,INCORRECT
qwen2,sustainable_living,62,45.5810661315918,1.158782958984375,4.356288909912109,0,0,CORRECT
qwen2,sustainable_living,73,49.460365295410156,0.884124755859375,6.857303619384766,1,1,CORRECT
qwen2,sustainable_living,74,54.119258880615234,4.923637390136719,9.493091583251953,0,0,CORRECT
qwen2,sustainable_living,67,59.200931549072266,8.937820434570312,15.263446807861328,1,1,CORRECT
qwen2,sustainable_living,71,65.09002685546875,2.4881019592285156,6.817874908447266,0,0,INCORRECT
qwen2,sustainable_living,68,54.50038146972656,3.7253646850585938,10.68423843383789,0,0,CORRECT
qwen2,sustainable_living,75,54.09988021850586,6.403507232666016,10.653907775878906,0,1,CORRECT
qwen2,sustainable_living,65,49.768455505371094,3.720409393310547,5.581214904785156,0,0,CORRECT
qwen2,sustainable_living,69,55.46247482299805,3.762218475341797,11.128662109375,0,1,CORRECT
qwen2,sustainable_living,72,54.6826286315918,3.728527069091797,8.45233154296875,0,1,INCORRECT
qwen2,sustainable_living,80,53.88780212402344,4.947700500488281,7.461307525634766,0,0,INCORRECT
qwen2,sustainable_living,76,70.12086486816406,5.754127502441406,15.646629333496094,1,1,CORRECT
qwen2,sustainable_living,79,46.09439468383789,3.6142234802246094,7.233154296875,0,1,INCORRECT
qwen2,sustainable_living,78,49.33589553833008,1.6829833984375,7.631397247314453,0,1,CORRECT
qwen2,sustainable_living,89,49.770320892333984,0.0,0.0,0,0,INCORRECT
qwen2,sustainable_living,77,54.47163009643555,3.2169227600097656,9.333385467529297,1,1,INCORRECT
qwen2,sustainable_living,90,57.599754333496094,3.0310897827148438,8.883384704589844,0,0,INCORRECT
qwen2,sustainable_living,91,60.78044891357422,4.746044158935547,12.388065338134766,0,0,INCORRECT
qwen2,sustainable_living,86,66.24885559082031,3.7879486083984375,8.679183959960938,0,0,INCORRECT
qwen2,sustainable_living,82,57.52777862548828,11.177387237548828,18.425525665283203,1,1,CORRECT
qwen2,sustainable_living,81,44.806854248046875,1.5865745544433594,7.1345062255859375,0,0,CORRECT
qwen2,sustainable_living,83,58.93165588378906,4.322662353515625,12.269939422607422,1,1,CORRECT
qwen2,sustainable_living,84,60.31196212768555,4.963626861572266,14.068340301513672,1,1,CORRECT
qwen2,sustainable_living,85,57.02488327026367,6.964534759521484,12.57598876953125,1,1,CORRECT
qwen2,sustainable_living,94,55.685062408447266,3.952320098876953,9.083938598632812,0,0,CORRECT
qwen2,sustainable_living,92,56.057376861572266,5.318778991699219,10.37484359741211,0,0,CORRECT
qwen2,sustainable_living,87,55.4058952331543,1.0493965148925781,6.36236572265625,1,1,INCORRECT
qwen2,sustainable_living,88,52.51747512817383,5.404117584228516,10.430282592773438,1,1,CORRECT
qwen2,sustainable_living,95,57.24876403808594,12.974292755126953,15.987716674804688,1,1,CORRECT
qwen2,sustainable_living,102,56.708770751953125,0.0,0.0,0,0,INCORRECT
qwen2,sustainable_living,98,64.4382553100586,11.972816467285156,19.26839828491211,0,0,INCORRECT
qwen2,sustainable_living,97,56.915313720703125,6.432491302490234,10.40877914428711,0,0,INCORRECT
qwen2,sustainable_living,96,72.63732147216797,16.45120620727539,23.402297973632812,0,1,CORRECT
qwen2,sustainable_living,93,53.363101959228516,2.6897125244140625,6.072238922119141,0,0,INCORRECT
qwen2,sustainable_living,105,64.60835266113281,10.814624786376953,15.72957992553711,0,1,INCORRECT
qwen2,sustainable_living,99,61.23863983154297,6.009113311767578,13.977737426757812,1,1,CORRECT
qwen2,sustainable_living,100,48.29071044921875,3.8780899047851562,8.090713500976562,0,0,INCORRECT
qwen2,sustainable_living,103,67.26173400878906,2.670074462890625,5.892280578613281,1,1,CORRECT
qwen2,sustainable_living,104,57.34577941894531,4.314716339111328,9.101631164550781,0,1,INCORRECT
qwen2,sustainable_living,101,60.470516204833984,6.936622619628906,15.874870300292969,0,1,CORRECT
qwen2,sustainable_living,106,54.589111328125,1.7923049926757812,9.92685317993164,0,1,CORRECT
qwen2,theoremqa_questions,TheoremQA_jianyu_xu/pigeonhole_3.json,55.3294677734375,3.273681640625,5.974918365478516,0,1,CORRECT
qwen2,theoremqa_questions,TheoremQA_elainewan/math_calculus_5_2.json,59.87371826171875,2.61767578125,5.7587738037109375,0,0,INCORRECT
qwen2,sustainable_living,107,57.920509338378906,1.6679458618164062,8.809547424316406,1,1,CORRECT
qwen2,theoremqa_questions,TheoremQA_maxku/cv-imageprocessing6-histogram.json,44.09364700317383,3.3379478454589844,4.643836975097656,0,0,INCORRECT
qwen2,theoremqa_questions,TheoremQA_jianyu_xu/pigeonhole_2.json,58.439022064208984,1.5808448791503906,4.093406677246094,0,0,CORRECT
qwen2,theoremqa_questions,TheoremQA_elainewan/math_algebra_1.json,65.51691436767578,3.1252059936523438,9.583797454833984,0,0,INCORRECT
qwen2,theoremqa_questions,TheoremQA_xinyi/rotation.json,56.283790588378906,1.3953704833984375,8.58761215209961,0,0,INCORRECT
qwen2,theoremqa_questions,TheoremQA_elainewan/math_algebra_1_2.json,51.366661071777344,2.0346336364746094,5.1395263671875,0,0,CORRECT
qwen2,theoremqa_questions,TheoremQA_wenhuchen/definite_matrix1.json,57.23124694824219,21.23908233642578,23.67947006225586,1,1,INCORRECT
qwen2,theoremqa_questions,TheoremQA_wenhuchen/eigen_value1.json,55.88703155517578,5.044589996337891,9.117080688476562,0,0,INCORRECT
qwen2,theoremqa_questions,TheoremQA_xueguangma/future_value_2.json,64.32178497314453,3.7636451721191406,8.540325164794922,0,0,INCORRECT
qwen2,theoremqa_questions,TheoremQA_wenhuchen/optics2.json,49.535736083984375,0.4898796081542969,4.964023590087891,1,1,INCORRECT
qwen2,theoremqa_questions,TheoremQA_wenhuchen/optics7.json,54.661888122558594,12.630661010742188,17.185245513916016,1,1,INCORRECT
qwen2,theoremqa_questions,TheoremQA_wenhuchen/gauss_lemma.json,57.0975227355957,6.483486175537109,11.707305908203125,1,1,INCORRECT
qwen2,theoremqa_questions,TheoremQA_wenhuchen/L'Hôpital_rule1.json,49.12849807739258,3.7275047302246094,6.2232818603515625,0,0,CORRECT
qwen2,theoremqa_questions,TheoremQA_elainewan/math_calculus_2_5.json,47.37321472167969,3.574840545654297,6.004936218261719,1,1,CORRECT
qwen2,theoremqa_questions,TheoremQA_elainewan/math_algebra_4.json,53.67341613769531,4.751865386962891,7.860645294189453,1,1,CORRECT
qwen2,theoremqa_questions,TheoremQA_elainewan/math_calculus_2_11.json,44.75526809692383,0.9683647155761719,2.810344696044922,0,0,CORRECT
qwen2,theoremqa_questions,TheoremQA_xueguangma/dividend_discount_model_2.json,52.48497009277344,6.003047943115234,8.665023803710938,1,1,INCORRECT
qwen2,theoremqa_questions,TheoremQA_panlu/similarity2.json,51.588897705078125,3.491649627685547,5.732154846191406,0,0,CORRECT
qwen2,theoremqa_questions,TheoremQA_tonyxia/euler-graph3.json,60.93903350830078,9.5517578125,14.6556396484375,1,1,CORRECT
qwen2,theoremqa_questions,TheoremQA_mingyin/stopping-time1.json,41.52851486206055,5.483692169189453,9.72305679321289,1,1,INCORRECT
qwen2,theoremqa_questions,TheoremQA_xinyi/maximum_entropy_2.json,49.61872482299805,6.615821838378906,14.753284454345703,1,1,CORRECT
qwen2,theoremqa_questions,TheoremQA_maxku/signalprocessing11-nyquist.json,70.22726440429688,18.110191345214844,28.097240447998047,1,1,CORRECT
qwen2,theoremqa_questions,TheoremQA_jianyu_xu/Stirling_number_first_kind_5.json,65.7033462524414,4.092380523681641,8.205272674560547,0,0,CORRECT
qwen2,theoremqa_questions,TheoremQA_maxku/ipnetwork13-hammingdist.json,44.77435302734375,4.132411956787109,6.221935272216797,0,1,CORRECT
qwen2,theoremqa_questions,TheoremQA_xueguangma/forward_price_2.json,57.4315185546875,6.070671081542969,9.100299835205078,0,0,INCORRECT
qwen2,theoremqa_questions,TheoremQA_maxku/cv-colorsci2-hsi.json,60.9896240234375,26.074493408203125,28.414119720458984,1,1,CORRECT
qwen2,theoremqa_questions,TheoremQA_maxku/signalprocessing15-DB.json,52.2202262878418,13.77981948852539,16.56399917602539,1,1,INCORRECT
qwen2,theoremqa_questions,TheoremQA_tonyxia/semiconductor1.json,46.501461029052734,1.6014328002929688,4.402973175048828,0,0,CORRECT
qwen2,theoremqa_questions,TheoremQA_xinyi/linear_projection.json,56.46217346191406,2.223358154296875,6.833183288574219,0,0,CORRECT
qwen2,theoremqa_questions,TheoremQA_jianyu_xu/combination_1.json,60.21144485473633,1.0078697204589844,4.681270599365234,0,0,INCORRECT
qwen2,theoremqa_questions,TheoremQA_mingyin/Lebesgue-measure1.json,50.08560562133789,3.5027732849121094,6.454551696777344,0,0,INCORRECT
qwen2,theoremqa_questions,TheoremQA_wenhuchen/ODE2.json,60.34993362426758,7.532112121582031,10.52071762084961,0,0,INCORRECT
qwen2,theoremqa_questions,TheoremQA_mingyin/series2.json,59.22050476074219,2.6948585510253906,5.576801300048828,0,0,INCORRECT
qwen2,theoremqa_questions,TheoremQA_wenhuchen/Liouville’s_theorem1.json,56.098079681396484,16.431472778320312,21.91461181640625,1,1,CORRECT
qwen2,theoremqa_questions,TheoremQA_panlu/rigid-body3.json,47.49166488647461,4.046634674072266,7.1339874267578125,0,1,INCORRECT
qwen2,theoremqa_questions,TheoremQA_maxku/signalprocessing5-nyquist.json,66.73187255859375,8.609607696533203,22.289661407470703,1,1,CORRECT
qwen2,theoremqa_questions,TheoremQA_elainewan/math_abstact_algebra_7_8.json,56.327449798583984,1.6282005310058594,3.934001922607422,0,0,CORRECT
qwen2,theoremqa_questions,TheoremQA_xinyi/cramer_rao_lower_bound_2.json,71.34819030761719,26.009445190429688,31.369583129882812,1,1,INCORRECT
qwen2,theoremqa_questions,TheoremQA_elainewan/math_algebra_5.json,61.28243637084961,0.6144866943359375,4.904571533203125,0,0,INCORRECT
qwen2,theoremqa_questions,TheoremQA_xueguangma/spot_rate.json,59.031986236572266,10.049915313720703,11.445053100585938,0,0,INCORRECT
qwen2,theoremqa_questions,TheoremQA_xueguangma/taylors_approximation_theorem.json,48.93971252441406,3.070648193359375,4.980960845947266,0,0,INCORRECT
qwen2,theoremqa_questions,TheoremQA_wenhuchen/determinant1.json,54.221988677978516,5.233890533447266,9.470611572265625,1,1,CORRECT
qwen2,theoremqa_questions,TheoremQA_panlu/molar_heat_capacity2.json,53.17790985107422,10.009563446044922,12.308502197265625,1,1,INCORRECT
qwen2,theoremqa_questions,TheoremQA_mingyin/cauchy-integral-theorem1.json,50.36581802368164,3.8216590881347656,6.954765319824219,1,1,INCORRECT
qwen2,theoremqa_questions,TheoremQA_wenhuchen/determinant2.json,60.6776008605957,8.269412994384766,11.776527404785156,1,1,INCORRECT
qwen2,theoremqa_questions,TheoremQA_elainewan/math_abstact_algebra_7_5.json,50.02433776855469,2.8561553955078125,5.070529937744141,0,0,INCORRECT
qwen2,theoremqa_questions,TheoremQA_tonyxia/wave2.json,42.41200256347656,2.3672409057617188,6.777763366699219,0,1,INCORRECT
qwen2,theoremqa_questions,TheoremQA_jianyu_xu/Ramsey_4.json,57.33893585205078,5.357868194580078,8.840267181396484,1,1,CORRECT
qwen2,theoremqa_questions,TheoremQA_xueguangma/binomial_model_2.json,60.28584671020508,2.911376953125,4.673603057861328,0,0,INCORRECT
qwen2,theoremqa_questions,TheoremQA_wenhuchen/trapezoidal_rule2.json,50.58753967285156,2.7031326293945312,5.494525909423828,0,0,CORRECT
qwen2,theoremqa_questions,TheoremQA_xinyi/huffman_code_1.json,48.65163803100586,11.228809356689453,14.305862426757812,1,1,CORRECT
qwen2,theoremqa_questions,TheoremQA_maxku/ipnetwork4-mac.json,56.71833801269531,2.7572288513183594,5.289745330810547,0,0,INCORRECT
qwen2,theoremqa_questions,TheoremQA_maxku/graphtheory5-vertexcover.json,46.88851547241211,2.660717010498047,4.058925628662109,0,0,CORRECT
qwen2,theoremqa_questions,TheoremQA_maxku/signalprocessing6-Ztransform.json,36.2672233581543,2.0531005859375,4.645444869995117,0,1,CORRECT
qwen2,theoremqa_questions,TheoremQA_xueguangma/dividend_discount_model_5.json,63.62567138671875,16.2430419921875,18.452007293701172,1,1,INCORRECT
qwen2,theoremqa_questions,TheoremQA_wenhuchen/t_test1.json,56.468505859375,5.1912384033203125,16.029190063476562,1,1,INCORRECT
qwen2,theoremqa_questions,TheoremQA_maxku/ipnetwork5-mac.json,44.57549285888672,1.909149169921875,4.3999786376953125,0,0,INCORRECT
qwen2,theoremqa_questions,TheoremQA_wenhuchen/optics8.json,53.563873291015625,11.72214126586914,14.72745132446289,1,1,CORRECT
qwen2,theoremqa_questions,TheoremQA_wenhuchen/ODE3.json,54.72849655151367,6.144771575927734,9.028007507324219,0,0,INCORRECT
qwen2,theoremqa_questions,TheoremQA_maxku/ipnetwork14-hammingdist.json,45.377479553222656,3.8498992919921875,7.852664947509766,1,1,INCORRECT
qwen2,theoremqa_questions,TheoremQA_tonyxia/semiconductor5.json,38.76956558227539,2.3212203979492188,6.397041320800781,0,0,INCORRECT
qwen2,theoremqa_questions,TheoremQA_wenhuchen/viterbi2.json,77.40959167480469,26.252601623535156,28.52971649169922,1,1,CORRECT
qwen2,theoremqa_questions,TheoremQA_panlu/molar_heat_capacity1.json,57.93963623046875,12.160675048828125,15.902946472167969,1,1,INCORRECT
qwen2,theoremqa_questions,TheoremQA_elainewan/math_algebra_3_2.json,46.8598518371582,3.1451759338378906,5.873558044433594,1,1,CORRECT
qwen2,theoremqa_questions,TheoremQA_jianyu_xu/Ramsey_2.json,58.08529281616211,2.1650733947753906,5.640186309814453,1,1,INCORRECT
qwen2,theoremqa_questions,TheoremQA_elainewan/math_calculus_12.json,73.21366119384766,7.061027526855469,17.193679809570312,0,0,CORRECT
qwen2,theoremqa_questions,TheoremQA_elainewan/econ_micro_7.json,57.56218338012695,5.278663635253906,9.167903900146484,1,1,INCORRECT
qwen2,theoremqa_questions,TheoremQA_maxku/graphtheory7-shortestpath.json,43.253326416015625,1.5289154052734375,6.867015838623047,0,1,CORRECT
qwen2,theoremqa_questions,TheoremQA_tonyxia/particle6.json,59.183841705322266,18.66344451904297,23.634220123291016,1,1,INCORRECT
qwen2,theoremqa_questions,TheoremQA_tonyxia/semiconductor3.json,65.98625946044922,21.76837921142578,25.403202056884766,1,1,INCORRECT
qwen2,theoremqa_questions,TheoremQA_wenhuchen/gauss_lemma2.json,50.85060119628906,1.977447509765625,3.2664642333984375,0,0,CORRECT
qwen2,theoremqa_questions,TheoremQA_tonyxia/statisticalphysics2.json,47.55720138549805,4.113136291503906,9.83004379272461,0,0,INCORRECT
qwen2,theoremqa_questions,TheoremQA_panlu/angular_frequency3.json,57.44472122192383,0.9676437377929688,6.037773132324219,0,0,INCORRECT
qwen2,theoremqa_questions,TheoremQA_xinyi/channel_capacity_1.json,45.74363327026367,9.040992736816406,14.121711730957031,1,1,CORRECT
qwen2,theoremqa_questions,TheoremQA_panlu/trapezoid1.json,50.39610290527344,1.7574844360351562,4.262519836425781,0,0,INCORRECT
qwen2,theoremqa_questions,TheoremQA_jianyu_xu/Stirling_number_second_kind_3.json,60.42402267456055,3.194103240966797,8.454418182373047,0,1,INCORRECT
qwen2,theoremqa_questions,TheoremQA_maxku/graphtheory3-vertexcover.json,40.71830368041992,0.36449432373046875,2.998310089111328,0,1,CORRECT
qwen2,theoremqa_questions,TheoremQA_maxku/cv-cnn4.json,45.73802185058594,4.252216339111328,7.0841522216796875,1,1,INCORRECT
qwen2,theoremqa_questions,TheoremQA_wenhuchen/Rolle's_theorem.json,47.72220993041992,2.6009597778320312,5.420795440673828,0,0,CORRECT
qwen2,theoremqa_questions,TheoremQA_jianyu_xu/Stirling_number_second_kind_6.json,65.48233032226562,5.823188781738281,9.3895263671875,0,1,CORRECT
qwen2,theoremqa_questions,TheoremQA_wenhuchen/euler's_method1.json,44.88985824584961,4.993560791015625,5.936943054199219,0,0,CORRECT
qwen2,theoremqa_questions,TheoremQA_maxku/graphtheory10-shortestpath.json,46.0367317199707,3.268871307373047,7.11688232421875,1,1,CORRECT
qwen2,theoremqa_questions,TheoremQA_jianyu_xu/Catalan_2.json,61.33592224121094,2.4450836181640625,11.52294921875,0,0,CORRECT
qwen2,theoremqa_questions,TheoremQA_wenhuchen/double_integral2.json,56.384681701660156,1.1332244873046875,5.482982635498047,0,0,INCORRECT
qwen2,theoremqa_questions,TheoremQA_xinyi/dag_2.json,49.785274505615234,13.755565643310547,17.049449920654297,1,1,CORRECT
qwen2,theoremqa_questions,TheoremQA_elainewan/econ_micro_14_3.json,66.12094116210938,6.122673034667969,9.637153625488281,0,0,INCORRECT
qwen2,theoremqa_questions,TheoremQA_xueguangma/forward_price_1.json,64.23419189453125,3.403400421142578,7.115142822265625,0,0,CORRECT
qwen2,theoremqa_questions,TheoremQA_wenhuchen/euler's_method2.json,44.840660095214844,3.585193634033203,5.915580749511719,0,0,CORRECT
qwen2,theoremqa_questions,TheoremQA_wenhuchen/cauchy_integral1.json,50.598876953125,3.086467742919922,5.929027557373047,0,0,INCORRECT
qwen2,theoremqa_questions,TheoremQA_wenhuchen/t_test2.json,53.65163803100586,10.258735656738281,16.637432098388672,1,1,INCORRECT
qwen2,theoremqa_questions,TheoremQA_maxku/ipnetwork21-ip-2.json,37.51387405395508,2.1135177612304688,4.715023040771484,0,0,INCORRECT
qwen2,theoremqa_questions,TheoremQA_maxku/signalprocessing19-period.json,39.688533782958984,2.2254905700683594,4.804668426513672,0,1,CORRECT
qwen2,theoremqa_questions,TheoremQA_jianyu_xu/Multinomial_2.json,64.33804321289062,5.755897521972656,10.464523315429688,0,1,CORRECT
qwen2,theoremqa_questions,TheoremQA_maxku/signalprocessing13-Ztransform.json,55.616390228271484,15.707733154296875,19.324573516845703,1,1,CORRECT
qwen2,theoremqa_questions,TheoremQA_panlu/gravitational_force1.json,54.92848587036133,14.852630615234375,18.280139923095703,1,1,CORRECT
qwen2,theoremqa_questions,TheoremQA_wenhuchen/kepler's_law1.json,50.520851135253906,2.395313262939453,6.757793426513672,1,1,CORRECT
qwen2,theoremqa_questions,TheoremQA_xinyi/dag_3.json,50.45744323730469,3.9054336547851562,7.048389434814453,0,0,CORRECT
qwen2,theoremqa_questions,TheoremQA_tonyxia/euler-graph2.json,59.22977828979492,4.035060882568359,9.032516479492188,1,1,CORRECT
qwen2,theoremqa_questions,TheoremQA_maxku/cv-imageprocessing9-digital-image.json,63.55083084106445,21.57988739013672,29.133522033691406,1,1,CORRECT
qwen2,theoremqa_questions,TheoremQA_jianyu_xu/Stirling_number_first_kind_6.json,64.2612533569336,4.360630035400391,6.322528839111328,0,0,CORRECT
qwen2,theoremqa_questions,TheoremQA_jianyu_xu/Graph_2.json,56.97566223144531,3.3090782165527344,6.671924591064453,0,0,CORRECT
qwen2,theoremqa_questions,TheoremQA_maxku/signalprocessing9-signalrep.json,45.226505279541016,1.1756820678710938,2.9720077514648438,0,0,CORRECT
qwen2,theoremqa_questions,TheoremQA_jianyu_xu/pigeonhole_4.json,63.9378547668457,9.207733154296875,17.67993927001953,0,1,CORRECT
qwen2,theoremqa_questions,TheoremQA_elainewan/math_calculus_5.json,52.89924621582031,4.4220733642578125,8.5784912109375,0,0,CORRECT
qwen2,theoremqa_questions,TheoremQA_xueguangma/present_value_1.json,66.11653137207031,8.905704498291016,11.823654174804688,0,0,CORRECT
qwen2,theoremqa_questions,TheoremQA_jianyu_xu/Stirling_number_second_kind_5.json,63.05658721923828,1.4011802673339844,7.454597473144531,1,1,INCORRECT
qwen2,theoremqa_questions,TheoremQA_maxku/graphtheory4-vertexcover.json,46.027137756347656,2.357257843017578,5.259128570556641,0,0,CORRECT
qwen2,theoremqa_questions,TheoremQA_jianyu_xu/Cayley_3.json,58.65080261230469,5.2774658203125,8.894336700439453,0,0,CORRECT
qwen2,theoremqa_questions,TheoremQA_maxku/cv-colorsci3-rgb.json,43.18660354614258,1.1018104553222656,6.726226806640625,0,0,CORRECT
qwen2,theoremqa_questions,TheoremQA_xueguangma/dividend_discount_model_4.json,61.33314514160156,8.109046936035156,11.800273895263672,1,1,CORRECT
qwen2,theoremqa_questions,TheoremQA_jianyu_xu/Multinomial_1.json,64.09761047363281,7.431278228759766,11.663673400878906,0,0,CORRECT
qwen2,theoremqa_questions,TheoremQA_wenhuchen/infinite_series_sum3.json,48.29045867919922,1.7294578552246094,4.4297332763671875,0,0,CORRECT
qwen2,theoremqa_questions,TheoremQA_wenhuchen/trapezoidal_rule3.json,61.39157485961914,14.775203704833984,16.93832015991211,1,1,INCORRECT
qwen2,theoremqa_questions,TheoremQA_xinyi/sum_product_algorithm.json,38.80047607421875,2.128734588623047,6.193450927734375,1,1,CORRECT
qwen2,theoremqa_questions,TheoremQA_elainewan/math_calculus_3_8.json,55.36473846435547,7.089275360107422,11.591842651367188,0,0,INCORRECT
qwen2,theoremqa_questions,TheoremQA_panlu/similarity3.json,51.92542266845703,1.34466552734375,5.588451385498047,0,0,CORRECT
qwen2,theoremqa_questions,TheoremQA_jianyu_xu/Binomial_5.json,65.05229187011719,3.95208740234375,8.801071166992188,1,1,CORRECT
qwen2,theoremqa_questions,TheoremQA_maxku/cv-colorsci1-rgb.json,47.98469161987305,3.2611045837402344,5.892108917236328,0,0,CORRECT
qwen2,theoremqa_questions,TheoremQA_elainewan/econ_micro_7_2.json,52.375667572021484,1.9259986877441406,4.819023132324219,0,1,CORRECT
qwen2,theoremqa_questions,TheoremQA_xueguangma/effective_rates_1.json,54.388885498046875,1.9906044006347656,4.635196685791016,0,1,CORRECT
qwen2,theoremqa_questions,TheoremQA_jianyu_xu/Multinomial_4.json,64.84307098388672,6.828952789306641,9.56494140625,1,1,CORRECT
qwen2,theoremqa_questions,TheoremQA_maxku/fourier6-FT.json,32.209266662597656,0.9124259948730469,2.837953567504883,0,0,CORRECT
qwen2,theoremqa_questions,TheoremQA_wenhuchen/t_test3.json,60.8797492980957,20.044673919677734,26.774314880371094,1,1,INCORRECT
qwen2,theoremqa_questions,TheoremQA_maxku/cv-cnn1.json,44.5712776184082,0.7254142761230469,2.7835731506347656,1,1,CORRECT
qwen2,theoremqa_questions,TheoremQA_maxku/signalprocessing7-phaseshift.json,47.002838134765625,3.1801986694335938,7.019340515136719,0,0,CORRECT
qwen2,theoremqa_questions,TheoremQA_xinyi/kernel_1.json,39.14213180541992,2.402851104736328,5.762462615966797,0,0,CORRECT
qwen2,theoremqa_questions,TheoremQA_jianyu_xu/Binomial_4.json,60.70221710205078,2.5040626525878906,5.9544525146484375,0,0,CORRECT
qwen2,theoremqa_questions,TheoremQA_xinyi/neural_networks.json,46.756107330322266,1.3977012634277344,7.080226898193359,0,1,CORRECT
qwen2,theoremqa_questions,TheoremQA_jianyu_xu/Ramsey_3.json,66.28408813476562,12.641304016113281,15.737018585205078,1,1,CORRECT
qwen2,theoremqa_questions,TheoremQA_wenhuchen/viterbi1.json,63.62602615356445,21.321701049804688,23.905906677246094,1,1,INCORRECT
qwen2,theoremqa_questions,TheoremQA_wenhuchen/kepler's_law3.json,52.182640075683594,9.276329040527344,13.640838623046875,1,1,CORRECT
qwen2,theoremqa_questions,TheoremQA_jianyu_xu/pigeonhole_1.json,61.424617767333984,6.90716552734375,13.198074340820312,0,1,CORRECT
qwen2,theoremqa_questions,TheoremQA_xueguangma/future_value_1.json,65.87324523925781,2.2659835815429688,6.278621673583984,0,0,CORRECT
qwen2,theoremqa_questions,TheoremQA_elainewan/math_calculus_2_6.json,46.685482025146484,4.272296905517578,6.339336395263672,0,0,INCORRECT
qwen2,theoremqa_questions,TheoremQA_wenhuchen/jensen2.json,47.509788513183594,1.6592178344726562,4.879539489746094,1,1,INCORRECT
qwen2,theoremqa_questions,TheoremQA_elainewan/econ_micro_11.json,58.86875915527344,5.211078643798828,8.122840881347656,0,0,CORRECT
qwen2,theoremqa_questions,TheoremQA_wenhuchen/newton2.json,58.00815200805664,2.779937744140625,6.9067840576171875,0,0,INCORRECT
qwen2,theoremqa_questions,TheoremQA_wenhuchen/L'Hôpital_rule2.json,50.19572830200195,2.860889434814453,11.170516967773438,0,0,INCORRECT
qwen2,theoremqa_questions,TheoremQA_xueguangma/binomial_model_1.json,63.57991027832031,3.7278518676757812,6.3047027587890625,0,0,INCORRECT
qwen2,theoremqa_questions,TheoremQA_jianyu_xu/Catalan_1.json,58.807796478271484,3.86273193359375,7.307621002197266,0,0,INCORRECT
qwen2,theoremqa_questions,TheoremQA_wenhuchen/Poisson_process2.json,49.019901275634766,5.845806121826172,11.439521789550781,0,1,INCORRECT
qwen2,theoremqa_questions,TheoremQA_elainewan/math_abstact_algebra_7.json,64.80216217041016,3.8472023010253906,10.195796966552734,0,0,CORRECT
qwen2,theoremqa_questions,TheoremQA_tonyxia/semiconductor2.json,57.22184753417969,15.187644958496094,21.29379653930664,1,1,INCORRECT
qwen2,theoremqa_questions,TheoremQA_jianyu_xu/Multinomial_3.json,59.38632583618164,1.2647590637207031,4.032253265380859,0,1,CORRECT
qwen2,theoremqa_questions,TheoremQA_jianyu_xu/Binomial_3.json,66.97514343261719,4.690883636474609,9.824249267578125,0,0,INCORRECT
qwen2,theoremqa_questions,TheoremQA_elainewan/econ_micro_18.json,57.485740661621094,4.789279937744141,8.48337173461914,1,1,CORRECT
qwen2,theoremqa_questions,TheoremQA_xueguangma/present_value_2.json,53.7182502746582,5.256000518798828,8.264118194580078,0,0,INCORRECT
qwen2,theoremqa_questions,TheoremQA_maxku/graphtheory11-shortestpath-hard.json,48.641448974609375,2.2278366088867188,6.977958679199219,1,1,INCORRECT
qwen2,theoremqa_questions,TheoremQA_elainewan/math_calculus_11.json,44.87223815917969,3.684741973876953,6.267253875732422,1,1,INCORRECT
qwen2,theoremqa_questions,TheoremQA_xueguangma/dividend_discount_model_1.json,60.95781326293945,11.285724639892578,14.705650329589844,1,1,INCORRECT
qwen2,theoremqa_questions,TheoremQA_wenhuchen/p_value2.json,70.36460876464844,15.543792724609375,19.393447875976562,1,1,CORRECT
qwen2,theoremqa_questions,TheoremQA_wenhuchen/jensen1.json,45.40949630737305,4.744335174560547,7.179943084716797,1,1,INCORRECT
qwen2,theoremqa_questions,TheoremQA_xinyi/rate_distortion_function_2.json,47.102745056152344,2.008697509765625,14.281063079833984,1,1,CORRECT
qwen2,theoremqa_questions,TheoremQA_panlu/gravitational_force2.json,51.56587219238281,7.043006896972656,12.517444610595703,0,1,INCORRECT
qwen2,theoremqa_questions,TheoremQA_maxku/signalprocessing2-DB.json,37.35544204711914,5.249553680419922,7.272993087768555,1,1,CORRECT
qwen2,theoremqa_questions,TheoremQA_maxku/cv-imageprocessing8-fourier2.json,55.8781852722168,18.408287048339844,21.87281036376953,1,1,INCORRECT
qwen2,theoremqa_questions,TheoremQA_maxku/signalprocessing14-Ztransform.json,40.68981170654297,4.348178863525391,6.7387237548828125,1,1,CORRECT
qwen2,theoremqa_questions,TheoremQA_wenhuchen/Liouville’s_theorem2.json,47.63597869873047,9.316211700439453,12.514286041259766,1,1,CORRECT
qwen2,theoremqa_questions,TheoremQA_tonyxia/maxplanar3.json,49.53781509399414,1.954559326171875,5.987903594970703,0,0,INCORRECT
qwen2,theoremqa_questions,TheoremQA_mingyin/Fundamental-Theorem-of-Calculus3.json,56.151485443115234,2.3069305419921875,7.426799774169922,1,1,INCORRECT
qwen2,theoremqa_questions,TheoremQA_mingyin/convexity1.json,40.49101638793945,1.9440116882324219,5.71990966796875,0,0,CORRECT
qwen2,theoremqa_questions,TheoremQA_jianyu_xu/Binomial_1.json,62.929683685302734,0.858367919921875,4.272819519042969,0,0,INCORRECT
qwen2,theoremqa_questions,TheoremQA_xueguangma/forward_rate_1.json,53.14796447753906,1.2032546997070312,3.8863868713378906,0,0,INCORRECT
qwen2,theoremqa_questions,TheoremQA_wenhuchen/series_convergen3.json,46.9260368347168,0.9589805603027344,3.623199462890625,1,1,INCORRECT
qwen2,theoremqa_questions,TheoremQA_jianyu_xu/Binomial_6.json,66.77192687988281,5.768424987792969,12.301990509033203,0,0,CORRECT
qwen2,theoremqa_questions,TheoremQA_xueguangma/forward_price_3.json,59.334373474121094,2.692707061767578,5.196743011474609,0,0,INCORRECT
qwen2,theoremqa_questions,TheoremQA_xueguangma/intermediate_value_theorem.json,46.24727249145508,3.749828338623047,9.7418212890625,0,0,CORRECT
qwen2,theoremqa_questions,TheoremQA_elainewan/math_abstact_algebra_7_3.json,56.29058074951172,4.635448455810547,8.39596939086914,0,1,CORRECT
qwen2,theoremqa_questions,TheoremQA_maxku/fourier1-FS.json,57.3188591003418,4.109500885009766,8.852466583251953,0,0,CORRECT
qwen2,theoremqa_questions,TheoremQA_elainewan/math_algebra_4_3.json,48.392295837402344,7.5561370849609375,11.129280090332031,0,0,CORRECT
qwen2,theoremqa_questions,TheoremQA_mingyin/Limit-of-sequence2.json,48.870948791503906,3.298320770263672,7.267787933349609,1,1,INCORRECT
qwen2,theoremqa_questions,TheoremQA_tonyxia/maxplanar1.json,54.12421798706055,2.529560089111328,6.173316955566406,0,0,CORRECT
qwen2,theoremqa_questions,TheoremQA_jianyu_xu/Multinomial_6.json,59.529178619384766,2.5219078063964844,4.68414306640625,0,0,INCORRECT
qwen2,theoremqa_questions,TheoremQA_maxku/cv-imageprocessing2-morphology.json,69.68018341064453,32.02305221557617,36.33502197265625,1,1,INCORRECT
qwen2,theoremqa_questions,TheoremQA_wenhuchen/optics3.json,61.26863479614258,17.40612030029297,20.769371032714844,1,1,CORRECT
qwen2,theoremqa_questions,TheoremQA_elainewan/math_calculus_2_7.json,36.51727294921875,1.7751960754394531,4.744754791259766,0,0,CORRECT
qwen2,theoremqa_questions,TheoremQA_wenhuchen/Poisson_process3.json,51.41440200805664,2.8143386840820312,6.719631195068359,0,0,INCORRECT
qwen2,theoremqa_questions,TheoremQA_mingyin/Limit-of-sequence3.json,48.32014465332031,3.953044891357422,5.78558349609375,0,0,CORRECT
qwen2,theoremqa_questions,TheoremQA_maxku/graphtheory6-shortestpath.json,53.70609664916992,7.70977783203125,14.347408294677734,1,1,CORRECT
qwen2,theoremqa_questions,TheoremQA_panlu/wave_length1.json,56.542266845703125,2.8766212463378906,9.443729400634766,0,0,INCORRECT
qwen2,theoremqa_questions,TheoremQA_elainewan/math_algebra_7_2.json,42.304359436035156,3.986125946044922,7.026332855224609,1,1,CORRECT
qwen2,theoremqa_questions,TheoremQA_xueguangma/geometric_brownian_motion.json,64.95846557617188,8.2552490234375,10.894889831542969,0,0,INCORRECT
qwen2,theoremqa_questions,TheoremQA_xinyi/dag_1.json,51.0389404296875,9.52188491821289,12.109935760498047,0,0,CORRECT
qwen2,theoremqa_questions,TheoremQA_xinyi/distortion_rate_function_2.json,66.8887939453125,10.811450958251953,25.462364196777344,1,1,CORRECT
qwen2,theoremqa_questions,TheoremQA_jianyu_xu/Ramsey_5.json,57.559913635253906,6.4078216552734375,8.640182495117188,1,1,CORRECT
qwen2,theoremqa_questions,TheoremQA_maxku/graphtheory2-vertexcover.json,45.73631286621094,2.1030921936035156,3.8842391967773438,0,0,INCORRECT
qwen2,theoremqa_questions,TheoremQA_xinyi/rate_distortion_function_1.json,53.271339416503906,3.2255401611328125,16.213584899902344,1,1,INCORRECT
qwen2,theoremqa_questions,TheoremQA_jianyu_xu/Binomial_2.json,66.74417877197266,7.612651824951172,13.549922943115234,0,0,CORRECT
qwen2,theoremqa_questions,TheoremQA_tonyxia/particle4.json,62.91020965576172,21.7296142578125,25.628185272216797,1,1,CORRECT
qwen2,theoremqa_questions,TheoremQA_jianyu_xu/Ramsey_6.json,62.58838653564453,9.156238555908203,13.23440933227539,1,1,CORRECT
qwen2,theoremqa_questions,TheoremQA_xinyi/huffman_code_3.json,51.40107345581055,5.548229217529297,11.181900024414062,0,0,CORRECT
qwen2,theoremqa_questions,TheoremQA_wenhuchen/series_convergen2.json,49.22085952758789,2.3267288208007812,4.9617462158203125,0,0,INCORRECT
qwen2,theoremqa_questions,TheoremQA_xinyi/channel_capacity_3.json,48.540992736816406,11.141555786132812,16.613740921020508,1,1,CORRECT
qwen2,theoremqa_theorems,TheoremQA_elainewan/math_algebra_1.json,51.235450744628906,4.894371032714844,8.729076385498047,0,0,CORRECT
qwen2,theoremqa_theorems,TheoremQA_wenhuchen/eigen_value1.json,51.84477615356445,6.2700042724609375,10.106586456298828,0,1,CORRECT
qwen2,theoremqa_theorems,TheoremQA_jianyu_xu/pigeonhole_3.json,56.91924285888672,6.758602142333984,10.626800537109375,1,1,CORRECT
qwen2,theoremqa_theorems,TheoremQA_jianyu_xu/pigeonhole_2.json,55.767059326171875,5.0317535400390625,8.859260559082031,1,1,CORRECT
qwen2,theoremqa_theorems,TheoremQA_wenhuchen/definite_matrix1.json,55.64714813232422,7.881771087646484,16.240589141845703,1,1,INCORRECT
qwen2,theoremqa_theorems,TheoremQA_maxku/signalprocessing11-nyquist.json,43.38653564453125,3.1534767150878906,5.637332916259766,0,0,CORRECT
qwen2,theoremqa_theorems,TheoremQA_elainewan/math_algebra_1_2.json,47.75941467285156,3.317424774169922,9.373115539550781,0,0,CORRECT
qwen2,theoremqa_theorems,TheoremQA_xinyi/maximum_entropy_2.json,49.80489730834961,4.298671722412109,8.39089584350586,0,0,INCORRECT
qwen2,theoremqa_theorems,TheoremQA_elainewan/math_algebra_4.json,57.2791633605957,3.0434799194335938,6.513774871826172,1,1,CORRECT
qwen2,theoremqa_theorems,TheoremQA_wenhuchen/L'Hôpital_rule1.json,51.370155334472656,3.3607254028320312,5.511646270751953,1,1,CORRECT
qwen2,theoremqa_theorems,TheoremQA_elainewan/math_calculus_2_11.json,46.937255859375,2.896808624267578,5.766044616699219,1,1,CORRECT
qwen2,theoremqa_theorems,TheoremQA_panlu/similarity2.json,55.13514709472656,6.0721435546875,8.879764556884766,1,1,CORRECT
qwen2,theoremqa_theorems,TheoremQA_wenhuchen/Liouville’s_theorem1.json,57.65316390991211,6.257640838623047,15.842193603515625,1,1,CORRECT
qwen2,theoremqa_theorems,TheoremQA_jianyu_xu/Stirling_number_first_kind_5.json,50.21880340576172,1.9526443481445312,4.9109954833984375,0,0,INCORRECT
qwen2,theoremqa_theorems,TheoremQA_xinyi/linear_projection.json,57.15924072265625,3.5949440002441406,6.61883544921875,1,1,CORRECT
qwen2,theoremqa_theorems,TheoremQA_mingyin/series2.json,55.11323165893555,3.934185028076172,6.952236175537109,0,0,INCORRECT
qwen2,theoremqa_theorems,TheoremQA_mingyin/Lebesgue-measure1.json,53.65993881225586,3.204608917236328,6.311393737792969,1,1,CORRECT
qwen2,theoremqa_theorems,TheoremQA_maxku/ipnetwork13-hammingdist.json,48.68788146972656,2.797454833984375,5.600124359130859,1,1,CORRECT
qwen2,theoremqa_theorems,TheoremQA_wenhuchen/ODE2.json,47.34907913208008,1.9227256774902344,3.388744354248047,0,0,INCORRECT
qwen2,theoremqa_theorems,TheoremQA_panlu/rigid-body3.json,51.03784942626953,11.260917663574219,17.510787963867188,1,1,CORRECT
qwen2,theoremqa_theorems,TheoremQA_wenhuchen/ODE3.json,44.53986740112305,0.7423362731933594,2.9035491943359375,0,0,INCORRECT
qwen2,theoremqa_theorems,TheoremQA_xueguangma/taylors_approximation_theorem.json,54.386634826660156,7.228973388671875,11.578174591064453,0,0,CORRECT
qwen2,theoremqa_theorems,TheoremQA_jianyu_xu/Ramsey_2.json,55.913185119628906,4.144195556640625,8.824836730957031,1,1,INCORRECT
qwen2,theoremqa_theorems,TheoremQA_wenhuchen/t_test1.json,47.9625129699707,2.573619842529297,7.911754608154297,1,1,CORRECT
qwen2,theoremqa_theorems,TheoremQA_mingyin/cauchy-integral-theorem1.json,55.390769958496094,3.1959381103515625,7.562503814697266,1,1,INCORRECT
qwen2,theoremqa_theorems,TheoremQA_jianyu_xu/Ramsey_4.json,56.43576431274414,7.773571014404297,11.14010238647461,1,1,CORRECT
qwen2,theoremqa_theorems,TheoremQA_elainewan/math_algebra_5.json,58.43662643432617,4.678585052490234,10.188655853271484,1,1,CORRECT
qwen2,theoremqa_theorems,TheoremQA_wenhuchen/viterbi2.json,53.484291076660156,8.000038146972656,13.972114562988281,1,1,CORRECT
qwen2,theoremqa_theorems,TheoremQA_elainewan/math_algebra_3_2.json,55.6218147277832,5.098117828369141,9.529544830322266,0,1,CORRECT
qwen2,theoremqa_theorems,TheoremQA_elainewan/math_calculus_12.json,44.536415100097656,3.4363975524902344,8.79587173461914,0,0,INCORRECT
qwen2,theoremqa_theorems,TheoremQA_xinyi/dag_2.json,49.58879470825195,6.956329345703125,10.261966705322266,0,0,CORRECT
qwen2,theoremqa_theorems,TheoremQA_wenhuchen/Rolle's_theorem.json,51.99763870239258,4.361141204833984,7.953155517578125,1,1,CORRECT
qwen2,theoremqa_theorems,TheoremQA_elainewan/econ_micro_7.json,48.6998176574707,2.509937286376953,4.602069854736328,0,1,CORRECT
qwen2,theoremqa_theorems,TheoremQA_wenhuchen/t_test2.json,38.41191101074219,2.4298133850097656,6.536613464355469,1,1,INCORRECT
qwen2,theoremqa_theorems,TheoremQA_jianyu_xu/Stirling_number_second_kind_3.json,52.63065719604492,2.963512420654297,5.183773040771484,1,1,CORRECT
qwen2,theoremqa_theorems,TheoremQA_jianyu_xu/Catalan_2.json,51.73198699951172,2.977123260498047,4.771099090576172,0,0,CORRECT
qwen2,theoremqa_theorems,TheoremQA_jianyu_xu/Stirling_number_second_kind_5.json,57.004642486572266,2.67742919921875,6.048004150390625,0,0,INCORRECT
qwen2,theoremqa_theorems,TheoremQA_wenhuchen/kepler's_law1.json,48.320743560791016,6.729396820068359,12.85793685913086,1,1,CORRECT
qwen2,theoremqa_theorems,TheoremQA_wenhuchen/cauchy_integral1.json,49.20631790161133,4.047817230224609,6.804035186767578,0,0,CORRECT
qwen2,theoremqa_theorems,TheoremQA_xinyi/dag_3.json,48.94086837768555,1.7284584045410156,4.540882110595703,0,0,INCORRECT
qwen2,theoremqa_theorems,TheoremQA_jianyu_xu/Multinomial_2.json,52.150489807128906,1.7502403259277344,4.795356750488281,1,1,INCORRECT
qwen2,theoremqa_theorems,TheoremQA_jianyu_xu/Graph_2.json,51.651458740234375,2.733001708984375,6.364631652832031,1,1,CORRECT
qwen2,theoremqa_theorems,TheoremQA_jianyu_xu/Multinomial_1.json,51.69837951660156,3.290027618408203,6.672966003417969,1,1,CORRECT
qwen2,theoremqa_theorems,TheoremQA_jianyu_xu/pigeonhole_4.json,53.92985916137695,8.977218627929688,14.021949768066406,1,1,CORRECT
qwen2,theoremqa_theorems,TheoremQA_panlu/similarity3.json,54.452354431152344,5.179134368896484,8.499996185302734,0,1,CORRECT
qwen2,theoremqa_theorems,TheoremQA_wenhuchen/t_test3.json,42.28337860107422,2.635601043701172,8.329814910888672,1,1,INCORRECT
qwen2,theoremqa_theorems,TheoremQA_wenhuchen/trapezoidal_rule3.json,49.54764175415039,4.152229309082031,8.559799194335938,1,1,INCORRECT
qwen2,theoremqa_theorems,TheoremQA_jianyu_xu/Binomial_4.json,51.02559280395508,1.7256088256835938,4.739749908447266,0,1,CORRECT
qwen2,theoremqa_theorems,TheoremQA_elainewan/math_calculus_3_8.json,56.87044143676758,6.951519012451172,15.538185119628906,0,0,CORRECT
qwen2,theoremqa_theorems,TheoremQA_jianyu_xu/Cayley_3.json,51.08934020996094,1.5085296630859375,5.089088439941406,0,1,CORRECT
qwen2,theoremqa_theorems,TheoremQA_jianyu_xu/Binomial_5.json,56.996639251708984,4.937389373779297,9.429389953613281,1,1,CORRECT
qwen2,theoremqa_theorems,TheoremQA_jianyu_xu/Multinomial_4.json,59.68055725097656,8.05123519897461,10.767341613769531,1,1,CORRECT
qwen2,theoremqa_theorems,TheoremQA_wenhuchen/kepler's_law3.json,51.493370056152344,8.46981430053711,18.352535247802734,1,1,CORRECT
qwen2,theoremqa_theorems,TheoremQA_jianyu_xu/Multinomial_3.json,60.42233657836914,7.4888458251953125,10.45449447631836,1,1,CORRECT
qwen2,theoremqa_theorems,TheoremQA_jianyu_xu/Binomial_3.json,55.422393798828125,4.487506866455078,8.016204833984375,1,1,CORRECT
qwen2,theoremqa_theorems,TheoremQA_jianyu_xu/pigeonhole_1.json,56.13034439086914,8.497512817382812,14.534339904785156,1,1,CORRECT
qwen2,theoremqa_theorems,TheoremQA_panlu/gravitational_force2.json,46.78693389892578,6.298480987548828,12.680667877197266,0,1,CORRECT
qwen2,theoremqa_theorems,TheoremQA_jianyu_xu/Ramsey_3.json,56.327335357666016,4.687824249267578,9.435951232910156,1,1,CORRECT
qwen2,theoremqa_theorems,TheoremQA_jianyu_xu/Catalan_1.json,53.488582611083984,0.856048583984375,2.8927993774414062,0,1,CORRECT
qwen2,theoremqa_theorems,TheoremQA_wenhuchen/jensen1.json,44.14548110961914,1.1891899108886719,4.8941497802734375,0,0,CORRECT
qwen2,theoremqa_theorems,TheoremQA_tonyxia/maxplanar3.json,50.07819366455078,2.369945526123047,6.327217102050781,1,1,CORRECT
qwen2,theoremqa_theorems,TheoremQA_xueguangma/intermediate_value_theorem.json,53.08838653564453,5.306549072265625,13.024784088134766,1,1,CORRECT
qwen2,theoremqa_theorems,TheoremQA_jianyu_xu/Binomial_6.json,52.526771545410156,3.7558975219726562,6.778339385986328,0,1,CORRECT
qwen2,theoremqa_theorems,TheoremQA_mingyin/convexity1.json,48.977149963378906,2.7802200317382812,6.441864013671875,0,0,CORRECT
qwen2,theoremqa_theorems,TheoremQA_elainewan/math_algebra_4_3.json,56.96321105957031,2.2297630310058594,6.5934906005859375,0,0,CORRECT
qwen2,theoremqa_theorems,TheoremQA_wenhuchen/Liouville’s_theorem2.json,52.49250411987305,2.8461341857910156,7.263648986816406,1,1,CORRECT
qwen2,theoremqa_theorems,TheoremQA_mingyin/Fundamental-Theorem-of-Calculus3.json,54.09457015991211,2.1883201599121094,5.034885406494141,0,0,INCORRECT
qwen2,theoremqa_theorems,TheoremQA_tonyxia/maxplanar1.json,53.846519470214844,2.761882781982422,8.291301727294922,1,1,CORRECT
qwen2,theoremqa_theorems,TheoremQA_elainewan/math_calculus_2_7.json,52.78199768066406,3.219341278076172,7.432952880859375,0,0,CORRECT
qwen2,theoremqa_theorems,TheoremQA_xinyi/dag_1.json,49.91758728027344,3.2173614501953125,7.4521636962890625,0,0,CORRECT
qwen2,theoremqa_theorems,TheoremQA_jianyu_xu/Multinomial_6.json,54.78208541870117,3.0600357055664062,6.1727294921875,0,1,INCORRECT
qwen2,theoremqa_theorems,TheoremQA_wenhuchen/series_convergen2.json,54.14580535888672,4.0487518310546875,6.686100006103516,0,1,CORRECT
qwen2,theoremqa_theorems,TheoremQA_elainewan/math_algebra_7_2.json,48.88239288330078,3.9071311950683594,7.975032806396484,0,0,CORRECT
qwen2,theoremqa_theorems,TheoremQA_jianyu_xu/Ramsey_6.json,60.06342697143555,8.717899322509766,13.54827880859375,1,1,CORRECT
qwen2,theoremqa_theorems,TheoremQA_jianyu_xu/Ramsey_5.json,56.446533203125,7.601051330566406,10.9996337890625,1,1,CORRECT
qwen2,theoremqa_theorems,TheoremQA_jianyu_xu/Binomial_2.json,61.835205078125,11.433582305908203,16.213207244873047,0,1,CORRECT
