query_id,task,max_score,score_gap,judgment
0,biology,0.7507972980557007,0.01941423538352649,INCORRECT
1,biology,0.7585552283469447,0.01640749489421711,INCORRECT
2,biology,0.7731169770756583,0.01286022373260054,CORRECT
3,biology,0.8139857873720233,0.06911431812416635,CORRECT
4,biology,0.7564884534663957,0.01737421540442341,CORRECT
5,biology,0.8327434630350421,0.06782821470765876,CORRECT
6,biology,0.7559204887939226,0.0178373233874366,INCORRECT
7,biology,0.8472357663561217,0.026605977465574138,CORRECT
8,biology,0.7808930427257805,0.03314106096956515,CORRECT
9,biology,0.8299648516445125,0.002154711360538908,INCORRECT
10,biology,0.8269483139549283,0.06989006439648682,CORRECT
11,biology,0.7706514418503032,0.04399977566510371,CORRECT
12,biology,0.7965503460736587,0.012210590459668436,INCORRECT
13,biology,0.8175486818367994,0.021966246326433514,INCORRECT
14,biology,0.8428531187151105,0.04079180218603873,INCORRECT
15,biology,0.7665752155272847,0.016145410674903715,CORRECT
16,biology,0.7305571883290928,0.015873970692549477,INCORRECT
17,biology,0.7528375219496483,0.04061940844645617,INCORRECT
18,biology,0.7749982810204006,0.007327095624675706,INCORRECT
19,biology,0.8103038474862946,0.03256967010066647,INCORRECT
20,biology,0.7871754758523898,0.03254039901998751,CORRECT
21,biology,0.8202276659321256,0.03038497321049949,CORRECT
22,biology,0.7836895511790649,0.02321391117339555,CORRECT
23,biology,0.7409268666919439,0.011350373639973932,CORRECT
24,biology,0.817770078854862,0.06569019218382255,INCORRECT
25,biology,0.7990058634408952,0.018685880982336034,INCORRECT
26,biology,0.7174844815912775,0.008512234648867412,INCORRECT
27,biology,0.7288770114890187,0.02650916228896094,INCORRECT
28,biology,0.827027131063452,0.05688697183418612,INCORRECT
29,biology,0.864896134315989,0.03891110739333126,CORRECT
30,biology,0.8253646232854852,0.06676828535311663,INCORRECT
31,biology,0.8212341879001122,0.025846022910498756,CORRECT
32,biology,0.7330831399987349,0.02343618125620428,INCORRECT
33,biology,0.7658728685275775,0.02630407922228295,INCORRECT
34,biology,0.7682718385457791,0.012006589124043066,INCORRECT
35,biology,0.8345283206840601,0.02709606662025843,INCORRECT
36,biology,0.7943848875521373,0.035161092282438466,CORRECT
37,biology,0.761110627913004,0.0062439020530262734,CORRECT
38,biology,0.7998195799126967,0.022010928952647002,CORRECT
39,biology,0.811772477608495,0.009077673847827983,INCORRECT
40,biology,0.8438019968366585,0.02635293034619235,INCORRECT
41,biology,0.7994022392054179,0.024000254399660248,INCORRECT
42,biology,0.8250378801244932,0.04110102485046596,CORRECT
43,biology,0.6990817572908907,0.00827036960055505,CORRECT
44,biology,0.7750172893994492,0.017923185259915098,CORRECT
45,biology,0.7663701689354132,0.01902161696605953,INCORRECT
46,biology,0.770516461987899,0.005332029282472006,INCORRECT
47,biology,0.8152060249576722,0.042458512791568315,CORRECT
48,biology,0.778294758751923,0.03993183221212626,INCORRECT
49,biology,0.7961252570497883,0.00518618303888152,CORRECT
50,biology,0.8314955562944506,0.011957373334445243,INCORRECT
51,biology,0.8389593519204568,0.010398752834011593,INCORRECT
52,biology,0.7951495481244539,0.018353223017079645,INCORRECT
53,biology,0.7564085673378304,0.010600111003067347,CORRECT
54,biology,0.7999099497951335,0.05315865437782341,CORRECT
55,biology,0.7780039746578238,0.02042221948493661,CORRECT
56,biology,0.7956819031148745,0.029935399371269322,INCORRECT
57,biology,0.8566050203576341,0.056028512454998625,CORRECT
58,biology,0.7932005103407962,0.03225865362044933,CORRECT
59,biology,0.808632163968452,0.025142840673509914,CORRECT
60,biology,0.7988651763871708,0.06213205476178585,INCORRECT
61,biology,0.8388843265393809,0.045503677240909646,CORRECT
62,biology,0.8779650046508519,0.043044423267398546,INCORRECT
63,biology,0.7589268007152171,0.011963872817600474,INCORRECT
64,biology,0.8104286381873949,0.03136005030097122,CORRECT
65,biology,0.8424875477367474,0.06022551919502661,CORRECT
66,biology,0.7512496087491796,0.03622179530108094,CORRECT
67,biology,0.7675432551646091,0.02206114261822556,CORRECT
68,biology,0.8670461048222422,0.028305700374965714,INCORRECT
69,biology,0.8568499145270284,0.024091289440299923,INCORRECT
70,biology,0.7636125759344504,0.006026094424869677,CORRECT
71,biology,0.830370794843502,0.02236173710496936,INCORRECT
72,biology,0.8464726380837808,0.030098001053718293,INCORRECT
73,biology,0.759457860996206,0.010056128921023921,INCORRECT
74,biology,0.7790431771560725,0.03987570450610067,INCORRECT
75,biology,0.7747755974990785,0.039139576616705085,INCORRECT
76,biology,0.7403553451542717,0.003764385408814852,INCORRECT
77,biology,0.7635974239359751,0.013618985082776702,INCORRECT
78,biology,0.8632934161806584,0.0232090769194071,INCORRECT
79,biology,0.7991152166288259,0.03515174960271128,CORRECT
80,biology,0.8194413012201504,0.020336935786164467,INCORRECT
81,biology,0.7838958799229382,0.0068733693832112586,INCORRECT
82,biology,0.7234312416090688,0.02737230145865044,INCORRECT
83,biology,0.8023519456079011,0.04118225608875559,INCORRECT
84,biology,0.8670569225165433,0.08919503424585717,INCORRECT
85,biology,0.7721043748532235,0.041305304439688606,CORRECT
86,biology,0.7731143631376765,0.02070705864958189,INCORRECT
87,biology,0.7760192764630593,0.02982573289784951,INCORRECT
88,biology,0.8298074048275375,0.037719336636035994,INCORRECT
89,biology,0.7964973336470211,0.00967617810061494,INCORRECT
90,biology,0.8395183353210409,0.07593232288590046,CORRECT
91,biology,0.8181131187983235,0.058891097221192235,INCORRECT
92,biology,0.8086757742504057,0.041942813058215345,CORRECT
93,biology,0.7192124243678987,0.029218884666961875,INCORRECT
94,biology,0.8144174542759747,0.06523550447040938,CORRECT
95,biology,0.8259293538346546,0.05517397001496027,CORRECT
96,biology,0.8362814402347362,0.02392866797540305,INCORRECT
97,biology,0.7829790853957189,0.03170780446594179,CORRECT
98,biology,0.7696562736325675,0.02822264567543631,INCORRECT
99,biology,0.7778532465668833,0.05909863879852284,CORRECT
100,biology,0.7745932681428733,0.02984972541902642,INCORRECT
101,biology,0.8248366499125681,0.015363012252295749,CORRECT
102,biology,0.8242731082659193,0.023188117680738918,INCORRECT
aops_2019_AMC_12A_Problems/Problem_17,aops,0.8704520795753049,0.02563309630934496,INCORRECT
math_test_intermediate_algebra_1179,aops,0.8510997354234525,0.014119411253979641,INCORRECT
math_train_intermediate_algebra_513,aops,0.8776960328031767,0.016984776432559467,INCORRECT
aops_2015_AMC_10B_Problems/Problem_15,aops,0.8036792697470352,0.011475723710428931,INCORRECT
math_train_counting_and_probability_5024,aops,0.8262538445318203,0.02919458537030417,INCORRECT
math_train_number_theory_7095,aops,0.7976279990133809,0.025312106564466696,INCORRECT
math_train_number_theory_839,aops,0.8263019850546398,0.005644945869111129,INCORRECT
math_train_number_theory_7012,aops,0.839697043990429,0.010922793308064338,INCORRECT
aops_2008_AMC_12B_Problems/Problem_16,aops,0.8135275863149461,0.0039452964534533175,INCORRECT
aops_2000_AIME_I_Problems/Problem_9,aops,0.9038301955633056,0.0382487588723146,INCORRECT
math_train_number_theory_7030,aops,0.902143884666928,0.06344328658965914,INCORRECT
aops_2008_AMC_12A_Problems/Problem_15,aops,0.8583507294470758,0.022126197280662674,INCORRECT
math_train_number_theory_7016,aops,0.7803454994803697,0.024041300501609908,INCORRECT
aops_2021_AIME_I_Problems/Problem_14,aops,0.7938356331882259,0.02600556095184048,INCORRECT
aops_2005_IMO_Problems/Problem_4,aops,0.7747439229370034,0.007898416111159046,INCORRECT
aops_2024_AIME_I_Problems/Problem_13,aops,0.7920223385490469,0.00989852200881336,INCORRECT
aops_2017_AMC_10B_Problems/Problem_14,aops,0.8390746294795656,0.015315783516475556,INCORRECT
aops_2005_USAMO_Problems/Problem_2,aops,0.7908846987627903,0.01987142799444397,INCORRECT
math_train_counting_and_probability_5035,aops,0.8588855790678103,0.0797877118350988,INCORRECT
aops_2004_AIME_I_Problems/Problem_10,aops,0.8251590026676598,0.01710227185227764,INCORRECT
math_train_geometry_6173,aops,0.8236931701163964,0.009819387691716641,INCORRECT
math_train_geometry_6018,aops,0.8583060175140368,0.038619008440312075,INCORRECT
aops_2023_AIME_I_Problems/Problem_5,aops,0.8361372056687791,0.012630901738290512,INCORRECT
math_test_geometry_454,aops,0.8610379250711837,0.008977706920737405,INCORRECT
math_train_counting_and_probability_5011,aops,0.7950376983660983,0.01602638429669112,INCORRECT
aops_2001_AMC_10_Problems/Problem_19,aops,0.8625939930096114,0.024274529606996276,CORRECT
math_test_counting_and_probability_1009,aops,0.891053352852121,0.037983920912110225,CORRECT
math_train_counting_and_probability_5131,aops,0.8637966678012022,0.022310616236828396,INCORRECT
aops_2007_AIME_I_Problems/Problem_10,aops,0.8562241543236107,0.05748179106607165,INCORRECT
aops_2018_AMC_8_Problems/Problem_23,aops,0.8416099047067297,0.005077967416873164,INCORRECT
aops_2019_AMC_8_Problems/Problem_25,aops,0.8764210967900259,0.036360998251667276,INCORRECT
aops_2018_AMC_10A_Problems/Problem_11,aops,0.8777628613341507,0.030891402194271778,INCORRECT
aops_2020_AMC_10B_Problems/Problem_25,aops,0.8436409915191364,0.0033233028989874125,INCORRECT
aops_2020_AMC_10A_Problems/Problem_24,aops,0.8379252502227957,0.015817615781188343,INCORRECT
math_train_number_theory_7003,aops,0.8038419093346946,0.013534925875900106,INCORRECT
aops_1959_IMO_Problems/Problem_1,aops,0.7657585678726023,0.006243642473991007,INCORRECT
aops_2021_AIME_I_Problems/Problem_10,aops,0.7964807916047918,0.03177805917017762,INCORRECT
aops_2021_AIME_II_Problems/Problem_9,aops,0.7724811116243331,0.00511944214103166,INCORRECT
aops_2007_iTest_Problems/Problem_6,aops,0.9012663974007664,0.005904376447267379,INCORRECT
math_test_counting_and_probability_838,aops,0.8778279927497401,0.0383578935537352,INCORRECT
math_train_number_theory_7066,aops,0.854206281752742,0.0007066132131094971,INCORRECT
aops_1987_IMO_Problems/Problem_1,aops,0.8108435287581025,0.023932112877126266,INCORRECT
aops_2020_AMC_8_Problems/Problem_12,aops,0.8852843106948382,0.018892191363247934,CORRECT
aops_2000_AMC_12_Problems/Problem_4,aops,0.7676267938346969,0.02305560394945627,INCORRECT
math_train_intermediate_algebra_659,aops,0.8558086061174156,0.017310141069472595,INCORRECT
aops_1990_AIME_Problems/Problem_9,aops,0.8686231413828931,0.05082295149368887,INCORRECT
math_train_intermediate_algebra_477,aops,0.8661869193798983,0.035584784214307774,INCORRECT
aops_1981_IMO_Problems/Problem_3,aops,0.7822095384475323,0.006705070827899728,INCORRECT
aops_2011_AMC_8_Problems/Problem_6,aops,0.8911750825854515,0.0023259330716237647,INCORRECT
aops_2017_AMC_10B_Problems/Problem_13,aops,0.9109666487228624,0.0038459277874497433,INCORRECT
aops_2005_AMC_12A_Problems/Problem_18,aops,0.878206293597118,0.02765746588223239,INCORRECT
math_train_counting_and_probability_5047,aops,0.8235933619022525,0.007350580759661995,INCORRECT
math_train_counting_and_probability_5048,aops,0.8518759215057157,0.007732849700860744,INCORRECT
aops_2020_AIME_II_Problems/Problem_9,aops,0.823785624935133,0.007293650546193464,INCORRECT
math_train_counting_and_probability_5045,aops,0.8684669073584671,0.0019241667289588982,INCORRECT
aops_2017_AIME_II_Problems/Problem_1,aops,0.8421754148714652,0.0013043244344290716,INCORRECT
math_test_counting_and_probability_430,aops,0.8412507674666984,0.020253175132974643,INCORRECT
math_test_prealgebra_1987,aops,0.8514454218098473,0.02323674299030576,INCORRECT
math_test_counting_and_probability_1003,aops,0.8423450804250842,0.022080257085522192,INCORRECT
aops_2007_AIME_II_Problems/Problem_10,aops,0.8290824905499397,0.016606797035422893,INCORRECT
math_train_geometry_317,aops,0.8346436218247907,0.011233057835941862,INCORRECT
math_train_geometry_6060,aops,0.8632537739528893,0.015659932226272044,INCORRECT
aops_1971_AHSME_Problems/Problem_26,aops,0.9125016038483784,0.047991352462141146,INCORRECT
aops_1985_AIME_Problems/Problem_6,aops,0.8325929607930908,0.02884790434744333,INCORRECT
aops_1988_AIME_Problems/Problem_12,aops,0.8403743845336978,0.031355053598135285,INCORRECT
math_train_geometry_6022,aops,0.8289380658390966,0.0314640342621193,INCORRECT
math_train_geometry_6116,aops,0.8362394272632939,0.023034195570913463,INCORRECT
aops_2016_AMC_10A_Problems/Problem_19,aops,0.8533218428095996,0.02217528351383591,INCORRECT
math_train_geometry_6115,aops,0.8665688859465184,0.03848506693129061,INCORRECT
math_train_intermediate_algebra_2060,aops,0.8784144531591496,0.046063719065109865,INCORRECT
math_train_algebra_2521,aops,0.8645595689095136,0.019598020900364554,INCORRECT
math_test_intermediate_algebra_951,aops,0.8875104212216731,0.011889749733482224,INCORRECT
math_test_algebra_1208,aops,0.8681432543372495,0.03520618623997718,INCORRECT
math_train_intermediate_algebra_1822,aops,0.8688909219626685,0.004688358794366354,INCORRECT
math_train_number_theory_7078,aops,0.8201503248067233,0.0064449590333434115,INCORRECT
aops_2009_AMC_12A_Problems/Problem_17,aops,0.8835840439421231,0.023505088863378543,INCORRECT
aops_2021_Fall_AMC_12A_Problems/Problem_12,aops,0.8033102265892188,0.012018703291444166,INCORRECT
math_test_intermediate_algebra_1812,aops,0.8337179195874048,0.013331562774371863,INCORRECT
aops_2008_AMC_12A_Problems/Problem_16,aops,0.8842638114638697,0.03183129632795523,INCORRECT
aops_2021_AMC_12B_Problems/Problem_9,aops,0.8698695437835617,0.017248735521327774,INCORRECT
math_train_intermediate_algebra_1268,aops,0.9034102928561892,0.04675253750678654,CORRECT
aops_2002_AIME_I_Problems/Problem_6,aops,0.8645658040020106,0.03798396631350276,INCORRECT
math_train_counting_and_probability_5111,aops,0.7882323722245641,0.006290974351395806,INCORRECT
math_train_counting_and_probability_822,aops,0.9385108759459962,0.045628405049238485,INCORRECT
math_train_geometry_747,aops,0.9193604326489501,0.004215947541144072,INCORRECT
math_train_counting_and_probability_5064,aops,0.7969729491484179,0.003643899434185305,INCORRECT
aops_1994_AIME_Problems/Problem_9,aops,0.7778382866410078,0.002999648459665938,INCORRECT
aops_2015_AMC_12A_Problems/Problem_22,aops,0.8772962409766085,0.03423867945036452,INCORRECT
aops_2022_AMC_10B_Problems/Problem_9,aops,0.8626597078658587,0.010859236747403522,INCORRECT
math_train_algebra_2826,aops,0.9248320068325653,0.04347180794977967,CORRECT
aops_2019_AMC_10A_Problems/Problem_12,aops,0.8670071221744774,0.0026637187953402197,INCORRECT
aops_2016_AMC_10A_Problems/Problem_7,aops,0.9225408013335776,0.04854537039393825,INCORRECT
aops_2000_AMC_12_Problems/Problem_14,aops,0.9037309339248936,0.027145609562187922,INCORRECT
aops_2023_AIME_II_Problems/Problem_9,aops,0.8638391277282842,0.02924348631847995,INCORRECT
aops_1971_Canadian_MO_Problems/Problem_1,aops,0.8356270368177011,0.005627971640903673,INCORRECT
aops_2024_AIME_I_Problems/Problem_10,aops,0.8701039957484004,0.034711757931686016,INCORRECT
aops_2016_AIME_I_Problems/Problem_15,aops,0.8508658151477334,0.037120019214322064,INCORRECT
aops_2022_AIME_I_Problems/Problem_11,aops,0.8595697806220903,0.013798807977449923,INCORRECT
aops_2016_AIME_II_Problems/Problem_10,aops,0.8673456307526816,0.05826361482468889,INCORRECT
aops_2020_AIME_I_Problems/Problem_15,aops,0.8500751628094044,0.0175203224159155,INCORRECT
math_train_geometry_6092,aops,0.8390217362998185,0.01967517561022125,INCORRECT
aops_1998_AIME_Problems/Problem_2,aops,0.8124953046325989,0.00748100691609932,INCORRECT
aops_2013_AMC_12A_Problems/Problem_13,aops,0.8493154841038791,0.0015150171888911323,INCORRECT
math_train_geometry_6105,aops,0.8391783635526915,0.016723264797448234,INCORRECT
math_train_geometry_6112,aops,0.8206340527094693,0.025452974840449394,INCORRECT
aops_2015_AIME_I_Problems/Problem_4,aops,0.8427221765532441,0.01031482720171717,INCORRECT
aops_2002_AIME_I_Problems/Problem_10,aops,0.8470513049324189,0.017439188272112216,INCORRECT
aops_2019_AIME_I_Problems/Problem_3,aops,0.8304849918834716,0.010274275161236357,INCORRECT
math_train_geometry_6078,aops,0.848571480397779,0.018135318451914406,INCORRECT
math_train_geometry_6051,aops,0.8255775973912686,0.006865922164594029,INCORRECT
aops_2017_AIME_II_Problems/Problem_3,aops,0.8690876596739594,0.05693650176287379,INCORRECT
0,earth_science,0.85116435203023,0.06453384231080916,CORRECT
1,earth_science,0.8226783286463696,0.03572867318183348,INCORRECT
2,earth_science,0.7749359288257691,0.021960681912173485,INCORRECT
3,earth_science,0.8523789127342137,0.03969590194146433,CORRECT
4,earth_science,0.8199229392776063,0.0508527105061084,CORRECT
5,earth_science,0.8362116606532135,0.061539580162974006,INCORRECT
6,earth_science,0.865018274039302,0.01815304844896526,CORRECT
7,earth_science,0.8164610784874483,0.017061132309409643,INCORRECT
8,earth_science,0.8433784580526583,0.0659193877288149,INCORRECT
9,earth_science,0.8517393231249628,0.024875359475478587,CORRECT
10,earth_science,0.7182640677228015,0.03743796802317545,CORRECT
11,earth_science,0.853648231392876,0.06521474984249298,CORRECT
12,earth_science,0.7989051530013904,0.009289973831494214,INCORRECT
13,earth_science,0.839426465620201,0.052779870059249556,CORRECT
14,earth_science,0.7724874945429281,0.008644819493994316,INCORRECT
15,earth_science,0.7958888749028105,0.04075563625346712,INCORRECT
16,earth_science,0.7823744849679137,0.03369182974217477,INCORRECT
17,earth_science,0.7980575197146393,0.020793178326381168,INCORRECT
18,earth_science,0.8322133197609014,0.03211277993912054,INCORRECT
19,earth_science,0.8129830863910499,0.036866633563994444,INCORRECT
20,earth_science,0.8186950004916225,0.040635070225617076,INCORRECT
21,earth_science,0.7746491191568696,0.050193884263888267,INCORRECT
22,earth_science,0.7985912382061551,0.023716928887064115,INCORRECT
23,earth_science,0.8043101989498814,0.0374191351693417,INCORRECT
24,earth_science,0.8187222854004256,0.06324735473722298,CORRECT
25,earth_science,0.7526087081663899,0.03503824663618993,CORRECT
26,earth_science,0.7568270795092492,0.021291739573315427,INCORRECT
27,earth_science,0.7627336572085167,0.004971733892399799,INCORRECT
28,earth_science,0.776295044210749,0.029226459813443517,INCORRECT
29,earth_science,0.7246038339833045,0.022276681214859262,INCORRECT
30,earth_science,0.7840878609843697,0.0067023652572173464,INCORRECT
31,earth_science,0.8087721104955784,0.034503593457298254,INCORRECT
32,earth_science,0.7205045841279707,0.018027192669326952,CORRECT
33,earth_science,0.7816794402630479,0.020253352710181804,CORRECT
34,earth_science,0.7373572742265977,0.013190005228557733,INCORRECT
35,earth_science,0.8210696423141385,0.019881918216605343,INCORRECT
36,earth_science,0.7814296107570624,0.058462080146854944,INCORRECT
37,earth_science,0.8040101635712787,0.0510238114803887,INCORRECT
38,earth_science,0.765534376029608,0.027014778267624884,INCORRECT
39,earth_science,0.825873257881687,0.028553521294014894,CORRECT
40,earth_science,0.7228070348730375,0.023972326242053255,INCORRECT
41,earth_science,0.8535843708934382,0.06926844117703579,CORRECT
42,earth_science,0.7108836726912935,0.015969260292188703,INCORRECT
43,earth_science,0.7899477805924314,0.05554827579694599,CORRECT
44,earth_science,0.817912349678074,0.016444733908502762,INCORRECT
45,earth_science,0.7666859584327133,0.041225762671437294,CORRECT
46,earth_science,0.8758200535697827,0.05169146088352272,INCORRECT
47,earth_science,0.8172596410777807,0.03708232762485075,CORRECT
48,earth_science,0.7849128099127044,0.019026134016080665,INCORRECT
49,earth_science,0.8277567747269035,0.062379216325040954,CORRECT
50,earth_science,0.7155268050493564,0.010304144436562579,INCORRECT
51,earth_science,0.8426678602461599,0.06733528413281542,CORRECT
52,earth_science,0.8501882305376477,0.04915685784612189,CORRECT
53,earth_science,0.8404221473640499,0.03811282435572505,CORRECT
54,earth_science,0.7866512431514051,0.04169386373370143,INCORRECT
55,earth_science,0.810267744274539,0.09007718619599092,CORRECT
56,earth_science,0.8093374664424919,0.06278217129931263,CORRECT
57,earth_science,0.7983790204323374,0.03406561938191632,CORRECT
58,earth_science,0.7978468633379865,0.06544735848160543,CORRECT
59,earth_science,0.7813698387455313,0.01783982338539336,CORRECT
60,earth_science,0.6873354256418416,0.007527989093492948,CORRECT
61,earth_science,0.8158973892863316,0.026509749509043945,INCORRECT
62,earth_science,0.7335736168762816,0.03349318263567069,INCORRECT
63,earth_science,0.7611333060921381,0.01088748255374461,CORRECT
64,earth_science,0.8257877448887092,0.059771818253553266,CORRECT
65,earth_science,0.8495558335128597,0.1147471947295885,INCORRECT
66,earth_science,0.7528367921922898,0.03301821685173334,INCORRECT
67,earth_science,0.793832398521843,0.044117716890443415,CORRECT
68,earth_science,0.7193428010712656,0.008555799242247808,CORRECT
69,earth_science,0.7620489773436265,0.011326331581129168,CORRECT
70,earth_science,0.7315517961819764,0.015932442789432066,INCORRECT
71,earth_science,0.8416446882086628,0.04446244996901483,CORRECT
72,earth_science,0.684156903223448,0.034014812278376994,CORRECT
73,earth_science,0.7983929645014461,0.00790757675754672,INCORRECT
74,earth_science,0.8171194073478808,0.11126143686126477,CORRECT
75,earth_science,0.8491819474997933,0.03991723567319605,INCORRECT
76,earth_science,0.8102783457786856,0.021392364503549643,CORRECT
77,earth_science,0.7402596767643551,0.025574821536384018,INCORRECT
78,earth_science,0.7395993056659733,0.006521298123488117,CORRECT
79,earth_science,0.8377125737840635,0.04470623453424072,INCORRECT
80,earth_science,0.8573024060289397,0.1155466553143285,CORRECT
81,earth_science,0.8824707209960091,0.04773536289359315,CORRECT
82,earth_science,0.8074516011800443,0.057713483398551424,INCORRECT
83,earth_science,0.8438844642751623,0.03575799794698509,CORRECT
84,earth_science,0.745125446756533,0.03434836499533389,INCORRECT
85,earth_science,0.777079937841127,0.008517272530766729,INCORRECT
86,earth_science,0.7388042478913586,0.022303081253368884,CORRECT
87,earth_science,0.8285225326275101,0.08124013583617706,CORRECT
88,earth_science,0.7844113183786812,0.040793246762384716,INCORRECT
89,earth_science,0.8076261621943919,0.027584788161974738,INCORRECT
90,earth_science,0.760515995002131,0.016390865966606216,CORRECT
91,earth_science,0.7471412784190613,0.03525288018716566,CORRECT
92,earth_science,0.723306458003892,0.017547500660448412,CORRECT
93,earth_science,0.8017860485904964,0.005879305830491899,CORRECT
94,earth_science,0.7398172019952631,0.005300576603832319,INCORRECT
95,earth_science,0.8233127485099856,0.06914053841903367,CORRECT
96,earth_science,0.8048844877144854,0.04835701188510111,CORRECT
97,earth_science,0.7969028211134022,0.024814331342099982,CORRECT
98,earth_science,0.8424044118128644,0.02810773286460666,INCORRECT
99,earth_science,0.8422986680182377,0.05006003525996461,CORRECT
100,earth_science,0.7493124065823767,0.051949187477667524,INCORRECT
101,earth_science,0.8907514467315465,0.10273487985698937,CORRECT
102,earth_science,0.7376192389799076,0.038048965520319,CORRECT
103,earth_science,0.8145447587065593,0.014476866172868141,INCORRECT
104,earth_science,0.7989354481758743,0.004718428353293835,INCORRECT
105,earth_science,0.7352727998723014,0.020712781689313675,INCORRECT
106,earth_science,0.7823304641855504,0.06359649999836514,INCORRECT
107,earth_science,0.7958506365900998,0.033334849917667775,INCORRECT
108,earth_science,0.7722801745581963,0.011849769357825335,CORRECT
109,earth_science,0.8298645869432824,0.007600731211834133,INCORRECT
110,earth_science,0.7133788033356359,0.02501601295218958,CORRECT
111,earth_science,0.7649637595214114,0.00664111151103608,INCORRECT
112,earth_science,0.7070059427642565,0.01729203053013162,INCORRECT
113,earth_science,0.8104392836475407,0.03961828326662398,CORRECT
114,earth_science,0.7682268693143907,0.023336133797422276,CORRECT
115,earth_science,0.8341319138195761,0.04974618366190953,INCORRECT
0,economics,0.7810673751035448,0.01918430589245479,INCORRECT
1,economics,0.8528618051213657,0.03320169083626523,INCORRECT
2,economics,0.8097405685448682,0.031692470654838156,INCORRECT
3,economics,0.8314823667629127,0.03127829269145599,INCORRECT
4,economics,0.7802358014301795,0.032238875789119104,INCORRECT
5,economics,0.771993792729671,0.02013863543201555,INCORRECT
6,economics,0.7828512021162441,0.034992711338179605,INCORRECT
7,economics,0.8385111152741851,0.012207371571198555,INCORRECT
8,economics,0.8180436448695836,0.010486367032486177,INCORRECT
9,economics,0.763148754061231,0.014756046861144734,CORRECT
10,economics,0.8724666353047325,0.0418720474163522,INCORRECT
11,economics,0.7682640097743177,0.002624041482308881,INCORRECT
12,economics,0.8441040627141964,0.034609475684964086,CORRECT
13,economics,0.7858502632199699,0.031231593413913683,INCORRECT
14,economics,0.8815699476499294,0.0702301857303359,INCORRECT
15,economics,0.814918207161182,0.003438912916803649,CORRECT
16,economics,0.7936450028388214,0.014288352912267044,INCORRECT
17,economics,0.8778654981181917,0.02087306059277716,INCORRECT
18,economics,0.83602398171689,0.017728673120314342,INCORRECT
19,economics,0.7834870209298314,0.008301775419654156,INCORRECT
20,economics,0.7933414987505384,0.032114779476291044,INCORRECT
21,economics,0.7777788172118663,0.028544465710784617,CORRECT
22,economics,0.8547199498060559,0.027639622202682346,CORRECT
23,economics,0.864969842103378,0.022186902813359444,INCORRECT
24,economics,0.8373859803245973,0.019170553806376,INCORRECT
25,economics,0.8816086180742202,0.034786662290767656,INCORRECT
26,economics,0.8490506247456696,0.022271874200316732,CORRECT
27,economics,0.8474064625401638,0.021711807672584293,INCORRECT
28,economics,0.8206041207477286,0.01149510554311095,INCORRECT
29,economics,0.8431942197227374,0.028678702442979542,CORRECT
30,economics,0.8315270807191534,0.021498479922680613,INCORRECT
31,economics,0.8560867998488073,0.013079900497471098,INCORRECT
32,economics,0.7803489285016466,0.029601950785438924,INCORRECT
33,economics,0.7914376742897359,0.04759580546903186,CORRECT
34,economics,0.7000207898156818,0.011951696448790794,INCORRECT
35,economics,0.7685270499908486,0.015667132167684783,INCORRECT
36,economics,0.7928766357974496,0.024647497783940264,CORRECT
37,economics,0.8953200005624086,0.010395430947247375,INCORRECT
38,economics,0.8166858496765572,0.044892130175106626,INCORRECT
39,economics,0.8217086565017827,0.019325883126565246,INCORRECT
40,economics,0.8219173025226414,0.015330725290806035,INCORRECT
41,economics,0.7678920134425357,0.008477323349742383,CORRECT
42,economics,0.8430324705486918,0.02732692948226223,CORRECT
43,economics,0.7820343859525548,0.00907582931396822,INCORRECT
44,economics,0.7876020286204986,0.007321074153919249,INCORRECT
45,economics,0.7550422276417524,0.009791136651317367,INCORRECT
46,economics,0.7564098700425186,0.021820712223894367,INCORRECT
47,economics,0.863887270569907,0.03763979437564846,INCORRECT
48,economics,0.828321234564596,0.013164010590205444,INCORRECT
49,economics,0.830546234387014,0.020633689345380568,CORRECT
50,economics,0.8580330749759951,0.013337603829213562,INCORRECT
51,economics,0.8297733935774171,0.04087384067814415,INCORRECT
52,economics,0.8847948668060187,0.032445727562125715,INCORRECT
53,economics,0.7990554352892514,0.026206089074236827,INCORRECT
54,economics,0.8253174833332368,0.05172690137760583,INCORRECT
55,economics,0.7707399006320416,0.014998314106908661,CORRECT
56,economics,0.834940789437542,0.04440297894370404,CORRECT
57,economics,0.8235150775568151,0.01248766985632388,INCORRECT
58,economics,0.8188537337174128,0.01761583678809453,CORRECT
59,economics,0.7560553041406064,0.020559840815826957,CORRECT
60,economics,0.8513709018104803,0.019448337703796836,CORRECT
61,economics,0.8332067179551959,0.028100775643197462,INCORRECT
62,economics,0.8356443803816623,0.029322779747342653,INCORRECT
63,economics,0.818050445113218,0.026655640996912422,INCORRECT
64,economics,0.8297682872509091,0.011231314488759803,INCORRECT
65,economics,0.7422869026361848,0.00956712989356312,INCORRECT
66,economics,0.8502372737162838,0.022624093432217385,CORRECT
67,economics,0.8722346319218875,0.020723679385110882,INCORRECT
68,economics,0.8568142557950315,0.04809835879355828,INCORRECT
69,economics,0.8010722874102619,0.026345553532840293,CORRECT
70,economics,0.8777206742509889,0.11122529580839668,CORRECT
71,economics,0.8424835349488082,0.06532912528843282,INCORRECT
72,economics,0.8305243771547285,0.01616694354495407,INCORRECT
73,economics,0.8346488470980178,0.018478682897152376,INCORRECT
74,economics,0.8400517275687244,0.014470763197419467,INCORRECT
75,economics,0.7910711029965288,0.010664438458384162,CORRECT
76,economics,0.905499083676744,0.10822942591359441,INCORRECT
77,economics,0.8375426335137256,0.02734949055924507,INCORRECT
78,economics,0.7798830169319563,0.02105137198903073,CORRECT
79,economics,0.8372042072813073,0.004537741929031003,INCORRECT
80,economics,0.8686287935366206,0.036680473784939105,INCORRECT
81,economics,0.8219082416963421,0.016755441046158115,CORRECT
82,economics,0.7139799640200754,0.02408325216467211,INCORRECT
83,economics,0.816251579704418,0.020259724648945654,INCORRECT
84,economics,0.9421439015803597,0.15038195940794352,CORRECT
85,economics,0.7989535676767419,0.052479502613383744,CORRECT
86,economics,0.8059997706223545,0.02432725654112311,INCORRECT
87,economics,0.7324387469073529,0.031804212550493705,INCORRECT
88,economics,0.7843133618855744,0.04766688885235626,INCORRECT
89,economics,0.858957625171418,0.008338734337711484,INCORRECT
90,economics,0.793767017222566,0.002979559760495132,INCORRECT
91,economics,0.786517761088707,0.018710639732467338,INCORRECT
92,economics,0.8144026767425473,0.02608574863435842,INCORRECT
93,economics,0.8120770905436875,0.012627428821409548,INCORRECT
94,economics,0.8016173897168047,0.01512485663680252,INCORRECT
95,economics,0.823027773958914,0.011556867300308693,INCORRECT
96,economics,0.7888277291346016,0.010507612381077114,CORRECT
97,economics,0.8572975030802956,0.030034709742864596,CORRECT
98,economics,0.909231122706653,0.05904114735112842,INCORRECT
99,economics,0.835393724201868,0.013826746932766643,INCORRECT
100,economics,0.7816824324449615,0.022940340187349806,INCORRECT
101,economics,0.7802270552176442,0.02103588584574867,INCORRECT
102,economics,0.8094336546480484,0.02801887559372973,INCORRECT
0,leetcode,0.9014739414864772,0.10855524996901367,INCORRECT
1,leetcode,0.9287186975738395,0.11760165054360572,INCORRECT
2,leetcode,0.9159858257852899,0.12355590282399953,INCORRECT
3,leetcode,0.9027691044007473,0.07418076224309456,INCORRECT
4,leetcode,0.8143347982241241,0.010384378252960014,INCORRECT
5,leetcode,0.9401405965609185,0.08538026878419824,INCORRECT
6,leetcode,0.944054925129158,0.06448033762734606,INCORRECT
7,leetcode,0.9017077924529497,0.08366252523874584,INCORRECT
8,leetcode,0.8793414315433803,0.03206220927122283,INCORRECT
9,leetcode,0.9363382782468055,0.1263599279624782,INCORRECT
10,leetcode,0.8550669048969376,0.02665912493536493,INCORRECT
11,leetcode,0.8921186228913957,0.024244844740462845,INCORRECT
12,leetcode,0.8017501617134126,0.01184933493334872,INCORRECT
13,leetcode,0.8538411078150691,0.01280168384400815,INCORRECT
14,leetcode,0.7909496143486929,0.021051313373766534,INCORRECT
15,leetcode,0.8582161787009179,0.018781979752727773,INCORRECT
16,leetcode,0.8173595833360243,0.021871850265825277,INCORRECT
17,leetcode,0.8659011899153868,0.04940791268053779,INCORRECT
18,leetcode,0.8173516863858438,0.013373761645511184,INCORRECT
19,leetcode,0.8010866948460027,0.013935128845096845,INCORRECT
20,leetcode,0.9055146289178877,0.10436950045701276,INCORRECT
21,leetcode,0.8358898155770068,0.03682616814097184,INCORRECT
22,leetcode,0.8609935746649641,0.03914493558294574,INCORRECT
23,leetcode,0.8465574135423404,0.051007880508527004,INCORRECT
24,leetcode,0.8705294805542807,0.041235650593144824,INCORRECT
25,leetcode,0.8303588358399914,0.01584110627835511,INCORRECT
26,leetcode,0.924541130069541,0.03125980764372738,CORRECT
27,leetcode,0.8560871201087067,0.03945098681689263,INCORRECT
28,leetcode,0.813889435344588,0.019021793750481852,INCORRECT
29,leetcode,0.8482738121936932,0.05147001401229023,INCORRECT
30,leetcode,0.8526726132675213,0.06079084697177162,INCORRECT
31,leetcode,0.808973338224511,0.01797084356719203,INCORRECT
32,leetcode,0.8595200384603732,0.033709488466724946,INCORRECT
33,leetcode,0.8967697942167074,0.06281792740993386,INCORRECT
34,leetcode,0.8450362973871276,0.022160767872244747,INCORRECT
35,leetcode,0.8318152907881083,0.028742908571723125,INCORRECT
36,leetcode,0.8579584821472267,0.05760765565362236,CORRECT
37,leetcode,0.8366136544945526,0.0393249789844633,INCORRECT
38,leetcode,0.852586746026736,0.03434221564921924,INCORRECT
39,leetcode,0.8478905204168395,0.02011406873536037,INCORRECT
40,leetcode,0.8863880981220035,0.02267220583467633,INCORRECT
41,leetcode,0.8602391131098088,0.03543448846435293,INCORRECT
42,leetcode,0.8972957487419748,0.0551263698932124,INCORRECT
43,leetcode,0.8549405107255666,0.06701206729612941,INCORRECT
44,leetcode,0.8652992728253075,0.07093476449343394,INCORRECT
45,leetcode,0.8447943183951898,0.021890951321166363,INCORRECT
46,leetcode,0.8955321933538479,0.05674915795962365,INCORRECT
47,leetcode,0.8624697251342094,0.047805888153482634,INCORRECT
48,leetcode,0.8418253665521982,0.04175584700595569,INCORRECT
49,leetcode,0.8646511327752592,0.03996000323889781,INCORRECT
50,leetcode,0.9190035347340219,0.061400887116484504,INCORRECT
51,leetcode,0.8590072692919604,0.03706195086133934,INCORRECT
52,leetcode,0.8535001094023558,0.05894664279116435,INCORRECT
53,leetcode,0.846322901574619,0.03687140363365038,INCORRECT
54,leetcode,0.837367628031613,0.029338644291712734,INCORRECT
55,leetcode,0.8337153723200756,0.02698400509266019,INCORRECT
56,leetcode,0.8832916768771187,0.07125871844889342,INCORRECT
57,leetcode,0.7743576272724826,0.006695589381655931,INCORRECT
58,leetcode,0.8567748113955052,0.03640855395755804,INCORRECT
59,leetcode,0.9294318492492116,0.09248275791876193,INCORRECT
60,leetcode,0.9070107362390851,0.05231999405566512,INCORRECT
61,leetcode,0.8412733672056305,0.03713600203763423,INCORRECT
62,leetcode,0.8843195850756351,0.02663298864110808,INCORRECT
63,leetcode,0.8967704838030142,0.10860865169439937,INCORRECT
64,leetcode,0.8192341566907524,0.02018879853444988,INCORRECT
65,leetcode,0.8139580636725644,0.029382277866395023,INCORRECT
66,leetcode,0.805444687383541,0.016963824683786544,INCORRECT
67,leetcode,0.7907915400995866,0.018600184186208457,INCORRECT
68,leetcode,0.84113450861665,0.024712747305882243,INCORRECT
69,leetcode,0.8706857533300274,0.08923617776669879,INCORRECT
70,leetcode,0.8338362563401981,0.04630212277679824,INCORRECT
71,leetcode,0.8373329527849076,0.05029853240577864,INCORRECT
72,leetcode,0.8578555430833502,0.05432295685323951,CORRECT
73,leetcode,0.8500469138801621,0.014225359329838705,INCORRECT
74,leetcode,0.8237653781421787,0.03409764372179214,INCORRECT
75,leetcode,0.8195427768393855,0.017160347639110896,INCORRECT
76,leetcode,0.845545729478139,0.026856730965835407,INCORRECT
77,leetcode,0.9036878894391355,0.10527638546427254,INCORRECT
78,leetcode,0.8780133382424112,0.0486769780884998,INCORRECT
79,leetcode,0.8603665573668378,0.06458832020666083,INCORRECT
80,leetcode,0.8798329256414381,0.05001245956161804,CORRECT
81,leetcode,0.8199013690851704,0.03400534551741852,INCORRECT
82,leetcode,0.858869862745568,0.013115517782431252,INCORRECT
83,leetcode,0.8253998478025923,0.028095466272248903,INCORRECT
84,leetcode,0.8210966133466465,0.01627280848892365,INCORRECT
85,leetcode,0.823764696229367,0.03148035283380146,INCORRECT
86,leetcode,0.8194950447552437,0.0059718918006712585,INCORRECT
87,leetcode,0.8250767650268819,0.016190281770751547,INCORRECT
88,leetcode,0.8570023833388241,0.005545609086938907,INCORRECT
89,leetcode,0.8705958569137954,0.04582666581210515,INCORRECT
90,leetcode,0.8774470965022059,0.02223702130860772,INCORRECT
91,leetcode,0.8400656237220219,0.025947487723443463,INCORRECT
92,leetcode,0.8821693996246871,0.03911026935870687,INCORRECT
93,leetcode,0.8159479675428879,0.025111446876010635,INCORRECT
94,leetcode,0.864734067100296,0.03990857920395352,INCORRECT
95,leetcode,0.8597723633956028,0.034207907606428,INCORRECT
96,leetcode,0.8771392617457249,0.01803473673852507,INCORRECT
97,leetcode,0.8124771188046243,0.014130998960608765,INCORRECT
98,leetcode,0.8656466162948275,0.01542004186834467,INCORRECT
99,leetcode,0.8357948389879811,0.06196067981612008,INCORRECT
100,leetcode,0.8905323207973316,0.08856224650884559,INCORRECT
101,leetcode,0.8944772097097202,0.09808052556394775,INCORRECT
102,leetcode,0.8327633715567946,0.04808773291248203,INCORRECT
103,leetcode,0.8583439168659013,0.07355604750759659,INCORRECT
104,leetcode,0.8188307909262036,0.008838523745857252,INCORRECT
105,leetcode,0.8627285420293831,0.05492009919394003,INCORRECT
106,leetcode,0.8289272499629943,0.05193638367135667,INCORRECT
107,leetcode,0.870952796695896,0.05712153583297608,INCORRECT
108,leetcode,0.8782163399483346,0.058567251518408914,INCORRECT
109,leetcode,0.8297792489508022,0.03713967546613406,INCORRECT
110,leetcode,0.8249610572725371,0.030857502289249328,INCORRECT
111,leetcode,0.8272774086829139,0.01691843340923649,INCORRECT
112,leetcode,0.795717666515835,0.013279132110636582,INCORRECT
113,leetcode,0.8257591828920186,0.023205391162054445,INCORRECT
114,leetcode,0.8037595761128508,0.022561058476134654,INCORRECT
115,leetcode,0.8593220088143999,0.016444196314626014,INCORRECT
116,leetcode,0.9004178185904427,0.07643392026883278,INCORRECT
117,leetcode,0.8505431597991828,0.019070468595464796,INCORRECT
118,leetcode,0.8343318899744586,0.018909401887039268,INCORRECT
119,leetcode,0.8049760372501005,0.013333257297350243,INCORRECT
120,leetcode,0.854731864104137,0.05083885437730218,INCORRECT
121,leetcode,0.8276805300500675,0.03831467153871648,INCORRECT
122,leetcode,0.8361972906636602,0.03603105984190147,INCORRECT
123,leetcode,0.9023217453807947,0.07412577524999098,INCORRECT
124,leetcode,0.8219319895921263,0.023206085394385623,INCORRECT
125,leetcode,0.8301160124565474,0.009781957932941454,INCORRECT
126,leetcode,0.8801322201187787,0.031834346321998885,INCORRECT
127,leetcode,0.800405889755519,0.0118114533994359,INCORRECT
128,leetcode,0.845130197132001,0.029780899176934494,INCORRECT
129,leetcode,0.8354300582092689,0.013211915172183453,INCORRECT
130,leetcode,0.8350454209252665,0.011444717660003545,INCORRECT
131,leetcode,0.8875635492036711,0.026276317424821505,CORRECT
132,leetcode,0.8804988930789827,0.08468086243766837,INCORRECT
133,leetcode,0.8154346782639428,0.010609039874156068,INCORRECT
134,leetcode,0.7896166164722218,0.019393016476604408,INCORRECT
135,leetcode,0.8613624268813687,0.027946069423270825,INCORRECT
136,leetcode,0.7982262248974219,0.0137756296384276,INCORRECT
137,leetcode,0.8150169015745516,0.01623950582097422,INCORRECT
138,leetcode,0.7827731310583596,0.008165723652339807,INCORRECT
139,leetcode,0.8107660862980357,0.0028790907370599417,INCORRECT
140,leetcode,0.8406977318656353,0.02081713112267536,INCORRECT
141,leetcode,0.8246741155878909,0.017750232802827615,INCORRECT
0,pony,0.8694251656580656,0.08388830184562168,INCORRECT
1,pony,0.7508067574945586,0.007463579743611781,CORRECT
2,pony,0.8185906890731984,0.02720273983260746,INCORRECT
3,pony,0.7983036715917157,0.016144111199413502,INCORRECT
4,pony,0.804568453714916,0.02493268909257851,INCORRECT
5,pony,0.7663937639649849,0.01989568937127384,INCORRECT
6,pony,0.7743890572880178,0.015576060063939856,INCORRECT
7,pony,0.7870424615765269,0.016913035840813606,INCORRECT
8,pony,0.8032494124034616,0.023744542202356778,INCORRECT
9,pony,0.7996511910948911,0.016417264729746583,CORRECT
10,pony,0.7784415040417926,0.023346359215037027,INCORRECT
11,pony,0.7937862961819692,0.019911457427997048,INCORRECT
12,pony,0.7737872706179632,0.02307903036616954,INCORRECT
13,pony,0.782815636004226,0.016385273491613228,INCORRECT
14,pony,0.773732761505855,0.01801230902078499,INCORRECT
15,pony,0.7629079857392831,0.0179997675134258,INCORRECT
16,pony,0.8005735385500269,0.021857021492144746,INCORRECT
17,pony,0.7909136341105472,0.018009895679684584,CORRECT
18,pony,0.7979788222320476,0.020939949433816163,INCORRECT
19,pony,0.8195885478483963,0.0256565586037647,INCORRECT
20,pony,0.8225835711171546,0.056589286087382895,INCORRECT
21,pony,0.8012651837169666,0.022242657385190268,INCORRECT
22,pony,0.7685253243303517,0.018279743458071485,INCORRECT
23,pony,0.8184220424870521,0.054882837976807375,INCORRECT
24,pony,0.8305273452467989,0.05844076657064401,INCORRECT
25,pony,0.7986464392475014,0.01606937383814866,INCORRECT
26,pony,0.8079421430956316,0.025215820811468448,CORRECT
27,pony,0.7980030918230328,0.021662007002930972,INCORRECT
28,pony,0.7721332450898265,0.024091467204023886,INCORRECT
29,pony,0.8147277443614742,0.023005016203947792,INCORRECT
30,pony,0.7811387523745033,0.012942163095863934,INCORRECT
31,pony,0.768696213378381,0.014691179336142057,INCORRECT
32,pony,0.7772036494469846,0.019866498435394786,INCORRECT
33,pony,0.808179328229111,0.008875060408640834,INCORRECT
34,pony,0.8036675048663064,0.01781857187246272,CORRECT
35,pony,0.8338775488624625,0.044256519056282695,CORRECT
36,pony,0.7885623154910875,0.017995277196382387,CORRECT
37,pony,0.7999297214885475,0.008867349766291666,INCORRECT
38,pony,0.8203215522497077,0.020848170535356814,CORRECT
39,pony,0.8561091369560182,0.07074475906662625,INCORRECT
40,pony,0.7897439989104755,0.026371111109504408,INCORRECT
41,pony,0.7981311136724661,0.027126403479540873,INCORRECT
42,pony,0.8181017164093074,0.03206247311790755,CORRECT
43,pony,0.7931678253018631,0.021206030335189974,INCORRECT
44,pony,0.8427544689928483,0.05932233759654626,INCORRECT
45,pony,0.7968462509847897,0.0114355062596877,CORRECT
46,pony,0.7735308092591141,0.011590941939610966,INCORRECT
47,pony,0.7827402078605414,0.017971255995515634,INCORRECT
48,pony,0.8761254959478297,0.046942331189007036,INCORRECT
49,pony,0.7845713836344743,0.023753043787501538,INCORRECT
50,pony,0.7912375688427755,0.007008978488917239,INCORRECT
51,pony,0.8000141522174266,0.029411872431027608,CORRECT
52,pony,0.7929099931754447,0.022919815888416628,INCORRECT
53,pony,0.7785039359665622,0.016806569286795803,INCORRECT
54,pony,0.7724006848243751,0.015297839190886453,INCORRECT
55,pony,0.7557935543056329,0.015062460501534591,INCORRECT
56,pony,0.7717254400445698,0.01254322744415437,INCORRECT
57,pony,0.7871609355536684,0.024574731607584277,INCORRECT
58,pony,0.7927142269268511,0.018654195538562512,INCORRECT
59,pony,0.8287059500417615,0.036992235818250285,CORRECT
60,pony,0.7757195537458286,0.014052495544866872,INCORRECT
61,pony,0.779493114206744,0.018007136251719902,INCORRECT
62,pony,0.806706672071138,0.022293703566669598,INCORRECT
63,pony,0.8167471340350914,0.026308240739929656,INCORRECT
64,pony,0.7716319324428016,0.01796917308724888,INCORRECT
65,pony,0.799855622940197,0.026123048626348178,INCORRECT
66,pony,0.7920186932428348,0.028762654911865693,INCORRECT
67,pony,0.7649600539582232,0.01484185493493062,INCORRECT
68,pony,0.7708283165621528,0.027850422005925912,INCORRECT
69,pony,0.8301258039964459,0.03664755854548807,INCORRECT
70,pony,0.7484864687448437,0.010358445996401122,INCORRECT
71,pony,0.7751272631934826,0.020794691478441707,INCORRECT
72,pony,0.799781013688671,0.01904629707948513,INCORRECT
73,pony,0.7743383621514993,0.01363770302962486,INCORRECT
74,pony,0.841621728688223,0.05643101966738295,INCORRECT
75,pony,0.8081089474139924,0.02454015111377783,INCORRECT
76,pony,0.7888041643673288,0.026428826466753375,INCORRECT
77,pony,0.75468689429766,0.010787480235532443,INCORRECT
78,pony,0.7713408696154874,0.012604578528503496,INCORRECT
79,pony,0.795101054616513,0.014417733837005953,INCORRECT
80,pony,0.814223464500228,0.023160308646443584,INCORRECT
81,pony,0.7566489848466299,0.020158182966256044,INCORRECT
82,pony,0.773678866992537,0.025061563802878273,CORRECT
83,pony,0.747439609378811,0.01640619041476843,INCORRECT
84,pony,0.7648308356660548,0.012876124888612006,INCORRECT
85,pony,0.7798327194181536,0.025874279101025355,INCORRECT
86,pony,0.796678826548056,0.025819478329046963,INCORRECT
87,pony,0.7999466063740647,0.020368437697513953,INCORRECT
88,pony,0.7955550213433177,0.01167452174805228,INCORRECT
89,pony,0.7467522672160195,0.005667331237190765,CORRECT
90,pony,0.8079452513512039,0.0309465574043023,INCORRECT
91,pony,0.8518209898813549,0.05997658590815569,INCORRECT
92,pony,0.7866878870461773,0.01159506157357848,INCORRECT
93,pony,0.7983536824791257,0.024732616921465,INCORRECT
94,pony,0.7566809696384201,0.014013300686232077,INCORRECT
95,pony,0.7502794060480698,0.0217145605495096,INCORRECT
96,pony,0.778113442875786,0.03083096375024641,INCORRECT
97,pony,0.8080716646364678,0.024208205418340123,INCORRECT
98,pony,0.791449573066282,0.020273835543581753,INCORRECT
99,pony,0.7691470624379975,0.015035574150683573,INCORRECT
100,pony,0.7792147939368002,0.013502257106633553,INCORRECT
101,pony,0.7727060302659504,0.012856527560734743,INCORRECT
102,pony,0.8052347538841811,0.011740308254943654,CORRECT
103,pony,0.7544795589004254,0.01125798260505595,INCORRECT
104,pony,0.7773892444860374,0.02178165992316272,INCORRECT
105,pony,0.7998398926297355,0.015062373401371398,INCORRECT
106,pony,0.7831409462606831,0.005956192664537063,INCORRECT
107,pony,0.795050549683144,0.01605000835570436,INCORRECT
108,pony,0.7580284356183603,0.013390175168628504,CORRECT
109,pony,0.7593553530054674,0.011427544430563708,INCORRECT
110,pony,0.7873662740636884,0.016562342752578063,INCORRECT
111,pony,0.7656532129910949,0.009753011611122409,INCORRECT
0,psychology,0.7795573135414287,0.02043174554116467,INCORRECT
1,psychology,0.7940858885535209,0.031087282139573236,INCORRECT
2,psychology,0.869874807576831,0.020257178490802885,CORRECT
3,psychology,0.7498207395994634,0.013120831821593959,INCORRECT
4,psychology,0.7963941136060916,0.004241383192498005,CORRECT
5,psychology,0.8527489446753086,0.03951995836908129,CORRECT
6,psychology,0.8414841628603944,0.023056312587413363,INCORRECT
7,psychology,0.8151681202676998,0.017963990737550617,INCORRECT
8,psychology,0.8023835150282747,0.03796555637428023,INCORRECT
9,psychology,0.8161556495364605,0.07980394428001691,CORRECT
10,psychology,0.784178612374927,0.013504828328552598,INCORRECT
11,psychology,0.7718422984413943,0.004624053995988753,INCORRECT
12,psychology,0.74267058743235,0.026831001896709283,CORRECT
13,psychology,0.8167471190860096,0.02053273765721586,INCORRECT
14,psychology,0.7845627111483044,0.014323751229336823,CORRECT
15,psychology,0.7821715129660894,0.007729349965897803,CORRECT
16,psychology,0.8067040902566476,0.028608721701042783,INCORRECT
17,psychology,0.793103527511436,0.019266043120740095,CORRECT
18,psychology,0.7842823087904971,0.013895062283048376,CORRECT
19,psychology,0.8350598013012592,0.027605918451998446,CORRECT
20,psychology,0.7509848785887798,0.010873240073015489,CORRECT
21,psychology,0.8064715605301251,0.01834827036204234,INCORRECT
22,psychology,0.875481188111634,0.0443503020296655,INCORRECT
23,psychology,0.8039108952911092,0.02272236705598263,INCORRECT
24,psychology,0.7615660658975907,0.01887933486129101,INCORRECT
25,psychology,0.7865956259524698,0.017602610556039178,CORRECT
26,psychology,0.8654757495706592,0.05580594033294295,INCORRECT
27,psychology,0.8053447088031135,0.03166193607372714,INCORRECT
28,psychology,0.8146658622985371,0.007637286435905444,INCORRECT
29,psychology,0.8307411470069035,0.02217329634719889,CORRECT
30,psychology,0.8795198485514066,0.04589393303590694,INCORRECT
31,psychology,0.7826704912054968,0.02377806394291604,CORRECT
32,psychology,0.7877591127428173,0.020310792011460466,INCORRECT
33,psychology,0.8106494787043032,0.016940509563668882,CORRECT
34,psychology,0.8071614960041429,0.013190348477586156,INCORRECT
35,psychology,0.8246190942564342,0.02369057202188951,CORRECT
36,psychology,0.7490523820525207,0.0264531120135989,INCORRECT
37,psychology,0.845772218980577,0.004924329292643637,CORRECT
38,psychology,0.7419775210661885,0.012219769929150637,CORRECT
39,psychology,0.7184751816465728,0.006159469318866351,INCORRECT
40,psychology,0.7254394720614266,0.012541980205059589,CORRECT
41,psychology,0.7909942433192932,0.043410050416786694,INCORRECT
42,psychology,0.8381489361795313,0.010087835432353476,INCORRECT
43,psychology,0.8136704918610005,0.03701623358002759,CORRECT
44,psychology,0.8093890845708902,0.015511400061114844,CORRECT
45,psychology,0.8235798658276835,0.023277249806862965,CORRECT
46,psychology,0.8094550248400729,0.019345481859619484,CORRECT
47,psychology,0.7303394892857549,0.010484585804874103,CORRECT
48,psychology,0.7590552813558555,0.03454003726173138,CORRECT
49,psychology,0.7916935551328279,0.012344830329139356,INCORRECT
50,psychology,0.8109519995380232,0.022444708978417882,CORRECT
51,psychology,0.8285394466556869,0.043052821509981354,CORRECT
52,psychology,0.7697840397913435,0.01875508798007719,CORRECT
53,psychology,0.7924259190896545,0.053879548726014415,CORRECT
54,psychology,0.8292749565149743,0.014017019280348375,INCORRECT
55,psychology,0.7520379400218352,0.015857960508061986,CORRECT
56,psychology,0.7632892602373511,0.007042219589371568,CORRECT
57,psychology,0.8387720352433325,0.02859252439451454,CORRECT
58,psychology,0.8420552064064042,0.015548818536730957,INCORRECT
59,psychology,0.8528724435343801,0.011272805052900736,CORRECT
60,psychology,0.8211351774050559,0.026295266510969584,CORRECT
61,psychology,0.8108588251913526,0.026690313531486765,CORRECT
62,psychology,0.7661212569533042,0.01670186684949082,CORRECT
63,psychology,0.7670849800812178,0.013661175075417642,INCORRECT
64,psychology,0.7571307551517144,0.03048826266754634,INCORRECT
65,psychology,0.7798937955964553,0.024170612587092966,CORRECT
66,psychology,0.7969452097415456,0.012111866400520421,INCORRECT
67,psychology,0.8103616730354807,0.025914841829229873,CORRECT
68,psychology,0.7881347698864797,0.01432658821880295,CORRECT
69,psychology,0.7665919193861942,0.012827096992276577,INCORRECT
70,psychology,0.8054841282616001,0.010353763632779622,INCORRECT
71,psychology,0.8551429243008151,0.016190548503984936,INCORRECT
72,psychology,0.8040388812144575,0.02555190221172654,CORRECT
73,psychology,0.8287803616803108,0.017959308002721164,INCORRECT
74,psychology,0.7437609697644688,0.016843778453825786,INCORRECT
75,psychology,0.8102544566305137,0.03676152001170996,CORRECT
76,psychology,0.7778794251344314,0.01548159366114299,INCORRECT
77,psychology,0.7369564406553226,0.03881071608867792,CORRECT
78,psychology,0.8071046486242577,0.012994729047309805,CORRECT
79,psychology,0.8360937852567353,0.03616914612648081,CORRECT
80,psychology,0.8119739385286869,0.026403818972930315,CORRECT
81,psychology,0.7740992125480195,0.058376227315329654,CORRECT
82,psychology,0.7786861218638684,0.012970512393915112,CORRECT
83,psychology,0.7570727036862118,0.011713858088260198,INCORRECT
84,psychology,0.8014569367034329,0.013699134191047402,CORRECT
85,psychology,0.7774447050485617,0.030656949763986474,INCORRECT
86,psychology,0.7860153998942029,0.055819515054547963,INCORRECT
87,psychology,0.7326483039127525,0.013240389918605766,INCORRECT
88,psychology,0.8450482355894118,0.02435335441940223,CORRECT
89,psychology,0.7812669549988569,0.011255834812536225,INCORRECT
90,psychology,0.8733048902585834,0.018921401007127248,INCORRECT
91,psychology,0.7941782101104506,0.02907128843669593,INCORRECT
92,psychology,0.788178384822408,0.022294120743604373,CORRECT
93,psychology,0.7749872483461689,0.030196501471052795,INCORRECT
94,psychology,0.7376636590056882,0.005617075001756788,INCORRECT
95,psychology,0.7757781577950096,0.013478016350552124,INCORRECT
96,psychology,0.7261056036944294,0.008591605712733985,INCORRECT
97,psychology,0.7691704087508113,0.005450650174765426,INCORRECT
98,psychology,0.769229955501036,0.017872169365878765,INCORRECT
99,psychology,0.8277173937907851,0.03505173155379826,INCORRECT
100,psychology,0.7356651776465687,0.024528251880342467,INCORRECT
0,robotics,0.833732430858625,0.015159119416444322,CORRECT
1,robotics,0.7971656614552268,0.009628788903525587,INCORRECT
2,robotics,0.9004552195118549,0.019736314741931604,CORRECT
3,robotics,0.8111546784363848,0.017543208945102307,INCORRECT
4,robotics,0.8208060655219385,0.014698566371724842,INCORRECT
5,robotics,0.831597078387142,0.02410347874692631,INCORRECT
6,robotics,0.8382471921384559,0.030418337185003197,INCORRECT
7,robotics,0.876098844389449,0.008506245960395953,CORRECT
8,robotics,0.8156550581443558,0.012694908263463311,CORRECT
9,robotics,0.8250914696676201,0.01264024444176004,INCORRECT
10,robotics,0.8047829887370241,0.017861573976174494,INCORRECT
11,robotics,0.8497832818887822,0.019432992520708514,INCORRECT
12,robotics,0.828523819068965,0.008574240441534098,CORRECT
13,robotics,0.8578761767084595,0.040406318803278274,CORRECT
14,robotics,0.8380735215325165,0.016779768557294572,INCORRECT
15,robotics,0.8519641186048106,0.005138036299583315,CORRECT
16,robotics,0.8488780132983769,0.013756021013627495,INCORRECT
17,robotics,0.8761711448808792,0.019461299118071262,INCORRECT
18,robotics,0.8482403248382929,0.020233073010529234,INCORRECT
19,robotics,0.8430407105077276,0.01931245676588922,INCORRECT
20,robotics,0.8416494640177908,0.00782070942591584,INCORRECT
21,robotics,0.8549537660287196,0.041844139146534065,INCORRECT
22,robotics,0.8002893404437411,0.022978335435913655,CORRECT
23,robotics,0.8379450861025695,0.0018414103088846279,CORRECT
24,robotics,0.8129667551167034,0.016613560807311245,INCORRECT
25,robotics,0.8443401592380864,0.04184413979503099,INCORRECT
26,robotics,0.8429788707394488,0.014046728190688862,INCORRECT
27,robotics,0.8428729259556582,0.04186917101363119,CORRECT
28,robotics,0.8746438415407741,0.027389253346040476,INCORRECT
29,robotics,0.8259886403325706,0.03315098148310347,INCORRECT
30,robotics,0.8359940644597169,0.006050451878191199,INCORRECT
31,robotics,0.7945219470708087,0.0077319250339134005,INCORRECT
32,robotics,0.8293083392348112,0.01815877849787184,CORRECT
33,robotics,0.850904070355387,0.025391425090381503,INCORRECT
34,robotics,0.8211993958083604,0.006471257056602453,CORRECT
35,robotics,0.807495656868224,0.015228650039230018,INCORRECT
36,robotics,0.8417294126749483,0.04224684795069533,INCORRECT
37,robotics,0.8482111400621094,0.0036427237095497667,CORRECT
38,robotics,0.9237845871338684,0.07312197549413468,INCORRECT
39,robotics,0.7853657822434628,0.007730734666489658,INCORRECT
40,robotics,0.8669493242585663,0.009704500557884632,INCORRECT
41,robotics,0.8296104702491744,0.011202630804612923,CORRECT
42,robotics,0.8625042869131612,0.03460900407915579,INCORRECT
43,robotics,0.8326852391897328,0.004277495429648948,INCORRECT
44,robotics,0.8380880057319201,0.009535304888677154,INCORRECT
45,robotics,0.8895711122813345,0.021953115167489656,INCORRECT
46,robotics,0.8303644993945638,0.010116363890246616,INCORRECT
47,robotics,0.8469272414760446,0.0013971100960109561,CORRECT
48,robotics,0.8543495539169517,0.024003445700174875,INCORRECT
49,robotics,0.8807100910518195,0.03652349684477951,INCORRECT
50,robotics,0.8510575918216776,0.019672193786861247,INCORRECT
51,robotics,0.8065150454493333,0.009544590822143317,INCORRECT
52,robotics,0.8028353803201954,0.0038341345305943353,INCORRECT
53,robotics,0.8392446426342475,0.01381767080144991,INCORRECT
54,robotics,0.8694530752240859,0.03799202343672814,CORRECT
55,robotics,0.8741268341218865,0.0205727063761717,INCORRECT
56,robotics,0.8318944737261239,0.010281113871172254,INCORRECT
57,robotics,0.8680344892565154,0.01822524992060548,INCORRECT
58,robotics,0.8926802042905142,0.014318737205393561,INCORRECT
59,robotics,0.8826344801094993,0.023192014560573626,INCORRECT
60,robotics,0.8481407035446975,0.017319011465189327,CORRECT
61,robotics,0.9015139988668092,0.02964166647464206,INCORRECT
62,robotics,0.9034003011294756,0.03030310436234085,CORRECT
63,robotics,0.8750518681074343,0.05746430792012036,CORRECT
64,robotics,0.8560365670184321,0.024538025055637624,CORRECT
65,robotics,0.8865022919870686,0.02342982921510106,INCORRECT
66,robotics,0.8352811607408789,0.02304562128433396,INCORRECT
67,robotics,0.859620381451495,0.017704076301289673,INCORRECT
68,robotics,0.8525051768557799,0.04535789445240457,CORRECT
69,robotics,0.8724478694795115,0.020246833147384624,CORRECT
70,robotics,0.8736576080695078,0.019950459148653787,INCORRECT
71,robotics,0.8734212563426279,0.022940469794707874,INCORRECT
72,robotics,0.8364614078541817,0.02238255552349444,INCORRECT
73,robotics,0.8363201695338227,0.008919159366150176,INCORRECT
74,robotics,0.8632166519257495,0.022590025868470587,INCORRECT
75,robotics,0.8801001742237022,0.022379659805952246,CORRECT
76,robotics,0.886854313532133,0.04752646200007338,INCORRECT
77,robotics,0.8361533873267715,0.01513118386360035,INCORRECT
78,robotics,0.8532519364358797,0.014017837904489738,INCORRECT
79,robotics,0.8378642636452792,0.006015922542825569,INCORRECT
80,robotics,0.8466641724880906,0.004556212776277602,CORRECT
81,robotics,0.8589035907639114,0.015346611360092965,INCORRECT
82,robotics,0.814160954458591,0.015306014352943986,INCORRECT
83,robotics,0.8434124973803384,0.006652698847406047,CORRECT
84,robotics,0.8964051306948094,0.036056468735708336,CORRECT
85,robotics,0.844941465554903,0.010317532567710064,CORRECT
86,robotics,0.84533240539701,0.029915128318102946,INCORRECT
87,robotics,0.8183047206791985,0.010883540775053269,INCORRECT
88,robotics,0.8196117390231441,0.015111029623691152,CORRECT
89,robotics,0.8677749455950358,0.014394842245603945,CORRECT
90,robotics,0.8156432150801171,0.010116988456651876,INCORRECT
91,robotics,0.8525799509457045,0.034024752724654994,INCORRECT
92,robotics,0.8343730346322149,0.05722492662517886,CORRECT
93,robotics,0.930935841576688,0.11763681078873756,CORRECT
94,robotics,0.891274606243921,0.059526888806830214,CORRECT
95,robotics,0.8597166181886972,0.04399637287007818,INCORRECT
96,robotics,0.8481804247626357,0.028200839460231886,INCORRECT
97,robotics,0.8249697137815418,0.01801541734904999,INCORRECT
98,robotics,0.8229192238360161,0.00865564013556508,INCORRECT
99,robotics,0.8687691222114967,0.03651139910211543,INCORRECT
100,robotics,0.8551784592573557,0.010152760534681837,INCORRECT
0,stackoverflow,0.8546161118859793,0.008595134479111644,CORRECT
1,stackoverflow,0.8525352682458882,0.03127451147580784,INCORRECT
2,stackoverflow,0.8100521770681843,0.016659483219548576,CORRECT
3,stackoverflow,0.8235650996131009,0.005612247295495254,INCORRECT
4,stackoverflow,0.8186191055318673,0.011304564418314844,CORRECT
5,stackoverflow,0.810652069482188,0.0005594000792594755,CORRECT
6,stackoverflow,0.8117596306203754,0.003827264538892372,CORRECT
7,stackoverflow,0.8043735022986611,0.006456059970425421,INCORRECT
8,stackoverflow,0.8440631709551865,0.028403889326752085,INCORRECT
9,stackoverflow,0.8202419521528763,0.03808567913393279,INCORRECT
10,stackoverflow,0.8929201534107857,0.0065530226738835795,INCORRECT
11,stackoverflow,0.8370284782631754,0.003460966509702512,INCORRECT
12,stackoverflow,0.801770979954792,0.02094977156940736,INCORRECT
13,stackoverflow,0.8699591716276407,0.006681746169069358,INCORRECT
14,stackoverflow,0.843432716171223,0.030448327212533988,CORRECT
15,stackoverflow,0.833816007570481,0.007873930329594603,INCORRECT
16,stackoverflow,0.8109256339057911,0.017907614306256536,INCORRECT
17,stackoverflow,0.8106736048022037,0.011890969517339256,INCORRECT
18,stackoverflow,0.8449046884747622,0.013992820426045993,CORRECT
19,stackoverflow,0.8077578779311081,0.008994221669335944,CORRECT
20,stackoverflow,0.7757199555849045,0.0129077536772646,CORRECT
21,stackoverflow,0.7910101143371229,0.023759359273589742,CORRECT
22,stackoverflow,0.8937447895529285,0.02768294244150682,INCORRECT
23,stackoverflow,0.8478233160735144,0.010927187840033992,CORRECT
24,stackoverflow,0.858194127700136,0.014583560122721884,CORRECT
25,stackoverflow,0.8181285826674684,0.011940706436532444,CORRECT
26,stackoverflow,0.8280095145260551,0.0245121516164003,INCORRECT
27,stackoverflow,0.8505920572148467,0.01693686451188725,INCORRECT
28,stackoverflow,0.8295289018786676,0.01431261329340272,CORRECT
29,stackoverflow,0.8372253002499602,0.02083596354092332,INCORRECT
30,stackoverflow,0.8310771192072878,0.007677065236935232,INCORRECT
31,stackoverflow,0.8560378120918375,0.02167197535989107,CORRECT
32,stackoverflow,0.8166568164565017,0.030796970561445258,INCORRECT
33,stackoverflow,0.839636839098724,0.007933420870607999,INCORRECT
34,stackoverflow,0.8662885302374275,0.03037010043128452,CORRECT
35,stackoverflow,0.8241436114780671,0.008127036721584213,CORRECT
36,stackoverflow,0.8339245289565254,0.0045531129184746,INCORRECT
37,stackoverflow,0.8080259336882261,0.012314775863216387,CORRECT
38,stackoverflow,0.8736766886745835,0.019938518036515918,INCORRECT
39,stackoverflow,0.8692882822748984,0.01968364915072396,INCORRECT
40,stackoverflow,0.7966580212747889,0.026540590930775876,INCORRECT
41,stackoverflow,0.8927765268311721,0.0045252640493080865,INCORRECT
42,stackoverflow,0.8485405913356244,0.05322566400272066,CORRECT
43,stackoverflow,0.8638298384186971,0.04097439113751555,CORRECT
44,stackoverflow,0.8972676253562699,0.05577998445802268,INCORRECT
45,stackoverflow,0.8221080509684316,0.007967860388844783,INCORRECT
46,stackoverflow,0.8082952346088124,0.010304905549843202,CORRECT
47,stackoverflow,0.9138568971598446,0.09290248203944418,INCORRECT
48,stackoverflow,0.8162739684632083,0.020902143634153103,INCORRECT
49,stackoverflow,0.8171578928112027,0.012936084398026182,CORRECT
50,stackoverflow,0.8334789814468727,0.02176082854757022,INCORRECT
51,stackoverflow,0.8132358345435539,0.012513404471876766,CORRECT
52,stackoverflow,0.8398803021271715,0.016921415092709835,INCORRECT
53,stackoverflow,0.8465080921795344,0.036460128782670576,INCORRECT
54,stackoverflow,0.8397967199019256,0.015257672499608743,CORRECT
55,stackoverflow,0.7867718967335463,0.018135636638833885,CORRECT
56,stackoverflow,0.8906558537697075,0.02633164066673821,INCORRECT
57,stackoverflow,0.8149331131668901,0.007362268528057436,CORRECT
58,stackoverflow,0.8061555804346224,0.012238265235852253,INCORRECT
59,stackoverflow,0.8454947721863757,0.031829769560010934,INCORRECT
60,stackoverflow,0.8082816210251711,0.007123435895696972,INCORRECT
61,stackoverflow,0.8593024758251313,0.03821404329542477,CORRECT
62,stackoverflow,0.8297792652755995,0.011852345006696519,CORRECT
63,stackoverflow,0.8401136662135191,0.05371987057137406,CORRECT
64,stackoverflow,0.8325202924582513,0.030009604441575077,CORRECT
65,stackoverflow,0.8671996500208804,0.06044334003945662,INCORRECT
66,stackoverflow,0.8359867102580097,0.021199426011273004,CORRECT
67,stackoverflow,0.8102766770371964,0.011151177970018744,INCORRECT
68,stackoverflow,0.8444602888870866,0.01085370234314087,INCORRECT
69,stackoverflow,0.8136903901532216,0.024160799229606678,INCORRECT
70,stackoverflow,0.8640063772006358,0.0024711666596659576,INCORRECT
71,stackoverflow,0.8319811340314883,0.02983903525439624,INCORRECT
72,stackoverflow,0.844763168096342,0.040357605356581616,INCORRECT
73,stackoverflow,0.8253895198391323,0.012483503818609964,INCORRECT
74,stackoverflow,0.8328552097360672,0.012219596131299748,INCORRECT
75,stackoverflow,0.8646446224853168,0.03480091451288447,INCORRECT
76,stackoverflow,0.8244485975694474,0.013152002842259924,CORRECT
77,stackoverflow,0.898230124057116,0.03193508867399697,INCORRECT
78,stackoverflow,0.7845322777126331,0.018470387256330434,INCORRECT
79,stackoverflow,0.8411032726685942,0.02243335721899864,INCORRECT
80,stackoverflow,0.8605230401232105,0.042364315397396046,CORRECT
81,stackoverflow,0.8109365699175194,0.020205659681371668,INCORRECT
82,stackoverflow,0.7568441714684323,0.022546018286959013,INCORRECT
83,stackoverflow,0.8092023816126296,0.018601967016348753,INCORRECT
84,stackoverflow,0.8403982648524728,0.023785916404046814,INCORRECT
85,stackoverflow,0.8402137510460967,0.025565748842435676,CORRECT
86,stackoverflow,0.8442583475500296,0.05419575117778963,CORRECT
87,stackoverflow,0.8772298632075275,0.03347222547947737,INCORRECT
88,stackoverflow,0.8522580259983609,0.03553927088162423,INCORRECT
89,stackoverflow,0.8113332313470778,0.0011929287003877853,INCORRECT
90,stackoverflow,0.8548543338921846,0.018245392025998397,INCORRECT
91,stackoverflow,0.8186106078866527,0.010552492857091478,INCORRECT
92,stackoverflow,0.8439913131617791,0.009014135190276718,CORRECT
93,stackoverflow,0.8739996411998043,0.034499425300786646,INCORRECT
94,stackoverflow,0.7859949563138894,0.011722176917117189,INCORRECT
95,stackoverflow,0.8479857756159833,0.04468005564133659,CORRECT
96,stackoverflow,0.8204353246637407,0.03440498107115453,INCORRECT
97,stackoverflow,0.8074854355316959,0.021371852994528817,INCORRECT
98,stackoverflow,0.8704450532756932,0.03771520812463425,INCORRECT
99,stackoverflow,0.8027627920162443,0.011680478309993747,CORRECT
100,stackoverflow,0.9049517651723668,0.05310321383061223,INCORRECT
101,stackoverflow,0.8367040661665252,0.0,INCORRECT
102,stackoverflow,0.8664610026261615,0.031841690737447026,CORRECT
103,stackoverflow,0.8801029631900869,0.03072122357847984,INCORRECT
104,stackoverflow,0.8155950855157773,0.02673572643273081,CORRECT
105,stackoverflow,0.8648025969324539,0.013216320603236631,CORRECT
106,stackoverflow,0.8416101128407668,0.024000048930704065,CORRECT
107,stackoverflow,0.8505905808592745,0.018516492546671537,INCORRECT
108,stackoverflow,0.8425728122011894,0.01791423645195178,CORRECT
109,stackoverflow,0.8701767089205666,0.01164733726072753,INCORRECT
110,stackoverflow,0.8404119269083603,0.020484048176464542,INCORRECT
111,stackoverflow,0.8378562936693937,0.014635068986278421,INCORRECT
112,stackoverflow,0.8835978368727871,0.017920402698988203,INCORRECT
113,stackoverflow,0.8521040865776593,0.03271258179113845,CORRECT
114,stackoverflow,0.8747413550880538,0.03626644835718107,CORRECT
115,stackoverflow,0.8041642395729339,0.005885012703390258,INCORRECT
116,stackoverflow,0.8349025517825773,0.013703852352330625,INCORRECT
0,sustainable_living,0.7878899352043246,0.01605357143578645,INCORRECT
1,sustainable_living,0.7694624337731505,0.005664804927086209,INCORRECT
2,sustainable_living,0.9010540861075511,0.021070991556980445,INCORRECT
3,sustainable_living,0.7575091516642949,0.03438505199802455,INCORRECT
4,sustainable_living,0.7719232784387617,0.010620805610053075,INCORRECT
5,sustainable_living,0.8187198917672124,0.009841377411396457,CORRECT
6,sustainable_living,0.7871506656725613,0.024044334768997366,CORRECT
7,sustainable_living,0.8031529294643739,0.02309894819202596,INCORRECT
8,sustainable_living,0.7657301758139328,0.002720104223408182,INCORRECT
9,sustainable_living,0.8073921374895334,0.015122679319108268,INCORRECT
10,sustainable_living,0.7739082727919143,0.017061002244931234,INCORRECT
11,sustainable_living,0.8225859474909026,0.01729179979413009,INCORRECT
12,sustainable_living,0.793485712358619,0.043021770190389774,INCORRECT
13,sustainable_living,0.826406559971759,0.03413446277905585,INCORRECT
14,sustainable_living,0.8342223035621313,0.01836013488007493,INCORRECT
15,sustainable_living,0.7847899445493693,0.04194615403908608,INCORRECT
16,sustainable_living,0.7975716177443989,0.03335242205237188,INCORRECT
17,sustainable_living,0.805187136494999,0.01158877644937617,INCORRECT
18,sustainable_living,0.7825698392467753,0.04190323307595867,INCORRECT
19,sustainable_living,0.8350539776087733,0.00416959848980325,INCORRECT
20,sustainable_living,0.8446701650847861,0.0453463681337557,CORRECT
21,sustainable_living,0.805051042910713,0.017041112893269927,INCORRECT
22,sustainable_living,0.781844898479524,0.009105893909679308,CORRECT
23,sustainable_living,0.7858154445210467,0.038103791833505984,CORRECT
24,sustainable_living,0.7780812191840347,0.015241242866894544,INCORRECT
25,sustainable_living,0.7999024594075544,0.024764895317185398,INCORRECT
26,sustainable_living,0.7839365535842441,0.006361359183862714,INCORRECT
27,sustainable_living,0.7233064474815584,0.009807630388847799,INCORRECT
28,sustainable_living,0.7718318350932463,0.014451169127234431,INCORRECT
29,sustainable_living,0.7412623166870399,0.0359540536319547,INCORRECT
30,sustainable_living,0.8618202060071912,0.041198346491773674,INCORRECT
31,sustainable_living,0.8227482875799363,0.03745410594793808,CORRECT
32,sustainable_living,0.8510098270859928,0.0555674831511197,INCORRECT
33,sustainable_living,0.8141149684434156,0.030015879593332073,INCORRECT
34,sustainable_living,0.7484324449368078,0.008985039420392193,INCORRECT
35,sustainable_living,0.8012042553868183,0.033044488586831844,INCORRECT
36,sustainable_living,0.8103629759520092,0.03423178831595419,INCORRECT
37,sustainable_living,0.7358086456498384,0.00794794617501371,INCORRECT
38,sustainable_living,0.80329700416685,0.017430820399934155,INCORRECT
39,sustainable_living,0.8800384348924065,0.01901913607761907,CORRECT
40,sustainable_living,0.8271725018120462,0.04821462767581597,INCORRECT
41,sustainable_living,0.7688912807694915,0.015374470603321644,INCORRECT
42,sustainable_living,0.7930862045565668,0.019094293993435985,INCORRECT
43,sustainable_living,0.7901551379642252,0.07803609982535797,INCORRECT
44,sustainable_living,0.8161018984336366,0.053970523910570334,CORRECT
45,sustainable_living,0.8331350812433613,0.02893213881630896,CORRECT
46,sustainable_living,0.8265846249169031,0.029368125597779904,INCORRECT
47,sustainable_living,0.7721264855125289,0.004767066873240244,INCORRECT
48,sustainable_living,0.8074145836154524,0.0360829300433968,INCORRECT
49,sustainable_living,0.824643226807507,0.010304510179019899,INCORRECT
50,sustainable_living,0.8250175573807295,0.027102751905630384,INCORRECT
51,sustainable_living,0.8503485526988117,0.020418208893706047,CORRECT
52,sustainable_living,0.7758568597764735,0.02613986984201644,INCORRECT
53,sustainable_living,0.741146993137066,0.01649541044243452,INCORRECT
54,sustainable_living,0.854067921330235,0.030909376847170322,INCORRECT
55,sustainable_living,0.7927930932025047,0.030263392727232885,INCORRECT
56,sustainable_living,0.9064187875860208,0.034723832869536175,CORRECT
57,sustainable_living,0.8331194324403901,0.01796295952042981,INCORRECT
58,sustainable_living,0.7770585822738507,0.00706036613121408,INCORRECT
59,sustainable_living,0.7419106334095933,0.025534870339808724,INCORRECT
60,sustainable_living,0.7561058121084445,0.010528814923055907,INCORRECT
61,sustainable_living,0.7874987316399178,0.03542683012195724,INCORRECT
62,sustainable_living,0.78694828364436,0.014738466533419259,CORRECT
63,sustainable_living,0.7511487354539169,0.009216317201467872,INCORRECT
64,sustainable_living,0.8027511821665018,0.009154063606148233,INCORRECT
65,sustainable_living,0.8018454307523888,0.04180643969819253,INCORRECT
66,sustainable_living,0.8147762001237119,0.02350597589439951,INCORRECT
67,sustainable_living,0.8056679585589847,0.019292696183641378,INCORRECT
68,sustainable_living,0.7600348609114896,0.015289861497972401,INCORRECT
69,sustainable_living,0.7750088849643673,0.03422621192760378,CORRECT
70,sustainable_living,0.8083372667952526,0.00682009407741524,INCORRECT
71,sustainable_living,0.749762989215633,0.019776057242941958,INCORRECT
72,sustainable_living,0.7940130133398599,0.01971838946276605,INCORRECT
73,sustainable_living,0.8273273029230467,0.019301753084222217,CORRECT
74,sustainable_living,0.8170924347305341,0.026429784787637023,INCORRECT
75,sustainable_living,0.8029613431441723,0.018020776726216825,INCORRECT
76,sustainable_living,0.7684195485295705,0.021936566568156568,INCORRECT
77,sustainable_living,0.8334496626989405,0.02018915736144966,INCORRECT
78,sustainable_living,0.8559374327988405,0.02696622957524597,INCORRECT
79,sustainable_living,0.8287190884850139,0.03791141050453606,INCORRECT
80,sustainable_living,0.7804296850174817,0.029617641684863028,INCORRECT
81,sustainable_living,0.8123286685112507,0.01896737049158914,INCORRECT
82,sustainable_living,0.8185390876862827,0.016887437400727956,INCORRECT
83,sustainable_living,0.8110069704023749,0.01000224048478926,CORRECT
84,sustainable_living,0.811341868996818,0.03874200104612113,INCORRECT
85,sustainable_living,0.7874231922896913,0.046797766294315535,INCORRECT
86,sustainable_living,0.8296615297519863,0.017237772092657533,INCORRECT
87,sustainable_living,0.8269345675086412,0.039495395306619496,INCORRECT
88,sustainable_living,0.8077360695559719,0.029383396709129483,CORRECT
89,sustainable_living,0.8235899061440489,0.03143397925239966,INCORRECT
90,sustainable_living,0.7795709007549877,0.03193595950745942,INCORRECT
91,sustainable_living,0.7789778237867114,0.02409039906754107,INCORRECT
92,sustainable_living,0.7857583008542565,0.037629583202392736,INCORRECT
93,sustainable_living,0.7464514601536547,0.02164535991283234,INCORRECT
94,sustainable_living,0.7528404078588237,0.006926009897944674,INCORRECT
95,sustainable_living,0.8341559403038089,0.06999322673058805,INCORRECT
96,sustainable_living,0.8643301604425577,0.0431044626986522,INCORRECT
97,sustainable_living,0.8272335892383328,0.043200413168937746,INCORRECT
98,sustainable_living,0.8690315576366221,0.03351187535385236,INCORRECT
99,sustainable_living,0.8226349840722624,0.03571070025712153,INCORRECT
100,sustainable_living,0.8107078617231411,0.02101146732627046,INCORRECT
101,sustainable_living,0.8469309770598757,0.026349195293860928,CORRECT
102,sustainable_living,0.7928310891458289,0.016315370849775745,INCORRECT
103,sustainable_living,0.8222417254416015,0.018326826123997497,INCORRECT
104,sustainable_living,0.7698521732832145,0.019979371525752798,INCORRECT
105,sustainable_living,0.7847534919320172,0.01984346437514717,CORRECT
106,sustainable_living,0.7668814891119939,0.022063170294236656,INCORRECT
107,sustainable_living,0.7658748636294639,0.017731966104663766,INCORRECT
TheoremQA_elainewan/math_calculus_5_2.json,theoremqa_questions,0.7872946200706833,0.013951552815693713,INCORRECT
TheoremQA_jianyu_xu/pigeonhole_3.json,theoremqa_questions,0.7784043027394554,0.003859883564205524,CORRECT
TheoremQA_jianyu_xu/pigeonhole_2.json,theoremqa_questions,0.8186348978597566,0.0893832203701137,INCORRECT
TheoremQA_maxku/cv-imageprocessing6-histogram.json,theoremqa_questions,0.7657132431188454,0.022665810205114045,INCORRECT
TheoremQA_elainewan/math_algebra_1.json,theoremqa_questions,0.8460421659496777,0.012885879244662779,INCORRECT
TheoremQA_xinyi/rotation.json,theoremqa_questions,0.8284464774732091,0.004414392237805376,INCORRECT
TheoremQA_wenhuchen/eigen_value1.json,theoremqa_questions,0.8794421549870576,0.05615095397586456,INCORRECT
TheoremQA_wenhuchen/definite_matrix1.json,theoremqa_questions,0.8235995645933023,0.0712130969255097,CORRECT
TheoremQA_elainewan/math_algebra_1_2.json,theoremqa_questions,0.821751946258846,0.010025604807645028,INCORRECT
TheoremQA_xueguangma/future_value_2.json,theoremqa_questions,0.8639570798194708,0.005002641063054258,INCORRECT
TheoremQA_wenhuchen/optics2.json,theoremqa_questions,0.79752829633817,0.026016878071464022,INCORRECT
TheoremQA_wenhuchen/L'Hôpital_rule1.json,theoremqa_questions,0.7779294953377884,0.024478936221884018,INCORRECT
TheoremQA_elainewan/math_calculus_2_11.json,theoremqa_questions,0.7236281789754323,0.019243270257860656,CORRECT
TheoremQA_elainewan/math_algebra_4.json,theoremqa_questions,0.7548673355444337,0.008499078463200416,INCORRECT
TheoremQA_wenhuchen/optics7.json,theoremqa_questions,0.7930310406612913,0.08756042334677694,INCORRECT
TheoremQA_elainewan/math_calculus_2_5.json,theoremqa_questions,0.7425283522934528,0.01733043775950327,INCORRECT
TheoremQA_wenhuchen/gauss_lemma.json,theoremqa_questions,0.676912164169578,0.011032761011956493,INCORRECT
TheoremQA_xueguangma/dividend_discount_model_2.json,theoremqa_questions,0.8113344982394948,0.049248457326015904,INCORRECT
TheoremQA_panlu/similarity2.json,theoremqa_questions,0.8186604313713137,0.030543194226093973,INCORRECT
TheoremQA_mingyin/stopping-time1.json,theoremqa_questions,0.7137118066625245,0.01572276045988208,INCORRECT
TheoremQA_xinyi/maximum_entropy_2.json,theoremqa_questions,0.7460078091542336,0.021820104949109687,CORRECT
TheoremQA_maxku/signalprocessing11-nyquist.json,theoremqa_questions,0.8794604179061968,0.07582760627238294,INCORRECT
TheoremQA_maxku/cv-colorsci2-hsi.json,theoremqa_questions,0.8135495617697157,0.11782685456555353,INCORRECT
TheoremQA_jianyu_xu/Stirling_number_first_kind_5.json,theoremqa_questions,0.8432055789587826,0.03220483975587529,INCORRECT
TheoremQA_tonyxia/euler-graph3.json,theoremqa_questions,0.8491666885410482,0.038221353365691546,CORRECT
TheoremQA_xueguangma/forward_price_2.json,theoremqa_questions,0.8479571340316205,0.05199727416670763,INCORRECT
TheoremQA_maxku/ipnetwork13-hammingdist.json,theoremqa_questions,0.8535432342389468,0.08811163100206731,INCORRECT
TheoremQA_jianyu_xu/combination_1.json,theoremqa_questions,0.8699884982849913,0.006121160767742051,INCORRECT
TheoremQA_xinyi/linear_projection.json,theoremqa_questions,0.8029452661211323,0.010215040426615918,INCORRECT
TheoremQA_tonyxia/semiconductor1.json,theoremqa_questions,0.8143650160433935,0.026403804654360208,INCORRECT
TheoremQA_maxku/signalprocessing15-DB.json,theoremqa_questions,0.7919364746034464,0.039688259667988834,INCORRECT
TheoremQA_mingyin/Lebesgue-measure1.json,theoremqa_questions,0.7702687586071848,0.012066093436238545,INCORRECT
TheoremQA_mingyin/series2.json,theoremqa_questions,0.8295595108593949,0.039491440114125975,INCORRECT
TheoremQA_wenhuchen/ODE2.json,theoremqa_questions,0.8474757851619747,0.035663649694054333,INCORRECT
TheoremQA_wenhuchen/Liouville’s_theorem1.json,theoremqa_questions,0.7960913571336876,0.07352740836029847,CORRECT
TheoremQA_elainewan/math_abstact_algebra_7_8.json,theoremqa_questions,0.7825297937690953,0.026240417854074494,CORRECT
TheoremQA_panlu/rigid-body3.json,theoremqa_questions,0.7241297116108202,0.00913023193456819,INCORRECT
TheoremQA_xinyi/cramer_rao_lower_bound_2.json,theoremqa_questions,0.82582863233726,0.05012448089259658,INCORRECT
TheoremQA_elainewan/math_algebra_5.json,theoremqa_questions,0.8123152368046834,0.005821766493601999,INCORRECT
TheoremQA_xueguangma/taylors_approximation_theorem.json,theoremqa_questions,0.751389369106982,0.03027326269718089,INCORRECT
TheoremQA_maxku/signalprocessing5-nyquist.json,theoremqa_questions,0.8317139293677277,0.022583955262015287,CORRECT
TheoremQA_xueguangma/spot_rate.json,theoremqa_questions,0.8049652684311348,0.04184447648288647,INCORRECT
TheoremQA_xueguangma/binomial_model_2.json,theoremqa_questions,0.8256805040652024,0.006891668595312428,INCORRECT
TheoremQA_panlu/molar_heat_capacity2.json,theoremqa_questions,0.791992179215029,0.05915445568111566,INCORRECT
TheoremQA_mingyin/cauchy-integral-theorem1.json,theoremqa_questions,0.7295404814362736,0.021369901774887623,INCORRECT
TheoremQA_wenhuchen/determinant2.json,theoremqa_questions,0.8336331843328028,0.06251250412775233,INCORRECT
TheoremQA_elainewan/math_abstact_algebra_7_5.json,theoremqa_questions,0.8034425525211559,0.022722550808934483,INCORRECT
TheoremQA_tonyxia/wave2.json,theoremqa_questions,0.7271921702271639,0.03457328124965375,INCORRECT
TheoremQA_jianyu_xu/Ramsey_4.json,theoremqa_questions,0.7948813292758773,0.04257518122006709,INCORRECT
TheoremQA_wenhuchen/determinant1.json,theoremqa_questions,0.8402511330130399,0.03281977395944591,INCORRECT
TheoremQA_wenhuchen/trapezoidal_rule2.json,theoremqa_questions,0.8072642885562172,0.013546532198760342,INCORRECT
TheoremQA_xinyi/huffman_code_1.json,theoremqa_questions,0.792220689981631,0.053487443117582245,INCORRECT
TheoremQA_wenhuchen/ODE3.json,theoremqa_questions,0.8211967597768376,0.011438152772066945,INCORRECT
TheoremQA_maxku/ipnetwork4-mac.json,theoremqa_questions,0.7514112298470571,0.007133658755839489,INCORRECT
TheoremQA_maxku/graphtheory5-vertexcover.json,theoremqa_questions,0.7995699506289395,0.01937617328890484,INCORRECT
TheoremQA_xueguangma/dividend_discount_model_5.json,theoremqa_questions,0.836255302122881,0.09418877980678964,INCORRECT
TheoremQA_maxku/ipnetwork5-mac.json,theoremqa_questions,0.7528281458573649,0.01902315368006946,INCORRECT
TheoremQA_wenhuchen/optics8.json,theoremqa_questions,0.8317061690861872,0.07871607779214884,INCORRECT
TheoremQA_wenhuchen/t_test1.json,theoremqa_questions,0.7725801024076189,0.041035315015884644,INCORRECT
TheoremQA_maxku/signalprocessing6-Ztransform.json,theoremqa_questions,0.757600785463873,0.0457678415273316,CORRECT
TheoremQA_tonyxia/semiconductor5.json,theoremqa_questions,0.6488199088473925,0.003380812130835742,INCORRECT
TheoremQA_maxku/ipnetwork14-hammingdist.json,theoremqa_questions,0.8374483757214195,0.07821259876203968,INCORRECT
TheoremQA_jianyu_xu/Ramsey_2.json,theoremqa_questions,0.7525173905042644,0.0190407364291596,INCORRECT
TheoremQA_wenhuchen/viterbi2.json,theoremqa_questions,0.9134507680876482,0.15944265972674487,INCORRECT
TheoremQA_panlu/molar_heat_capacity1.json,theoremqa_questions,0.8043273299967969,0.026815514842276844,INCORRECT
TheoremQA_elainewan/math_algebra_3_2.json,theoremqa_questions,0.7623623523542546,0.013817144528272318,INCORRECT
TheoremQA_elainewan/math_calculus_12.json,theoremqa_questions,0.9245497085896487,0.0391987078107594,INCORRECT
TheoremQA_maxku/graphtheory7-shortestpath.json,theoremqa_questions,0.8742037637800495,0.095000479285957,INCORRECT
TheoremQA_elainewan/econ_micro_7.json,theoremqa_questions,0.7731720276734103,0.005756349407199268,INCORRECT
TheoremQA_xinyi/dag_2.json,theoremqa_questions,0.7119794295976363,0.0328585896451804,CORRECT
TheoremQA_tonyxia/particle6.json,theoremqa_questions,0.7567323681136358,0.09934190047356384,INCORRECT
TheoremQA_tonyxia/semiconductor3.json,theoremqa_questions,0.8371486140188181,0.12499600397316768,INCORRECT
TheoremQA_tonyxia/statisticalphysics2.json,theoremqa_questions,0.7228788755712126,0.018355683528113342,INCORRECT
TheoremQA_wenhuchen/gauss_lemma2.json,theoremqa_questions,0.7349090481698035,0.007549150018840378,CORRECT
TheoremQA_panlu/angular_frequency3.json,theoremqa_questions,0.834561017844383,0.010530582668599742,INCORRECT
TheoremQA_panlu/trapezoid1.json,theoremqa_questions,0.7864050340462572,0.0024079897762532276,INCORRECT
TheoremQA_wenhuchen/t_test2.json,theoremqa_questions,0.8033286325680454,0.04836665954290276,INCORRECT
TheoremQA_jianyu_xu/Stirling_number_second_kind_3.json,theoremqa_questions,0.8448417729439578,0.003641856209375627,INCORRECT
TheoremQA_xinyi/channel_capacity_1.json,theoremqa_questions,0.6875763227069883,0.01825937624346985,CORRECT
TheoremQA_wenhuchen/Rolle's_theorem.json,theoremqa_questions,0.7511399522706697,0.01815827755549626,INCORRECT
TheoremQA_maxku/cv-cnn4.json,theoremqa_questions,0.7661466868218845,0.02330395830696763,INCORRECT
TheoremQA_maxku/graphtheory3-vertexcover.json,theoremqa_questions,0.8123351620975603,0.04964597575060081,INCORRECT
TheoremQA_jianyu_xu/Stirling_number_second_kind_6.json,theoremqa_questions,0.8635490729445843,0.011298103162238893,INCORRECT
TheoremQA_elainewan/econ_micro_14_3.json,theoremqa_questions,0.8829973552752263,0.0023055252054186015,INCORRECT
TheoremQA_wenhuchen/euler's_method1.json,theoremqa_questions,0.7705181314442151,0.016472669994805567,INCORRECT
TheoremQA_maxku/graphtheory10-shortestpath.json,theoremqa_questions,0.8610830703258694,0.08297728231787349,INCORRECT
TheoremQA_wenhuchen/euler's_method2.json,theoremqa_questions,0.81154882355036,0.032698922257828555,INCORRECT
TheoremQA_jianyu_xu/Catalan_2.json,theoremqa_questions,0.8445946135256114,0.006130454913818695,INCORRECT
TheoremQA_wenhuchen/double_integral2.json,theoremqa_questions,0.7393928896909784,0.04695372492902894,INCORRECT
TheoremQA_xueguangma/forward_price_1.json,theoremqa_questions,0.7736902214353879,0.010005574153857055,INCORRECT
TheoremQA_wenhuchen/cauchy_integral1.json,theoremqa_questions,0.7542218292119435,0.003529511003718233,INCORRECT
TheoremQA_panlu/gravitational_force1.json,theoremqa_questions,0.8405352967337691,0.10465872331207271,INCORRECT
TheoremQA_maxku/signalprocessing13-Ztransform.json,theoremqa_questions,0.824809137930799,0.10683981145957877,INCORRECT
TheoremQA_jianyu_xu/Multinomial_2.json,theoremqa_questions,0.8690617249461788,0.02103086457603276,INCORRECT
TheoremQA_maxku/ipnetwork21-ip-2.json,theoremqa_questions,0.7270860871072365,0.0035760815731369355,CORRECT
TheoremQA_wenhuchen/kepler's_law1.json,theoremqa_questions,0.7984851929750229,0.004293941599287199,INCORRECT
TheoremQA_maxku/cv-imageprocessing9-digital-image.json,theoremqa_questions,0.8411987587153604,0.08948257824103312,INCORRECT
TheoremQA_jianyu_xu/pigeonhole_4.json,theoremqa_questions,0.8160235235583082,0.03309046633251711,CORRECT
TheoremQA_elainewan/math_calculus_5.json,theoremqa_questions,0.8040386731250916,0.033078748139466874,INCORRECT
TheoremQA_jianyu_xu/Stirling_number_second_kind_5.json,theoremqa_questions,0.841346716812572,0.007275216892511205,INCORRECT
TheoremQA_xinyi/dag_3.json,theoremqa_questions,0.7565136991052777,0.015750257641819254,INCORRECT
TheoremQA_jianyu_xu/Graph_2.json,theoremqa_questions,0.7520701342333082,0.011342470002328131,CORRECT
TheoremQA_tonyxia/euler-graph2.json,theoremqa_questions,0.8506525780800771,0.02508201022311085,CORRECT
TheoremQA_jianyu_xu/Stirling_number_first_kind_6.json,theoremqa_questions,0.9033692212347826,0.010249408979038366,CORRECT
TheoremQA_xueguangma/present_value_1.json,theoremqa_questions,0.8746755987191085,0.05327753039991123,INCORRECT
TheoremQA_maxku/graphtheory4-vertexcover.json,theoremqa_questions,0.7884628141120262,0.03906164807889878,INCORRECT
TheoremQA_maxku/signalprocessing19-period.json,theoremqa_questions,0.7870857253082073,0.0079478868690811,CORRECT
TheoremQA_xueguangma/dividend_discount_model_4.json,theoremqa_questions,0.853130870460375,0.0745472859046753,INCORRECT
TheoremQA_maxku/signalprocessing9-signalrep.json,theoremqa_questions,0.7637660074745182,0.022496698302469587,CORRECT
TheoremQA_jianyu_xu/Multinomial_1.json,theoremqa_questions,0.8627027915126863,0.022845838653828165,INCORRECT
TheoremQA_jianyu_xu/Cayley_3.json,theoremqa_questions,0.7814192503618019,0.012022224114256352,CORRECT
TheoremQA_wenhuchen/infinite_series_sum3.json,theoremqa_questions,0.790832286674649,0.013071161529567443,INCORRECT
TheoremQA_maxku/cv-colorsci3-rgb.json,theoremqa_questions,0.6973173846213923,0.012544090008941522,INCORRECT
TheoremQA_wenhuchen/trapezoidal_rule3.json,theoremqa_questions,0.8070953992571859,0.0598553143986007,INCORRECT
TheoremQA_elainewan/math_calculus_3_8.json,theoremqa_questions,0.8129507802744311,0.012337842067838278,INCORRECT
TheoremQA_jianyu_xu/Binomial_5.json,theoremqa_questions,0.8501838203701063,0.009911101029438263,CORRECT
TheoremQA_elainewan/econ_micro_7_2.json,theoremqa_questions,0.7865717279541965,0.009519611987847898,INCORRECT
TheoremQA_xueguangma/effective_rates_1.json,theoremqa_questions,0.8376347875094181,0.007148910606532666,INCORRECT
TheoremQA_jianyu_xu/Multinomial_4.json,theoremqa_questions,0.8567548880673128,0.02083038759148126,INCORRECT
TheoremQA_maxku/cv-colorsci1-rgb.json,theoremqa_questions,0.7426847430709,0.020202528318424617,CORRECT
TheoremQA_panlu/similarity3.json,theoremqa_questions,0.7967835117031784,0.007687507431021978,CORRECT
TheoremQA_maxku/cv-cnn1.json,theoremqa_questions,0.7642816181869714,0.006024410205116348,INCORRECT
TheoremQA_wenhuchen/t_test3.json,theoremqa_questions,0.7933521111632256,0.04572161611948622,INCORRECT
TheoremQA_maxku/signalprocessing7-phaseshift.json,theoremqa_questions,0.7730688695234577,0.005848353514035454,CORRECT
TheoremQA_xinyi/sum_product_algorithm.json,theoremqa_questions,0.6928794315286089,0.02390476980751466,INCORRECT
TheoremQA_jianyu_xu/Binomial_4.json,theoremqa_questions,0.8840781315587191,0.021707837418883158,INCORRECT
TheoremQA_maxku/fourier6-FT.json,theoremqa_questions,0.7139281286312262,0.011202405863500964,CORRECT
TheoremQA_xinyi/neural_networks.json,theoremqa_questions,0.7073742473160703,0.0076389819883770915,CORRECT
TheoremQA_xinyi/kernel_1.json,theoremqa_questions,0.6810721288266678,0.01141471900772062,CORRECT
TheoremQA_wenhuchen/viterbi1.json,theoremqa_questions,0.8418931270525077,0.06770433742036919,INCORRECT
TheoremQA_wenhuchen/kepler's_law3.json,theoremqa_questions,0.7796061271002519,0.0445584945982751,INCORRECT
TheoremQA_wenhuchen/L'Hôpital_rule2.json,theoremqa_questions,0.7509489100210168,0.013602888707526573,INCORRECT
TheoremQA_elainewan/math_calculus_2_6.json,theoremqa_questions,0.7401210606848254,0.00634839277862731,INCORRECT
TheoremQA_xueguangma/future_value_1.json,theoremqa_questions,0.8733039467665668,0.010128401339311477,INCORRECT
TheoremQA_jianyu_xu/pigeonhole_1.json,theoremqa_questions,0.8189261614179304,0.04686832974111821,CORRECT
TheoremQA_jianyu_xu/Ramsey_3.json,theoremqa_questions,0.7963011550992041,0.08470174385484608,INCORRECT
TheoremQA_wenhuchen/Poisson_process2.json,theoremqa_questions,0.7413048313653139,0.03278151667108187,INCORRECT
TheoremQA_wenhuchen/jensen2.json,theoremqa_questions,0.7507203336262676,0.038160431544962625,INCORRECT
TheoremQA_xueguangma/binomial_model_1.json,theoremqa_questions,0.8358071628504917,0.009476812678014257,INCORRECT
TheoremQA_wenhuchen/newton2.json,theoremqa_questions,0.8076166795874431,0.004854209595244741,INCORRECT
TheoremQA_elainewan/econ_micro_11.json,theoremqa_questions,0.8414274554072753,0.019656321735502802,INCORRECT
TheoremQA_jianyu_xu/Catalan_1.json,theoremqa_questions,0.8139737778420595,0.030749729396484904,INCORRECT
TheoremQA_jianyu_xu/Binomial_3.json,theoremqa_questions,0.9140668383560364,0.04999633662349201,INCORRECT
TheoremQA_elainewan/econ_micro_18.json,theoremqa_questions,0.808525824786353,0.014018904307869784,INCORRECT
TheoremQA_jianyu_xu/Multinomial_3.json,theoremqa_questions,0.8872633106941262,0.02911538184689122,INCORRECT
TheoremQA_tonyxia/semiconductor2.json,theoremqa_questions,0.8041604680569296,0.09892003945343864,INCORRECT
TheoremQA_xueguangma/present_value_2.json,theoremqa_questions,0.8005462745932119,0.022579311904266097,INCORRECT
TheoremQA_maxku/graphtheory11-shortestpath-hard.json,theoremqa_questions,0.8796301087863889,0.07641713686511076,INCORRECT
TheoremQA_wenhuchen/p_value2.json,theoremqa_questions,0.8599776519698283,0.07496308065777424,INCORRECT
TheoremQA_xueguangma/dividend_discount_model_1.json,theoremqa_questions,0.8320334540596398,0.05472265043533686,INCORRECT
TheoremQA_xinyi/rate_distortion_function_2.json,theoremqa_questions,0.7191721730063036,0.03649995169023512,INCORRECT
TheoremQA_wenhuchen/jensen1.json,theoremqa_questions,0.7471650880702388,0.00820217221913866,CORRECT
TheoremQA_maxku/signalprocessing14-Ztransform.json,theoremqa_questions,0.7649993445241834,0.016478699438475575,INCORRECT
TheoremQA_elainewan/math_calculus_11.json,theoremqa_questions,0.7524690345794981,0.041709703931954945,INCORRECT
TheoremQA_maxku/cv-imageprocessing8-fourier2.json,theoremqa_questions,0.8064234360889961,0.09938482007549676,INCORRECT
TheoremQA_elainewan/math_abstact_algebra_7.json,theoremqa_questions,0.8004054706090716,0.015223630954802059,CORRECT
TheoremQA_maxku/signalprocessing2-DB.json,theoremqa_questions,0.7597646989044288,0.011480907543572005,CORRECT
TheoremQA_panlu/gravitational_force2.json,theoremqa_questions,0.7945045827814583,0.04058598069856678,INCORRECT
TheoremQA_wenhuchen/Liouville’s_theorem2.json,theoremqa_questions,0.7475372893538959,0.020766363163919888,INCORRECT
TheoremQA_mingyin/Fundamental-Theorem-of-Calculus3.json,theoremqa_questions,0.7572633752973176,0.004908515844019745,INCORRECT
TheoremQA_mingyin/convexity1.json,theoremqa_questions,0.6621627215505919,0.0230265724897053,CORRECT
TheoremQA_tonyxia/maxplanar3.json,theoremqa_questions,0.7361389557628819,0.011181845867860751,INCORRECT
TheoremQA_wenhuchen/series_convergen3.json,theoremqa_questions,0.7298348269356457,0.006615538196258597,INCORRECT
TheoremQA_jianyu_xu/Binomial_1.json,theoremqa_questions,0.843829256431914,0.005460924716904292,INCORRECT
TheoremQA_xueguangma/forward_rate_1.json,theoremqa_questions,0.8323416807594667,0.004150514067528421,INCORRECT
TheoremQA_jianyu_xu/Binomial_6.json,theoremqa_questions,0.8368844577064667,0.004055090498081948,INCORRECT
TheoremQA_elainewan/math_algebra_4_3.json,theoremqa_questions,0.7402215989558337,0.008713877731872044,CORRECT
TheoremQA_maxku/fourier1-FS.json,theoremqa_questions,0.8312834469303275,0.022558597518971046,INCORRECT
TheoremQA_xueguangma/forward_price_3.json,theoremqa_questions,0.8261489971870166,0.003319385278837461,INCORRECT
TheoremQA_xueguangma/intermediate_value_theorem.json,theoremqa_questions,0.783015950494615,0.03885233397617616,INCORRECT
TheoremQA_mingyin/Limit-of-sequence2.json,theoremqa_questions,0.7356032521820259,0.02614993386438913,INCORRECT
TheoremQA_elainewan/math_abstact_algebra_7_3.json,theoremqa_questions,0.7670257736168348,0.01785214096233856,CORRECT
TheoremQA_tonyxia/maxplanar1.json,theoremqa_questions,0.8027073111017927,0.01408492854399479,INCORRECT
TheoremQA_jianyu_xu/Multinomial_6.json,theoremqa_questions,0.8196067869739777,0.005180420126692509,INCORRECT
TheoremQA_wenhuchen/optics3.json,theoremqa_questions,0.8535959337618716,0.11603735100896462,INCORRECT
TheoremQA_elainewan/math_algebra_7_2.json,theoremqa_questions,0.6856751043147936,0.0146370177668248,INCORRECT
TheoremQA_mingyin/Limit-of-sequence3.json,theoremqa_questions,0.7411002378281422,0.0038321257963824795,INCORRECT
TheoremQA_maxku/graphtheory6-shortestpath.json,theoremqa_questions,0.8580519859511974,0.06929158359010379,CORRECT
TheoremQA_elainewan/math_calculus_2_7.json,theoremqa_questions,0.6856840443261885,0.008566074908481935,CORRECT
TheoremQA_panlu/wave_length1.json,theoremqa_questions,0.7940708063170459,0.012704317405830556,INCORRECT
TheoremQA_wenhuchen/Poisson_process3.json,theoremqa_questions,0.7796918671413394,0.030341859236407087,INCORRECT
TheoremQA_xinyi/dag_1.json,theoremqa_questions,0.70364934044973,0.005434269765122068,CORRECT
TheoremQA_xueguangma/geometric_brownian_motion.json,theoremqa_questions,0.7838276164932221,0.00800667344004502,INCORRECT
TheoremQA_xinyi/rate_distortion_function_1.json,theoremqa_questions,0.762618858073409,0.04938248047996141,INCORRECT
TheoremQA_xinyi/distortion_rate_function_2.json,theoremqa_questions,0.8243635105642111,0.07363782839236754,CORRECT
TheoremQA_maxku/graphtheory2-vertexcover.json,theoremqa_questions,0.825440523483709,0.04830272687900039,INCORRECT
TheoremQA_maxku/cv-imageprocessing2-morphology.json,theoremqa_questions,0.6679118417777781,0.14136673001112965,CORRECT
TheoremQA_jianyu_xu/Ramsey_5.json,theoremqa_questions,0.7735260009734972,0.0287843863353614,INCORRECT
TheoremQA_tonyxia/particle4.json,theoremqa_questions,0.7743690307761671,0.1173657506332918,INCORRECT
TheoremQA_jianyu_xu/Binomial_2.json,theoremqa_questions,0.8614310574120038,0.02074332238639398,INCORRECT
TheoremQA_jianyu_xu/Ramsey_6.json,theoremqa_questions,0.8390286569771948,0.09284734079251133,INCORRECT
TheoremQA_wenhuchen/series_convergen2.json,theoremqa_questions,0.7686642777318832,0.01698894570351117,INCORRECT
TheoremQA_xinyi/channel_capacity_3.json,theoremqa_questions,0.7503255512828914,0.025201870411555638,INCORRECT
TheoremQA_xinyi/huffman_code_3.json,theoremqa_questions,0.8274802496781843,0.04260382612945124,INCORRECT
TheoremQA_jianyu_xu/pigeonhole_3.json,theoremqa_theorems,0.7962259120921413,0.07839279072977778,INCORRECT
TheoremQA_jianyu_xu/pigeonhole_2.json,theoremqa_theorems,0.7645166259977291,0.030681247511996412,INCORRECT
TheoremQA_elainewan/math_algebra_1.json,theoremqa_theorems,0.8217553343901535,0.011654408686492368,INCORRECT
TheoremQA_wenhuchen/eigen_value1.json,theoremqa_theorems,0.8741040182393159,0.013648103236991393,INCORRECT
TheoremQA_wenhuchen/definite_matrix1.json,theoremqa_theorems,0.8217597249766455,0.05740402806944611,INCORRECT
TheoremQA_elainewan/math_algebra_1_2.json,theoremqa_theorems,0.8461855828417466,0.04015475066163765,INCORRECT
TheoremQA_wenhuchen/L'Hôpital_rule1.json,theoremqa_theorems,0.8129436179690769,0.037965482845516374,INCORRECT
TheoremQA_elainewan/math_calculus_2_11.json,theoremqa_theorems,0.72489813001633,0.022190460359068354,CORRECT
TheoremQA_elainewan/math_algebra_4.json,theoremqa_theorems,0.8057458754854562,0.017578701918439132,INCORRECT
TheoremQA_panlu/similarity2.json,theoremqa_theorems,0.8091785632422116,0.038207902111893066,INCORRECT
TheoremQA_xinyi/maximum_entropy_2.json,theoremqa_theorems,0.7577328530748396,0.011364125392500979,INCORRECT
TheoremQA_maxku/signalprocessing11-nyquist.json,theoremqa_theorems,0.773095245437901,0.02368028549022816,INCORRECT
TheoremQA_jianyu_xu/Stirling_number_first_kind_5.json,theoremqa_theorems,0.7765926424015349,0.014949586172422813,INCORRECT
TheoremQA_maxku/ipnetwork13-hammingdist.json,theoremqa_theorems,0.8148391819653342,0.020613172180362405,INCORRECT
TheoremQA_xinyi/linear_projection.json,theoremqa_theorems,0.7934684916627598,0.024204469416516772,CORRECT
TheoremQA_mingyin/Lebesgue-measure1.json,theoremqa_theorems,0.78333244958096,0.006191202867247059,INCORRECT
TheoremQA_mingyin/series2.json,theoremqa_theorems,0.8060743218591438,0.009299773293681368,INCORRECT
TheoremQA_wenhuchen/ODE2.json,theoremqa_theorems,0.8105167218975559,0.02343218584515827,INCORRECT
TheoremQA_wenhuchen/Liouville’s_theorem1.json,theoremqa_theorems,0.8530529839296436,0.059937945615921806,CORRECT
TheoremQA_panlu/rigid-body3.json,theoremqa_theorems,0.7783469997172314,0.03787331814317785,INCORRECT
TheoremQA_elainewan/math_algebra_5.json,theoremqa_theorems,0.8025566827008185,0.014724668652076112,INCORRECT
TheoremQA_xueguangma/taylors_approximation_theorem.json,theoremqa_theorems,0.775313602321349,0.028499570813130037,INCORRECT
TheoremQA_mingyin/cauchy-integral-theorem1.json,theoremqa_theorems,0.7654098876503054,0.03866618574739644,INCORRECT
TheoremQA_jianyu_xu/Ramsey_4.json,theoremqa_theorems,0.8106324765603231,0.06211785031338313,INCORRECT
TheoremQA_wenhuchen/ODE3.json,theoremqa_theorems,0.8087432788463949,0.010039112618056678,INCORRECT
TheoremQA_wenhuchen/t_test1.json,theoremqa_theorems,0.7503677922931864,0.0125376471232157,INCORRECT
TheoremQA_jianyu_xu/Ramsey_2.json,theoremqa_theorems,0.7796227641973822,0.031116298001397813,INCORRECT
TheoremQA_wenhuchen/viterbi2.json,theoremqa_theorems,0.7893227119069367,0.03658719568049029,INCORRECT
TheoremQA_elainewan/math_algebra_3_2.json,theoremqa_theorems,0.799540705361383,0.039319750869878045,INCORRECT
TheoremQA_elainewan/math_calculus_12.json,theoremqa_theorems,0.827615604627894,0.01937655310699926,INCORRECT
TheoremQA_elainewan/econ_micro_7.json,theoremqa_theorems,0.7738206131040399,0.028087847848153102,INCORRECT
TheoremQA_xinyi/dag_2.json,theoremqa_theorems,0.7321999902125509,0.014913955976304849,CORRECT
TheoremQA_wenhuchen/t_test2.json,theoremqa_theorems,0.7360614962821463,0.013545412595706408,INCORRECT
TheoremQA_jianyu_xu/Stirling_number_second_kind_3.json,theoremqa_theorems,0.8047084550497469,0.0251336364190895,INCORRECT
TheoremQA_wenhuchen/Rolle's_theorem.json,theoremqa_theorems,0.7857919987228237,0.044440792262333106,INCORRECT
TheoremQA_jianyu_xu/Catalan_2.json,theoremqa_theorems,0.8278611259450132,0.05867047294030281,INCORRECT
TheoremQA_wenhuchen/cauchy_integral1.json,theoremqa_theorems,0.7655598640427252,0.01676681619003606,CORRECT
TheoremQA_jianyu_xu/Multinomial_2.json,theoremqa_theorems,0.7980763268205524,0.02406780336843861,INCORRECT
TheoremQA_wenhuchen/kepler's_law1.json,theoremqa_theorems,0.8177563189709939,0.04953791637992366,INCORRECT
TheoremQA_jianyu_xu/pigeonhole_4.json,theoremqa_theorems,0.803572734736701,0.06867618784773477,INCORRECT
TheoremQA_jianyu_xu/Stirling_number_second_kind_5.json,theoremqa_theorems,0.7814673064862409,0.013191136473031606,INCORRECT
TheoremQA_xinyi/dag_3.json,theoremqa_theorems,0.7407679554399577,0.010171432547390058,INCORRECT
TheoremQA_jianyu_xu/Graph_2.json,theoremqa_theorems,0.7697361773184873,0.027430633583879316,INCORRECT
TheoremQA_jianyu_xu/Multinomial_1.json,theoremqa_theorems,0.8035341282959951,0.051160799521016376,INCORRECT
TheoremQA_jianyu_xu/Cayley_3.json,theoremqa_theorems,0.7845883856070356,0.018436715849823537,INCORRECT
TheoremQA_wenhuchen/trapezoidal_rule3.json,theoremqa_theorems,0.7783593276909787,0.02365739189671201,INCORRECT
TheoremQA_elainewan/math_calculus_3_8.json,theoremqa_theorems,0.8129307886707939,0.018087574054518996,INCORRECT
TheoremQA_jianyu_xu/Binomial_5.json,theoremqa_theorems,0.8024322230682112,0.028782777948574534,INCORRECT
TheoremQA_jianyu_xu/Multinomial_4.json,theoremqa_theorems,0.8091595071908868,0.058930614102302936,INCORRECT
TheoremQA_panlu/similarity3.json,theoremqa_theorems,0.8298311389792535,0.025154362082477677,CORRECT
TheoremQA_wenhuchen/t_test3.json,theoremqa_theorems,0.7392766200958628,0.013193090485681958,INCORRECT
TheoremQA_jianyu_xu/Binomial_4.json,theoremqa_theorems,0.8065932217110431,0.03960568654434782,INCORRECT
TheoremQA_wenhuchen/kepler's_law3.json,theoremqa_theorems,0.8116380443504244,0.042218604464360654,INCORRECT
TheoremQA_jianyu_xu/pigeonhole_1.json,theoremqa_theorems,0.816840866843285,0.08456510894359359,CORRECT
TheoremQA_jianyu_xu/Ramsey_3.json,theoremqa_theorems,0.7716291826606234,0.06972873353441789,INCORRECT
TheoremQA_jianyu_xu/Catalan_1.json,theoremqa_theorems,0.8031996773510461,0.06744493039077992,INCORRECT
TheoremQA_jianyu_xu/Binomial_3.json,theoremqa_theorems,0.8197205271477146,0.03358413055373022,INCORRECT
TheoremQA_jianyu_xu/Multinomial_3.json,theoremqa_theorems,0.8330050041411557,0.05381977226248069,INCORRECT
TheoremQA_wenhuchen/jensen1.json,theoremqa_theorems,0.748048212454266,0.015612429111894421,CORRECT
TheoremQA_panlu/gravitational_force2.json,theoremqa_theorems,0.809937918988763,0.027640908898444283,INCORRECT
TheoremQA_wenhuchen/Liouville’s_theorem2.json,theoremqa_theorems,0.7611249436284532,0.01877319855078452,INCORRECT
TheoremQA_mingyin/Fundamental-Theorem-of-Calculus3.json,theoremqa_theorems,0.7803720422620346,0.005534308211118999,INCORRECT
TheoremQA_mingyin/convexity1.json,theoremqa_theorems,0.7025296647532059,0.012508069617905182,CORRECT
TheoremQA_tonyxia/maxplanar3.json,theoremqa_theorems,0.7813145207878213,0.051319841778730724,INCORRECT
TheoremQA_jianyu_xu/Binomial_6.json,theoremqa_theorems,0.7931873789450335,0.022120251721547635,INCORRECT
TheoremQA_elainewan/math_algebra_4_3.json,theoremqa_theorems,0.7267392757654161,0.005513358761477294,CORRECT
TheoremQA_xueguangma/intermediate_value_theorem.json,theoremqa_theorems,0.7858121922300887,0.028091725313979632,CORRECT
TheoremQA_tonyxia/maxplanar1.json,theoremqa_theorems,0.7906691045510154,0.008036954444615163,INCORRECT
TheoremQA_jianyu_xu/Multinomial_6.json,theoremqa_theorems,0.7994911164893969,0.022687438329675014,INCORRECT
TheoremQA_elainewan/math_algebra_7_2.json,theoremqa_theorems,0.7229657549046573,0.02563149515132679,INCORRECT
TheoremQA_elainewan/math_calculus_2_7.json,theoremqa_theorems,0.7345649655997505,0.03334970978865237,CORRECT
TheoremQA_xinyi/dag_1.json,theoremqa_theorems,0.7188366443303845,0.005250230705488801,CORRECT
TheoremQA_jianyu_xu/Ramsey_5.json,theoremqa_theorems,0.8039924208062365,0.05857866624463981,INCORRECT
TheoremQA_jianyu_xu/Binomial_2.json,theoremqa_theorems,0.7850679336871638,0.04171654130071645,INCORRECT
TheoremQA_jianyu_xu/Ramsey_6.json,theoremqa_theorems,0.8510813049761838,0.10207169825429341,INCORRECT
TheoremQA_wenhuchen/series_convergen2.json,theoremqa_theorems,0.7669840995991538,0.013869772006174563,INCORRECT
