retriever,task,query_id,max_score,gap_ctx,gap_25,retrieval_success_5,retrieval_success_25,judgment
sf,biology,12,77.13158416748047,1.991943359375,6.28070068359375,0,0,INCORRECT
sf,biology,8,76.14021301269531,5.82659912109375,9.039848327636719,1,1,CORRECT
sf,biology,1,76.20911407470703,1.7821731567382812,9.23565673828125,1,1,CORRECT
sf,biology,4,78.8443603515625,7.106239318847656,9.871833801269531,0,1,CORRECT
sf,biology,5,82.17919158935547,5.970191955566406,11.076629638671875,1,1,CORRECT
sf,biology,11,71.80738830566406,1.9641876220703125,5.459358215332031,1,1,CORRECT
sf,biology,0,69.1031723022461,1.8905868530273438,5.298225402832031,1,1,CORRECT
sf,biology,7,80.30799865722656,2.7266921997070312,12.635848999023438,1,1,CORRECT
sf,biology,6,71.92327117919922,1.8350906372070312,3.7029571533203125,0,1,CORRECT
sf,biology,15,71.50839233398438,0.670684814453125,4.034568786621094,1,1,CORRECT
sf,biology,3,77.0553207397461,8.391708374023438,11.393806457519531,1,1,CORRECT
sf,biology,14,78.83866119384766,2.1297683715820312,7.578605651855469,1,1,CORRECT
sf,biology,2,70.77093505859375,1.236236572265625,2.6755294799804688,0,1,CORRECT
sf,biology,10,80.87555694580078,10.537811279296875,13.078361511230469,1,1,CORRECT
sf,biology,9,76.3675308227539,0.23593902587890625,1.961273193359375,0,0,CORRECT
sf,biology,13,70.75004577636719,0.71368408203125,3.9999542236328125,1,1,INCORRECT
sf,biology,20,80.5094223022461,4.855430603027344,10.577590942382812,0,1,INCORRECT
sf,biology,16,77.001953125,3.7688446044921875,7.697296142578125,0,0,CORRECT
sf,biology,19,79.09196472167969,6.3440704345703125,10.517333984375,1,1,CORRECT
sf,biology,17,73.57650756835938,2.4318771362304688,6.593742370605469,1,1,CORRECT
sf,biology,23,73.56298828125,3.3398971557617188,6.3522186279296875,0,0,INCORRECT
sf,biology,18,72.64958953857422,4.372406005859375,6.2181243896484375,0,1,CORRECT
sf,biology,21,77.83893585205078,4.164283752441406,11.546440124511719,1,1,CORRECT
sf,biology,22,72.52729797363281,4.5825653076171875,8.537704467773438,1,1,CORRECT
sf,biology,30,76.22919464111328,1.5994186401367188,5.578857421875,1,1,CORRECT
sf,biology,24,76.40400695800781,4.325775146484375,7.013679504394531,1,1,CORRECT
sf,biology,27,69.75151062011719,1.7027816772460938,4.145240783691406,0,1,INCORRECT
sf,biology,28,79.81123352050781,9.136215209960938,11.853813171386719,0,0,CORRECT
sf,biology,26,69.30096435546875,1.8114700317382812,3.6524887084960938,0,0,INCORRECT
sf,biology,29,79.31316375732422,0.954254150390625,3.361053466796875,0,1,CORRECT
sf,biology,25,72.18791961669922,1.3896484375,3.8161544799804688,1,1,INCORRECT
sf,biology,31,79.28904724121094,3.7144699096679688,8.7025146484375,1,1,CORRECT
sf,biology,37,70.00456237792969,1.9603729248046875,4.182701110839844,0,0,INCORRECT
sf,biology,34,74.54231262207031,1.6323013305664062,6.153861999511719,0,0,INCORRECT
sf,biology,43,67.95826721191406,0.603057861328125,1.7745819091796875,0,0,INCORRECT
sf,biology,45,74.4034652709961,2.36083984375,5.1815338134765625,0,1,INCORRECT
sf,biology,42,78.68242645263672,0.9192276000976562,2.6807785034179688,0,0,CORRECT
sf,biology,36,74.59394836425781,1.519073486328125,3.3614120483398438,0,0,CORRECT
sf,biology,32,68.81827545166016,2.9068756103515625,5.386177062988281,1,1,CORRECT
sf,biology,33,73.9780044555664,2.2636871337890625,5.4788665771484375,0,0,CORRECT
sf,biology,47,79.38786315917969,3.8311386108398438,9.40399169921875,0,0,CORRECT
sf,biology,35,74.90050506591797,2.2689285278320312,6.378173828125,1,1,CORRECT
sf,biology,46,75.35140991210938,2.3635940551757812,4.0146331787109375,0,0,INCORRECT
sf,biology,39,76.88037872314453,1.9489212036132812,3.37506103515625,0,0,INCORRECT
sf,biology,41,74.94132995605469,0.8777999877929688,3.5413360595703125,0,0,CORRECT
sf,biology,40,77.67768096923828,2.0485458374023438,3.266632080078125,0,0,INCORRECT
sf,biology,48,71.73417663574219,0.45842742919921875,3.3932037353515625,1,1,CORRECT
sf,biology,38,73.52265930175781,1.5778350830078125,4.314933776855469,1,1,CORRECT
sf,biology,44,73.1365966796875,1.776824951171875,3.30291748046875,1,1,CORRECT
sf,biology,54,76.19864654541016,4.072105407714844,8.491073608398438,0,0,CORRECT
sf,biology,50,76.80044555664062,3.3266067504882812,6.753936767578125,0,0,CORRECT
sf,biology,53,77.02975463867188,2.2683792114257812,5.191192626953125,0,0,CORRECT
sf,biology,49,76.4915542602539,1.5611953735351562,4.2790985107421875,0,0,INCORRECT
sf,biology,51,79.10990905761719,3.452545166015625,6.871116638183594,0,0,CORRECT
sf,biology,52,78.50405883789062,5.007759094238281,7.5222015380859375,0,0,INCORRECT
sf,biology,55,78.35462951660156,2.3081512451171875,6.2409820556640625,0,1,INCORRECT
sf,biology,61,77.48750305175781,6.429283142089844,9.881980895996094,1,1,CORRECT
sf,biology,56,79.44015502929688,3.9301986694335938,9.250228881835938,0,0,CORRECT
sf,biology,59,77.27640533447266,0.7777328491210938,4.091148376464844,0,1,CORRECT
sf,biology,60,76.96691131591797,5.37823486328125,7.8050537109375,0,0,CORRECT
sf,biology,58,76.272705078125,1.2874374389648438,4.848731994628906,0,0,CORRECT
sf,biology,57,77.07406616210938,1.0151748657226562,7.259208679199219,1,1,CORRECT
sf,biology,63,68.86532592773438,1.2111358642578125,4.637901306152344,0,0,CORRECT
sf,biology,66,72.53761291503906,5.1557464599609375,8.672172546386719,1,1,CORRECT
sf,biology,62,77.55021667480469,2.7511062622070312,5.7973785400390625,0,1,CORRECT
sf,biology,67,68.39993286132812,0.8475723266601562,3.3236923217773438,0,1,INCORRECT
sf,biology,64,75.98982238769531,3.760345458984375,8.126754760742188,0,1,INCORRECT
sf,biology,69,76.24494934082031,1.4408798217773438,7.3401947021484375,0,1,CORRECT
sf,biology,74,70.37743377685547,3.1987838745117188,5.534538269042969,0,1,INCORRECT
sf,biology,65,75.71773529052734,1.936492919921875,7.4236297607421875,1,1,CORRECT
sf,biology,76,68.77205657958984,0.7034835815429688,1.8961410522460938,0,0,INCORRECT
sf,biology,68,79.5576400756836,4.3761444091796875,6.340293884277344,0,0,CORRECT
sf,biology,70,71.40779113769531,2.8910751342773438,5.358909606933594,1,1,CORRECT
sf,biology,75,76.41434478759766,4.8114776611328125,8.742950439453125,0,1,INCORRECT
sf,biology,81,77.01018524169922,2.6938323974609375,4.72607421875,0,0,INCORRECT
sf,biology,83,76.55355072021484,4.201240539550781,7.542022705078125,0,0,INCORRECT
sf,biology,82,69.4425277709961,2.1725845336914062,4.758338928222656,0,0,CORRECT
sf,biology,71,78.47838592529297,1.2974700927734375,3.7554931640625,0,0,INCORRECT
sf,biology,72,75.15693664550781,2.86474609375,7.398597717285156,1,1,CORRECT
sf,biology,77,77.03047180175781,1.35748291015625,3.8292236328125,0,0,CORRECT
sf,biology,78,79.13557434082031,1.358428955078125,2.8754119873046875,0,1,CORRECT
sf,biology,73,76.18457794189453,2.666717529296875,6.032379150390625,0,0,INCORRECT
sf,biology,79,74.67462921142578,1.84429931640625,4.643501281738281,0,1,CORRECT
sf,biology,80,79.77196502685547,3.3951187133789062,8.539215087890625,0,0,INCORRECT
sf,biology,85,80.08131408691406,7.147369384765625,11.282112121582031,1,1,CORRECT
sf,biology,84,84.91568756103516,5.173439025878906,10.531684875488281,1,1,CORRECT
sf,biology,86,74.53693389892578,3.980010986328125,7.801734924316406,1,1,CORRECT
sf,biology,87,74.99494171142578,1.2625656127929688,5.24554443359375,0,0,CORRECT
sf,biology,92,73.56827545166016,1.9810943603515625,3.247833251953125,0,0,CORRECT
sf,biology,88,76.60059356689453,2.243621826171875,5.386383056640625,0,0,CORRECT
sf,biology,91,78.2897720336914,5.876640319824219,9.385185241699219,0,0,INCORRECT
sf,biology,93,70.03080749511719,0.537078857421875,3.1773300170898438,0,0,INCORRECT
sf,biology,89,76.64635467529297,1.239288330078125,2.4759674072265625,0,0,INCORRECT
sf,biology,96,76.80855560302734,2.4466018676757812,5.078056335449219,0,1,CORRECT
sf,biology,90,80.529541015625,7.940910339355469,11.514175415039062,0,0,INCORRECT
sf,biology,94,76.03246307373047,2.7425689697265625,7.672515869140625,1,1,CORRECT
sf,biology,95,75.7465591430664,6.117103576660156,9.950637817382812,0,1,INCORRECT
sf,biology,98,74.1333236694336,2.1241683959960938,5.047111511230469,0,0,CORRECT
sf,biology,97,79.40025329589844,2.332366943359375,6.4879913330078125,0,1,CORRECT
sf,biology,102,79.67342376708984,1.212615966796875,9.002326965332031,0,0,INCORRECT
sf,biology,101,78.3666763305664,1.4275665283203125,3.427642822265625,0,0,CORRECT
sf,aops,aops_2019_AMC_12A_Problems/Problem_17,83.38114929199219,1.7447662353515625,3.4816207885742188,1,1,CORRECT
sf,aops,math_test_intermediate_algebra_1179,85.89582824707031,5.5556640625,8.154815673828125,0,1,INCORRECT
sf,biology,100,73.96833801269531,4.608726501464844,6.9419403076171875,0,0,INCORRECT
sf,aops,math_train_intermediate_algebra_513,82.79597473144531,1.4990463256835938,5.123443603515625,1,1,INCORRECT
sf,aops,aops_2015_AMC_10B_Problems/Problem_15,79.21858215332031,2.2655258178710938,3.3708038330078125,0,0,INCORRECT
sf,aops,math_train_number_theory_839,85.00444030761719,0.8579025268554688,2.7910995483398438,0,0,CORRECT
sf,aops,math_train_number_theory_7095,78.67839050292969,2.8899154663085938,6.427574157714844,0,0,INCORRECT
sf,aops,math_train_number_theory_7030,92.1796875,14.466445922851562,17.303131103515625,0,0,INCORRECT
sf,aops,math_train_number_theory_7012,86.90760040283203,1.93170166015625,4.967430114746094,0,0,INCORRECT
sf,aops,aops_2000_AIME_I_Problems/Problem_9,84.05656433105469,1.440887451171875,3.6114501953125,0,0,INCORRECT
sf,aops,aops_2008_AMC_12B_Problems/Problem_16,79.00985717773438,0.35919189453125,0.8762741088867188,0,0,INCORRECT
sf,aops,math_train_counting_and_probability_5024,77.75785827636719,3.5546417236328125,5.2214202880859375,0,0,INCORRECT
sf,aops,aops_2008_AMC_12A_Problems/Problem_15,86.88675689697266,1.7667312622070312,3.8831863403320312,0,0,INCORRECT
sf,aops,aops_2021_AIME_I_Problems/Problem_14,80.80282592773438,1.090087890625,4.0829925537109375,0,0,INCORRECT
sf,aops,aops_2024_AIME_I_Problems/Problem_13,81.99736785888672,2.8904647827148438,5.125022888183594,0,1,INCORRECT
sf,aops,aops_2017_AMC_10B_Problems/Problem_14,85.16665649414062,1.2430572509765625,3.02130126953125,0,0,INCORRECT
sf,aops,math_train_number_theory_7016,75.50000762939453,1.2749710083007812,2.8230438232421875,0,0,INCORRECT
sf,aops,aops_2005_IMO_Problems/Problem_4,80.08361053466797,2.942169189453125,4.334953308105469,0,1,INCORRECT
sf,aops,math_train_counting_and_probability_5035,73.75475311279297,0.7077484130859375,2.251434326171875,0,0,INCORRECT
sf,aops,math_train_geometry_6173,82.56352233886719,0.6875762939453125,2.022552490234375,0,0,INCORRECT
sf,aops,math_test_geometry_454,86.28021240234375,1.8604354858398438,7.03106689453125,0,0,INCORRECT
sf,aops,math_test_counting_and_probability_1009,80.70063781738281,0.91412353515625,5.419258117675781,1,1,CORRECT
sf,aops,math_train_counting_and_probability_5011,78.68836212158203,0.766571044921875,2.84222412109375,0,0,INCORRECT
sf,aops,aops_2001_AMC_10_Problems/Problem_19,82.15145874023438,2.6753005981445312,4.898689270019531,1,1,CORRECT
sf,aops,aops_2023_AIME_I_Problems/Problem_5,80.96012115478516,1.634429931640625,2.9787139892578125,0,0,INCORRECT
sf,biology,99,75.98838806152344,6.702842712402344,9.359001159667969,1,1,CORRECT
sf,aops,aops_2004_AIME_I_Problems/Problem_10,81.36882781982422,3.4576873779296875,4.977272033691406,0,0,INCORRECT
sf,aops,math_train_counting_and_probability_5131,82.05216217041016,1.91986083984375,3.5257492065429688,0,0,CORRECT
sf,aops,aops_2018_AMC_8_Problems/Problem_23,82.16427612304688,3.368499755859375,6.580482482910156,0,0,INCORRECT
sf,aops,aops_2007_AIME_I_Problems/Problem_10,78.14119720458984,1.1214370727539062,3.103851318359375,0,1,INCORRECT
sf,aops,aops_2019_AMC_8_Problems/Problem_25,83.50253295898438,2.14166259765625,5.018798828125,0,0,INCORRECT
sf,aops,aops_2018_AMC_10A_Problems/Problem_11,84.37910461425781,0.9903488159179688,3.059906005859375,0,0,INCORRECT
sf,aops,aops_1959_IMO_Problems/Problem_1,74.43363952636719,1.0154190063476562,3.5176620483398438,0,0,CORRECT
sf,aops,aops_2020_AMC_10A_Problems/Problem_24,85.88028717041016,1.1042404174804688,4.053253173828125,0,0,INCORRECT
sf,aops,aops_2021_AIME_I_Problems/Problem_10,80.6751708984375,2.558624267578125,4.353363037109375,0,0,INCORRECT
sf,aops,aops_2021_AIME_II_Problems/Problem_9,80.03233337402344,3.3398208618164062,4.535614013671875,0,0,INCORRECT
sf,aops,aops_2007_iTest_Problems/Problem_6,87.75965118408203,1.444915771484375,5.4224395751953125,0,0,INCORRECT
sf,aops,math_train_number_theory_7066,81.32469177246094,1.206512451171875,4.268646240234375,0,0,INCORRECT
sf,aops,math_test_counting_and_probability_838,84.12593841552734,1.6442718505859375,3.4336090087890625,0,0,INCORRECT
sf,aops,math_train_number_theory_7003,80.2780532836914,1.41448974609375,3.5719146728515625,0,1,INCORRECT
sf,aops,aops_2000_AMC_12_Problems/Problem_4,80.1686782836914,1.3485870361328125,3.0658111572265625,0,0,INCORRECT
sf,aops,aops_1990_AIME_Problems/Problem_9,80.1377944946289,1.4449615478515625,1.9802780151367188,0,0,INCORRECT
sf,aops,aops_1987_IMO_Problems/Problem_1,74.6881332397461,1.5360946655273438,4.335731506347656,0,0,INCORRECT
sf,aops,math_train_intermediate_algebra_659,79.57383728027344,0.29808807373046875,2.14093017578125,0,0,INCORRECT
sf,aops,aops_2020_AMC_8_Problems/Problem_12,86.2618179321289,2.221832275390625,4.3592681884765625,0,0,INCORRECT
sf,aops,aops_1981_IMO_Problems/Problem_3,80.61100769042969,1.841339111328125,4.0777740478515625,0,0,INCORRECT
sf,aops,aops_2005_AMC_12A_Problems/Problem_18,81.15841674804688,0.69879150390625,2.127532958984375,0,0,INCORRECT
sf,aops,aops_2011_AMC_8_Problems/Problem_6,80.47782897949219,1.5406646728515625,4.5337371826171875,0,0,CORRECT
sf,aops,aops_2017_AMC_10B_Problems/Problem_13,80.98135375976562,1.621490478515625,3.0201034545898438,0,0,INCORRECT
sf,aops,math_train_intermediate_algebra_477,87.50872039794922,5.938743591308594,9.004959106445312,0,0,INCORRECT
sf,aops,math_train_counting_and_probability_5048,78.55103302001953,0.5327529907226562,1.9588699340820312,0,0,INCORRECT
sf,aops,aops_2020_AIME_II_Problems/Problem_9,77.6065673828125,0.9007644653320312,1.8496932983398438,0,0,INCORRECT
sf,aops,math_train_geometry_6018,77.98858642578125,1.1279296875,4.3063201904296875,0,0,INCORRECT
sf,aops,aops_2005_USAMO_Problems/Problem_2,83.09119415283203,5.44207763671875,7.4999237060546875,0,0,INCORRECT
sf,aops,math_train_counting_and_probability_5045,82.515625,0.6424713134765625,6.274658203125,0,0,INCORRECT
sf,aops,math_train_counting_and_probability_5047,78.42807006835938,1.2225341796875,2.9862594604492188,0,0,INCORRECT
sf,aops,math_test_counting_and_probability_430,83.18964385986328,0.94256591796875,3.3362045288085938,0,0,INCORRECT
sf,aops,aops_2017_AIME_II_Problems/Problem_1,82.34273529052734,2.341644287109375,5.9591064453125,0,0,INCORRECT
sf,aops,math_test_prealgebra_1987,84.05398559570312,1.7426605224609375,4.51458740234375,1,1,INCORRECT
sf,aops,aops_2020_AMC_10B_Problems/Problem_25,81.6342544555664,3.1318359375,4.824211120605469,0,0,INCORRECT
sf,aops,math_test_counting_and_probability_1003,80.25054931640625,0.6120376586914062,2.6601791381835938,0,0,INCORRECT
sf,aops,aops_1985_AIME_Problems/Problem_6,79.86888122558594,1.7498550415039062,3.3195648193359375,0,1,INCORRECT
sf,aops,aops_2007_AIME_II_Problems/Problem_10,79.69564819335938,0.8543014526367188,1.8085784912109375,0,0,INCORRECT
sf,aops,math_train_geometry_317,82.4717788696289,2.6046829223632812,6.2035980224609375,0,0,INCORRECT
sf,aops,math_train_geometry_6060,82.67921447753906,1.3741912841796875,5.328498840332031,0,1,INCORRECT
sf,aops,math_train_geometry_6022,78.5370101928711,1.7323455810546875,2.7643890380859375,0,1,INCORRECT
sf,aops,aops_1971_AHSME_Problems/Problem_26,87.53507232666016,3.6363372802734375,7.1594696044921875,0,1,INCORRECT
sf,aops,aops_1988_AIME_Problems/Problem_12,78.59353637695312,2.1639938354492188,4.366279602050781,1,1,INCORRECT
sf,aops,math_train_geometry_6116,81.94070434570312,2.0077285766601562,4.004539489746094,0,1,INCORRECT
sf,aops,math_train_geometry_6115,79.15021514892578,0.5768203735351562,3.2679977416992188,0,1,INCORRECT
sf,aops,math_test_algebra_1208,80.46356964111328,1.9018783569335938,3.00140380859375,1,1,INCORRECT
sf,aops,aops_2016_AMC_10A_Problems/Problem_19,83.33328247070312,1.1715621948242188,2.5448837280273438,1,1,INCORRECT
sf,aops,math_train_algebra_2521,86.30485534667969,2.678253173828125,6.1091461181640625,0,0,INCORRECT
sf,aops,math_train_intermediate_algebra_1822,82.97676086425781,0.4536285400390625,3.2303619384765625,0,0,INCORRECT
sf,aops,math_test_intermediate_algebra_951,80.96918487548828,0.9160308837890625,3.0710983276367188,0,0,INCORRECT
sf,aops,math_train_intermediate_algebra_2060,83.88725280761719,2.9286422729492188,5.031929016113281,0,0,INCORRECT
sf,aops,math_train_number_theory_7078,77.65390014648438,0.32866668701171875,1.9534530639648438,0,0,INCORRECT
sf,aops,aops_2008_AMC_12A_Problems/Problem_16,85.13841247558594,3.5414352416992188,4.6995849609375,0,0,CORRECT
sf,aops,aops_2002_AIME_I_Problems/Problem_6,84.9043960571289,6.174903869628906,7.708992004394531,0,0,INCORRECT
sf,aops,aops_2021_AMC_12B_Problems/Problem_9,84.96477508544922,1.57061767578125,3.2892608642578125,0,0,INCORRECT
sf,aops,math_test_intermediate_algebra_1812,84.61557006835938,2.8933868408203125,4.521293640136719,0,0,INCORRECT
sf,aops,aops_2009_AMC_12A_Problems/Problem_17,81.0743179321289,2.9959793090820312,4.491584777832031,1,1,INCORRECT
sf,aops,math_train_intermediate_algebra_1268,86.66454315185547,2.7414627075195312,4.5832672119140625,0,0,CORRECT
sf,aops,aops_2021_Fall_AMC_12A_Problems/Problem_12,81.74351501464844,4.598197937011719,6.343925476074219,0,0,INCORRECT
sf,aops,math_train_algebra_2826,89.50715637207031,4.768074035644531,7.935020446777344,0,0,CORRECT
sf,aops,math_train_counting_and_probability_822,88.73412322998047,4.6962127685546875,7.2890472412109375,0,1,INCORRECT
sf,aops,math_train_geometry_747,88.60270690917969,3.2651290893554688,5.797393798828125,0,0,INCORRECT
sf,aops,math_train_counting_and_probability_5064,77.45264434814453,2.0463104248046875,3.5947952270507812,0,0,INCORRECT
sf,aops,math_train_counting_and_probability_5111,80.68424224853516,2.80572509765625,5.3105316162109375,0,1,INCORRECT
sf,aops,aops_2015_AMC_12A_Problems/Problem_22,82.8392105102539,2.45172119140625,3.9059982299804688,0,0,INCORRECT
sf,aops,aops_2019_AMC_10A_Problems/Problem_12,80.2183837890625,2.2826614379882812,3.240203857421875,1,1,INCORRECT
sf,aops,aops_2022_AMC_10B_Problems/Problem_9,82.19248962402344,0.6183319091796875,2.3987503051757812,0,0,INCORRECT
sf,aops,aops_1994_AIME_Problems/Problem_9,80.06725311279297,0.411285400390625,6.8556671142578125,0,0,INCORRECT
sf,aops,aops_2023_AIME_II_Problems/Problem_9,84.48085021972656,4.230316162109375,7.17034912109375,1,1,INCORRECT
sf,aops,aops_2000_AMC_12_Problems/Problem_14,84.62841033935547,0.7437744140625,3.7989730834960938,0,1,INCORRECT
sf,aops,aops_1971_Canadian_MO_Problems/Problem_1,76.24641418457031,0.9937057495117188,2.4673919677734375,0,0,INCORRECT
sf,aops,aops_2016_AMC_10A_Problems/Problem_7,87.14874267578125,2.758453369140625,5.223243713378906,1,1,CORRECT
sf,aops,aops_2016_AIME_I_Problems/Problem_15,84.0379867553711,4.743583679199219,6.637413024902344,1,1,INCORRECT
sf,aops,aops_2022_AIME_I_Problems/Problem_11,83.8021011352539,1.212066650390625,4.852867126464844,1,1,INCORRECT
sf,aops,aops_2024_AIME_I_Problems/Problem_10,85.17352294921875,4.7579193115234375,8.06988525390625,1,1,INCORRECT
sf,aops,math_train_geometry_6105,76.98915100097656,1.456756591796875,3.2691650390625,0,0,INCORRECT
sf,aops,aops_2016_AIME_II_Problems/Problem_10,85.92374420166016,6.764991760253906,9.353622436523438,1,1,INCORRECT
sf,aops,aops_1998_AIME_Problems/Problem_2,83.50410461425781,2.9392852783203125,6.53070068359375,0,0,INCORRECT
sf,aops,math_train_geometry_6092,81.6133041381836,2.4960556030273438,4.933708190917969,1,1,INCORRECT
sf,aops,math_train_geometry_6112,82.37037658691406,4.167488098144531,6.8301239013671875,0,0,INCORRECT
sf,aops,aops_2015_AIME_I_Problems/Problem_4,82.45104217529297,1.6978530883789062,3.1455078125,0,0,INCORRECT
sf,aops,aops_2013_AMC_12A_Problems/Problem_13,84.26428985595703,2.6114501953125,4.415580749511719,0,0,INCORRECT
sf,aops,aops_2002_AIME_I_Problems/Problem_10,81.97900390625,1.4809722900390625,3.8628997802734375,0,0,INCORRECT
sf,aops,aops_2020_AIME_I_Problems/Problem_15,82.92706298828125,2.0910186767578125,5.444480895996094,1,1,INCORRECT
sf,earth_science,6,80.63813018798828,0.49059295654296875,9.641448974609375,1,1,CORRECT
sf,earth_science,3,80.45183563232422,2.4619903564453125,6.077461242675781,0,1,CORRECT
sf,aops,math_train_geometry_6051,81.23214721679688,3.9749984741210938,6.033935546875,0,1,INCORRECT
sf,aops,math_train_geometry_6078,81.35079193115234,3.2003326416015625,4.809638977050781,1,1,INCORRECT
sf,aops,aops_2019_AIME_I_Problems/Problem_3,81.48089599609375,2.0580596923828125,4.1221923828125,1,1,INCORRECT
sf,earth_science,1,84.08277893066406,5.5472412109375,10.313423156738281,0,0,CORRECT
sf,aops,aops_2017_AIME_II_Problems/Problem_3,84.56346893310547,3.0580368041992188,8.056503295898438,0,0,INCORRECT
sf,earth_science,0,79.29208374023438,6.466026306152344,9.2642822265625,0,0,CORRECT
sf,earth_science,2,77.88822937011719,1.2398834228515625,6.378227233886719,0,1,INCORRECT
sf,earth_science,8,82.75300598144531,4.710227966308594,13.904060363769531,1,1,CORRECT
sf,earth_science,11,77.3622817993164,3.6339492797851562,8.015556335449219,0,0,CORRECT
sf,earth_science,4,78.12803649902344,2.7541046142578125,6.494819641113281,1,1,CORRECT
sf,earth_science,7,76.89049530029297,2.6956634521484375,5.940277099609375,0,1,CORRECT
sf,earth_science,5,79.70821380615234,2.7101974487304688,7.60986328125,0,0,CORRECT
sf,earth_science,10,73.47572326660156,4.6698760986328125,6.653266906738281,0,0,CORRECT
sf,earth_science,17,79.85651397705078,1.784881591796875,4.0469970703125,0,0,CORRECT
sf,earth_science,9,75.7356948852539,1.06597900390625,4.688819885253906,0,1,CORRECT
sf,earth_science,12,75.23041534423828,3.8720779418945312,5.5280609130859375,0,0,INCORRECT
sf,earth_science,13,78.3828353881836,2.0299148559570312,8.5657958984375,1,1,CORRECT
sf,earth_science,15,81.92337799072266,3.3543930053710938,9.598564147949219,0,1,CORRECT
sf,earth_science,14,73.65870666503906,2.2514495849609375,4.158973693847656,0,1,CORRECT
sf,earth_science,19,79.5726089477539,1.7950363159179688,3.7876358032226562,1,1,CORRECT
sf,earth_science,16,79.62659454345703,8.756698608398438,14.699821472167969,0,0,INCORRECT
sf,earth_science,20,78.2138671875,1.6665802001953125,4.9219512939453125,0,1,CORRECT
sf,earth_science,18,76.86992645263672,1.6406707763671875,5.65765380859375,1,1,CORRECT
sf,earth_science,21,77.609130859375,5.6959686279296875,9.267494201660156,0,1,INCORRECT
sf,earth_science,23,78.02155303955078,6.385467529296875,10.002662658691406,0,0,INCORRECT
sf,earth_science,27,71.4591064453125,1.4819564819335938,3.716796875,0,0,INCORRECT
sf,earth_science,26,73.19014739990234,1.5248947143554688,5.030975341796875,1,1,CORRECT
sf,earth_science,25,73.67250061035156,2.196990966796875,5.223609924316406,1,1,CORRECT
sf,earth_science,22,81.25099182128906,2.9883499145507812,8.838729858398438,0,0,INCORRECT
sf,earth_science,38,74.15936279296875,6.242820739746094,8.843948364257812,1,1,INCORRECT
sf,earth_science,24,79.87126922607422,3.544342041015625,9.288803100585938,1,1,CORRECT
sf,earth_science,34,73.24192810058594,1.8607864379882812,4.534278869628906,0,1,CORRECT
sf,earth_science,28,76.47114562988281,5.943206787109375,11.786018371582031,0,1,CORRECT
sf,earth_science,32,71.1551284790039,1.5534820556640625,4.369148254394531,0,0,CORRECT
sf,earth_science,37,77.81978607177734,6.854759216308594,9.915596008300781,1,1,INCORRECT
sf,earth_science,33,75.33968353271484,1.8546524047851562,4.334144592285156,0,0,INCORRECT
sf,earth_science,39,83.00785064697266,4.542259216308594,8.722145080566406,0,1,INCORRECT
sf,earth_science,29,77.70950317382812,3.59796142578125,6.172119140625,0,0,INCORRECT
sf,earth_science,45,70.69417572021484,3.5035858154296875,5.482017517089844,0,0,INCORRECT
sf,earth_science,42,67.37445068359375,1.5091705322265625,3.0684432983398438,0,1,CORRECT
sf,earth_science,30,75.21236419677734,2.44635009765625,4.6953277587890625,0,1,INCORRECT
sf,earth_science,36,79.62211608886719,3.6919708251953125,8.838981628417969,1,1,CORRECT
sf,earth_science,31,73.98796081542969,4.047569274902344,7.1945037841796875,1,1,CORRECT
sf,earth_science,43,68.78582763671875,2.9563522338867188,5.869174957275391,1,1,INCORRECT
sf,earth_science,35,73.28901672363281,2.0520095825195312,5.01275634765625,1,1,INCORRECT
sf,earth_science,41,79.68355560302734,6.5289306640625,10.317031860351562,1,1,CORRECT
sf,earth_science,40,72.85293579101562,2.6084060668945312,6.338661193847656,0,0,INCORRECT
sf,earth_science,54,76.30179595947266,3.22454833984375,6.881195068359375,0,1,CORRECT
sf,earth_science,44,76.62166595458984,2.4411849975585938,6.684257507324219,0,0,CORRECT
sf,earth_science,50,76.829833984375,6.224876403808594,9.523658752441406,1,1,INCORRECT
sf,earth_science,48,72.63370513916016,0.3650970458984375,2.2616119384765625,0,0,CORRECT
sf,earth_science,47,84.59074401855469,6.32257080078125,10.202667236328125,0,1,CORRECT
sf,earth_science,53,78.34850311279297,1.9906387329101562,6.007499694824219,1,1,CORRECT
sf,earth_science,46,79.19606018066406,3.586456298828125,9.5374755859375,0,1,CORRECT
sf,earth_science,49,74.8360595703125,2.8856353759765625,8.927833557128906,1,1,CORRECT
sf,earth_science,55,79.09294128417969,7.243385314941406,9.556793212890625,1,1,CORRECT
sf,earth_science,51,81.24942016601562,7.0173492431640625,13.202339172363281,1,1,CORRECT
sf,earth_science,57,72.33798217773438,1.9562454223632812,5.400779724121094,1,1,CORRECT
sf,earth_science,58,82.09066772460938,4.171051025390625,13.085006713867188,0,0,INCORRECT
sf,earth_science,52,73.09496307373047,1.5489120483398438,3.0446624755859375,0,0,CORRECT
sf,earth_science,60,70.88262176513672,1.5154953002929688,3.9652252197265625,0,0,CORRECT
sf,earth_science,56,77.37422943115234,7.137626647949219,10.432823181152344,0,1,CORRECT
sf,earth_science,72,72.51819610595703,2.7130126953125,8.851638793945312,1,1,CORRECT
sf,earth_science,67,72.37684631347656,1.3806533813476562,4.6717071533203125,1,1,INCORRECT
sf,earth_science,71,75.8496322631836,4.4460296630859375,9.669784545898438,1,1,CORRECT
sf,earth_science,62,73.23153686523438,2.7709579467773438,6.243316650390625,0,1,CORRECT
sf,earth_science,59,77.5810775756836,1.7428131103515625,4.31463623046875,1,1,CORRECT
sf,earth_science,63,80.40939331054688,4.614662170410156,8.631004333496094,0,1,CORRECT
sf,earth_science,61,75.39696502685547,2.5774154663085938,5.249259948730469,0,0,INCORRECT
sf,earth_science,65,78.78471374511719,10.379714965820312,12.635093688964844,1,1,CORRECT
sf,earth_science,64,70.85166931152344,3.07330322265625,5.319427490234375,1,1,CORRECT
sf,earth_science,66,72.05485534667969,2.5801315307617188,5.307777404785156,1,1,CORRECT
sf,earth_science,70,79.75944519042969,4.614326477050781,9.723678588867188,1,1,CORRECT
sf,earth_science,69,76.64624786376953,6.70208740234375,12.981956481933594,1,1,CORRECT
sf,earth_science,68,69.47660827636719,2.171142578125,4.786735534667969,0,0,CORRECT
sf,earth_science,73,78.88745880126953,1.952362060546875,4.98895263671875,1,1,CORRECT
sf,earth_science,88,69.73464965820312,0.0,5.766216278076172,0,1,INCORRECT
sf,earth_science,74,76.0324935913086,4.159370422363281,6.878044128417969,1,1,CORRECT
sf,earth_science,75,78.59241485595703,6.8525848388671875,9.307540893554688,1,1,CORRECT
sf,earth_science,87,81.91287231445312,6.419700622558594,13.302696228027344,1,1,CORRECT
sf,earth_science,76,80.0610122680664,6.668647766113281,8.712699890136719,0,1,CORRECT
sf,earth_science,77,74.49103546142578,2.3139801025390625,4.536613464355469,0,0,INCORRECT
sf,earth_science,81,80.53236389160156,3.9539413452148438,7.341606140136719,1,1,CORRECT
sf,earth_science,79,76.99219512939453,4.134063720703125,8.141563415527344,0,0,CORRECT
sf,earth_science,80,81.7573471069336,9.693351745605469,16.868896484375,1,1,CORRECT
sf,earth_science,86,75.45821380615234,3.4394149780273438,8.075820922851562,1,1,CORRECT
sf,earth_science,82,80.71623992919922,2.0428619384765625,5.754356384277344,1,1,CORRECT
sf,earth_science,85,72.19786834716797,2.7522735595703125,6.0187530517578125,1,1,INCORRECT
sf,earth_science,84,72.17935943603516,4.7516326904296875,7.440277099609375,0,0,INCORRECT
sf,earth_science,78,74.0625228881836,1.9446640014648438,3.8805923461914062,0,0,INCORRECT
sf,earth_science,83,78.09227752685547,1.3739242553710938,6.4222564697265625,1,1,CORRECT
sf,earth_science,92,69.40458679199219,1.6438751220703125,3.74310302734375,0,1,INCORRECT
sf,earth_science,96,77.96279907226562,2.6538238525390625,6.5675048828125,1,1,CORRECT
sf,earth_science,94,71.35989379882812,4.93212890625,7.8745269775390625,0,0,INCORRECT
sf,earth_science,89,70.497802734375,1.2083587646484375,3.5511016845703125,0,0,INCORRECT
sf,earth_science,101,86.27587127685547,13.5770263671875,23.699356079101562,1,1,CORRECT
sf,earth_science,91,75.7431411743164,2.61285400390625,5.770881652832031,1,1,CORRECT
sf,earth_science,102,72.12518310546875,3.3852081298828125,5.179901123046875,0,0,CORRECT
sf,earth_science,90,75.53036499023438,2.8923263549804688,4.7215118408203125,1,1,CORRECT
sf,earth_science,93,73.90533447265625,1.3120956420898438,5.1617431640625,1,1,CORRECT
sf,earth_science,95,74.6872787475586,0.9983901977539062,3.1844863891601562,1,1,CORRECT
sf,earth_science,100,71.67626190185547,2.8987884521484375,7.4740447998046875,0,0,INCORRECT
sf,earth_science,103,75.70027160644531,5.683563232421875,7.680213928222656,0,0,CORRECT
sf,earth_science,98,79.89027404785156,4.950958251953125,8.996574401855469,1,1,CORRECT
sf,earth_science,97,73.62615966796875,2.4648513793945312,6.2187652587890625,1,1,CORRECT
sf,earth_science,110,70.8798828125,2.304656982421875,4.087120056152344,0,1,CORRECT
sf,earth_science,104,73.5943374633789,3.036773681640625,6.526573181152344,1,1,INCORRECT
sf,earth_science,99,81.01593017578125,3.811798095703125,9.643722534179688,0,0,INCORRECT
sf,earth_science,106,71.0336685180664,0.7454452514648438,4.2316436767578125,0,0,INCORRECT
sf,earth_science,114,72.5306625366211,3.9838104248046875,6.635475158691406,0,1,CORRECT
sf,earth_science,105,67.89265441894531,2.5505523681640625,4.5640411376953125,0,0,CORRECT
sf,earth_science,113,75.01238250732422,2.7544021606445312,7.444122314453125,1,1,CORRECT
sf,earth_science,111,73.63739776611328,2.1103668212890625,4.585380554199219,0,1,INCORRECT
sf,earth_science,107,81.95186614990234,10.955169677734375,13.113517761230469,0,0,CORRECT
sf,earth_science,108,68.89723205566406,1.3690643310546875,3.4312973022460938,0,0,CORRECT
sf,earth_science,109,77.20220947265625,3.1796493530273438,6.733268737792969,0,0,CORRECT
sf,earth_science,112,74.61066436767578,1.61785888671875,4.863868713378906,0,0,INCORRECT
sf,earth_science,115,83.07086181640625,4.103179931640625,8.727470397949219,0,0,CORRECT
sf,economics,1,77.97590637207031,4.632957458496094,8.003440856933594,0,1,CORRECT
sf,economics,4,75.19824981689453,2.8489303588867188,7.5926971435546875,0,0,CORRECT
sf,economics,5,73.36908721923828,2.4229507446289062,5.389190673828125,0,0,CORRECT
sf,economics,3,74.46122741699219,2.9935836791992188,5.7293548583984375,0,1,CORRECT
sf,economics,6,72.99185180664062,1.982879638671875,5.661689758300781,0,0,INCORRECT
sf,economics,2,71.823486328125,2.3989028930664062,4.677192687988281,0,0,CORRECT
sf,economics,0,73.91114044189453,3.1866912841796875,6.7679443359375,0,0,INCORRECT
sf,economics,15,78.8636474609375,2.6847915649414062,4.638938903808594,0,0,CORRECT
sf,economics,9,69.63250732421875,0.8153839111328125,3.0640716552734375,1,1,CORRECT
sf,economics,10,82.87894439697266,4.0081787109375,8.160125732421875,0,0,CORRECT
sf,economics,12,76.64678955078125,4.380516052246094,7.032768249511719,1,1,CORRECT
sf,economics,8,74.86334991455078,3.801116943359375,4.727783203125,0,0,CORRECT
sf,economics,7,78.25626373291016,1.9780502319335938,4.965362548828125,0,0,INCORRECT
sf,economics,13,71.54989624023438,1.8606185913085938,5.047859191894531,0,0,CORRECT
sf,economics,11,73.16285705566406,2.2192001342773438,5.70965576171875,0,0,CORRECT
sf,economics,14,78.8644027709961,6.2146148681640625,9.83062744140625,0,0,INCORRECT
sf,economics,20,73.59815979003906,2.3106307983398438,4.477149963378906,0,0,INCORRECT
sf,economics,16,76.3050765991211,2.1293411254882812,6.687049865722656,0,0,CORRECT
sf,economics,18,77.28107452392578,1.5672454833984375,5.213890075683594,1,1,CORRECT
sf,economics,21,75.1095199584961,1.7163772583007812,4.3570404052734375,0,0,CORRECT
sf,economics,19,80.63459777832031,3.1261062622070312,5.3499298095703125,0,0,INCORRECT
sf,economics,22,82.35663604736328,3.8966903686523438,10.382034301757812,0,1,CORRECT
sf,economics,23,76.77027130126953,1.0271453857421875,2.5647506713867188,1,1,INCORRECT
sf,economics,25,83.3030776977539,5.152168273925781,11.464248657226562,1,1,CORRECT
sf,economics,27,82.97288513183594,0.37652587890625,5.438056945800781,0,1,CORRECT
sf,economics,24,74.80459594726562,2.6898880004882812,4.724800109863281,0,0,CORRECT
sf,economics,31,79.9045181274414,4.302268981933594,6.891288757324219,0,0,CORRECT
sf,economics,26,77.97684478759766,1.4897613525390625,5.126152038574219,1,1,CORRECT
sf,economics,29,77.89198303222656,1.8877639770507812,7.552299499511719,1,1,CORRECT
sf,economics,36,73.81183624267578,5.9469146728515625,8.253089904785156,1,1,CORRECT
sf,economics,28,75.27974700927734,1.0682373046875,3.82049560546875,1,1,CORRECT
sf,economics,30,72.8212661743164,1.6278305053710938,5.069450378417969,0,0,CORRECT
sf,economics,32,71.79363250732422,2.5715408325195312,4.69573974609375,1,1,INCORRECT
sf,economics,33,78.80965423583984,3.08441162109375,6.186553955078125,1,1,CORRECT
sf,economics,34,74.8962631225586,2.2469711303710938,5.8315582275390625,1,1,CORRECT
sf,economics,35,73.5679702758789,1.1631851196289062,2.60400390625,0,0,CORRECT
sf,economics,41,74.44740295410156,1.0923919677734375,3.0121536254882812,0,1,CORRECT
sf,economics,43,70.38809967041016,1.97039794921875,4.787689208984375,0,0,INCORRECT
sf,economics,38,76.65486907958984,5.9972686767578125,9.576164245605469,1,1,CORRECT
sf,economics,37,88.72676086425781,1.6353378295898438,8.047706604003906,0,0,CORRECT
sf,economics,40,74.90471649169922,1.0465774536132812,4.2943267822265625,0,0,CORRECT
sf,economics,44,72.35189819335938,2.4792022705078125,3.6770401000976562,0,0,CORRECT
sf,economics,39,75.59959411621094,1.1497955322265625,3.2907257080078125,0,1,CORRECT
sf,economics,45,81.33683013916016,2.4794998168945312,7.72772216796875,0,0,INCORRECT
sf,economics,42,79.88323211669922,2.166168212890625,7.239265441894531,0,1,CORRECT
sf,economics,46,74.89337921142578,5.5181121826171875,9.26025390625,1,1,CORRECT
sf,economics,17,84.83419799804688,2.6697845458984375,7.382240295410156,1,1,CORRECT
sf,economics,50,74.852783203125,1.8707427978515625,3.6171722412109375,0,0,INCORRECT
sf,economics,47,79.79806518554688,3.1625518798828125,7.036216735839844,0,0,INCORRECT
sf,economics,54,76.5935287475586,0.0,6.195350646972656,0,0,INCORRECT
sf,economics,49,78.64173126220703,2.1887054443359375,7.09857177734375,1,1,CORRECT
sf,economics,48,80.36538696289062,1.7260665893554688,5.7173004150390625,0,0,CORRECT
sf,economics,53,78.28299713134766,3.2190322875976562,7.126594543457031,0,0,INCORRECT
sf,economics,62,76.61882019042969,0.6796646118164062,3.8736801147460938,0,0,CORRECT
sf,economics,52,80.1479263305664,3.8060073852539062,6.971343994140625,1,1,CORRECT
sf,economics,55,72.284912109375,1.3098831176757812,4.0900726318359375,1,1,CORRECT
sf,economics,63,78.93815612792969,1.91796875,6.4622650146484375,0,0,INCORRECT
sf,economics,58,78.61255645751953,2.5976791381835938,4.61865234375,0,0,CORRECT
sf,economics,56,72.08596801757812,2.0221939086914062,5.795074462890625,1,1,CORRECT
sf,economics,57,73.44254302978516,0.9932327270507812,3.7068099975585938,0,0,CORRECT
sf,economics,60,77.54117584228516,1.5271759033203125,4.727195739746094,1,1,CORRECT
sf,economics,61,76.9555892944336,6.115608215332031,10.336471557617188,0,0,CORRECT
sf,economics,59,75.43466186523438,1.1891632080078125,4.0166473388671875,0,1,CORRECT
sf,economics,66,82.91159057617188,4.2471771240234375,6.7658538818359375,1,1,CORRECT
sf,economics,64,74.54170227050781,3.5942153930664062,5.549659729003906,0,1,INCORRECT
sf,economics,65,72.40290069580078,2.0475311279296875,4.662254333496094,0,0,INCORRECT
sf,economics,67,81.72785186767578,1.5978012084960938,4.615196228027344,0,0,CORRECT
sf,economics,68,76.71829986572266,1.4283981323242188,3.7375869750976562,0,0,CORRECT
sf,economics,69,78.9678726196289,5.862785339355469,10.631301879882812,0,1,INCORRECT
sf,economics,72,77.73617553710938,0.7411346435546875,4.1363372802734375,0,1,CORRECT
sf,economics,71,76.02584838867188,5.847442626953125,8.024894714355469,0,0,CORRECT
sf,economics,70,79.1305160522461,9.207260131835938,13.156570434570312,1,1,CORRECT
sf,economics,73,74.98831176757812,1.4430313110351562,4.194061279296875,1,1,INCORRECT
sf,economics,74,77.18717193603516,1.2362289428710938,3.8995285034179688,1,1,CORRECT
sf,economics,78,74.83204650878906,2.6757431030273438,6.79052734375,0,0,CORRECT
sf,economics,76,80.55061340332031,7.6247711181640625,13.885711669921875,0,0,INCORRECT
sf,economics,75,74.35874938964844,1.2260284423828125,4.314384460449219,0,1,CORRECT
sf,economics,77,73.82197570800781,2.6788482666015625,5.303245544433594,0,0,INCORRECT
sf,economics,79,77.58828735351562,1.459625244140625,4.5508880615234375,1,1,CORRECT
sf,economics,87,74.44386291503906,1.6422042846679688,7.1056671142578125,0,0,CORRECT
sf,economics,82,73.34105682373047,1.924224853515625,3.8596572875976562,0,0,CORRECT
sf,economics,81,78.78321075439453,2.6990432739257812,5.2542724609375,0,0,CORRECT
sf,economics,80,84.13265228271484,2.0265045166015625,5.554107666015625,0,0,CORRECT
sf,economics,86,79.13626098632812,4.448921203613281,9.162384033203125,0,0,INCORRECT
sf,economics,88,77.9427261352539,5.9095611572265625,11.597457885742188,0,1,INCORRECT
sf,economics,85,74.23088073730469,1.1345672607421875,8.254287719726562,1,1,CORRECT
sf,economics,84,84.10960388183594,11.755386352539062,14.319084167480469,1,1,CORRECT
sf,economics,83,75.30450439453125,1.209136962890625,3.0419464111328125,1,1,CORRECT
sf,economics,89,77.29196166992188,3.4363632202148438,6.284751892089844,1,1,CORRECT
sf,economics,91,77.80179595947266,1.2321548461914062,6.609031677246094,0,0,CORRECT
sf,economics,92,74.71741485595703,6.11346435546875,8.150520324707031,1,1,CORRECT
sf,economics,90,73.40135192871094,2.5699005126953125,4.506950378417969,0,0,CORRECT
sf,economics,93,78.20873260498047,2.8999481201171875,6.295860290527344,1,1,CORRECT
sf,economics,96,75.79644775390625,4.9361114501953125,8.203239440917969,1,1,CORRECT
sf,economics,97,80.97850799560547,1.6161956787109375,4.743568420410156,0,1,CORRECT
sf,economics,94,73.42176818847656,1.0184478759765625,4.633964538574219,0,0,CORRECT
sf,economics,95,77.30194091796875,2.6615753173828125,5.467216491699219,1,1,CORRECT
sf,economics,98,81.32997131347656,5.844917297363281,7.5819854736328125,0,0,CORRECT
sf,economics,102,77.56466674804688,1.3267288208007812,8.529830932617188,0,0,INCORRECT
sf,economics,100,73.46956634521484,2.4077911376953125,4.627464294433594,0,0,CORRECT
sf,economics,101,78.06192779541016,2.4623260498046875,5.006324768066406,0,0,INCORRECT
sf,leetcode,1,92.44923400878906,14.299827575683594,22.859085083007812,1,1,INCORRECT
sf,leetcode,2,93.65750885009766,14.676422119140625,22.711448669433594,1,1,CORRECT
sf,leetcode,0,90.03790283203125,18.67986297607422,22.86602783203125,1,1,CORRECT
sf,leetcode,3,87.52021789550781,10.453048706054688,15.351371765136719,1,1,INCORRECT
sf,economics,99,77.37751007080078,2.886688232421875,4.9591064453125,0,0,CORRECT
sf,leetcode,4,80.44335174560547,3.7116470336914062,7.026603698730469,1,1,INCORRECT
sf,leetcode,5,90.398681640625,15.149436950683594,17.516250610351562,1,1,CORRECT
sf,leetcode,9,94.19715118408203,24.63080596923828,26.845306396484375,1,1,CORRECT
sf,leetcode,8,82.59596252441406,4.0250244140625,8.155059814453125,0,1,INCORRECT
sf,leetcode,10,73.49807739257812,2.2080230712890625,4.6092376708984375,1,1,CORRECT
sf,leetcode,6,93.29004669189453,14.7498779296875,18.270606994628906,1,1,CORRECT
sf,leetcode,7,89.76599884033203,11.685646057128906,19.556617736816406,0,1,CORRECT
sf,leetcode,11,87.53202819824219,3.4334259033203125,13.622955322265625,0,0,CORRECT
sf,leetcode,12,74.88792419433594,3.7461700439453125,4.732032775878906,0,0,INCORRECT
sf,leetcode,18,86.91824340820312,9.873275756835938,13.315818786621094,1,1,CORRECT
sf,leetcode,13,81.23240661621094,3.0530929565429688,5.586265563964844,0,0,CORRECT
sf,leetcode,14,81.9974365234375,8.658241271972656,12.199386596679688,1,1,CORRECT
sf,leetcode,16,76.24808502197266,1.5590057373046875,5.620170593261719,0,1,CORRECT
sf,leetcode,17,83.98982238769531,10.276451110839844,12.997573852539062,1,1,CORRECT
sf,leetcode,15,82.3912353515625,3.2076263427734375,7.371368408203125,0,0,INCORRECT
sf,leetcode,19,74.86483764648438,2.8221282958984375,4.547119140625,0,0,CORRECT
sf,leetcode,22,85.3777847290039,8.162506103515625,11.201263427734375,1,1,INCORRECT
sf,leetcode,25,80.97175598144531,4.817649841308594,8.230850219726562,0,1,CORRECT
sf,leetcode,23,78.90913391113281,2.2488861083984375,4.3148956298828125,0,0,CORRECT
sf,leetcode,24,87.91322326660156,4.4080657958984375,11.399894714355469,1,1,CORRECT
sf,leetcode,21,84.65144348144531,8.525405883789062,13.063140869140625,1,1,CORRECT
sf,leetcode,20,91.05107879638672,17.28614044189453,19.65282440185547,0,0,CORRECT
sf,leetcode,26,85.99079895019531,4.9276885986328125,12.544944763183594,0,1,CORRECT
sf,leetcode,30,83.03084564208984,5.101661682128906,8.378120422363281,1,1,CORRECT
sf,leetcode,28,73.57066345214844,2.1644515991210938,4.257209777832031,0,0,INCORRECT
sf,leetcode,27,81.53521728515625,3.9390869140625,7.42169189453125,1,1,CORRECT
sf,leetcode,29,82.00237274169922,5.566162109375,9.661392211914062,1,1,CORRECT
sf,leetcode,31,85.60247802734375,11.881355285644531,14.585472106933594,1,1,INCORRECT
sf,leetcode,33,89.09663391113281,9.156936645507812,12.609245300292969,1,1,CORRECT
sf,leetcode,34,84.03275299072266,6.388023376464844,9.908828735351562,1,1,CORRECT
sf,leetcode,32,76.93351745605469,2.079010009765625,3.5920944213867188,0,0,CORRECT
sf,leetcode,38,85.57534790039062,11.486328125,13.650253295898438,0,0,INCORRECT
sf,leetcode,36,72.8618392944336,1.6250152587890625,3.4915695190429688,0,1,CORRECT
sf,leetcode,35,77.69541931152344,2.1834945678710938,4.2290191650390625,0,0,CORRECT
sf,leetcode,37,87.03387451171875,5.184967041015625,8.586578369140625,1,1,CORRECT
sf,leetcode,39,81.33447265625,4.4312286376953125,7.12322998046875,0,0,INCORRECT
sf,leetcode,41,81.6137924194336,1.2985458374023438,5.485466003417969,0,1,INCORRECT
sf,leetcode,40,87.23403930664062,8.221588134765625,13.106369018554688,1,1,CORRECT
sf,leetcode,44,79.65087890625,7.657371520996094,10.4854736328125,0,1,CORRECT
sf,leetcode,46,85.16187286376953,7.096580505371094,10.625274658203125,1,1,INCORRECT
sf,leetcode,47,78.9828872680664,3.473236083984375,5.773612976074219,0,0,CORRECT
sf,leetcode,42,85.90188598632812,6.706459045410156,10.061386108398438,1,1,CORRECT
sf,leetcode,45,86.19441223144531,7.039009094238281,9.507835388183594,0,0,CORRECT
sf,leetcode,48,87.00608825683594,10.39215087890625,14.62725830078125,1,1,INCORRECT
sf,leetcode,43,90.9983901977539,12.699783325195312,18.83324432373047,1,1,INCORRECT
sf,leetcode,49,88.52839660644531,8.299903869628906,12.305259704589844,0,1,CORRECT
sf,leetcode,52,84.14881896972656,7.4647064208984375,10.569747924804688,0,0,INCORRECT
sf,leetcode,50,90.5125732421875,9.528923034667969,15.081428527832031,1,1,CORRECT
sf,leetcode,53,86.98992156982422,4.698280334472656,8.845840454101562,1,1,CORRECT
sf,leetcode,51,85.26923370361328,10.460777282714844,12.853462219238281,0,1,CORRECT
sf,leetcode,54,77.34467315673828,4.3476715087890625,6.706169128417969,1,1,CORRECT
sf,leetcode,55,85.83618927001953,4.596977233886719,10.144454956054688,0,0,CORRECT
sf,leetcode,57,79.23477935791016,1.2665023803710938,3.5643157958984375,0,0,INCORRECT
sf,leetcode,56,86.88298797607422,7.11053466796875,12.198776245117188,0,0,CORRECT
sf,leetcode,58,88.35778045654297,6.0995025634765625,13.906715393066406,1,1,CORRECT
sf,leetcode,61,87.12661743164062,6.44024658203125,8.740798950195312,1,1,INCORRECT
sf,leetcode,59,92.4700698852539,12.409500122070312,17.92700958251953,0,0,INCORRECT
sf,leetcode,60,91.38047790527344,8.173141479492188,14.243125915527344,0,0,INCORRECT
sf,leetcode,63,91.00814056396484,15.37066650390625,18.77239227294922,0,0,INCORRECT
sf,leetcode,62,90.51323699951172,8.576690673828125,16.669296264648438,1,1,CORRECT
sf,leetcode,64,76.97933959960938,4.168525695800781,5.7841033935546875,0,0,CORRECT
sf,leetcode,66,74.26522064208984,1.3182220458984375,2.9783248901367188,0,1,CORRECT
sf,leetcode,68,83.48200225830078,6.11834716796875,9.509979248046875,0,0,CORRECT
sf,leetcode,67,86.5062026977539,4.820442199707031,10.949806213378906,1,1,CORRECT
sf,leetcode,65,82.62439727783203,10.348968505859375,12.836524963378906,1,1,CORRECT
sf,leetcode,69,78.72393798828125,6.046913146972656,8.899032592773438,0,1,CORRECT
sf,leetcode,70,83.51802825927734,8.364822387695312,12.364646911621094,1,1,CORRECT
sf,leetcode,71,82.70904541015625,8.754867553710938,11.244613647460938,1,1,CORRECT
sf,leetcode,72,84.62354278564453,7.693046569824219,10.685165405273438,0,0,CORRECT
sf,leetcode,73,90.20500183105469,10.624076843261719,14.173927307128906,0,0,CORRECT
sf,leetcode,75,80.94010162353516,3.7798004150390625,6.280464172363281,0,0,CORRECT
sf,leetcode,74,74.88442993164062,0.8249435424804688,3.2060470581054688,0,0,INCORRECT
sf,leetcode,78,84.49713897705078,5.807945251464844,10.130714416503906,0,1,CORRECT
sf,leetcode,76,81.98426818847656,4.4244537353515625,7.5550079345703125,0,0,CORRECT
sf,leetcode,77,91.56458282470703,16.736968994140625,20.684860229492188,0,1,CORRECT
sf,leetcode,80,92.8963394165039,17.909950256347656,21.722976684570312,1,1,CORRECT
sf,leetcode,81,85.62088775634766,8.9429931640625,15.499252319335938,1,1,CORRECT
sf,leetcode,79,90.95315551757812,14.802108764648438,18.253868103027344,1,1,CORRECT
sf,leetcode,82,84.98274993896484,3.5477142333984375,7.723236083984375,0,0,CORRECT
sf,leetcode,83,78.94906616210938,2.0856704711914062,6.062873840332031,1,1,INCORRECT
sf,leetcode,84,72.85986328125,1.75732421875,3.8967819213867188,0,0,CORRECT
sf,leetcode,85,84.71381378173828,6.7482452392578125,10.454521179199219,1,1,INCORRECT
sf,leetcode,86,76.19021606445312,1.4598464965820312,4.193489074707031,0,0,CORRECT
sf,leetcode,89,77.2335205078125,1.1179580688476562,3.190582275390625,1,1,CORRECT
sf,leetcode,92,86.40965270996094,6.8721160888671875,12.433097839355469,1,1,INCORRECT
sf,leetcode,88,81.1012954711914,1.8611679077148438,6.9139251708984375,0,0,CORRECT
sf,leetcode,90,84.10132598876953,2.2146835327148438,6.790061950683594,1,1,CORRECT
sf,leetcode,87,80.25714874267578,6.323112487792969,9.798286437988281,0,0,CORRECT
sf,leetcode,91,80.3753662109375,2.3802413940429688,6.30224609375,0,0,CORRECT
sf,leetcode,93,75.07478332519531,4.646949768066406,6.4969482421875,0,0,CORRECT
sf,leetcode,97,81.63153839111328,3.7873306274414062,6.38763427734375,0,0,INCORRECT
sf,leetcode,95,90.87872314453125,14.916831970214844,18.03734588623047,1,1,CORRECT
sf,leetcode,94,78.81504821777344,1.7646255493164062,6.2415313720703125,0,0,CORRECT
sf,leetcode,98,85.52879333496094,7.4579315185546875,12.660026550292969,1,1,CORRECT
sf,leetcode,96,82.35807800292969,4.231788635253906,7.4402923583984375,1,1,CORRECT
sf,leetcode,99,86.6488037109375,13.607009887695312,15.7786865234375,1,1,INCORRECT
sf,leetcode,100,76.61076354980469,4.376899719238281,7.13543701171875,1,1,CORRECT
sf,leetcode,102,84.25691986083984,9.879600524902344,12.859367370605469,0,0,CORRECT
sf,leetcode,103,89.38372039794922,13.660148620605469,18.313514709472656,1,1,INCORRECT
sf,leetcode,105,88.98104095458984,17.6881103515625,19.63062286376953,0,0,INCORRECT
sf,leetcode,106,81.66609191894531,9.656784057617188,12.849540710449219,0,0,CORRECT
sf,leetcode,108,84.78080749511719,9.358642578125,11.717926025390625,0,1,INCORRECT
sf,leetcode,104,80.85015106201172,2.3403778076171875,5.79400634765625,0,0,INCORRECT
sf,leetcode,101,84.62042999267578,11.900253295898438,14.626556396484375,0,0,CORRECT
sf,leetcode,107,86.1251449584961,8.051109313964844,11.383285522460938,0,0,INCORRECT
sf,leetcode,110,85.62077331542969,9.00286865234375,11.656036376953125,0,1,INCORRECT
sf,leetcode,111,82.94169616699219,6.827629089355469,11.307472229003906,0,0,INCORRECT
sf,leetcode,113,78.88480377197266,2.937835693359375,7.0513153076171875,0,0,CORRECT
sf,leetcode,112,81.09581756591797,3.8043212890625,10.411117553710938,0,0,INCORRECT
sf,leetcode,109,75.82661437988281,0.88201904296875,3.048431396484375,0,0,INCORRECT
sf,leetcode,117,84.55323791503906,2.3320388793945312,6.559967041015625,1,1,CORRECT
sf,leetcode,114,79.38272094726562,1.7708511352539062,4.6571197509765625,0,0,CORRECT
sf,leetcode,115,81.5906753540039,0.9926376342773438,4.2475433349609375,0,0,CORRECT
sf,leetcode,116,86.6835708618164,10.587921142578125,13.41534423828125,1,1,CORRECT
sf,leetcode,119,75.32579040527344,2.790863037109375,4.080360412597656,0,0,CORRECT
sf,leetcode,118,80.33737182617188,5.3392486572265625,10.882537841796875,0,1,CORRECT
sf,leetcode,120,88.92536926269531,14.050491333007812,17.86993408203125,0,0,CORRECT
sf,leetcode,123,89.73583984375,7.8990631103515625,12.305862426757812,1,1,CORRECT
sf,leetcode,122,75.95809936523438,2.0556716918945312,3.741180419921875,1,1,INCORRECT
sf,leetcode,121,74.88636016845703,2.2768936157226562,4.371025085449219,0,1,CORRECT
sf,leetcode,127,77.88005065917969,1.7209701538085938,6.837684631347656,0,0,CORRECT
sf,leetcode,125,84.61283874511719,5.807502746582031,9.918312072753906,1,1,CORRECT
sf,leetcode,128,82.88997650146484,3.4719161987304688,6.6615142822265625,0,1,CORRECT
sf,leetcode,124,80.60671997070312,8.311355590820312,10.391624450683594,0,1,CORRECT
sf,leetcode,126,84.83547973632812,5.0030364990234375,8.928558349609375,1,1,INCORRECT
sf,leetcode,129,73.76776123046875,1.8968582153320312,3.3513946533203125,1,1,CORRECT
sf,leetcode,134,76.3503646850586,1.6482315063476562,4.528472900390625,0,0,CORRECT
sf,leetcode,133,80.37525177001953,3.4923782348632812,5.622810363769531,0,1,INCORRECT
sf,leetcode,130,76.3310317993164,3.6680831909179688,6.818855285644531,1,1,CORRECT
sf,leetcode,131,80.32881927490234,3.2331085205078125,6.6623992919921875,0,0,CORRECT
sf,leetcode,138,76.79890441894531,2.1610183715820312,3.6705169677734375,0,0,INCORRECT
sf,leetcode,132,85.01667022705078,7.922294616699219,11.588592529296875,1,1,INCORRECT
sf,leetcode,135,83.13568115234375,2.932342529296875,6.9072723388671875,0,1,CORRECT
sf,leetcode,136,74.73397064208984,2.8591156005859375,4.847587585449219,0,0,CORRECT
sf,leetcode,137,78.6043701171875,3.094573974609375,5.154960632324219,0,0,INCORRECT
sf,pony,1,79.56720733642578,2.4753494262695312,3.53033447265625,0,1,CORRECT
sf,economics,51,82.0841064453125,6.61102294921875,11.220314025878906,0,0,INCORRECT
sf,pony,0,86.32035064697266,6.422508239746094,8.500350952148438,0,1,CORRECT
sf,leetcode,139,80.25209045410156,3.6138992309570312,5.524772644042969,0,0,INCORRECT
sf,leetcode,141,76.79461669921875,2.1374053955078125,4.825714111328125,0,0,CORRECT
sf,leetcode,140,79.07524871826172,1.7213821411132812,4.217658996582031,0,0,INCORRECT
sf,pony,9,81.52296447753906,2.627716064453125,4.507049560546875,0,1,CORRECT
sf,pony,2,82.15203094482422,2.4357833862304688,4.499626159667969,0,1,INCORRECT
sf,pony,6,80.04204559326172,2.6018524169921875,4.343070983886719,0,0,CORRECT
sf,pony,5,78.41268157958984,0.8834228515625,2.6377639770507812,0,0,INCORRECT
sf,pony,4,79.66789245605469,2.3883514404296875,3.9741287231445312,0,0,INCORRECT
sf,pony,3,80.90251922607422,2.9233245849609375,5.289405822753906,0,0,INCORRECT
sf,pony,10,79.75296020507812,1.9158248901367188,3.91265869140625,0,1,INCORRECT
sf,pony,7,80.19335174560547,0.8964385986328125,2.4316787719726562,0,0,INCORRECT
sf,pony,11,80.89405059814453,1.8735580444335938,3.9043426513671875,0,0,INCORRECT
sf,pony,12,79.427978515625,1.5642547607421875,3.4313888549804688,0,0,CORRECT
sf,pony,8,79.65309143066406,2.0980072021484375,3.5227127075195312,0,1,INCORRECT
sf,pony,13,80.04080963134766,1.0282516479492188,2.8854141235351562,0,1,CORRECT
sf,pony,14,79.33895874023438,1.6445999145507812,3.3989639282226562,0,0,CORRECT
sf,pony,16,80.14124298095703,2.112396240234375,3.8636245727539062,0,0,CORRECT
sf,pony,15,77.64484405517578,1.7939529418945312,3.9056167602539062,0,0,CORRECT
sf,pony,26,78.79756164550781,0.7022781372070312,3.012237548828125,0,1,CORRECT
sf,pony,17,80.46521759033203,0.9029541015625,3.1039047241210938,0,1,CORRECT
sf,pony,18,79.44146728515625,0.9343032836914062,2.6378173828125,0,0,INCORRECT
sf,pony,21,82.28616333007812,3.6388015747070312,5.436485290527344,0,0,CORRECT
sf,pony,19,80.632080078125,0.550933837890625,2.9439315795898438,0,0,CORRECT
sf,pony,20,80.74172973632812,1.7164840698242188,3.3509597778320312,1,1,CORRECT
sf,pony,22,80.61831665039062,2.2743377685546875,4.256378173828125,0,1,CORRECT
sf,pony,35,82.19086456298828,2.1353988647460938,3.75213623046875,0,1,CORRECT
sf,pony,23,81.02659606933594,2.2523040771484375,4.4014739990234375,0,0,CORRECT
sf,pony,24,86.17059326171875,6.7753753662109375,8.645706176757812,0,1,INCORRECT
sf,pony,25,82.74752044677734,2.4833755493164062,4.6964874267578125,0,1,INCORRECT
sf,pony,27,80.71311950683594,1.254974365234375,3.557403564453125,0,1,INCORRECT
sf,pony,28,79.75255584716797,1.2349853515625,3.6093673706054688,0,0,INCORRECT
sf,pony,34,80.69257354736328,1.7108840942382812,3.4333038330078125,0,0,CORRECT
sf,pony,29,81.37738800048828,1.8969573974609375,3.9981460571289062,0,0,INCORRECT
sf,pony,36,78.79553985595703,1.071624755859375,3.2013320922851562,0,1,CORRECT
sf,pony,30,80.53296661376953,1.2070388793945312,3.3078765869140625,0,1,CORRECT
sf,pony,31,77.69308471679688,0.5589675903320312,2.608184814453125,0,0,INCORRECT
sf,pony,32,81.11428833007812,1.4571533203125,3.9693832397460938,0,1,CORRECT
sf,pony,33,80.34574127197266,2.3150787353515625,4.183692932128906,0,1,INCORRECT
sf,pony,38,80.2625961303711,0.5530853271484375,2.9078445434570312,1,1,CORRECT
sf,pony,45,80.7411117553711,0.9314193725585938,2.9963455200195312,0,1,CORRECT
sf,pony,37,84.6515884399414,5.5808563232421875,7.624092102050781,0,1,CORRECT
sf,pony,39,83.5253677368164,3.5975570678710938,7.4416351318359375,0,0,INCORRECT
sf,pony,40,80.4512939453125,1.4083251953125,3.5067596435546875,0,1,CORRECT
sf,pony,41,80.89808654785156,1.529998779296875,3.5682373046875,0,0,INCORRECT
sf,pony,42,82.57813262939453,2.7436981201171875,4.651924133300781,0,1,CORRECT
sf,pony,43,79.62052917480469,0.5512237548828125,2.6172409057617188,0,1,INCORRECT
sf,pony,44,82.92723846435547,2.2679290771484375,4.350395202636719,0,0,CORRECT
sf,pony,46,81.40591430664062,1.9366455078125,4.1545257568359375,0,1,CORRECT
sf,pony,47,78.70266723632812,0.7704010009765625,2.9200973510742188,0,0,CORRECT
sf,pony,48,86.3152847290039,3.3519058227539062,6.6759490966796875,1,1,CORRECT
sf,pony,49,80.8250732421875,1.9615097045898438,3.997344970703125,0,0,INCORRECT
sf,pony,52,79.9019775390625,2.2669219970703125,4.445945739746094,0,1,INCORRECT
sf,pony,51,80.43283081054688,0.7856063842773438,3.409820556640625,1,1,INCORRECT
sf,pony,50,80.82866668701172,1.3519668579101562,3.370391845703125,0,1,CORRECT
sf,pony,53,79.9628677368164,1.3883514404296875,3.6284561157226562,0,0,INCORRECT
sf,pony,54,80.47799682617188,1.3414154052734375,3.4597702026367188,1,1,CORRECT
sf,pony,57,82.3278579711914,3.6154708862304688,5.488105773925781,0,0,INCORRECT
sf,pony,56,78.40946197509766,0.8163528442382812,2.6713485717773438,0,0,CORRECT
sf,pony,58,80.52871704101562,2.2609024047851562,4.581268310546875,0,1,CORRECT
sf,pony,55,80.68315124511719,2.159881591796875,4.180473327636719,0,0,CORRECT
sf,pony,60,80.47268676757812,3.0262451171875,4.5835113525390625,0,1,CORRECT
sf,pony,59,80.78931427001953,1.1921768188476562,3.179534912109375,0,0,CORRECT
sf,pony,61,79.46748352050781,1.6320953369140625,3.3365554809570312,0,1,CORRECT
sf,pony,63,80.00738525390625,2.138336181640625,4.600898742675781,0,1,INCORRECT
sf,pony,62,81.20368194580078,3.0072250366210938,5.074554443359375,0,1,CORRECT
sf,pony,67,79.01045989990234,0.6930160522460938,2.4059829711914062,0,1,INCORRECT
sf,pony,64,79.70264434814453,0.9195098876953125,2.741912841796875,0,1,INCORRECT
sf,pony,66,79.58560943603516,1.878265380859375,3.60504150390625,0,0,INCORRECT
sf,pony,65,84.09687805175781,5.453483581542969,7.2527313232421875,0,1,INCORRECT
sf,pony,68,78.17256164550781,1.088348388671875,3.0423583984375,0,0,INCORRECT
sf,pony,69,84.55623626708984,3.4890975952148438,6.282569885253906,1,1,CORRECT
sf,pony,70,80.34567260742188,1.9751358032226562,4.733726501464844,0,1,INCORRECT
sf,pony,74,82.6076889038086,3.1157073974609375,7.1421051025390625,0,0,INCORRECT
sf,pony,71,77.24922180175781,0.39992523193359375,2.6522674560546875,0,0,INCORRECT
sf,pony,73,79.72122192382812,1.3584365844726562,3.4572067260742188,0,0,CORRECT
sf,pony,75,81.01834106445312,2.6494369506835938,4.905433654785156,0,1,INCORRECT
sf,pony,72,80.04480743408203,1.1884765625,3.1861343383789062,0,1,CORRECT
sf,pony,76,78.74980926513672,1.193756103515625,3.3020172119140625,0,1,INCORRECT
sf,pony,77,79.78115844726562,1.6328811645507812,3.6105194091796875,0,0,CORRECT
sf,pony,82,80.93516540527344,1.3366622924804688,3.7769699096679688,0,0,CORRECT
sf,pony,78,80.51321411132812,1.303985595703125,3.0561141967773438,0,1,INCORRECT
sf,pony,83,80.35026550292969,1.2383041381835938,3.1892547607421875,0,0,INCORRECT
sf,pony,79,81.18450927734375,0.6763992309570312,2.8719940185546875,0,1,INCORRECT
sf,pony,80,82.07716369628906,2.9831924438476562,5.007904052734375,0,0,INCORRECT
sf,pony,81,81.71825408935547,2.4599456787109375,4.630714416503906,0,1,INCORRECT
sf,pony,84,80.74384307861328,1.962738037109375,4.005409240722656,0,1,INCORRECT
sf,pony,87,80.14851379394531,2.0794143676757812,3.5193862915039062,0,0,CORRECT
sf,pony,88,79.24258422851562,1.687713623046875,3.3291397094726562,0,1,CORRECT
sf,pony,85,79.77839660644531,1.562255859375,3.713958740234375,0,0,CORRECT
sf,pony,86,81.85709381103516,2.913330078125,5.176246643066406,0,1,CORRECT
sf,pony,89,79.76630401611328,1.3367462158203125,2.9919891357421875,0,0,CORRECT
sf,pony,91,85.39253234863281,4.880706787109375,8.183486938476562,0,0,INCORRECT
sf,pony,90,82.76187133789062,5.036048889160156,6.947052001953125,0,1,CORRECT
sf,pony,93,81.67742156982422,2.5109710693359375,4.773956298828125,0,1,CORRECT
sf,pony,92,82.31132507324219,2.391876220703125,4.35113525390625,0,1,INCORRECT
sf,pony,97,82.45411682128906,3.0521011352539062,4.738883972167969,0,1,CORRECT
sf,pony,94,80.58076477050781,1.534423828125,3.1880950927734375,0,0,CORRECT
sf,pony,98,80.49775695800781,0.30828094482421875,2.48382568359375,0,0,CORRECT
sf,pony,95,78.68043518066406,0.6600494384765625,2.9451904296875,0,0,CORRECT
sf,pony,96,82.3200912475586,3.55609130859375,5.223884582519531,0,0,CORRECT
sf,pony,99,78.80809020996094,1.1250534057617188,3.1133956909179688,0,0,INCORRECT
sf,pony,100,81.05014038085938,1.6436767578125,3.7916488647460938,0,1,CORRECT
sf,pony,101,79.07095336914062,1.460052490234375,3.2750320434570312,0,1,CORRECT
sf,pony,103,79.17166137695312,1.3836135864257812,3.4265213012695312,0,1,CORRECT
sf,pony,106,79.40386962890625,1.7010498046875,3.4497451782226562,1,1,INCORRECT
sf,pony,104,80.48247528076172,2.5251998901367188,4.227668762207031,0,0,CORRECT
sf,pony,107,79.76101684570312,1.1970901489257812,3.1656951904296875,0,0,CORRECT
sf,pony,105,82.59504699707031,2.9884185791015625,4.509132385253906,0,1,CORRECT
sf,pony,108,77.32478332519531,0.5630645751953125,2.8899993896484375,0,0,CORRECT
sf,pony,102,77.76162719726562,1.8452377319335938,3.4562759399414062,0,1,INCORRECT
sf,pony,109,80.137939453125,1.3463287353515625,3.0931320190429688,0,0,INCORRECT
sf,psychology,2,81.64645385742188,1.721099853515625,5.394630432128906,0,1,CORRECT
sf,pony,111,78.20176696777344,0.8039627075195312,2.7935562133789062,0,1,CORRECT
sf,pony,110,81.38627624511719,1.637542724609375,4.130767822265625,0,0,CORRECT
sf,psychology,1,77.87934112548828,5.2993621826171875,7.627044677734375,1,1,INCORRECT
sf,psychology,0,72.78582763671875,1.6906509399414062,4.4210205078125,0,0,CORRECT
sf,psychology,12,74.29267883300781,4.113487243652344,5.425468444824219,0,1,CORRECT
sf,psychology,9,73.27263641357422,2.5204696655273438,7.201896667480469,1,1,CORRECT
sf,psychology,3,75.38720703125,1.3343276977539062,5.849250793457031,0,0,CORRECT
sf,psychology,4,71.89282989501953,1.3445281982421875,3.3718643188476562,0,1,CORRECT
sf,psychology,7,73.0101089477539,2.1194915771484375,3.96087646484375,0,0,INCORRECT
sf,psychology,13,78.13689422607422,2.5936431884765625,5.492485046386719,0,1,INCORRECT
sf,psychology,5,81.11681365966797,3.6375198364257812,11.932609558105469,0,0,CORRECT
sf,psychology,11,72.26210021972656,1.8004226684570312,4.9235687255859375,0,0,INCORRECT
sf,psychology,18,74.99901580810547,0.5705413818359375,4.527809143066406,0,1,INCORRECT
sf,psychology,6,72.91837310791016,1.7639312744140625,3.4425888061523438,0,0,CORRECT
sf,psychology,8,74.8677978515625,2.4678573608398438,6.087806701660156,0,0,CORRECT
sf,psychology,10,76.13859558105469,0.949676513671875,4.1614227294921875,0,1,CORRECT
sf,psychology,17,71.24884033203125,1.39697265625,3.1494598388671875,1,1,CORRECT
sf,psychology,14,75.45529174804688,1.7736053466796875,4.185371398925781,0,0,CORRECT
sf,psychology,20,81.79241180419922,9.033943176269531,12.209701538085938,1,1,CORRECT
sf,psychology,22,84.45333862304688,2.8739776611328125,9.260543823242188,0,0,CORRECT
sf,psychology,16,74.89350128173828,3.1131744384765625,6.918525695800781,0,0,CORRECT
sf,psychology,15,69.97044372558594,1.857818603515625,3.4928131103515625,0,0,CORRECT
sf,psychology,19,83.49105834960938,2.417388916015625,16.57318878173828,1,1,CORRECT
sf,psychology,23,78.79045867919922,4.0588836669921875,7.177650451660156,0,0,CORRECT
sf,psychology,29,76.2373046875,3.246917724609375,4.885368347167969,0,0,INCORRECT
sf,psychology,21,74.97941589355469,3.272735595703125,5.6350555419921875,0,0,INCORRECT
sf,psychology,31,74.03846740722656,3.0534591674804688,7.824378967285156,1,1,CORRECT
sf,psychology,27,74.48001098632812,1.7390975952148438,5.195068359375,0,1,INCORRECT
sf,psychology,24,72.71190643310547,2.8771286010742188,5.610015869140625,0,0,CORRECT
sf,psychology,28,74.77538299560547,2.1458663940429688,6.195045471191406,1,1,CORRECT
sf,psychology,25,72.84996795654297,1.3803939819335938,4.230339050292969,0,1,CORRECT
sf,psychology,30,81.79499816894531,3.8049468994140625,9.171890258789062,1,1,CORRECT
sf,psychology,33,72.5194320678711,1.0131683349609375,3.9041824340820312,1,1,CORRECT
sf,psychology,26,81.3939208984375,4.435302734375,13.111579895019531,0,1,CORRECT
sf,psychology,32,72.00750732421875,2.5532302856445312,4.2979278564453125,0,0,CORRECT
sf,psychology,36,69.11065673828125,1.4446792602539062,3.9244537353515625,0,1,CORRECT
sf,psychology,40,82.89253997802734,4.640068054199219,7.1485137939453125,0,0,CORRECT
sf,psychology,43,79.26801300048828,4.45001220703125,8.356712341308594,1,1,CORRECT
sf,psychology,34,77.68238830566406,2.372528076171875,5.931327819824219,0,0,CORRECT
sf,psychology,35,75.54580688476562,4.618431091308594,11.019927978515625,1,1,CORRECT
sf,psychology,37,78.98860931396484,1.4927215576171875,4.724433898925781,1,1,CORRECT
sf,psychology,44,76.43762969970703,3.0787811279296875,5.324821472167969,1,1,CORRECT
sf,psychology,39,73.1093978881836,4.320137023925781,5.33245849609375,0,0,INCORRECT
sf,psychology,38,74.55667877197266,2.2123489379882812,5.923591613769531,0,1,CORRECT
sf,psychology,51,70.90567016601562,1.2642669677734375,4.363441467285156,0,1,INCORRECT
sf,psychology,41,75.90275573730469,3.5249786376953125,5.151069641113281,0,0,INCORRECT
sf,psychology,45,80.0595474243164,2.6761856079101562,5.572380065917969,0,1,CORRECT
sf,psychology,48,73.8056869506836,2.932098388671875,5.133033752441406,0,0,INCORRECT
sf,psychology,46,81.50625610351562,7.1437530517578125,9.970588684082031,1,1,CORRECT
sf,psychology,47,72.16919708251953,3.04345703125,5.672088623046875,1,1,CORRECT
sf,psychology,55,72.9273910522461,1.4515457153320312,4.0252532958984375,0,1,CORRECT
sf,psychology,42,81.2976303100586,2.9840164184570312,5.9779815673828125,0,0,CORRECT
sf,psychology,49,74.5597152709961,0.30352020263671875,3.4475479125976562,0,0,INCORRECT
sf,psychology,50,71.8230209350586,0.45038604736328125,2.5768966674804688,0,1,CORRECT
sf,psychology,53,78.66886901855469,6.930610656738281,10.626319885253906,0,0,CORRECT
sf,psychology,54,76.38065338134766,2.0162811279296875,5.4791412353515625,0,0,CORRECT
sf,psychology,56,68.45132446289062,1.4233169555664062,3.0345382690429688,0,1,CORRECT
sf,psychology,65,76.28913879394531,4.787940979003906,8.825393676757812,0,1,INCORRECT
sf,psychology,52,76.50202178955078,3.4668502807617188,5.9395294189453125,0,1,INCORRECT
sf,psychology,57,75.54704284667969,1.4444656372070312,10.030258178710938,1,1,CORRECT
sf,psychology,58,77.56269836425781,1.1512603759765625,3.721160888671875,0,0,CORRECT
sf,psychology,59,82.0894775390625,2.9218215942382812,6.6274566650390625,0,1,CORRECT
sf,psychology,62,75.17012786865234,2.8844146728515625,6.241416931152344,0,1,CORRECT
sf,psychology,73,75.01862335205078,0.0570068359375,4.02008056640625,0,1,INCORRECT
sf,psychology,67,75.83531188964844,2.1597518920898438,6.903350830078125,1,1,CORRECT
sf,psychology,63,72.95152282714844,2.402313232421875,5.603080749511719,0,1,INCORRECT
sf,psychology,60,75.45187377929688,2.8079986572265625,5.474998474121094,0,0,CORRECT
sf,psychology,64,68.85507202148438,1.36492919921875,3.4379196166992188,0,1,INCORRECT
sf,psychology,61,72.45721435546875,2.5401077270507812,5.461189270019531,1,1,CORRECT
sf,psychology,71,77.4328384399414,2.2764816284179688,4.765525817871094,0,0,CORRECT
sf,psychology,66,79.3329086303711,1.5124130249023438,5.718116760253906,0,0,CORRECT
sf,psychology,70,77.31513214111328,1.3751296997070312,4.320838928222656,0,0,INCORRECT
sf,psychology,75,81.76653289794922,4.569938659667969,8.923782348632812,0,0,CORRECT
sf,psychology,77,68.20405578613281,1.2749099731445312,3.3626327514648438,0,0,CORRECT
sf,psychology,78,72.98155212402344,0.9839324951171875,2.9342803955078125,0,0,INCORRECT
sf,psychology,74,75.42411041259766,3.3944778442382812,7.418037414550781,1,1,CORRECT
sf,psychology,72,77.18830108642578,1.1027603149414062,4.320213317871094,1,1,CORRECT
sf,psychology,69,76.48219299316406,2.425079345703125,5.6010589599609375,0,1,CORRECT
sf,psychology,68,82.47389221191406,2.5264358520507812,8.200141906738281,0,1,INCORRECT
sf,psychology,79,81.74282836914062,6.9689788818359375,9.610404968261719,1,1,CORRECT
sf,psychology,83,74.37549591064453,1.5864410400390625,3.173828125,0,0,CORRECT
sf,psychology,76,73.72879028320312,1.6221694946289062,5.340034484863281,1,1,CORRECT
sf,psychology,89,76.31151580810547,4.224800109863281,6.225639343261719,0,0,INCORRECT
sf,psychology,81,72.0937728881836,0.6639556884765625,3.2948684692382812,0,1,INCORRECT
sf,psychology,80,76.43180847167969,2.3619842529296875,6.3940887451171875,0,1,CORRECT
sf,psychology,82,72.65247344970703,2.0341720581054688,3.8994674682617188,1,1,CORRECT
sf,psychology,87,71.47521209716797,3.0908432006835938,4.613517761230469,0,0,CORRECT
sf,psychology,85,75.69641876220703,2.6030807495117188,8.140510559082031,0,0,CORRECT
sf,psychology,84,74.89947509765625,3.4294891357421875,6.506156921386719,1,1,CORRECT
sf,psychology,86,74.08868408203125,3.1548995971679688,10.100101470947266,1,1,CORRECT
sf,psychology,93,69.80717468261719,0.6424942016601562,2.8755874633789062,0,1,INCORRECT
sf,psychology,88,75.94749450683594,2.7691650390625,5.638404846191406,1,1,CORRECT
sf,psychology,100,80.532958984375,3.7365646362304688,9.434158325195312,0,0,INCORRECT
sf,psychology,92,76.02519989013672,5.452827453613281,8.311805725097656,1,1,CORRECT
sf,psychology,90,79.56249237060547,2.9357223510742188,9.305152893066406,0,1,CORRECT
sf,psychology,91,77.90984344482422,4.999427795410156,8.9737548828125,1,1,CORRECT
sf,psychology,94,70.8963851928711,1.1338119506835938,3.63446044921875,0,0,INCORRECT
sf,psychology,99,81.49346160888672,3.0295028686523438,10.29168701171875,0,0,INCORRECT
sf,psychology,95,70.76548767089844,2.16265869140625,3.7091827392578125,0,0,CORRECT
sf,psychology,96,73.37207794189453,2.5460433959960938,4.8363494873046875,0,0,CORRECT
sf,robotics,0,83.89279174804688,1.2582855224609375,4.488975524902344,0,0,CORRECT
sf,psychology,98,74.52127075195312,1.8118133544921875,5.256072998046875,0,0,CORRECT
sf,psychology,97,75.38111114501953,7.584480285644531,10.288887023925781,1,1,CORRECT
sf,robotics,1,78.8930435180664,1.4391860961914062,2.7003097534179688,0,0,INCORRECT
sf,robotics,4,81.1878662109375,1.3729171752929688,3.38653564453125,0,0,CORRECT
sf,robotics,5,86.3062973022461,4.163490295410156,6.884857177734375,0,0,CORRECT
sf,robotics,6,84.61287689208984,2.2474517822265625,4.1438140869140625,1,1,CORRECT
sf,robotics,2,89.98013305664062,2.9384613037109375,4.6385498046875,0,1,CORRECT
sf,robotics,10,79.39192962646484,1.118621826171875,4.0130615234375,0,1,INCORRECT
sf,robotics,8,81.92093658447266,1.7726287841796875,5.381416320800781,1,1,CORRECT
sf,robotics,7,81.26728820800781,1.2027664184570312,3.4023971557617188,1,1,CORRECT
sf,robotics,9,83.85025787353516,1.1226425170898438,4.851776123046875,0,0,INCORRECT
sf,robotics,11,86.29037475585938,3.0822906494140625,8.068275451660156,0,0,CORRECT
sf,robotics,14,80.67945098876953,1.2739791870117188,2.839385986328125,0,0,INCORRECT
sf,robotics,12,84.23841094970703,3.0896377563476562,4.701957702636719,0,0,CORRECT
sf,robotics,13,81.79066467285156,1.35009765625,3.0783462524414062,0,0,CORRECT
sf,robotics,15,84.24505615234375,2.2758636474609375,3.8945236206054688,0,1,CORRECT
sf,robotics,16,81.94921112060547,1.2698898315429688,2.9102630615234375,1,1,CORRECT
sf,robotics,17,86.2352294921875,1.4522247314453125,5.3755645751953125,0,1,CORRECT
sf,robotics,19,82.58790588378906,2.7293014526367188,4.9021148681640625,0,0,INCORRECT
sf,robotics,21,86.44744873046875,4.691925048828125,7.546424865722656,0,0,INCORRECT
sf,robotics,18,88.42891693115234,3.0515899658203125,5.184356689453125,1,1,CORRECT
sf,robotics,20,86.33576965332031,1.2837600708007812,3.0196990966796875,1,1,CORRECT
sf,robotics,22,77.07572174072266,3.0232162475585938,5.922576904296875,0,0,CORRECT
sf,robotics,23,84.23570251464844,1.906005859375,3.92059326171875,0,1,CORRECT
sf,robotics,25,83.27842712402344,6.530242919921875,8.492103576660156,0,0,CORRECT
sf,robotics,24,83.52166748046875,2.737701416015625,4.4809112548828125,1,1,CORRECT
sf,robotics,31,80.99287414550781,0.456207275390625,2.3246994018554688,1,1,CORRECT
sf,robotics,26,87.1190414428711,2.6844406127929688,5.072349548339844,1,1,CORRECT
sf,robotics,30,89.70216369628906,1.82843017578125,4.697471618652344,0,0,INCORRECT
sf,robotics,27,87.30655670166016,1.6003799438476562,6.059211730957031,1,1,CORRECT
sf,robotics,29,82.2705078125,2.1310577392578125,5.066581726074219,0,0,INCORRECT
sf,robotics,28,86.26459503173828,0.9013748168945312,1.7851028442382812,0,0,CORRECT
sf,robotics,34,81.49365997314453,1.6343002319335938,3.8335189819335938,0,0,INCORRECT
sf,robotics,3,84.3513412475586,4.55584716796875,6.0013275146484375,0,0,INCORRECT
sf,robotics,32,86.86412048339844,1.9239273071289062,5.881980895996094,0,0,CORRECT
sf,robotics,33,84.59784698486328,0.7659149169921875,3.1108932495117188,0,0,CORRECT
sf,robotics,36,82.90361022949219,2.1692352294921875,4.440826416015625,1,1,CORRECT
sf,robotics,35,80.2865982055664,2.0511398315429688,4.77349853515625,0,0,CORRECT
sf,robotics,39,81.11100769042969,1.8115692138671875,2.9391326904296875,0,0,INCORRECT
sf,robotics,38,91.5688247680664,7.932579040527344,12.862556457519531,1,1,CORRECT
sf,robotics,40,83.14616394042969,0.6836013793945312,2.8342971801757812,0,0,INCORRECT
sf,robotics,49,84.53900146484375,1.5664291381835938,4.12103271484375,0,1,INCORRECT
sf,robotics,41,87.0254135131836,0.8639450073242188,2.8116531372070312,0,0,CORRECT
sf,robotics,37,86.16421508789062,0.06639862060546875,3.254150390625,0,0,CORRECT
sf,robotics,42,78.28617858886719,3.11578369140625,4.450325012207031,0,0,INCORRECT
sf,robotics,43,82.40663146972656,1.4867782592773438,2.4993667602539062,1,1,CORRECT
sf,robotics,50,80.72916412353516,0.6329116821289062,2.7094192504882812,0,1,CORRECT
sf,robotics,46,84.26399993896484,0.9072952270507812,4.5498199462890625,0,1,INCORRECT
sf,robotics,45,90.97574615478516,3.132415771484375,7.588020324707031,1,1,CORRECT
sf,robotics,47,82.1866455078125,0.7974472045898438,2.128936767578125,1,1,CORRECT
sf,robotics,44,79.9623031616211,0.8013916015625,1.87200927734375,0,0,INCORRECT
sf,robotics,51,83.7034912109375,4.531105041503906,6.25750732421875,0,0,CORRECT
sf,robotics,52,76.75605773925781,0.31539154052734375,1.879913330078125,0,0,CORRECT
sf,robotics,48,82.24874877929688,2.605224609375,4.016876220703125,1,1,CORRECT
sf,robotics,53,84.44991302490234,5.1104736328125,7.3928070068359375,0,0,CORRECT
sf,robotics,55,83.99744415283203,1.8017120361328125,3.6527786254882812,0,0,CORRECT
sf,robotics,60,82.87845611572266,2.6595230102539062,4.789955139160156,0,0,CORRECT
sf,robotics,59,87.69463348388672,2.7597122192382812,8.29083251953125,1,1,CORRECT
sf,robotics,54,84.46235656738281,1.7638092041015625,4.698844909667969,0,1,CORRECT
sf,robotics,56,84.5892105102539,3.0160140991210938,5.038780212402344,0,0,CORRECT
sf,robotics,57,84.51136016845703,2.3387222290039062,4.7651519775390625,1,1,CORRECT
sf,robotics,58,88.23970031738281,2.6234207153320312,6.919731140136719,0,1,CORRECT
sf,robotics,61,89.3207778930664,2.8241424560546875,9.024688720703125,0,0,CORRECT
sf,robotics,63,91.13752746582031,5.261970520019531,6.019676208496094,1,1,CORRECT
sf,robotics,62,91.93353271484375,6.281532287597656,9.201438903808594,0,0,CORRECT
sf,robotics,67,86.04895782470703,1.3521652221679688,4.114051818847656,0,0,CORRECT
sf,robotics,66,84.6998291015625,3.1970367431640625,5.462150573730469,0,0,CORRECT
sf,robotics,64,85.94253540039062,2.657928466796875,5.2833709716796875,0,1,CORRECT
sf,robotics,68,83.60072326660156,3.2609405517578125,7.580543518066406,1,1,CORRECT
sf,robotics,65,84.38323211669922,0.8881149291992188,3.0133590698242188,0,0,INCORRECT
sf,robotics,69,85.96845245361328,2.4663772583007812,5.349632263183594,1,1,CORRECT
sf,robotics,75,86.95665740966797,3.726409912109375,6.9105377197265625,1,1,CORRECT
sf,robotics,72,81.10946655273438,2.2215347290039062,3.4874191284179688,0,1,CORRECT
sf,robotics,73,86.03614807128906,1.656341552734375,4.35894775390625,1,1,CORRECT
sf,robotics,70,81.2908935546875,1.5889358520507812,3.7140274047851562,1,1,CORRECT
sf,robotics,74,84.88778686523438,1.6334228515625,4.89166259765625,0,0,CORRECT
sf,robotics,71,84.28441619873047,5.060966491699219,6.520729064941406,0,0,CORRECT
sf,robotics,80,82.88741302490234,1.4784164428710938,3.150299072265625,0,0,CORRECT
sf,robotics,82,79.37223052978516,1.4429931640625,3.9438552856445312,0,0,CORRECT
sf,robotics,77,83.3626480102539,0.7655029296875,5.531562805175781,0,0,INCORRECT
sf,robotics,76,85.03392791748047,3.4854812622070312,6.772850036621094,0,0,CORRECT
sf,robotics,78,87.24259948730469,1.527801513671875,5.221824645996094,1,1,CORRECT
sf,robotics,79,82.44916534423828,1.2190399169921875,3.5080184936523438,0,0,CORRECT
sf,robotics,83,83.46365356445312,3.8894195556640625,5.679740905761719,0,1,CORRECT
sf,robotics,81,84.2337646484375,0.6356124877929688,2.4848175048828125,0,0,CORRECT
sf,robotics,84,87.7059555053711,1.8189926147460938,8.373985290527344,1,1,CORRECT
sf,robotics,92,81.64008331298828,3.4112548828125,6.499244689941406,1,1,CORRECT
sf,robotics,85,85.03067779541016,0.7719345092773438,3.1755752563476562,1,1,CORRECT
sf,robotics,93,92.60970306396484,9.994651794433594,13.711235046386719,1,1,CORRECT
sf,robotics,86,87.44013214111328,5.680229187011719,8.230026245117188,0,1,INCORRECT
sf,robotics,88,82.951171875,1.2052383422851562,5.857292175292969,0,0,CORRECT
sf,robotics,90,83.43116760253906,2.0460281372070312,3.955413818359375,0,0,CORRECT
sf,robotics,87,85.16409301757812,3.2350921630859375,7.252777099609375,0,0,INCORRECT
sf,robotics,91,82.49773406982422,2.1960830688476562,6.1369781494140625,1,1,CORRECT
sf,robotics,95,81.62384796142578,0.630859375,3.6950531005859375,0,0,CORRECT
sf,robotics,89,85.02339172363281,1.4998703002929688,3.4637908935546875,0,0,CORRECT
sf,robotics,94,88.9698486328125,4.957427978515625,7.5496826171875,1,1,CORRECT
sf,robotics,96,86.87117004394531,2.3176193237304688,7.17779541015625,0,0,INCORRECT
sf,robotics,98,82.77266693115234,2.0251693725585938,4.352203369140625,0,0,CORRECT
sf,robotics,100,83.68509674072266,1.614776611328125,3.2815399169921875,0,0,CORRECT
sf,robotics,99,81.75709533691406,0.9322738647460938,2.892730712890625,0,1,CORRECT
sf,robotics,97,76.84403991699219,0.864654541015625,2.3542404174804688,0,0,INCORRECT
sf,stackoverflow,0,80.04122161865234,0.44576263427734375,5.873954772949219,0,1,INCORRECT
sf,stackoverflow,1,84.45288848876953,1.808441162109375,4.419364929199219,0,0,CORRECT
sf,stackoverflow,2,77.19548034667969,0.7893753051757812,3.2860260009765625,0,1,CORRECT
sf,stackoverflow,3,80.40933227539062,0.84246826171875,2.8160629272460938,0,1,CORRECT
sf,stackoverflow,6,79.90638732910156,2.4046478271484375,4.299102783203125,0,0,CORRECT
sf,stackoverflow,5,82.49311065673828,3.6284027099609375,5.880119323730469,1,1,CORRECT
sf,stackoverflow,7,75.70072937011719,1.5661087036132812,3.07879638671875,0,0,CORRECT
sf,stackoverflow,4,78.05054473876953,3.736724853515625,6.684577941894531,0,0,CORRECT
sf,stackoverflow,8,74.82562255859375,1.285736083984375,4.082038879394531,0,0,CORRECT
sf,stackoverflow,9,73.83710479736328,0.5176467895507812,2.0668487548828125,0,0,INCORRECT
sf,stackoverflow,10,82.69287872314453,1.5898895263671875,3.7111053466796875,1,1,CORRECT
sf,stackoverflow,11,77.2560806274414,0.6638870239257812,1.6703033447265625,0,0,CORRECT
sf,stackoverflow,12,78.47079467773438,2.4295883178710938,4.426856994628906,1,1,INCORRECT
sf,stackoverflow,14,80.54358673095703,4.276947021484375,9.118370056152344,0,1,CORRECT
sf,stackoverflow,15,79.95262145996094,1.16839599609375,4.098350524902344,0,0,CORRECT
sf,stackoverflow,13,81.70845031738281,1.5717926025390625,3.78814697265625,1,1,CORRECT
sf,stackoverflow,16,79.65856170654297,1.6748733520507812,5.147621154785156,0,1,CORRECT
sf,stackoverflow,20,82.17454528808594,3.12396240234375,7.630729675292969,0,0,CORRECT
sf,stackoverflow,21,75.24616241455078,2.4972000122070312,3.896728515625,0,0,CORRECT
sf,stackoverflow,18,84.54130554199219,1.2763824462890625,3.5042953491210938,0,0,CORRECT
sf,stackoverflow,19,76.32919311523438,1.734588623046875,3.8300399780273438,0,0,CORRECT
sf,stackoverflow,27,84.69224548339844,0.6114349365234375,9.37078857421875,0,0,CORRECT
sf,stackoverflow,17,81.2668228149414,2.8311691284179688,5.510414123535156,1,1,CORRECT
sf,stackoverflow,24,81.99398803710938,1.5435714721679688,3.3944778442382812,0,0,CORRECT
sf,stackoverflow,26,79.95653533935547,2.98089599609375,5.0635528564453125,0,0,CORRECT
sf,stackoverflow,31,81.46202850341797,3.9758682250976562,5.1258087158203125,1,1,CORRECT
sf,stackoverflow,25,81.11235046386719,2.5067596435546875,4.654960632324219,0,0,CORRECT
sf,stackoverflow,23,84.50322723388672,2.817626953125,9.598884582519531,0,1,CORRECT
sf,stackoverflow,29,82.3799819946289,2.00213623046875,5.177314758300781,0,0,INCORRECT
sf,stackoverflow,28,80.26641845703125,1.26727294921875,5.078880310058594,0,0,CORRECT
sf,stackoverflow,22,91.32015991210938,3.2330398559570312,11.233779907226562,0,0,INCORRECT
sf,stackoverflow,30,79.8455810546875,1.2249832153320312,1.846710205078125,0,0,CORRECT
sf,stackoverflow,32,79.97477722167969,2.80047607421875,5.150733947753906,0,0,CORRECT
sf,stackoverflow,33,79.91881561279297,2.2235870361328125,3.3503646850585938,0,0,CORRECT
sf,stackoverflow,34,82.9157943725586,3.8160934448242188,9.294227600097656,1,1,CORRECT
sf,stackoverflow,38,79.53288269042969,1.1478424072265625,4.701263427734375,0,0,INCORRECT
sf,stackoverflow,39,82.15404510498047,4.486114501953125,7.0463714599609375,0,1,CORRECT
sf,stackoverflow,46,74.18018341064453,4.14837646484375,6.7414093017578125,0,1,CORRECT
sf,stackoverflow,44,84.65637969970703,3.3577957153320312,12.081283569335938,1,1,INCORRECT
sf,stackoverflow,42,75.80274200439453,3.7454147338867188,6.369132995605469,1,1,CORRECT
sf,stackoverflow,41,85.88208770751953,0.7342376708984375,4.410072326660156,1,1,CORRECT
sf,stackoverflow,40,77.39620971679688,2.4212112426757812,4.603485107421875,0,0,CORRECT
sf,stackoverflow,47,91.55708312988281,6.212440490722656,14.684593200683594,0,1,CORRECT
sf,stackoverflow,45,78.52274322509766,1.443878173828125,3.8580093383789062,1,1,INCORRECT
sf,stackoverflow,37,78.40477752685547,1.5589599609375,2.9722747802734375,0,1,CORRECT
sf,stackoverflow,35,74.66448974609375,1.17486572265625,3.19482421875,0,0,CORRECT
sf,stackoverflow,43,84.67658996582031,4.236763000488281,6.7030181884765625,1,1,CORRECT
sf,stackoverflow,36,88.19145965576172,4.5279083251953125,11.930099487304688,0,0,CORRECT
sf,stackoverflow,48,77.38102722167969,2.1369781494140625,5.725440979003906,1,1,CORRECT
sf,stackoverflow,50,82.0828628540039,5.0179290771484375,8.233955383300781,0,0,CORRECT
sf,stackoverflow,49,82.49382019042969,3.1162261962890625,6.860237121582031,0,0,CORRECT
sf,stackoverflow,60,79.1074447631836,3.33843994140625,5.640342712402344,0,0,CORRECT
sf,stackoverflow,53,86.35113525390625,4.224205017089844,5.311378479003906,0,0,CORRECT
sf,stackoverflow,59,84.81806945800781,3.5103988647460938,9.460983276367188,0,0,INCORRECT
sf,stackoverflow,52,81.0262451171875,2.6482162475585938,5.475555419921875,0,1,CORRECT
sf,stackoverflow,56,82.63442993164062,1.5878448486328125,4.574104309082031,0,1,CORRECT
sf,stackoverflow,58,75.18264770507812,0.7103729248046875,2.0660781860351562,0,0,CORRECT
sf,stackoverflow,61,82.3345718383789,3.1996917724609375,5.969139099121094,0,0,CORRECT
sf,stackoverflow,62,80.5168685913086,1.297882080078125,4.589866638183594,1,1,CORRECT
sf,stackoverflow,51,75.38359832763672,3.5440902709960938,5.139106750488281,0,0,CORRECT
sf,stackoverflow,54,76.7458724975586,1.3185653686523438,3.2894210815429688,0,0,CORRECT
sf,stackoverflow,63,86.52236938476562,6.311698913574219,12.921356201171875,0,1,CORRECT
sf,stackoverflow,55,78.06487274169922,3.262054443359375,5.709403991699219,0,0,CORRECT
sf,stackoverflow,57,80.76012420654297,2.201812744140625,3.8089447021484375,0,0,CORRECT
sf,stackoverflow,64,83.84837341308594,2.6613693237304688,6.4823760986328125,0,1,CORRECT
sf,stackoverflow,74,82.93531036376953,2.2344741821289062,4.813011169433594,0,0,CORRECT
sf,stackoverflow,68,83.68195343017578,1.35931396484375,3.9335479736328125,0,0,CORRECT
sf,stackoverflow,78,79.079345703125,2.0236358642578125,6.096702575683594,0,0,INCORRECT
sf,stackoverflow,65,85.5126953125,3.181915283203125,10.946807861328125,0,0,INCORRECT
sf,stackoverflow,66,83.2649917602539,1.6442947387695312,4.620086669921875,0,0,CORRECT
sf,stackoverflow,77,86.1542739868164,1.5228042602539062,4.639122009277344,0,0,INCORRECT
sf,stackoverflow,75,80.22434997558594,1.1487960815429688,5.114990234375,1,1,CORRECT
sf,stackoverflow,70,87.01614379882812,3.2828521728515625,7.1827545166015625,0,1,CORRECT
sf,stackoverflow,73,82.83485412597656,3.1479949951171875,6.594856262207031,0,0,CORRECT
sf,stackoverflow,69,81.92479705810547,1.6102676391601562,4.670677185058594,0,0,INCORRECT
sf,stackoverflow,76,81.80562591552734,1.8816604614257812,4.911346435546875,0,0,CORRECT
sf,stackoverflow,79,80.42115020751953,1.1855392456054688,4.091438293457031,0,0,CORRECT
sf,stackoverflow,71,82.46150207519531,5.4904327392578125,9.166030883789062,0,0,CORRECT
sf,stackoverflow,67,78.38015747070312,3.039764404296875,5.377433776855469,0,0,CORRECT
sf,stackoverflow,72,86.40552520751953,6.7569580078125,10.892837524414062,1,1,CORRECT
sf,stackoverflow,82,75.48798370361328,4.828651428222656,8.100715637207031,1,1,CORRECT
sf,stackoverflow,80,88.68278503417969,4.843818664550781,10.026901245117188,0,0,CORRECT
sf,stackoverflow,86,85.74908447265625,5.074638366699219,10.0506591796875,1,1,CORRECT
sf,stackoverflow,88,85.31416320800781,5.649925231933594,11.870712280273438,0,1,CORRECT
sf,stackoverflow,81,82.41200256347656,6.741188049316406,8.6790771484375,0,0,INCORRECT
sf,stackoverflow,83,77.54608917236328,2.7952957153320312,5.629493713378906,1,1,CORRECT
sf,stackoverflow,93,87.6703109741211,3.6216888427734375,6.280952453613281,0,0,CORRECT
sf,stackoverflow,95,87.77753448486328,5.7669219970703125,12.128646850585938,0,0,CORRECT
sf,stackoverflow,91,79.87904357910156,1.9800262451171875,5.4839630126953125,0,0,INCORRECT
sf,stackoverflow,87,82.48975372314453,4.01116943359375,8.097549438476562,0,0,CORRECT
sf,stackoverflow,94,78.2794189453125,4.2945709228515625,6.423439025878906,0,0,CORRECT
sf,stackoverflow,85,76.48120880126953,1.4404830932617188,4.287628173828125,1,1,CORRECT
sf,stackoverflow,90,81.6944808959961,3.1724090576171875,6.204475402832031,0,0,CORRECT
sf,stackoverflow,89,74.54006958007812,1.349365234375,3.6334915161132812,0,0,INCORRECT
sf,stackoverflow,92,82.7469482421875,2.0354232788085938,4.170875549316406,0,0,CORRECT
sf,stackoverflow,84,76.92656707763672,3.0132904052734375,6.966827392578125,1,1,CORRECT
sf,stackoverflow,96,79.48239135742188,3.7446136474609375,6.758659362792969,1,1,CORRECT
sf,stackoverflow,97,75.79756164550781,1.65313720703125,3.1432723999023438,0,0,CORRECT
sf,stackoverflow,99,79.83470153808594,1.032440185546875,3.9040908813476562,1,1,CORRECT
sf,stackoverflow,100,91.39066314697266,6.064727783203125,11.294464111328125,0,0,CORRECT
sf,stackoverflow,98,86.08979797363281,3.0811767578125,8.490127563476562,0,1,CORRECT
sf,stackoverflow,101,82.0057601928711,1.4139175415039062,1.9748153686523438,0,0,CORRECT
sf,stackoverflow,104,78.92625427246094,0.95751953125,4.1044158935546875,0,0,CORRECT
sf,stackoverflow,107,86.20403289794922,2.0209274291992188,8.017936706542969,1,1,CORRECT
sf,stackoverflow,102,86.72997283935547,2.3287277221679688,10.569984436035156,0,1,CORRECT
sf,stackoverflow,105,83.44217681884766,3.5323715209960938,6.108795166015625,1,1,CORRECT
sf,stackoverflow,110,85.40225982666016,3.4125137329101562,9.100082397460938,0,0,CORRECT
sf,stackoverflow,103,90.40110778808594,8.668563842773438,12.536445617675781,0,1,CORRECT
sf,stackoverflow,109,86.4526596069336,1.8330764770507812,11.088279724121094,0,0,CORRECT
sf,stackoverflow,111,78.99607849121094,0.8178863525390625,4.555412292480469,0,1,CORRECT
sf,stackoverflow,108,80.96964263916016,1.8002853393554688,4.291954040527344,0,0,CORRECT
sf,stackoverflow,106,82.78700256347656,1.1150588989257812,5.0401763916015625,1,1,CORRECT
sf,sustainable_living,8,78.4267349243164,1.5085678100585938,3.1810226440429688,0,0,CORRECT
sf,stackoverflow,112,86.61945343017578,2.1881942749023438,5.9658203125,0,1,CORRECT
sf,stackoverflow,113,83.36271667480469,3.01959228515625,7.014312744140625,0,1,INCORRECT
sf,sustainable_living,4,76.94349670410156,1.4384536743164062,3.5964736938476562,0,0,INCORRECT
sf,sustainable_living,9,73.81838989257812,2.0517578125,4.15948486328125,0,0,INCORRECT
sf,sustainable_living,10,73.05738067626953,1.5498886108398438,5.1103973388671875,0,0,INCORRECT
sf,sustainable_living,6,74.84772491455078,1.1663970947265625,4.88848876953125,0,1,CORRECT
sf,sustainable_living,0,75.66352844238281,1.4736404418945312,4.823768615722656,1,1,CORRECT
sf,sustainable_living,1,72.82675170898438,0.9992599487304688,3.6181640625,0,0,CORRECT
sf,sustainable_living,7,74.48713684082031,3.477447509765625,5.8451080322265625,0,1,CORRECT
sf,sustainable_living,2,82.48221588134766,2.305877685546875,8.640525817871094,1,1,CORRECT
sf,stackoverflow,116,81.61087799072266,1.296875,5.165840148925781,0,0,CORRECT
sf,sustainable_living,17,76.09728240966797,1.9050827026367188,4.233070373535156,0,0,INCORRECT
sf,sustainable_living,12,80.65165710449219,1.4327926635742188,14.73724365234375,0,0,CORRECT
sf,sustainable_living,14,76.82734680175781,2.4055862426757812,4.358055114746094,0,0,INCORRECT
sf,sustainable_living,11,78.01822662353516,3.720489501953125,6.001823425292969,0,0,CORRECT
sf,sustainable_living,15,76.60320281982422,2.701629638671875,8.99212646484375,0,0,INCORRECT
sf,sustainable_living,18,72.29146575927734,0.977020263671875,1.9352188110351562,0,0,INCORRECT
sf,sustainable_living,13,75.57543182373047,2.5904388427734375,6.0407867431640625,1,1,CORRECT
sf,sustainable_living,21,79.72040557861328,1.6260452270507812,6.5554656982421875,0,0,INCORRECT
sf,sustainable_living,16,74.87791442871094,1.9989242553710938,4.8518524169921875,0,1,CORRECT
sf,sustainable_living,27,74.89153289794922,4.1486968994140625,6.409614562988281,0,0,INCORRECT
sf,sustainable_living,19,77.19148254394531,1.0074920654296875,2.17327880859375,0,0,CORRECT
sf,sustainable_living,22,71.73696899414062,0.6076736450195312,2.9175262451171875,0,1,CORRECT
sf,sustainable_living,26,74.81448364257812,0.3986663818359375,2.6569290161132812,0,1,CORRECT
sf,sustainable_living,24,75.51314544677734,2.4608535766601562,5.192054748535156,0,0,INCORRECT
sf,sustainable_living,28,72.70863342285156,2.91021728515625,5.783164978027344,0,1,INCORRECT
sf,sustainable_living,25,78.79493713378906,4.15283203125,7.386222839355469,0,0,CORRECT
sf,stackoverflow,114,84.26248931884766,4.5946807861328125,7.460823059082031,1,1,CORRECT
sf,sustainable_living,5,79.45361328125,1.9717025756835938,7.118553161621094,0,0,CORRECT
sf,stackoverflow,115,78.95592498779297,2.7312850952148438,4.934516906738281,0,0,INCORRECT
sf,sustainable_living,3,74.08306121826172,3.468505859375,5.549552917480469,0,1,CORRECT
sf,sustainable_living,23,75.51624298095703,2.7545089721679688,7.044837951660156,1,1,CORRECT
sf,sustainable_living,20,80.17107391357422,5.387458801269531,9.026008605957031,1,1,CORRECT
sf,sustainable_living,29,76.06056213378906,0.8579635620117188,4.025413513183594,0,0,INCORRECT
sf,sustainable_living,41,74.29301452636719,2.2895050048828125,4.953887939453125,1,1,CORRECT
sf,sustainable_living,37,73.01837921142578,1.120330810546875,1.8644332885742188,0,0,INCORRECT
sf,sustainable_living,34,76.58283996582031,1.8334503173828125,3.6286392211914062,0,0,INCORRECT
sf,sustainable_living,38,78.56334686279297,2.6175308227539062,9.806900024414062,0,0,CORRECT
sf,sustainable_living,35,75.66087341308594,4.040870666503906,6.795684814453125,0,0,INCORRECT
sf,sustainable_living,30,79.67240142822266,2.7501373291015625,7.01812744140625,1,1,INCORRECT
sf,sustainable_living,31,80.51045989990234,5.0041656494140625,10.178451538085938,1,1,CORRECT
sf,sustainable_living,32,77.31763458251953,5.1138458251953125,8.28399658203125,1,1,CORRECT
sf,sustainable_living,33,77.46040344238281,4.163932800292969,8.279693603515625,1,1,CORRECT
sf,sustainable_living,36,76.57186889648438,2.662322998046875,5.67333984375,0,0,CORRECT
sf,sustainable_living,42,81.81735229492188,4.70562744140625,8.51275634765625,1,1,CORRECT
sf,sustainable_living,39,83.4115982055664,4.233428955078125,10.746955871582031,1,1,CORRECT
sf,sustainable_living,44,78.5269775390625,6.4398956298828125,10.83160400390625,1,1,CORRECT
sf,sustainable_living,52,76.55974578857422,2.4141921997070312,5.2789154052734375,0,1,INCORRECT
sf,sustainable_living,40,81.73359680175781,4.792366027832031,14.876914978027344,1,1,CORRECT
sf,sustainable_living,48,79.72061920166016,4.4007415771484375,9.641998291015625,0,1,INCORRECT
sf,sustainable_living,43,79.22571563720703,3.4247360229492188,6.663978576660156,0,1,CORRECT
sf,sustainable_living,47,75.81956481933594,2.6929092407226562,5.2862701416015625,0,0,INCORRECT
sf,sustainable_living,60,79.12757873535156,1.3222579956054688,6.7613983154296875,0,0,INCORRECT
sf,sustainable_living,51,85.4439468383789,2.1206436157226562,12.373222351074219,1,1,CORRECT
sf,sustainable_living,46,77.02812957763672,2.5498428344726562,5.014617919921875,0,0,INCORRECT
sf,sustainable_living,49,82.83710479736328,1.936981201171875,5.925628662109375,1,1,CORRECT
sf,sustainable_living,50,78.49613189697266,2.5931167602539062,6.593864440917969,1,1,CORRECT
sf,sustainable_living,45,85.98326110839844,7.242523193359375,12.17120361328125,1,1,CORRECT
sf,sustainable_living,53,71.99028015136719,1.795257568359375,4.519744873046875,0,0,CORRECT
sf,sustainable_living,63,78.08390045166016,1.3128585815429688,3.5892410278320312,0,0,CORRECT
sf,sustainable_living,55,77.71114349365234,3.2474212646484375,7.592887878417969,1,1,CORRECT
sf,sustainable_living,54,84.23224639892578,4.376686096191406,10.625465393066406,1,1,CORRECT
sf,sustainable_living,56,81.99992370605469,1.2631149291992188,3.8635101318359375,1,1,CORRECT
sf,sustainable_living,57,76.43997955322266,1.828399658203125,4.441505432128906,1,1,CORRECT
sf,sustainable_living,59,79.1526107788086,4.279998779296875,7.4439697265625,0,0,INCORRECT
sf,sustainable_living,58,74.14521789550781,2.3520050048828125,5.9212188720703125,1,1,INCORRECT
sf,sustainable_living,69,82.34846496582031,4.825614929199219,9.853538513183594,1,1,CORRECT
sf,sustainable_living,68,76.02910614013672,2.8928146362304688,4.58319091796875,0,0,INCORRECT
sf,sustainable_living,61,83.65933227539062,6.486114501953125,9.512359619140625,1,1,CORRECT
sf,sustainable_living,66,76.92437744140625,3.4454727172851562,7.6759185791015625,0,0,INCORRECT
sf,sustainable_living,67,75.94154357910156,2.2301788330078125,5.2568359375,0,1,CORRECT
sf,sustainable_living,77,77.54443359375,3.527862548828125,6.219825744628906,1,1,CORRECT
sf,sustainable_living,75,82.51535034179688,5.223823547363281,10.041328430175781,0,0,CORRECT
sf,sustainable_living,64,80.1070785522461,7.555137634277344,9.653488159179688,0,0,CORRECT
sf,sustainable_living,65,80.86975860595703,6.057807922363281,8.705825805664062,1,1,INCORRECT
sf,sustainable_living,70,77.24215698242188,3.4442062377929688,5.866050720214844,0,1,CORRECT
sf,sustainable_living,73,78.82206726074219,1.4113235473632812,4.1611328125,1,1,CORRECT
sf,sustainable_living,62,72.77641296386719,1.238677978515625,4.764335632324219,0,1,CORRECT
sf,sustainable_living,81,76.80860137939453,1.9178695678710938,7.3900909423828125,0,0,CORRECT
sf,sustainable_living,71,80.43067169189453,2.39923095703125,6.173980712890625,0,0,CORRECT
sf,sustainable_living,74,74.24956512451172,2.7108078002929688,4.577674865722656,0,0,CORRECT
sf,sustainable_living,72,78.9804458618164,3.5749893188476562,6.212493896484375,1,1,CORRECT
sf,sustainable_living,79,76.93214416503906,2.7727584838867188,6.049385070800781,0,0,INCORRECT
sf,sustainable_living,78,74.6275863647461,2.8196029663085938,5.778144836425781,0,0,CORRECT
sf,sustainable_living,80,75.43177795410156,3.3648757934570312,7.050666809082031,0,0,INCORRECT
sf,sustainable_living,88,81.68572998046875,5.266670227050781,10.517166137695312,1,1,CORRECT
sf,sustainable_living,91,76.9229507446289,3.7242660522460938,7.296180725097656,0,0,INCORRECT
sf,sustainable_living,82,83.44377899169922,4.476478576660156,12.499160766601562,1,1,CORRECT
sf,sustainable_living,83,78.92417907714844,1.29742431640625,5.5733489990234375,1,1,CORRECT
sf,sustainable_living,85,77.23220825195312,4.643806457519531,8.544586181640625,0,0,CORRECT
sf,sustainable_living,84,78.51150512695312,2.3667068481445312,7.944847106933594,1,1,CORRECT
sf,sustainable_living,76,78.0041732788086,6.147224426269531,8.743820190429688,1,1,CORRECT
sf,sustainable_living,87,78.64282989501953,1.960662841796875,5.114418029785156,0,0,CORRECT
sf,sustainable_living,86,85.14863586425781,2.343170166015625,5.271705627441406,0,0,INCORRECT
sf,sustainable_living,94,72.35991668701172,1.01214599609375,4.2823028564453125,0,0,CORRECT
sf,sustainable_living,92,75.367431640625,4.3229827880859375,8.176780700683594,0,0,INCORRECT
sf,sustainable_living,95,77.713623046875,4.9723358154296875,10.281257629394531,1,1,CORRECT
sf,sustainable_living,90,74.01582336425781,3.230072021484375,5.544883728027344,1,1,INCORRECT
sf,sustainable_living,89,79.3969955444336,3.10418701171875,7.386566162109375,0,1,CORRECT
sf,sustainable_living,93,74.97591400146484,0.6138534545898438,2.9250717163085938,0,0,INCORRECT
sf,sustainable_living,105,81.00668334960938,1.213775634765625,4.860771179199219,0,0,INCORRECT
sf,sustainable_living,96,84.23733520507812,4.7173309326171875,10.005645751953125,0,1,CORRECT
sf,sustainable_living,98,81.473876953125,2.0071029663085938,7.381736755371094,0,0,INCORRECT
sf,sustainable_living,101,83.28194427490234,3.3065643310546875,13.021781921386719,0,1,INCORRECT
sf,sustainable_living,107,71.94122314453125,1.624237060546875,3.8143768310546875,0,1,INCORRECT
sf,sustainable_living,97,77.88397979736328,2.2591552734375,4.9437255859375,0,0,INCORRECT
sf,sustainable_living,99,77.97216033935547,2.515960693359375,6.702583312988281,0,1,CORRECT
sf,sustainable_living,100,74.9111099243164,1.6610946655273438,4.0093841552734375,1,1,CORRECT
sf,sustainable_living,102,77.34319305419922,1.3816070556640625,6.629203796386719,0,0,INCORRECT
sf,sustainable_living,104,75.1036376953125,3.7972869873046875,5.540794372558594,0,0,INCORRECT
sf,sustainable_living,106,74.34611511230469,3.5358047485351562,5.294746398925781,0,0,CORRECT
sf,sustainable_living,103,83.05326843261719,1.63165283203125,4.8192596435546875,1,1,CORRECT
sf,theoremqa_questions,TheoremQA_elainewan/math_calculus_5_2.json,77.16780853271484,1.1245803833007812,5.429298400878906,0,0,INCORRECT
sf,theoremqa_questions,TheoremQA_jianyu_xu/pigeonhole_3.json,74.4461441040039,0.8750381469726562,2.2404861450195312,0,0,CORRECT
sf,theoremqa_questions,TheoremQA_jianyu_xu/pigeonhole_2.json,72.44586181640625,1.4741973876953125,2.7428970336914062,0,0,CORRECT
sf,theoremqa_questions,TheoremQA_elainewan/math_algebra_1.json,79.38780212402344,2.0107879638671875,4.7691650390625,0,0,INCORRECT
sf,theoremqa_questions,TheoremQA_xinyi/rotation.json,74.55682373046875,0.538177490234375,2.7737197875976562,0,0,INCORRECT
sf,theoremqa_questions,TheoremQA_maxku/cv-imageprocessing6-histogram.json,69.8496322631836,1.3353958129882812,2.7950515747070312,0,0,INCORRECT
sf,theoremqa_questions,TheoremQA_wenhuchen/eigen_value1.json,76.27745056152344,3.2136917114257812,5.912376403808594,0,0,CORRECT
sf,theoremqa_questions,TheoremQA_wenhuchen/definite_matrix1.json,76.10968780517578,9.921875,11.834915161132812,1,1,CORRECT
sf,theoremqa_questions,TheoremQA_elainewan/math_algebra_1_2.json,70.268310546875,0.6406326293945312,1.55072021484375,0,0,CORRECT
sf,theoremqa_questions,TheoremQA_xueguangma/future_value_2.json,84.11013793945312,2.2259597778320312,4.9401092529296875,0,0,INCORRECT
sf,theoremqa_questions,TheoremQA_wenhuchen/optics2.json,71.77114868164062,4.693656921386719,5.899894714355469,1,1,CORRECT
sf,theoremqa_questions,TheoremQA_wenhuchen/L'Hôpital_rule1.json,70.47720336914062,0.8185577392578125,2.5597991943359375,0,0,CORRECT
sf,theoremqa_questions,TheoremQA_elainewan/math_algebra_4.json,71.95167541503906,1.988922119140625,4.029594421386719,0,0,CORRECT
sf,theoremqa_questions,TheoremQA_elainewan/math_calculus_2_11.json,71.03030395507812,0.92010498046875,1.6590805053710938,0,0,CORRECT
sf,theoremqa_questions,TheoremQA_wenhuchen/gauss_lemma.json,72.40982055664062,1.1968231201171875,2.72381591796875,0,0,INCORRECT
sf,theoremqa_questions,TheoremQA_wenhuchen/optics7.json,74.3733139038086,5.833564758300781,10.189254760742188,1,1,INCORRECT
sf,theoremqa_questions,TheoremQA_elainewan/math_calculus_2_5.json,75.18971252441406,4.624504089355469,6.47509765625,0,0,CORRECT
sf,theoremqa_questions,TheoremQA_xinyi/maximum_entropy_2.json,71.30657196044922,0.5375213623046875,3.1620635986328125,1,1,CORRECT
sf,theoremqa_questions,TheoremQA_xueguangma/dividend_discount_model_2.json,73.04013061523438,0.8079833984375,2.3126754760742188,0,0,CORRECT
sf,theoremqa_questions,TheoremQA_mingyin/stopping-time1.json,70.52728271484375,2.6881637573242188,4.144416809082031,1,1,INCORRECT
sf,theoremqa_questions,TheoremQA_panlu/similarity2.json,73.36732482910156,1.5621490478515625,2.9218521118164062,0,0,CORRECT
sf,theoremqa_questions,TheoremQA_maxku/signalprocessing11-nyquist.json,82.7017822265625,9.973220825195312,15.783721923828125,1,1,CORRECT
sf,theoremqa_questions,TheoremQA_jianyu_xu/Stirling_number_first_kind_5.json,84.5601577758789,2.0771331787109375,4.0239410400390625,0,0,INCORRECT
sf,theoremqa_questions,TheoremQA_tonyxia/euler-graph3.json,74.82417297363281,5.5966796875,7.8957977294921875,1,1,CORRECT
sf,theoremqa_questions,TheoremQA_maxku/cv-colorsci2-hsi.json,77.7642593383789,13.073226928710938,14.906314849853516,1,1,CORRECT
sf,theoremqa_questions,TheoremQA_xinyi/linear_projection.json,76.3346939086914,1.1302642822265625,3.71923828125,0,0,CORRECT
sf,theoremqa_questions,TheoremQA_maxku/ipnetwork13-hammingdist.json,70.68909454345703,0.5872039794921875,1.8791122436523438,0,1,CORRECT
sf,theoremqa_questions,TheoremQA_jianyu_xu/combination_1.json,77.24858856201172,0.41184234619140625,1.9057159423828125,0,0,INCORRECT
sf,theoremqa_questions,TheoremQA_mingyin/Lebesgue-measure1.json,73.39732360839844,3.1937179565429688,4.4857025146484375,0,0,INCORRECT
sf,theoremqa_questions,TheoremQA_wenhuchen/Liouville’s_theorem1.json,73.59503936767578,6.1413421630859375,7.940940856933594,1,1,CORRECT
sf,theoremqa_questions,TheoremQA_xueguangma/forward_price_2.json,74.46995544433594,0.5418472290039062,2.2250747680664062,0,0,INCORRECT
sf,theoremqa_questions,TheoremQA_maxku/signalprocessing15-DB.json,66.34174346923828,3.7849998474121094,6.447628021240234,1,1,INCORRECT
sf,theoremqa_questions,TheoremQA_tonyxia/semiconductor1.json,72.81132507324219,1.1712875366210938,3.3791885375976562,0,0,CORRECT
sf,theoremqa_questions,TheoremQA_mingyin/series2.json,75.70457458496094,1.1900634765625,2.7791824340820312,0,0,INCORRECT
sf,theoremqa_questions,TheoremQA_maxku/signalprocessing5-nyquist.json,76.42281341552734,8.335441589355469,13.481857299804688,1,1,CORRECT
sf,theoremqa_questions,TheoremQA_wenhuchen/ODE2.json,78.7123794555664,3.7172393798828125,8.373466491699219,0,0,INCORRECT
sf,theoremqa_questions,TheoremQA_panlu/rigid-body3.json,66.61215209960938,0.9819259643554688,3.7368736267089844,0,0,INCORRECT
sf,theoremqa_questions,TheoremQA_elainewan/math_abstact_algebra_7_8.json,71.85880279541016,1.3940200805664062,3.1563720703125,0,0,CORRECT
sf,theoremqa_questions,TheoremQA_elainewan/math_algebra_5.json,75.06094360351562,1.5128173828125,2.9696884155273438,0,0,INCORRECT
sf,theoremqa_questions,TheoremQA_xinyi/cramer_rao_lower_bound_2.json,80.82450866699219,9.202903747558594,11.226966857910156,1,1,INCORRECT
sf,theoremqa_questions,TheoremQA_xueguangma/taylors_approximation_theorem.json,75.86461639404297,1.5673065185546875,3.1013259887695312,0,0,INCORRECT
sf,theoremqa_questions,TheoremQA_xueguangma/spot_rate.json,79.06732177734375,3.133880615234375,7.40838623046875,0,0,INCORRECT
sf,theoremqa_questions,TheoremQA_tonyxia/wave2.json,68.77257537841797,2.5017242431640625,6.198387145996094,0,0,INCORRECT
sf,theoremqa_questions,TheoremQA_xueguangma/binomial_model_2.json,75.52018737792969,1.9267349243164062,2.96087646484375,0,0,INCORRECT
sf,theoremqa_questions,TheoremQA_panlu/molar_heat_capacity2.json,70.75009155273438,0.5506362915039062,1.9307022094726562,1,1,CORRECT
sf,theoremqa_questions,TheoremQA_wenhuchen/determinant2.json,75.78214263916016,4.308784484863281,6.358467102050781,1,1,INCORRECT
sf,theoremqa_questions,TheoremQA_jianyu_xu/Ramsey_4.json,74.20591735839844,2.3671340942382812,4.6556549072265625,0,1,INCORRECT
sf,theoremqa_questions,TheoremQA_elainewan/math_abstact_algebra_7_5.json,74.22726440429688,1.7177276611328125,3.796417236328125,0,0,INCORRECT
sf,theoremqa_questions,TheoremQA_wenhuchen/determinant1.json,74.42710876464844,4.044029235839844,5.875144958496094,1,1,INCORRECT
sf,theoremqa_questions,TheoremQA_mingyin/cauchy-integral-theorem1.json,76.05590057373047,3.6286544799804688,6.61566162109375,1,1,INCORRECT
sf,theoremqa_questions,TheoremQA_wenhuchen/trapezoidal_rule2.json,75.68184661865234,0.197052001953125,2.0118942260742188,0,0,INCORRECT
sf,theoremqa_questions,TheoremQA_xinyi/huffman_code_1.json,75.85862731933594,7.422370910644531,8.862434387207031,1,1,INCORRECT
sf,theoremqa_questions,TheoremQA_xueguangma/dividend_discount_model_5.json,80.34530639648438,5.803108215332031,7.167877197265625,1,1,INCORRECT
sf,theoremqa_questions,TheoremQA_maxku/ipnetwork4-mac.json,71.84811401367188,1.0790863037109375,2.08074951171875,0,0,INCORRECT
sf,theoremqa_questions,TheoremQA_wenhuchen/ODE3.json,70.66645812988281,1.4514846801757812,3.11419677734375,0,0,INCORRECT
sf,theoremqa_questions,TheoremQA_maxku/graphtheory5-vertexcover.json,69.67269897460938,1.5161819458007812,3.0828933715820312,0,0,CORRECT
sf,theoremqa_questions,TheoremQA_maxku/ipnetwork5-mac.json,69.33808135986328,1.1807098388671875,1.8165130615234375,0,0,INCORRECT
sf,theoremqa_questions,TheoremQA_maxku/signalprocessing6-Ztransform.json,66.73805236816406,1.4458465576171875,2.6808090209960938,1,1,CORRECT
sf,theoremqa_questions,TheoremQA_maxku/ipnetwork14-hammingdist.json,71.72895050048828,1.754180908203125,3.2477340698242188,1,1,INCORRECT
sf,theoremqa_questions,TheoremQA_wenhuchen/optics8.json,74.55944061279297,10.268753051757812,12.252399444580078,1,1,INCORRECT
sf,theoremqa_questions,TheoremQA_wenhuchen/t_test1.json,68.74407196044922,0.5190200805664062,1.5733413696289062,0,1,INCORRECT
sf,theoremqa_questions,TheoremQA_tonyxia/semiconductor5.json,64.33145904541016,0.5762557983398438,3.403400421142578,0,0,INCORRECT
sf,theoremqa_questions,TheoremQA_wenhuchen/viterbi2.json,87.68560028076172,12.424751281738281,14.736618041992188,1,1,CORRECT
sf,theoremqa_questions,TheoremQA_panlu/molar_heat_capacity1.json,74.94537353515625,0.49074554443359375,4.886543273925781,0,1,INCORRECT
sf,theoremqa_questions,TheoremQA_jianyu_xu/Ramsey_2.json,74.43380737304688,1.3026580810546875,2.9270477294921875,0,1,INCORRECT
sf,theoremqa_questions,TheoremQA_elainewan/math_calculus_12.json,86.04413604736328,3.7147369384765625,9.64788818359375,0,0,CORRECT
sf,theoremqa_questions,TheoremQA_elainewan/math_algebra_3_2.json,72.25208282470703,0.8161239624023438,2.351470947265625,0,0,CORRECT
sf,theoremqa_questions,TheoremQA_xinyi/dag_2.json,70.07940673828125,2.1553268432617188,7.66278076171875,1,1,CORRECT
sf,theoremqa_questions,TheoremQA_maxku/graphtheory7-shortestpath.json,72.05225372314453,1.4723968505859375,4.144844055175781,1,1,CORRECT
sf,theoremqa_questions,TheoremQA_tonyxia/particle6.json,70.74070739746094,8.03145980834961,8.944644927978516,1,1,INCORRECT
sf,theoremqa_questions,TheoremQA_elainewan/econ_micro_7.json,72.71781158447266,1.54010009765625,4.403709411621094,1,1,INCORRECT
sf,theoremqa_questions,TheoremQA_tonyxia/statisticalphysics2.json,66.95035552978516,2.217620849609375,3.9588966369628906,0,0,INCORRECT
sf,theoremqa_questions,TheoremQA_tonyxia/semiconductor3.json,80.16287994384766,16.573257446289062,19.622974395751953,1,1,INCORRECT
sf,theoremqa_questions,TheoremQA_xinyi/channel_capacity_1.json,69.3212890625,1.9728546142578125,7.157329559326172,1,1,CORRECT
sf,theoremqa_questions,TheoremQA_wenhuchen/gauss_lemma2.json,74.02796936035156,1.1449813842773438,3.0370101928710938,0,0,CORRECT
sf,theoremqa_questions,TheoremQA_panlu/angular_frequency3.json,73.9063949584961,2.0866622924804688,5.023223876953125,0,0,INCORRECT
sf,theoremqa_questions,TheoremQA_wenhuchen/t_test2.json,72.17593383789062,4.498237609863281,5.3372039794921875,0,1,INCORRECT
sf,theoremqa_questions,TheoremQA_jianyu_xu/Stirling_number_second_kind_3.json,79.09407043457031,3.1427536010742188,4.869354248046875,0,0,INCORRECT
sf,theoremqa_questions,TheoremQA_maxku/cv-cnn4.json,73.56925201416016,2.4204025268554688,6.038726806640625,0,0,CORRECT
sf,theoremqa_questions,TheoremQA_wenhuchen/Rolle's_theorem.json,74.03105926513672,2.299530029296875,3.71142578125,0,0,CORRECT
sf,theoremqa_questions,TheoremQA_panlu/trapezoid1.json,72.93199157714844,0.607940673828125,1.2554092407226562,0,0,INCORRECT
sf,theoremqa_questions,TheoremQA_jianyu_xu/Stirling_number_second_kind_6.json,76.180419921875,2.1037368774414062,3.6886215209960938,0,0,CORRECT
sf,theoremqa_questions,TheoremQA_maxku/graphtheory3-vertexcover.json,70.55306243896484,0.5181503295898438,2.2834625244140625,0,0,CORRECT
sf,theoremqa_questions,TheoremQA_elainewan/econ_micro_14_3.json,85.53754425048828,0.5257568359375,2.72406005859375,0,0,INCORRECT
sf,theoremqa_questions,TheoremQA_wenhuchen/double_integral2.json,77.06184387207031,0.6851882934570312,4.895072937011719,0,0,INCORRECT
sf,theoremqa_questions,TheoremQA_jianyu_xu/Catalan_2.json,79.89082336425781,1.5881195068359375,6.956108093261719,0,0,CORRECT
sf,theoremqa_questions,TheoremQA_maxku/graphtheory10-shortestpath.json,73.80413055419922,3.0305252075195312,5.3630523681640625,1,1,CORRECT
sf,theoremqa_questions,TheoremQA_wenhuchen/euler's_method2.json,71.00175476074219,1.2369613647460938,3.3974609375,0,0,INCORRECT
sf,theoremqa_questions,TheoremQA_wenhuchen/euler's_method1.json,67.8182373046875,0.24387359619140625,0.6864013671875,0,0,INCORRECT
sf,theoremqa_questions,TheoremQA_maxku/ipnetwork21-ip-2.json,70.58168029785156,1.3339309692382812,3.1932601928710938,0,0,INCORRECT
sf,theoremqa_questions,TheoremQA_xueguangma/forward_price_1.json,72.9891586303711,0.1903076171875,1.5654449462890625,0,1,CORRECT
sf,theoremqa_questions,TheoremQA_wenhuchen/cauchy_integral1.json,69.95294952392578,0.9571685791015625,2.1184844970703125,0,0,INCORRECT
sf,theoremqa_questions,TheoremQA_panlu/gravitational_force1.json,72.0767593383789,6.2941741943359375,8.055335998535156,0,0,CORRECT
sf,theoremqa_questions,TheoremQA_jianyu_xu/Multinomial_2.json,79.83786010742188,2.6996307373046875,5.524566650390625,0,0,CORRECT
sf,theoremqa_questions,TheoremQA_maxku/signalprocessing13-Ztransform.json,77.05121612548828,10.6043701171875,12.172325134277344,1,1,CORRECT
sf,theoremqa_questions,TheoremQA_maxku/cv-imageprocessing9-digital-image.json,77.86857604980469,10.036201477050781,14.358219146728516,1,1,CORRECT
sf,theoremqa_questions,TheoremQA_jianyu_xu/pigeonhole_4.json,77.9592056274414,4.629264831542969,8.32440185546875,1,1,CORRECT
sf,theoremqa_questions,TheoremQA_wenhuchen/kepler's_law1.json,75.803466796875,2.7439804077148438,4.694343566894531,0,0,CORRECT
sf,theoremqa_questions,TheoremQA_elainewan/math_calculus_5.json,77.80777740478516,0.26744842529296875,5.0174407958984375,0,0,CORRECT
sf,theoremqa_questions,TheoremQA_maxku/signalprocessing19-period.json,67.00345611572266,0.8072662353515625,2.6640396118164062,0,1,CORRECT
sf,theoremqa_questions,TheoremQA_jianyu_xu/Stirling_number_first_kind_6.json,86.07674407958984,2.1676712036132812,3.0798187255859375,0,0,CORRECT
sf,theoremqa_questions,TheoremQA_jianyu_xu/Graph_2.json,78.55084228515625,5.865150451660156,9.963897705078125,0,0,CORRECT
sf,theoremqa_questions,TheoremQA_jianyu_xu/Stirling_number_second_kind_5.json,74.76712799072266,1.5999603271484375,3.4620437622070312,0,1,INCORRECT
sf,theoremqa_questions,TheoremQA_xinyi/dag_3.json,72.91637420654297,2.6428909301757812,3.9421615600585938,0,0,INCORRECT
sf,theoremqa_questions,TheoremQA_tonyxia/euler-graph2.json,72.3885269165039,3.6090240478515625,5.1611785888671875,1,1,CORRECT
sf,theoremqa_questions,TheoremQA_xueguangma/present_value_1.json,78.18363189697266,1.9362030029296875,3.8436965942382812,0,0,CORRECT
sf,theoremqa_questions,TheoremQA_maxku/signalprocessing9-signalrep.json,73.18914031982422,1.3039932250976562,5.785987854003906,0,0,CORRECT
sf,theoremqa_questions,TheoremQA_maxku/graphtheory4-vertexcover.json,72.017822265625,2.5664215087890625,4.09222412109375,0,1,CORRECT
sf,theoremqa_questions,TheoremQA_xueguangma/dividend_discount_model_4.json,79.41317749023438,1.737945556640625,3.6544723510742188,1,1,CORRECT
sf,theoremqa_questions,TheoremQA_jianyu_xu/Cayley_3.json,76.08352661132812,4.028343200683594,6.5021514892578125,0,0,CORRECT
sf,theoremqa_questions,TheoremQA_elainewan/math_calculus_3_8.json,73.69052124023438,3.4161834716796875,5.5780487060546875,0,0,INCORRECT
sf,theoremqa_questions,TheoremQA_wenhuchen/infinite_series_sum3.json,69.09092712402344,2.5433502197265625,3.4209823608398438,0,0,CORRECT
sf,theoremqa_questions,TheoremQA_maxku/cv-colorsci3-rgb.json,74.07012176513672,0.36395263671875,8.055816650390625,0,1,CORRECT
sf,theoremqa_questions,TheoremQA_jianyu_xu/Multinomial_1.json,80.35031127929688,2.1527252197265625,6.227622985839844,0,1,CORRECT
sf,theoremqa_questions,TheoremQA_wenhuchen/trapezoidal_rule3.json,77.48640441894531,5.24560546875,7.003532409667969,1,1,INCORRECT
sf,theoremqa_questions,TheoremQA_jianyu_xu/Binomial_5.json,78.32394409179688,0.4641265869140625,2.6701278686523438,1,1,CORRECT
sf,theoremqa_questions,TheoremQA_elainewan/econ_micro_7_2.json,68.86045837402344,1.0082626342773438,2.2441787719726562,1,1,CORRECT
sf,theoremqa_questions,TheoremQA_maxku/cv-colorsci1-rgb.json,68.5644302368164,3.6235275268554688,4.574104309082031,0,1,CORRECT
sf,theoremqa_questions,TheoremQA_panlu/similarity3.json,74.1696548461914,0.7584991455078125,4.60894775390625,0,0,CORRECT
sf,theoremqa_questions,TheoremQA_wenhuchen/t_test3.json,69.74595642089844,6.033847808837891,7.897190093994141,1,1,INCORRECT
sf,theoremqa_questions,TheoremQA_maxku/cv-cnn1.json,69.13838195800781,0.7344436645507812,2.2674102783203125,1,1,CORRECT
sf,theoremqa_questions,TheoremQA_jianyu_xu/Multinomial_4.json,80.5886001586914,1.5476226806640625,4.002159118652344,0,0,CORRECT
sf,theoremqa_questions,TheoremQA_xueguangma/effective_rates_1.json,79.90606689453125,1.8654098510742188,3.1143646240234375,0,0,CORRECT
sf,theoremqa_questions,TheoremQA_maxku/fourier6-FT.json,65.95625305175781,1.7194290161132812,2.8751869201660156,0,0,CORRECT
sf,theoremqa_questions,TheoremQA_xinyi/kernel_1.json,70.6464614868164,1.9648284912109375,3.7137603759765625,0,0,CORRECT
sf,theoremqa_questions,TheoremQA_maxku/signalprocessing7-phaseshift.json,75.11197662353516,0.5815582275390625,4.825218200683594,0,0,CORRECT
sf,theoremqa_questions,TheoremQA_wenhuchen/Poisson_process2.json,70.91536712646484,4.119651794433594,6.6226043701171875,0,0,INCORRECT
sf,theoremqa_questions,TheoremQA_xinyi/sum_product_algorithm.json,67.05865478515625,2.00439453125,3.9055137634277344,0,1,CORRECT
sf,theoremqa_questions,TheoremQA_jianyu_xu/Binomial_4.json,78.97987365722656,1.2686996459960938,3.2519912719726562,0,0,CORRECT
sf,theoremqa_questions,TheoremQA_xinyi/neural_networks.json,64.86497497558594,1.0027046203613281,2.7756996154785156,0,0,CORRECT
sf,theoremqa_questions,TheoremQA_wenhuchen/viterbi1.json,76.43965148925781,7.572212219238281,8.313560485839844,1,1,CORRECT
sf,theoremqa_questions,TheoremQA_wenhuchen/kepler's_law3.json,77.8819808959961,8.350875854492188,11.558845520019531,0,1,INCORRECT
sf,theoremqa_questions,TheoremQA_elainewan/math_calculus_2_6.json,71.18473052978516,1.7358932495117188,2.6491851806640625,0,1,INCORRECT
sf,theoremqa_questions,TheoremQA_wenhuchen/L'Hôpital_rule2.json,76.3193359375,1.2240142822265625,7.3029022216796875,0,0,INCORRECT
sf,theoremqa_questions,TheoremQA_jianyu_xu/pigeonhole_1.json,72.09657287597656,2.0130462646484375,5.5139923095703125,1,1,CORRECT
sf,theoremqa_questions,TheoremQA_wenhuchen/jensen2.json,70.818115234375,1.0073776245117188,2.324798583984375,0,1,INCORRECT
sf,theoremqa_questions,TheoremQA_jianyu_xu/Ramsey_3.json,79.3122787475586,4.888496398925781,6.424781799316406,1,1,CORRECT
sf,theoremqa_questions,TheoremQA_xueguangma/binomial_model_1.json,80.73001861572266,2.17864990234375,3.6574783325195312,0,0,INCORRECT
sf,theoremqa_questions,TheoremQA_wenhuchen/newton2.json,75.80549621582031,1.3864898681640625,2.8580551147460938,0,0,INCORRECT
sf,theoremqa_questions,TheoremQA_xueguangma/future_value_1.json,82.85794830322266,1.6443862915039062,3.754547119140625,0,0,INCORRECT
sf,theoremqa_questions,TheoremQA_elainewan/econ_micro_11.json,73.07691955566406,0.8109664916992188,1.9506072998046875,0,0,CORRECT
sf,theoremqa_questions,TheoremQA_elainewan/math_abstact_algebra_7.json,79.98977661132812,0.38426971435546875,3.6742172241210938,0,0,CORRECT
sf,theoremqa_questions,TheoremQA_elainewan/econ_micro_18.json,72.71185302734375,1.6162109375,4.692352294921875,1,1,CORRECT
sf,theoremqa_questions,TheoremQA_jianyu_xu/Binomial_3.json,84.34321594238281,6.5435791015625,9.801429748535156,0,0,CORRECT
sf,theoremqa_questions,TheoremQA_tonyxia/semiconductor2.json,74.46492004394531,11.833385467529297,14.721729278564453,1,1,INCORRECT
sf,theoremqa_questions,TheoremQA_jianyu_xu/Catalan_1.json,74.43067169189453,3.054779052734375,4.257720947265625,0,0,CORRECT
sf,theoremqa_questions,TheoremQA_jianyu_xu/Multinomial_3.json,80.11683654785156,1.2838287353515625,4.007720947265625,0,0,CORRECT
sf,theoremqa_questions,TheoremQA_maxku/graphtheory11-shortestpath-hard.json,74.4565658569336,2.6528167724609375,4.440376281738281,1,1,INCORRECT
sf,theoremqa_questions,TheoremQA_xueguangma/present_value_2.json,77.96595001220703,2.5757522583007812,4.386100769042969,1,1,INCORRECT
sf,theoremqa_questions,TheoremQA_wenhuchen/p_value2.json,86.9582290649414,10.002449035644531,12.010894775390625,1,1,CORRECT
sf,theoremqa_questions,TheoremQA_xueguangma/dividend_discount_model_1.json,75.27754974365234,1.504669189453125,2.1663894653320312,0,1,CORRECT
sf,theoremqa_questions,TheoremQA_maxku/signalprocessing14-Ztransform.json,68.05781555175781,3.1812286376953125,4.692695617675781,1,1,CORRECT
sf,theoremqa_questions,TheoremQA_wenhuchen/jensen1.json,71.3145980834961,0.6290359497070312,2.034759521484375,0,0,INCORRECT
sf,theoremqa_questions,TheoremQA_xinyi/rate_distortion_function_2.json,67.66470336914062,2.3183212280273438,8.512409210205078,1,1,CORRECT
sf,theoremqa_questions,TheoremQA_elainewan/math_calculus_11.json,75.73241424560547,1.22259521484375,1.8356552124023438,0,0,CORRECT
sf,theoremqa_questions,TheoremQA_maxku/signalprocessing2-DB.json,66.75080871582031,0.8870925903320312,2.552734375,0,1,CORRECT
sf,theoremqa_questions,TheoremQA_maxku/cv-imageprocessing8-fourier2.json,77.44221496582031,10.919769287109375,11.771835327148438,1,1,INCORRECT
sf,theoremqa_questions,TheoremQA_panlu/gravitational_force2.json,71.67852020263672,2.440277099609375,8.527507781982422,0,1,INCORRECT
sf,theoremqa_questions,TheoremQA_mingyin/Fundamental-Theorem-of-Calculus3.json,73.84612274169922,2.164703369140625,3.8464813232421875,1,1,INCORRECT
sf,theoremqa_questions,TheoremQA_wenhuchen/Liouville’s_theorem2.json,69.28085327148438,1.0828018188476562,3.936614990234375,1,1,CORRECT
sf,theoremqa_questions,TheoremQA_xueguangma/forward_rate_1.json,77.18335723876953,0.9840164184570312,2.2646408081054688,0,0,INCORRECT
sf,theoremqa_questions,TheoremQA_tonyxia/maxplanar3.json,71.10206604003906,1.3843154907226562,3.4696731567382812,0,0,INCORRECT
sf,theoremqa_questions,TheoremQA_mingyin/convexity1.json,69.06608581542969,1.2934494018554688,2.8569107055664062,1,1,CORRECT
sf,theoremqa_questions,TheoremQA_elainewan/math_algebra_4_3.json,72.03729248046875,1.8167953491210938,3.6695632934570312,0,0,INCORRECT
sf,theoremqa_questions,TheoremQA_wenhuchen/series_convergen3.json,76.96259307861328,2.5092544555664062,4.372520446777344,0,0,CORRECT
sf,theoremqa_questions,TheoremQA_jianyu_xu/Binomial_6.json,83.10023498535156,6.4453277587890625,13.053329467773438,0,0,CORRECT
sf,theoremqa_questions,TheoremQA_jianyu_xu/Binomial_1.json,79.74732208251953,2.70233154296875,4.25677490234375,0,0,INCORRECT
sf,theoremqa_questions,TheoremQA_xueguangma/intermediate_value_theorem.json,67.83685302734375,1.7336654663085938,3.71014404296875,0,0,INCORRECT
sf,theoremqa_questions,TheoremQA_elainewan/math_abstact_algebra_7_3.json,74.09910583496094,5.7205810546875,7.140472412109375,1,1,INCORRECT
sf,theoremqa_questions,TheoremQA_xueguangma/forward_price_3.json,75.78302001953125,0.7119979858398438,3.2519683837890625,0,0,INCORRECT
sf,theoremqa_questions,TheoremQA_maxku/fourier1-FS.json,76.24005889892578,2.395111083984375,5.393989562988281,0,0,CORRECT
sf,theoremqa_questions,TheoremQA_tonyxia/maxplanar1.json,74.00625610351562,2.8558197021484375,4.6562652587890625,0,0,INCORRECT
sf,theoremqa_questions,TheoremQA_mingyin/Limit-of-sequence2.json,67.64290618896484,1.2274093627929688,2.0551910400390625,0,0,INCORRECT
sf,theoremqa_questions,TheoremQA_elainewan/math_calculus_2_7.json,66.0660171508789,1.002227783203125,3.3850173950195312,0,0,CORRECT
sf,theoremqa_questions,TheoremQA_xinyi/dag_1.json,75.2462387084961,3.8108444213867188,5.5750732421875,0,1,CORRECT
sf,theoremqa_questions,TheoremQA_jianyu_xu/Multinomial_6.json,74.47021484375,0.26064300537109375,1.406005859375,0,0,INCORRECT
sf,theoremqa_questions,TheoremQA_elainewan/math_algebra_7_2.json,67.93266296386719,3.5193862915039062,5.2362518310546875,0,1,CORRECT
sf,theoremqa_questions,TheoremQA_xueguangma/geometric_brownian_motion.json,76.08435821533203,1.2146759033203125,3.2029953002929688,0,0,INCORRECT
sf,theoremqa_questions,TheoremQA_wenhuchen/optics3.json,75.16726684570312,9.008880615234375,11.355159759521484,1,1,CORRECT
sf,theoremqa_questions,TheoremQA_panlu/wave_length1.json,70.63346099853516,2.3703384399414062,5.0401611328125,0,0,CORRECT
sf,theoremqa_questions,TheoremQA_wenhuchen/Poisson_process3.json,72.7252426147461,0.9105072021484375,1.9050521850585938,0,0,CORRECT
sf,theoremqa_questions,TheoremQA_xinyi/distortion_rate_function_2.json,82.69507598876953,8.249221801757812,15.6962890625,1,1,CORRECT
sf,theoremqa_questions,TheoremQA_mingyin/Limit-of-sequence3.json,78.55381774902344,0.9128799438476562,3.571014404296875,0,0,CORRECT
sf,theoremqa_questions,TheoremQA_maxku/graphtheory6-shortestpath.json,76.3610610961914,4.112693786621094,9.536598205566406,1,1,CORRECT
sf,theoremqa_questions,TheoremQA_maxku/cv-imageprocessing2-morphology.json,78.64347839355469,16.115951538085938,18.016368865966797,1,1,CORRECT
sf,theoremqa_questions,TheoremQA_maxku/graphtheory2-vertexcover.json,70.63591003417969,0.88922119140625,2.5319442749023438,0,0,CORRECT
sf,theoremqa_questions,TheoremQA_xinyi/rate_distortion_function_1.json,71.89073181152344,0.9303741455078125,5.4366302490234375,1,1,INCORRECT
sf,theoremqa_questions,TheoremQA_tonyxia/particle4.json,75.41162872314453,15.65035629272461,17.414413452148438,1,1,CORRECT
sf,theoremqa_questions,TheoremQA_jianyu_xu/Binomial_2.json,79.54998779296875,2.0598983764648438,6.6605377197265625,0,0,CORRECT
sf,theoremqa_questions,TheoremQA_jianyu_xu/Ramsey_6.json,75.79246520996094,4.452247619628906,6.303680419921875,1,1,INCORRECT
sf,theoremqa_questions,TheoremQA_xinyi/huffman_code_3.json,79.87552642822266,5.7425384521484375,8.576393127441406,0,0,CORRECT
sf,theoremqa_questions,TheoremQA_wenhuchen/series_convergen2.json,74.19380187988281,1.6732635498046875,3.0636367797851562,0,0,INCORRECT
sf,theoremqa_questions,TheoremQA_xinyi/channel_capacity_3.json,70.79739379882812,4.704338073730469,6.866935729980469,1,1,INCORRECT
sf,theoremqa_theorems,TheoremQA_jianyu_xu/pigeonhole_2.json,73.55350494384766,6.0962677001953125,8.050666809082031,0,0,INCORRECT
sf,theoremqa_theorems,TheoremQA_wenhuchen/definite_matrix1.json,77.41777038574219,8.439773559570312,11.795310974121094,0,1,CORRECT
sf,theoremqa_theorems,TheoremQA_wenhuchen/eigen_value1.json,78.6585693359375,3.9739761352539062,9.342674255371094,1,1,CORRECT
sf,theoremqa_theorems,TheoremQA_elainewan/math_algebra_1.json,70.21211242675781,2.057708740234375,5.448493957519531,0,0,CORRECT
sf,theoremqa_theorems,TheoremQA_jianyu_xu/pigeonhole_3.json,67.46053314208984,1.9952316284179688,3.5107803344726562,0,0,CORRECT
sf,theoremqa_theorems,TheoremQA_elainewan/math_algebra_1_2.json,70.33150482177734,2.9197921752929688,5.2444305419921875,0,0,CORRECT
sf,theoremqa_questions,TheoremQA_jianyu_xu/Ramsey_5.json,75.32028198242188,2.6448898315429688,4.976898193359375,0,1,INCORRECT
sf,theoremqa_theorems,TheoremQA_wenhuchen/L'Hôpital_rule1.json,69.63426208496094,1.5195846557617188,3.1222610473632812,0,0,CORRECT
sf,theoremqa_theorems,TheoremQA_panlu/similarity2.json,73.09272003173828,2.8057022094726562,4.305320739746094,0,1,CORRECT
sf,theoremqa_theorems,TheoremQA_elainewan/math_calculus_2_11.json,69.92861938476562,2.5712356567382812,3.1816635131835938,1,1,CORRECT
sf,theoremqa_theorems,TheoremQA_elainewan/math_algebra_4.json,77.12086486816406,2.8164901733398438,5.188117980957031,0,1,CORRECT
sf,theoremqa_theorems,TheoremQA_maxku/signalprocessing11-nyquist.json,67.43543243408203,2.5013504028320312,5.846107482910156,1,1,CORRECT
sf,theoremqa_theorems,TheoremQA_jianyu_xu/Stirling_number_first_kind_5.json,68.03884887695312,1.37200927734375,3.742340087890625,0,0,INCORRECT
sf,theoremqa_theorems,TheoremQA_wenhuchen/Liouville’s_theorem1.json,76.40626525878906,5.828277587890625,8.895401000976562,1,1,CORRECT
sf,theoremqa_theorems,TheoremQA_xinyi/maximum_entropy_2.json,71.71640014648438,1.745330810546875,6.1584625244140625,0,1,CORRECT
sf,theoremqa_theorems,TheoremQA_wenhuchen/ODE2.json,68.25869750976562,1.2743759155273438,2.7391204833984375,0,0,INCORRECT
sf,theoremqa_theorems,TheoremQA_maxku/ipnetwork13-hammingdist.json,68.89926147460938,3.0932693481445312,4.598731994628906,0,0,INCORRECT
sf,theoremqa_theorems,TheoremQA_xinyi/linear_projection.json,72.66267395019531,2.3834075927734375,3.942779541015625,1,1,CORRECT
sf,theoremqa_theorems,TheoremQA_panlu/rigid-body3.json,66.43246459960938,2.013763427734375,4.786472320556641,1,1,CORRECT
sf,theoremqa_theorems,TheoremQA_mingyin/Lebesgue-measure1.json,74.72886657714844,1.1617050170898438,4.06854248046875,1,1,CORRECT
sf,theoremqa_theorems,TheoremQA_elainewan/math_algebra_5.json,73.84175109863281,1.724395751953125,5.621437072753906,1,1,INCORRECT
sf,theoremqa_theorems,TheoremQA_mingyin/series2.json,72.48818969726562,1.9068450927734375,3.3293991088867188,0,0,CORRECT
sf,theoremqa_theorems,TheoremQA_xueguangma/taylors_approximation_theorem.json,72.08470153808594,2.870880126953125,4.903594970703125,0,0,INCORRECT
sf,theoremqa_theorems,TheoremQA_mingyin/cauchy-integral-theorem1.json,79.2366943359375,2.9663467407226562,6.751197814941406,1,1,CORRECT
sf,theoremqa_theorems,TheoremQA_wenhuchen/ODE3.json,67.61819458007812,2.5424423217773438,4.716541290283203,0,0,INCORRECT
sf,theoremqa_theorems,TheoremQA_jianyu_xu/Ramsey_4.json,67.83171081542969,3.1647720336914062,4.4499359130859375,1,1,CORRECT
sf,theoremqa_theorems,TheoremQA_wenhuchen/t_test1.json,66.70364379882812,1.5413436889648438,4.018516540527344,1,1,INCORRECT
sf,theoremqa_theorems,TheoremQA_elainewan/math_algebra_3_2.json,76.10095977783203,4.027702331542969,6.1217041015625,0,0,CORRECT
sf,theoremqa_theorems,TheoremQA_jianyu_xu/Ramsey_2.json,69.95269775390625,2.3669815063476562,5.015129089355469,1,1,CORRECT
sf,theoremqa_theorems,TheoremQA_elainewan/math_calculus_12.json,72.06584930419922,5.077140808105469,9.345939636230469,0,0,INCORRECT
sf,theoremqa_theorems,TheoremQA_wenhuchen/Rolle's_theorem.json,72.26057434082031,2.3490066528320312,4.216499328613281,0,0,CORRECT
sf,theoremqa_theorems,TheoremQA_elainewan/econ_micro_7.json,66.5279312133789,1.60052490234375,4.799922943115234,0,1,CORRECT
sf,theoremqa_theorems,TheoremQA_wenhuchen/cauchy_integral1.json,70.51626586914062,2.0844497680664062,4.516815185546875,0,1,CORRECT
sf,theoremqa_theorems,TheoremQA_wenhuchen/t_test2.json,64.07344818115234,2.519580841064453,5.242347717285156,1,1,CORRECT
sf,theoremqa_theorems,TheoremQA_xinyi/dag_2.json,73.42687225341797,3.7006912231445312,6.004066467285156,0,1,CORRECT
sf,theoremqa_theorems,TheoremQA_jianyu_xu/Catalan_2.json,68.14689636230469,1.9328765869140625,3.6771392822265625,0,0,CORRECT
sf,theoremqa_theorems,TheoremQA_jianyu_xu/Stirling_number_second_kind_3.json,66.3519515991211,0.6377105712890625,2.6731224060058594,0,1,CORRECT
sf,theoremqa_theorems,TheoremQA_wenhuchen/viterbi2.json,65.16927337646484,1.6219673156738281,3.5141868591308594,1,1,INCORRECT
sf,theoremqa_theorems,TheoremQA_jianyu_xu/Multinomial_2.json,68.70108032226562,2.042816162109375,3.9974365234375,0,0,CORRECT
sf,theoremqa_theorems,TheoremQA_jianyu_xu/Stirling_number_second_kind_5.json,69.05345153808594,1.4004898071289062,3.8296356201171875,0,1,INCORRECT
sf,theoremqa_theorems,TheoremQA_xinyi/dag_3.json,71.13810729980469,2.8100509643554688,5.710502624511719,0,0,CORRECT
sf,theoremqa_theorems,TheoremQA_wenhuchen/kepler's_law1.json,70.53105926513672,6.80743408203125,9.685527801513672,1,1,CORRECT
sf,theoremqa_theorems,TheoremQA_jianyu_xu/pigeonhole_4.json,74.52970886230469,11.649879455566406,13.72573471069336,0,1,CORRECT
sf,theoremqa_theorems,TheoremQA_panlu/similarity3.json,73.30672454833984,2.6700286865234375,5.164527893066406,0,1,CORRECT
sf,theoremqa_theorems,TheoremQA_wenhuchen/trapezoidal_rule3.json,72.34659576416016,3.0165863037109375,7.280845642089844,1,1,CORRECT
sf,theoremqa_theorems,TheoremQA_jianyu_xu/Multinomial_1.json,67.64500427246094,1.9234237670898438,4.453227996826172,1,1,CORRECT
sf,theoremqa_theorems,TheoremQA_jianyu_xu/Binomial_4.json,70.2271499633789,4.51507568359375,7.9143218994140625,0,1,CORRECT
sf,theoremqa_theorems,TheoremQA_wenhuchen/t_test3.json,59.562049865722656,1.2344779968261719,3.5122909545898438,1,1,INCORRECT
sf,theoremqa_theorems,TheoremQA_jianyu_xu/Binomial_5.json,71.86607360839844,4.2634429931640625,7.821815490722656,1,1,CORRECT
sf,theoremqa_theorems,TheoremQA_jianyu_xu/Graph_2.json,68.33601379394531,2.2008056640625,3.7515411376953125,1,1,CORRECT
sf,theoremqa_theorems,TheoremQA_jianyu_xu/Multinomial_4.json,71.05128479003906,1.1480636596679688,3.7184982299804688,0,0,CORRECT
sf,theoremqa_theorems,TheoremQA_wenhuchen/kepler's_law3.json,75.95993041992188,8.188453674316406,15.364490509033203,1,1,INCORRECT
sf,theoremqa_theorems,TheoremQA_jianyu_xu/Cayley_3.json,69.83516693115234,2.2637863159179688,4.171241760253906,1,1,CORRECT
sf,theoremqa_theorems,TheoremQA_jianyu_xu/pigeonhole_1.json,70.14785766601562,4.8042755126953125,8.573379516601562,1,1,CORRECT
sf,theoremqa_theorems,TheoremQA_elainewan/math_calculus_3_8.json,74.37342834472656,4.583282470703125,8.752883911132812,0,0,INCORRECT
sf,theoremqa_theorems,TheoremQA_jianyu_xu/Binomial_3.json,68.27459716796875,1.7365188598632812,5.9693450927734375,0,1,CORRECT
sf,theoremqa_theorems,TheoremQA_jianyu_xu/Multinomial_3.json,69.73837280273438,0.46855926513671875,2.609954833984375,0,0,CORRECT
sf,theoremqa_theorems,TheoremQA_jianyu_xu/Ramsey_3.json,69.76820373535156,2.064422607421875,4.508811950683594,1,1,CORRECT
sf,theoremqa_theorems,TheoremQA_jianyu_xu/Catalan_1.json,66.74143981933594,1.2948760986328125,2.5097274780273438,0,1,CORRECT
sf,theoremqa_theorems,TheoremQA_elainewan/math_calculus_2_7.json,70.22630310058594,2.5540390014648438,4.499908447265625,0,0,CORRECT
sf,theoremqa_theorems,TheoremQA_wenhuchen/jensen1.json,70.13839721679688,1.7072372436523438,3.73504638671875,0,0,CORRECT
sf,theoremqa_theorems,TheoremQA_panlu/gravitational_force2.json,69.76319885253906,3.14508056640625,9.571983337402344,1,1,CORRECT
sf,theoremqa_theorems,TheoremQA_wenhuchen/Liouville’s_theorem2.json,68.70502471923828,0.5251312255859375,2.1389541625976562,0,1,INCORRECT
sf,theoremqa_theorems,TheoremQA_mingyin/Fundamental-Theorem-of-Calculus3.json,74.83116149902344,1.3587570190429688,2.53973388671875,0,0,INCORRECT
sf,theoremqa_theorems,TheoremQA_jianyu_xu/Binomial_6.json,68.07913970947266,2.9700698852539062,4.726848602294922,0,1,CORRECT
sf,theoremqa_theorems,TheoremQA_tonyxia/maxplanar1.json,70.69863891601562,1.401397705078125,4.0242462158203125,1,1,CORRECT
sf,theoremqa_theorems,TheoremQA_elainewan/math_algebra_4_3.json,75.65792846679688,3.1237258911132812,5.0409088134765625,0,0,CORRECT
sf,theoremqa_theorems,TheoremQA_xueguangma/intermediate_value_theorem.json,66.98155212402344,0.437164306640625,2.0623245239257812,1,1,CORRECT
sf,theoremqa_theorems,TheoremQA_tonyxia/maxplanar3.json,69.11851501464844,2.1043243408203125,4.000091552734375,0,1,CORRECT
sf,theoremqa_theorems,TheoremQA_mingyin/convexity1.json,73.48448944091797,0.8969345092773438,3.1315689086914062,0,0,CORRECT
sf,theoremqa_theorems,TheoremQA_elainewan/math_algebra_7_2.json,69.96434020996094,1.2943191528320312,3.5353775024414062,0,1,CORRECT
sf,theoremqa_theorems,TheoremQA_jianyu_xu/Binomial_2.json,69.78353881835938,3.2870864868164062,5.634529113769531,0,0,CORRECT
sf,theoremqa_theorems,TheoremQA_jianyu_xu/Ramsey_5.json,67.61853790283203,2.1519012451171875,4.188407897949219,1,1,CORRECT
sf,theoremqa_theorems,TheoremQA_jianyu_xu/Multinomial_6.json,71.56079864501953,2.48284912109375,5.875213623046875,0,0,INCORRECT
sf,theoremqa_theorems,TheoremQA_xinyi/dag_1.json,71.5688247680664,1.7582321166992188,3.35748291015625,0,1,CORRECT
sf,theoremqa_theorems,TheoremQA_jianyu_xu/Ramsey_6.json,70.52011108398438,2.8896026611328125,5.023460388183594,1,1,CORRECT
sf,theoremqa_theorems,TheoremQA_wenhuchen/series_convergen2.json,73.91624450683594,1.0513153076171875,3.1426162719726562,0,0,CORRECT
