retriever,task,query_id,max_score,gap_ctx,gap_25,retrieval_success_5,retrieval_success_25,judgment
inst-l,biology,8,0.8995022773742676,0.03396803140640259,0.04818391799926758,1,1,CORRECT
inst-l,biology,1,0.8896850347518921,0.010209083557128906,0.031798720359802246,1,1,CORRECT
inst-l,biology,4,0.9128159284591675,0.027730464935302734,0.042960166931152344,1,1,CORRECT
inst-l,biology,11,0.8701839447021484,0.01747763156890869,0.03389018774032593,1,1,CORRECT
inst-l,biology,7,0.9391980171203613,0.03690695762634277,0.1108519434928894,1,1,CORRECT
inst-l,biology,12,0.9076650142669678,0.010941922664642334,0.026757240295410156,0,0,INCORRECT
inst-l,biology,5,0.9086823463439941,0.009593009948730469,0.029575228691101074,0,1,CORRECT
inst-l,biology,2,0.8776408433914185,0.0056160688400268555,0.01764237880706787,0,1,INCORRECT
inst-l,biology,6,0.8731464147567749,0.01041269302368164,0.02845597267150879,0,1,INCORRECT
inst-l,biology,0,0.860842227935791,0.011988401412963867,0.01899278163909912,0,1,INCORRECT
inst-l,biology,13,0.8799319267272949,0.015491724014282227,0.034956395626068115,0,1,INCORRECT
inst-l,biology,3,0.9098114967346191,0.03440403938293457,0.05855965614318848,1,1,CORRECT
inst-l,biology,10,0.9171698093414307,0.053791940212249756,0.06887340545654297,1,1,CORRECT
inst-l,biology,14,0.8805885314941406,0.00367128849029541,0.023461997509002686,1,1,CORRECT
inst-l,biology,9,0.9041523933410645,0.018967747688293457,0.03414440155029297,0,0,CORRECT
inst-l,biology,15,0.8687050342559814,0.00467681884765625,0.01581549644470215,0,0,INCORRECT
inst-l,biology,18,0.9011083841323853,0.029375553131103516,0.03828930854797363,0,0,INCORRECT
inst-l,biology,26,0.8732516169548035,0.012864410877227783,0.025287330150604248,0,0,INCORRECT
inst-l,biology,23,0.879050612449646,0.019307851791381836,0.036894798278808594,0,0,CORRECT
inst-l,biology,16,0.898880124092102,0.009510576725006104,0.02814418077468872,0,0,CORRECT
inst-l,biology,22,0.849193811416626,0.009867846965789795,0.02962672710418701,1,1,CORRECT
inst-l,biology,20,0.9008709788322449,0.029747366905212402,0.06136894226074219,0,1,INCORRECT
inst-l,biology,17,0.8873140811920166,0.009429216384887695,0.025513291358947754,1,1,CORRECT
inst-l,biology,19,0.9313602447509766,0.018858134746551514,0.03992962837219238,1,1,CORRECT
inst-l,biology,24,0.8942781686782837,0.02586197853088379,0.04398488998413086,1,1,CORRECT
inst-l,biology,21,0.9019492864608765,0.02042102813720703,0.053198397159576416,1,1,CORRECT
inst-l,biology,25,0.899785041809082,0.02136063575744629,0.040341854095458984,1,1,INCORRECT
inst-l,biology,27,0.8682848215103149,0.02477288246154785,0.03696483373641968,1,1,CORRECT
inst-l,biology,28,0.9269838333129883,0.060597896575927734,0.07215011119842529,0,1,CORRECT
inst-l,biology,30,0.9092587828636169,0.017876505851745605,0.03918260335922241,1,1,CORRECT
inst-l,biology,37,0.8560259342193604,0.005563914775848389,0.017799854278564453,0,0,INCORRECT
inst-l,biology,29,0.9100310802459717,0.003991186618804932,0.012888431549072266,0,1,CORRECT
inst-l,biology,32,0.8728208541870117,0.010236978530883789,0.029148995876312256,0,0,CORRECT
inst-l,biology,35,0.8946614265441895,0.007403373718261719,0.032903313636779785,0,1,INCORRECT
inst-l,biology,31,0.8964250087738037,0.016614198684692383,0.03888392448425293,0,1,CORRECT
inst-l,biology,34,0.8639481067657471,0.004443526268005371,0.013016343116760254,0,0,INCORRECT
inst-l,biology,36,0.8820594549179077,0.006901562213897705,0.012487709522247314,0,0,CORRECT
inst-l,biology,43,0.8505494594573975,0.009810805320739746,0.01844775676727295,0,0,INCORRECT
inst-l,biology,33,0.8750268220901489,0.006197631359100342,0.024032950401306152,1,1,CORRECT
inst-l,biology,46,0.910226583480835,0.012164533138275146,0.04089212417602539,0,0,CORRECT
inst-l,biology,48,0.8847637176513672,0.023761868476867676,0.03754854202270508,1,1,CORRECT
inst-l,biology,42,0.9113152027130127,0.003876209259033203,0.015246868133544922,0,0,CORRECT
inst-l,biology,41,0.9037424921989441,0.007134974002838135,0.019417881965637207,0,1,CORRECT
inst-l,biology,38,0.8997592926025391,0.00419849157333374,0.019008100032806396,0,0,INCORRECT
inst-l,biology,45,0.9035067558288574,0.015809178352355957,0.042495787143707275,0,0,INCORRECT
inst-l,biology,44,0.9037395715713501,0.0012236833572387695,0.018347620964050293,0,0,INCORRECT
inst-l,biology,47,0.9101858139038086,0.022327661514282227,0.05466580390930176,0,0,CORRECT
inst-l,biology,39,0.9244226217269897,0.012115478515625,0.01769566535949707,0,0,CORRECT
inst-l,biology,40,0.9123498201370239,0.010095417499542236,0.02453082799911499,0,0,INCORRECT
inst-l,biology,54,0.8770132660865784,0.013689577579498291,0.03415912389755249,0,1,CORRECT
inst-l,biology,49,0.8926817178726196,0.008781075477600098,0.017738521099090576,0,0,INCORRECT
inst-l,biology,50,0.9022123217582703,0.01036137342453003,0.03197270631790161,0,0,INCORRECT
inst-l,biology,51,0.9159336090087891,0.004104137420654297,0.023147523403167725,0,0,CORRECT
inst-l,biology,64,0.9171088933944702,0.013865232467651367,0.04329448938369751,0,1,CORRECT
inst-l,biology,52,0.9263890981674194,0.034050941467285156,0.051079392433166504,0,1,INCORRECT
inst-l,biology,53,0.8648947477340698,0.004048824310302734,0.013283252716064453,0,0,CORRECT
inst-l,biology,58,0.902802586555481,0.014985799789428711,0.035143375396728516,0,1,INCORRECT
inst-l,biology,57,0.8966407775878906,0.01699066162109375,0.043597638607025146,0,0,CORRECT
inst-l,biology,60,0.9256445169448853,0.03975784778594971,0.07499092817306519,0,0,CORRECT
inst-l,biology,55,0.8902114033699036,0.013169944286346436,0.03254544734954834,0,1,INCORRECT
inst-l,biology,67,0.8748137950897217,0.015223264694213867,0.025513887405395508,0,0,INCORRECT
inst-l,biology,62,0.9042206406593323,0.027076780796051025,0.037483155727386475,0,0,CORRECT
inst-l,biology,59,0.875444769859314,0.007342636585235596,0.019645214080810547,0,0,CORRECT
inst-l,biology,56,0.8999797701835632,0.007683277130126953,0.03347963094711304,0,0,CORRECT
inst-l,biology,63,0.8763195872306824,0.004639565944671631,0.019758999347686768,0,0,INCORRECT
inst-l,biology,61,0.8793959021568298,0.026421964168548584,0.04124808311462402,1,1,CORRECT
inst-l,biology,65,0.8779017925262451,0.01025247573852539,0.02256190776824951,0,0,INCORRECT
inst-l,biology,69,0.9068453907966614,0.0166742205619812,0.05470997095108032,0,1,CORRECT
inst-l,biology,81,0.8938302993774414,0.009917676448822021,0.01963067054748535,0,0,CORRECT
inst-l,biology,74,0.8923780918121338,0.02437061071395874,0.046899259090423584,0,1,INCORRECT
inst-l,biology,66,0.8901777267456055,0.028107821941375732,0.034447312355041504,1,1,CORRECT
inst-l,biology,75,0.8979041576385498,0.02003777027130127,0.033689796924591064,0,0,INCORRECT
inst-l,biology,80,0.8927350640296936,0.011105239391326904,0.0228998064994812,0,1,CORRECT
inst-l,biology,68,0.9145231246948242,0.010355949401855469,0.02444291114807129,0,0,INCORRECT
inst-l,biology,82,0.851728081703186,0.007930159568786621,0.020106911659240723,0,0,CORRECT
inst-l,biology,76,0.8809301853179932,0.008500933647155762,0.039923667907714844,0,0,INCORRECT
inst-l,biology,70,0.9032360315322876,0.028056621551513672,0.040724754333496094,0,1,CORRECT
inst-l,biology,71,0.931187629699707,0.011163711547851562,0.028336286544799805,0,0,CORRECT
inst-l,biology,77,0.891757607460022,0.008897781372070312,0.019248485565185547,0,0,INCORRECT
inst-l,biology,72,0.8717997074127197,0.004090428352355957,0.021492958068847656,1,1,CORRECT
inst-l,biology,83,0.936299741268158,0.04155057668685913,0.07100814580917358,0,0,INCORRECT
inst-l,biology,79,0.9064580798149109,0.03952080011367798,0.05834561586380005,0,0,CORRECT
inst-l,biology,78,0.918047308921814,0.010659337043762207,0.024529218673706055,1,1,CORRECT
inst-l,biology,73,0.8821201324462891,0.012161612510681152,0.0292397141456604,0,0,INCORRECT
inst-l,biology,92,0.9041130542755127,0.008481144905090332,0.015623867511749268,0,0,INCORRECT
inst-l,biology,85,0.9040453433990479,0.018699824810028076,0.04241234064102173,1,1,CORRECT
inst-l,biology,94,0.8743242621421814,0.007852375507354736,0.030314385890960693,1,1,CORRECT
inst-l,biology,88,0.9056252837181091,0.014170706272125244,0.0315098762512207,0,0,CORRECT
inst-l,biology,90,0.9140212535858154,0.037032902240753174,0.06622099876403809,0,0,INCORRECT
inst-l,biology,87,0.8994350433349609,0.017284870147705078,0.04313230514526367,0,1,INCORRECT
inst-l,biology,84,0.9353002309799194,0.03952360153198242,0.06038498878479004,1,1,CORRECT
inst-l,biology,89,0.9014143347740173,0.00829547643661499,0.018545567989349365,1,1,INCORRECT
inst-l,biology,86,0.9055604338645935,0.008315503597259521,0.04062294960021973,1,1,CORRECT
inst-l,biology,91,0.9015936851501465,0.025322914123535156,0.048298001289367676,0,0,CORRECT
inst-l,biology,101,0.8851287364959717,0.010284960269927979,0.02371084690093994,0,0,CORRECT
inst-l,biology,93,0.874537467956543,0.0030927658081054688,0.016110658645629883,0,0,INCORRECT
inst-l,biology,100,0.8564366102218628,0.006609916687011719,0.01798117160797119,0,1,CORRECT
inst-l,biology,97,0.9007455706596375,0.009615182876586914,0.025543153285980225,1,1,CORRECT
inst-l,biology,95,0.9067838191986084,0.025982975959777832,0.04482924938201904,1,1,CORRECT
inst-l,biology,98,0.8915345668792725,0.006457805633544922,0.023411989212036133,0,0,CORRECT
inst-l,biology,99,0.8949247598648071,0.01254814863204956,0.029394030570983887,1,1,CORRECT
inst-l,biology,96,0.9219279289245605,0.019729971885681152,0.036367952823638916,0,1,CORRECT
inst-l,aops,math_test_intermediate_algebra_1179,0.9071035981178284,0.0043888092041015625,0.017983734607696533,0,0,INCORRECT
inst-l,aops,aops_2019_AMC_12A_Problems/Problem_17,0.9119677543640137,0.01765143871307373,0.03186756372451782,1,1,INCORRECT
inst-l,biology,102,0.91062331199646,0.013182401657104492,0.057572364807128906,0,0,INCORRECT
inst-l,aops,math_train_intermediate_algebra_513,0.9080576300621033,0.02520078420639038,0.03764057159423828,1,1,INCORRECT
inst-l,aops,math_train_counting_and_probability_5024,0.8908772468566895,0.009917378425598145,0.013150572776794434,0,0,INCORRECT
inst-l,aops,aops_2015_AMC_10B_Problems/Problem_15,0.886323094367981,0.004479646682739258,0.014335989952087402,0,0,INCORRECT
inst-l,aops,math_train_number_theory_7095,0.8911415338516235,0.00894242525100708,0.016815662384033203,0,0,INCORRECT
inst-l,aops,math_train_number_theory_839,0.9213430881500244,0.004263401031494141,0.012566804885864258,0,0,INCORRECT
inst-l,aops,math_train_number_theory_7012,0.9139378070831299,0.008964955806732178,0.021899104118347168,0,0,INCORRECT
inst-l,aops,math_train_number_theory_7030,0.9382818937301636,0.05755877494812012,0.06519639492034912,0,0,INCORRECT
inst-l,aops,aops_2000_AIME_I_Problems/Problem_9,0.9261099696159363,0.020344257354736328,0.03184229135513306,0,0,INCORRECT
inst-l,aops,aops_2008_AMC_12B_Problems/Problem_16,0.9040189981460571,0.007142782211303711,0.016968488693237305,0,0,INCORRECT
inst-l,aops,math_train_number_theory_7016,0.8784416913986206,0.006065785884857178,0.014137029647827148,0,1,INCORRECT
inst-l,aops,aops_2021_AIME_I_Problems/Problem_14,0.9149348735809326,0.019381225109100342,0.029356956481933594,0,0,INCORRECT
inst-l,aops,aops_2008_AMC_12A_Problems/Problem_15,0.9207192659378052,0.005006909370422363,0.029134631156921387,0,0,INCORRECT
inst-l,aops,aops_2005_IMO_Problems/Problem_4,0.8945356607437134,0.007110595703125,0.015490531921386719,0,0,INCORRECT
inst-l,aops,aops_2017_AMC_10B_Problems/Problem_14,0.9410511255264282,0.007514655590057373,0.016007304191589355,0,0,INCORRECT
inst-l,aops,aops_2005_USAMO_Problems/Problem_2,0.9104886054992676,0.020911574363708496,0.028320670127868652,0,0,INCORRECT
inst-l,aops,aops_2024_AIME_I_Problems/Problem_13,0.9292795658111572,0.01882314682006836,0.02714383602142334,0,0,INCORRECT
inst-l,aops,math_train_counting_and_probability_5035,0.8900882005691528,0.01393437385559082,0.024907410144805908,0,0,INCORRECT
inst-l,aops,aops_2004_AIME_I_Problems/Problem_10,0.9046043753623962,0.004351437091827393,0.02162998914718628,0,1,INCORRECT
inst-l,aops,math_train_geometry_6018,0.9044539928436279,0.011148273944854736,0.021587848663330078,0,0,INCORRECT
inst-l,aops,math_test_geometry_454,0.913418173789978,0.008209943771362305,0.014358043670654297,0,0,INCORRECT
inst-l,aops,math_train_geometry_6173,0.9153536558151245,0.00660252571105957,0.02211916446685791,1,1,INCORRECT
inst-l,aops,aops_2023_AIME_I_Problems/Problem_5,0.9152461290359497,0.020628929138183594,0.026455461978912354,0,0,INCORRECT
inst-l,aops,math_train_counting_and_probability_5011,0.9351173639297485,0.027064204216003418,0.036673665046691895,0,0,INCORRECT
inst-l,aops,aops_2001_AMC_10_Problems/Problem_19,0.9245628118515015,0.007764577865600586,0.024028301239013672,1,1,CORRECT
inst-l,aops,math_test_counting_and_probability_1009,0.9169132113456726,0.006660163402557373,0.015586674213409424,1,1,CORRECT
inst-l,aops,aops_2007_AIME_I_Problems/Problem_10,0.9016504287719727,0.009764790534973145,0.024591803550720215,0,0,INCORRECT
inst-l,aops,math_train_counting_and_probability_5131,0.9150322079658508,0.004437446594238281,0.015445172786712646,0,0,CORRECT
inst-l,aops,aops_2018_AMC_8_Problems/Problem_23,0.9347267150878906,0.013704180717468262,0.026898562908172607,0,0,INCORRECT
inst-l,aops,aops_2019_AMC_8_Problems/Problem_25,0.9209040999412537,0.006898105144500732,0.024092912673950195,0,0,INCORRECT
inst-l,aops,aops_2020_AMC_10B_Problems/Problem_25,0.9282631874084473,0.007818460464477539,0.013356328010559082,0,0,INCORRECT
inst-l,aops,aops_2018_AMC_10A_Problems/Problem_11,0.9362691640853882,0.0039255619049072266,0.014560699462890625,0,0,INCORRECT
inst-l,aops,aops_2020_AMC_10A_Problems/Problem_24,0.9191946983337402,0.006476759910583496,0.012862801551818848,0,0,INCORRECT
inst-l,aops,math_train_number_theory_7003,0.9086135625839233,0.0033622384071350098,0.016864359378814697,0,0,INCORRECT
inst-l,aops,aops_2007_iTest_Problems/Problem_6,0.9335514307022095,0.01124715805053711,0.028980553150177002,0,0,INCORRECT
inst-l,aops,aops_1959_IMO_Problems/Problem_1,0.8661752939224243,0.004436135292053223,0.012202143669128418,1,1,INCORRECT
inst-l,aops,aops_1987_IMO_Problems/Problem_1,0.8752577900886536,0.012849509716033936,0.027067065238952637,0,0,INCORRECT
inst-l,aops,math_test_counting_and_probability_838,0.9194122552871704,0.002974212169647217,0.02100473642349243,0,1,CORRECT
inst-l,aops,aops_2021_AIME_I_Problems/Problem_10,0.8964362144470215,0.005493640899658203,0.01226806640625,0,0,INCORRECT
inst-l,aops,aops_2021_AIME_II_Problems/Problem_9,0.9222350120544434,0.009270846843719482,0.01886916160583496,0,0,INCORRECT
inst-l,aops,math_train_number_theory_7066,0.9047328233718872,0.005915403366088867,0.011307299137115479,0,0,INCORRECT
inst-l,aops,aops_2020_AMC_8_Problems/Problem_12,0.9348692893981934,0.01107490062713623,0.018970608711242676,0,1,INCORRECT
inst-l,aops,aops_2000_AMC_12_Problems/Problem_4,0.9172303676605225,0.008016347885131836,0.017276287078857422,0,0,INCORRECT
inst-l,aops,aops_1990_AIME_Problems/Problem_9,0.9078925848007202,0.0018559694290161133,0.01112353801727295,0,0,INCORRECT
inst-l,aops,math_train_intermediate_algebra_659,0.9247932434082031,0.016199171543121338,0.02617025375366211,0,0,INCORRECT
inst-l,aops,math_train_intermediate_algebra_477,0.9091372489929199,0.017803668975830078,0.030442893505096436,0,0,INCORRECT
inst-l,aops,aops_2017_AMC_10B_Problems/Problem_13,0.9056224822998047,0.00934910774230957,0.018784284591674805,0,0,INCORRECT
inst-l,aops,aops_2011_AMC_8_Problems/Problem_6,0.9018165469169617,0.0051215291023254395,0.026687443256378174,0,0,CORRECT
inst-l,aops,aops_2020_AIME_II_Problems/Problem_9,0.919138491153717,0.000741422176361084,0.004806339740753174,0,0,INCORRECT
inst-l,aops,aops_1981_IMO_Problems/Problem_3,0.9286823272705078,0.016706109046936035,0.026971399784088135,0,0,INCORRECT
inst-l,aops,aops_2005_AMC_12A_Problems/Problem_18,0.9322782754898071,0.015390753746032715,0.02357041835784912,0,0,INCORRECT
inst-l,aops,math_test_prealgebra_1987,0.9408720135688782,0.0041446685791015625,0.011110246181488037,0,0,INCORRECT
inst-l,aops,math_train_counting_and_probability_5047,0.9066020250320435,0.003054976463317871,0.005455613136291504,0,0,INCORRECT
inst-l,aops,math_train_counting_and_probability_5048,0.9107595086097717,0.008745133876800537,0.019036293029785156,0,0,INCORRECT
inst-l,aops,math_test_counting_and_probability_430,0.9263241291046143,0.0028801560401916504,0.006228446960449219,0,0,INCORRECT
inst-l,aops,math_train_counting_and_probability_5045,0.919001579284668,0.0020155906677246094,0.01896202564239502,0,0,INCORRECT
inst-l,aops,aops_2017_AIME_II_Problems/Problem_1,0.93205326795578,0.013493120670318604,0.034414827823638916,0,0,INCORRECT
inst-l,aops,math_test_counting_and_probability_1003,0.9494800567626953,0.007859468460083008,0.023568153381347656,0,0,INCORRECT
inst-l,aops,math_train_geometry_317,0.9328689575195312,0.01047748327255249,0.02291238307952881,0,0,INCORRECT
inst-l,aops,aops_2007_AIME_II_Problems/Problem_10,0.9150652289390564,0.0058555006980896,0.015667736530303955,0,0,INCORRECT
inst-l,aops,math_train_geometry_6060,0.9113003015518188,0.012807726860046387,0.024752557277679443,0,0,INCORRECT
inst-l,aops,aops_1971_AHSME_Problems/Problem_26,0.9282780885696411,0.007652759552001953,0.01849544048309326,1,1,INCORRECT
inst-l,aops,aops_1988_AIME_Problems/Problem_12,0.9088913202285767,0.011713027954101562,0.018848061561584473,0,1,INCORRECT
inst-l,aops,math_train_algebra_2521,0.9034996032714844,0.005552947521209717,0.01163947582244873,0,0,CORRECT
inst-l,aops,math_train_geometry_6022,0.8920315504074097,0.003363311290740967,0.009094417095184326,0,1,INCORRECT
inst-l,aops,math_train_geometry_6116,0.949907660484314,0.008709371089935303,0.01680666208267212,1,1,INCORRECT
inst-l,aops,math_train_intermediate_algebra_2060,0.9099442362785339,0.0010373592376708984,0.012117087841033936,0,0,INCORRECT
inst-l,aops,math_train_geometry_6115,0.9139493107795715,0.01649683713912964,0.03275114297866821,0,1,INCORRECT
inst-l,aops,math_test_algebra_1208,0.8995838761329651,0.011340439319610596,0.02158278226852417,1,1,INCORRECT
inst-l,aops,math_test_intermediate_algebra_951,0.8953325748443604,0.003436446189880371,0.010339200496673584,0,0,CORRECT
inst-l,aops,aops_1985_AIME_Problems/Problem_6,0.9159512519836426,0.004398226737976074,0.01940023899078369,0,0,INCORRECT
inst-l,aops,aops_2016_AMC_10A_Problems/Problem_19,0.9139876365661621,0.017254948616027832,0.024016499519348145,0,1,INCORRECT
inst-l,aops,math_train_intermediate_algebra_1822,0.9117305278778076,0.0036652684211730957,0.015581488609313965,0,0,INCORRECT
inst-l,aops,aops_2009_AMC_12A_Problems/Problem_17,0.9064431190490723,0.007603287696838379,0.02306985855102539,1,1,INCORRECT
inst-l,aops,math_train_number_theory_7078,0.8950132131576538,0.006964325904846191,0.014155745506286621,0,0,INCORRECT
inst-l,aops,math_test_intermediate_algebra_1812,0.9084303379058838,0.005894899368286133,0.018315494060516357,0,0,INCORRECT
inst-l,aops,aops_2021_Fall_AMC_12A_Problems/Problem_12,0.9134678244590759,0.021456003189086914,0.03446871042251587,0,0,INCORRECT
inst-l,aops,aops_2008_AMC_12A_Problems/Problem_16,0.9148287773132324,0.011279821395874023,0.019571781158447266,0,0,INCORRECT
inst-l,aops,math_train_intermediate_algebra_1268,0.9220095872879028,0.01505577564239502,0.024406731128692627,1,1,CORRECT
inst-l,aops,aops_2021_AMC_12B_Problems/Problem_9,0.913201093673706,0.006402850151062012,0.0144195556640625,0,1,INCORRECT
inst-l,aops,math_train_counting_and_probability_5064,0.910377025604248,0.008374214172363281,0.017148375511169434,0,0,INCORRECT
inst-l,aops,aops_2002_AIME_I_Problems/Problem_6,0.9015649557113647,0.01628798246383667,0.021979928016662598,0,0,INCORRECT
inst-l,aops,math_train_counting_and_probability_5111,0.898213803768158,0.016041994094848633,0.023273110389709473,0,0,INCORRECT
inst-l,aops,math_train_counting_and_probability_822,0.9364252686500549,0.011362016201019287,0.03460568189620972,0,0,INCORRECT
inst-l,aops,aops_2015_AMC_12A_Problems/Problem_22,0.9176959991455078,0.012060880661010742,0.019122719764709473,0,0,INCORRECT
inst-l,aops,aops_1994_AIME_Problems/Problem_9,0.9225905537605286,0.007098197937011719,0.013821542263031006,0,0,INCORRECT
inst-l,aops,aops_2022_AMC_10B_Problems/Problem_9,0.9236122369766235,0.014640748500823975,0.02390730381011963,0,0,CORRECT
inst-l,aops,math_train_geometry_747,0.9561101198196411,0.01831364631652832,0.03291797637939453,0,0,INCORRECT
inst-l,aops,math_train_algebra_2826,0.9301806092262268,0.006878077983856201,0.01843440532684326,0,0,CORRECT
inst-l,aops,aops_2019_AMC_10A_Problems/Problem_12,0.8886915445327759,0.00805431604385376,0.01308751106262207,0,1,INCORRECT
inst-l,aops,aops_2023_AIME_II_Problems/Problem_9,0.915164053440094,0.01534944772720337,0.033986449241638184,1,1,INCORRECT
inst-l,aops,aops_2000_AMC_12_Problems/Problem_14,0.924980103969574,0.00509190559387207,0.010965943336486816,0,0,INCORRECT
inst-l,aops,aops_1971_Canadian_MO_Problems/Problem_1,0.9096413850784302,0.0012551546096801758,0.02326178550720215,0,0,INCORRECT
inst-l,aops,aops_2016_AMC_10A_Problems/Problem_7,0.9149336814880371,0.010745823383331299,0.016736626625061035,1,1,INCORRECT
inst-l,aops,aops_2022_AIME_I_Problems/Problem_11,0.9379068613052368,0.009634256362915039,0.03914409875869751,1,1,INCORRECT
inst-l,aops,aops_2020_AIME_I_Problems/Problem_15,0.9118404388427734,0.011638164520263672,0.027236342430114746,1,1,INCORRECT
inst-l,aops,aops_2024_AIME_I_Problems/Problem_10,0.9138978719711304,0.01956409215927124,0.032258689403533936,1,1,INCORRECT
inst-l,aops,math_train_geometry_6112,0.9257880449295044,0.022416353225708008,0.03147733211517334,0,0,INCORRECT
inst-l,aops,aops_2016_AIME_II_Problems/Problem_10,0.9091317653656006,0.02083909511566162,0.03381752967834473,1,1,INCORRECT
inst-l,aops,aops_1998_AIME_Problems/Problem_2,0.92852783203125,0.01997661590576172,0.03321385383605957,0,0,INCORRECT
inst-l,aops,aops_2013_AMC_12A_Problems/Problem_13,0.9092870354652405,0.006196022033691406,0.015308797359466553,0,0,INCORRECT
inst-l,aops,math_train_geometry_6092,0.9021743535995483,0.009501814842224121,0.01944565773010254,0,1,INCORRECT
inst-l,aops,aops_2015_AIME_I_Problems/Problem_4,0.9252767562866211,0.012526392936706543,0.027144908905029297,0,0,INCORRECT
inst-l,aops,aops_2016_AIME_I_Problems/Problem_15,0.913429856300354,0.007182598114013672,0.019691050052642822,1,1,INCORRECT
inst-l,aops,math_train_geometry_6105,0.8893117904663086,0.006180524826049805,0.01789194345474243,0,0,INCORRECT
inst-l,aops,aops_2019_AIME_I_Problems/Problem_3,0.9135937690734863,0.012380599975585938,0.01768779754638672,0,0,INCORRECT
inst-l,aops,math_train_geometry_6078,0.9037885665893555,0.012663424015045166,0.024594485759735107,1,1,INCORRECT
inst-l,aops,math_train_geometry_6051,0.9025282859802246,0.0200769305229187,0.025681376457214355,1,1,INCORRECT
inst-l,aops,aops_2017_AIME_II_Problems/Problem_3,0.9223349094390869,0.0070590972900390625,0.01591193675994873,0,0,INCORRECT
inst-l,aops,aops_2002_AIME_I_Problems/Problem_10,0.9076447486877441,0.004748106002807617,0.010907292366027832,0,0,INCORRECT
inst-l,earth_science,1,0.9181323647499084,0.012113511562347412,0.02100306749343872,0,0,CORRECT
inst-l,earth_science,3,0.9316818714141846,0.015253543853759766,0.047669947147369385,1,1,CORRECT
inst-l,earth_science,7,0.9109102487564087,0.01084589958190918,0.023398995399475098,0,0,CORRECT
inst-l,earth_science,4,0.8997575044631958,0.007027864456176758,0.022786259651184082,0,1,CORRECT
inst-l,earth_science,6,0.9159864187240601,0.014258384704589844,0.02707451581954956,1,1,CORRECT
inst-l,earth_science,8,0.9198647737503052,0.036893606185913086,0.06715923547744751,1,1,CORRECT
inst-l,earth_science,0,0.8860166072845459,0.02125108242034912,0.03224527835845947,0,0,CORRECT
inst-l,earth_science,2,0.9019697904586792,0.013184309005737305,0.0400809645652771,0,1,INCORRECT
inst-l,earth_science,5,0.9087034463882446,0.021586894989013672,0.052957892417907715,0,0,CORRECT
inst-l,earth_science,13,0.9145374894142151,0.0158880352973938,0.0349421501159668,1,1,CORRECT
inst-l,earth_science,9,0.8964979648590088,0.00710749626159668,0.0173720121383667,0,0,CORRECT
inst-l,earth_science,10,0.8784652948379517,0.006105899810791016,0.019164085388183594,0,0,CORRECT
inst-l,earth_science,11,0.8970096111297607,0.022914409637451172,0.038884639739990234,0,0,CORRECT
inst-l,earth_science,14,0.8858867287635803,0.021942555904388428,0.031216084957122803,0,0,CORRECT
inst-l,earth_science,12,0.90998774766922,0.013652622699737549,0.02585667371749878,0,0,INCORRECT
inst-l,earth_science,15,0.9163771867752075,0.01896679401397705,0.03727686405181885,0,1,CORRECT
inst-l,earth_science,17,0.9015102386474609,0.023235201835632324,0.04055774211883545,0,0,CORRECT
inst-l,earth_science,16,0.9106433391571045,0.027619481086730957,0.07707726955413818,0,0,INCORRECT
inst-l,earth_science,19,0.9182425737380981,0.005756735801696777,0.019450902938842773,1,1,INCORRECT
inst-l,earth_science,18,0.902957558631897,0.008661448955535889,0.02554774284362793,1,1,CORRECT
inst-l,earth_science,23,0.8729591369628906,0.03166019916534424,0.05277299880981445,0,0,INCORRECT
inst-l,earth_science,25,0.8741507530212402,0.00918722152709961,0.01827770471572876,1,1,CORRECT
inst-l,earth_science,21,0.8744146823883057,0.015140652656555176,0.03381246328353882,0,0,INCORRECT
inst-l,earth_science,20,0.9055402278900146,0.01748788356781006,0.028599262237548828,1,1,CORRECT
inst-l,earth_science,24,0.9005321860313416,0.01221078634262085,0.028487801551818848,0,1,CORRECT
inst-l,earth_science,22,0.910888135433197,0.014095842838287354,0.04449969530105591,0,1,INCORRECT
inst-l,earth_science,27,0.879470944404602,0.014065921306610107,0.022209763526916504,0,1,INCORRECT
inst-l,earth_science,26,0.9133895635604858,0.024235069751739502,0.04318583011627197,0,1,CORRECT
inst-l,earth_science,34,0.8869059681892395,0.004009664058685303,0.024278640747070312,0,0,INCORRECT
inst-l,earth_science,28,0.8867461681365967,0.020435869693756104,0.039543747901916504,1,1,CORRECT
inst-l,earth_science,30,0.8965827822685242,0.00908595323562622,0.029199540615081787,0,0,INCORRECT
inst-l,earth_science,31,0.9029858112335205,0.02498471736907959,0.040204524993896484,1,1,CORRECT
inst-l,earth_science,29,0.8806335926055908,0.018068552017211914,0.029344141483306885,0,0,INCORRECT
inst-l,earth_science,33,0.8890141248703003,0.013221979141235352,0.024523496627807617,0,0,INCORRECT
inst-l,earth_science,38,0.866683840751648,0.008887290954589844,0.027526140213012695,1,1,CORRECT
inst-l,earth_science,39,0.9242219924926758,0.01993703842163086,0.040608763694763184,1,1,CORRECT
inst-l,earth_science,37,0.9141716957092285,0.014249742031097412,0.03668868541717529,0,1,INCORRECT
inst-l,earth_science,32,0.8581063747406006,0.007019758224487305,0.016759157180786133,0,1,CORRECT
inst-l,earth_science,35,0.881015419960022,0.004538536071777344,0.02153909206390381,1,1,CORRECT
inst-l,earth_science,36,0.9329191446304321,0.023631811141967773,0.05503344535827637,1,1,CORRECT
inst-l,earth_science,42,0.8688905835151672,0.024378478527069092,0.03508549928665161,0,1,INCORRECT
inst-l,earth_science,43,0.8873597979545593,0.013575077056884766,0.03098374605178833,1,1,INCORRECT
inst-l,earth_science,45,0.8672404885292053,0.015230357646942139,0.027937710285186768,0,1,INCORRECT
inst-l,earth_science,54,0.8830066919326782,0.010632038116455078,0.024360179901123047,0,1,CORRECT
inst-l,earth_science,40,0.867888331413269,0.010529279708862305,0.022334933280944824,0,0,CORRECT
inst-l,earth_science,50,0.8949096202850342,0.00858306884765625,0.0222548246383667,1,1,INCORRECT
inst-l,earth_science,48,0.9073960781097412,0.018483459949493408,0.02877676486968994,0,0,CORRECT
inst-l,earth_science,41,0.8965620994567871,0.015593886375427246,0.034358441829681396,1,1,CORRECT
inst-l,earth_science,44,0.9199405908584595,0.01659482717514038,0.041864991188049316,0,0,CORRECT
inst-l,earth_science,53,0.9093784093856812,0.024494171142578125,0.03966403007507324,0,1,CORRECT
inst-l,earth_science,46,0.935883641242981,0.017560243606567383,0.06047910451889038,1,1,INCORRECT
inst-l,earth_science,47,0.8968970775604248,0.017937421798706055,0.034307003021240234,1,1,INCORRECT
inst-l,earth_science,49,0.8986940383911133,0.0319066047668457,0.057906150817871094,0,1,CORRECT
inst-l,earth_science,56,0.892819344997406,0.023618698120117188,0.043401122093200684,0,1,CORRECT
inst-l,earth_science,51,0.9030922651290894,0.011020660400390625,0.02953624725341797,1,1,CORRECT
inst-l,earth_science,52,0.8643143177032471,0.004156351089477539,0.008199751377105713,0,0,CORRECT
inst-l,earth_science,55,0.9032368659973145,0.026497364044189453,0.0446663498878479,0,0,INCORRECT
inst-l,earth_science,60,0.8657498359680176,0.0038285255432128906,0.028158962726593018,0,1,CORRECT
inst-l,earth_science,72,0.8797899484634399,0.01744389533996582,0.03809547424316406,1,1,CORRECT
inst-l,earth_science,57,0.8736631870269775,0.004943132400512695,0.022229909896850586,1,1,CORRECT
inst-l,earth_science,69,0.8585870265960693,0.010870814323425293,0.02691972255706787,1,1,CORRECT
inst-l,earth_science,71,0.8894419074058533,0.02882450819015503,0.04397159814834595,1,1,CORRECT
inst-l,earth_science,59,0.9168891906738281,0.027314066886901855,0.048037588596343994,1,1,CORRECT
inst-l,earth_science,64,0.8816910982131958,0.015900254249572754,0.03276693820953369,0,1,CORRECT
inst-l,earth_science,58,0.9060872197151184,0.01920098066329956,0.051680922508239746,0,0,INCORRECT
inst-l,earth_science,61,0.9104731678962708,0.013174235820770264,0.028004825115203857,0,0,INCORRECT
inst-l,earth_science,62,0.8950424194335938,0.030335426330566406,0.0417170524597168,1,1,CORRECT
inst-l,earth_science,67,0.8834654092788696,0.018622875213623047,0.03500950336456299,1,1,CORRECT
inst-l,earth_science,66,0.8819031715393066,0.012375354766845703,0.02667897939682007,1,1,CORRECT
inst-l,earth_science,68,0.8629274368286133,0.014466643333435059,0.02361518144607544,1,1,CORRECT
inst-l,earth_science,63,0.8959367275238037,0.006148099899291992,0.030344724655151367,0,0,CORRECT
inst-l,earth_science,70,0.8761118650436401,0.014539957046508789,0.025091886520385742,0,1,INCORRECT
inst-l,earth_science,65,0.907508373260498,0.02173757553100586,0.04307889938354492,1,1,CORRECT
inst-l,earth_science,76,0.8591698408126831,0.013538837432861328,0.01890343427658081,0,0,CORRECT
inst-l,earth_science,85,0.8787844181060791,0.018587112426757812,0.03308391571044922,0,1,INCORRECT
inst-l,earth_science,79,0.9083389639854431,0.012718677520751953,0.025753319263458252,0,0,CORRECT
inst-l,earth_science,73,0.8855712413787842,0.011678516864776611,0.02715003490447998,0,0,CORRECT
inst-l,earth_science,86,0.8731086254119873,0.016459405422210693,0.038952767848968506,1,1,CORRECT
inst-l,earth_science,83,0.8760268688201904,0.009117722511291504,0.028527021408081055,0,1,CORRECT
inst-l,earth_science,74,0.8863849639892578,0.01846212148666382,0.028593599796295166,1,1,CORRECT
inst-l,earth_science,77,0.8977745771408081,0.010613977909088135,0.0213434100151062,0,0,INCORRECT
inst-l,earth_science,88,0.8554006218910217,5.960464477539063e-08,0.02864938974380493,0,1,INCORRECT
inst-l,earth_science,84,0.8744770884513855,0.006219327449798584,0.02527981996536255,0,0,CORRECT
inst-l,earth_science,75,0.8807860612869263,0.014316082000732422,0.02502727508544922,1,1,CORRECT
inst-l,earth_science,78,0.8705282211303711,0.003711521625518799,0.017538249492645264,0,0,CORRECT
inst-l,earth_science,81,0.9362123012542725,0.029347479343414307,0.04547691345214844,1,1,CORRECT
inst-l,earth_science,80,0.8978662490844727,0.025689244270324707,0.04896503686904907,1,1,CORRECT
inst-l,earth_science,82,0.914618194103241,0.011444032192230225,0.03184288740158081,1,1,CORRECT
inst-l,earth_science,96,0.8965126276016235,0.010297417640686035,0.027286231517791748,1,1,CORRECT
inst-l,earth_science,87,0.9337831735610962,0.017882943153381348,0.037755370140075684,1,1,CORRECT
inst-l,earth_science,97,0.8858189582824707,0.02881932258605957,0.047499656677246094,0,1,INCORRECT
inst-l,earth_science,95,0.9073195457458496,0.011991024017333984,0.04019331932067871,0,1,INCORRECT
inst-l,earth_science,92,0.8614220023155212,0.01169043779373169,0.021751880645751953,0,0,INCORRECT
inst-l,earth_science,91,0.8986380100250244,0.01600039005279541,0.029076457023620605,0,1,CORRECT
inst-l,earth_science,100,0.907766580581665,0.023320913314819336,0.04739117622375488,0,0,INCORRECT
inst-l,earth_science,101,0.9393469095230103,0.05859220027923584,0.09092772006988525,1,1,CORRECT
inst-l,earth_science,102,0.8711800575256348,0.011968135833740234,0.02990090847015381,0,0,CORRECT
inst-l,earth_science,90,0.8926449418067932,0.01210784912109375,0.02975863218307495,0,0,CORRECT
inst-l,earth_science,89,0.8765074014663696,0.0096663236618042,0.019382596015930176,0,0,INCORRECT
inst-l,earth_science,94,0.8874704837799072,0.014791905879974365,0.028239786624908447,0,0,INCORRECT
inst-l,earth_science,93,0.8677688837051392,0.0016330480575561523,0.015656113624572754,0,1,CORRECT
inst-l,earth_science,98,0.9003303050994873,0.018580973148345947,0.0420113205909729,1,1,CORRECT
inst-l,earth_science,99,0.8999025225639343,0.02446746826171875,0.047231853008270264,0,0,INCORRECT
inst-l,earth_science,104,0.8866304755210876,0.02106320858001709,0.03818005323410034,1,1,CORRECT
inst-l,earth_science,103,0.895043671131134,0.0052950382232666016,0.014315485954284668,0,1,CORRECT
inst-l,earth_science,107,0.8684650659561157,0.013113856315612793,0.023179948329925537,1,1,CORRECT
inst-l,earth_science,105,0.8533991575241089,0.009752273559570312,0.016305863857269287,0,0,CORRECT
inst-l,earth_science,114,0.8655833005905151,0.005055665969848633,0.016074776649475098,1,1,CORRECT
inst-l,earth_science,106,0.8788145780563354,0.014933109283447266,0.036646127700805664,0,1,INCORRECT
inst-l,earth_science,110,0.8770270943641663,0.008851945400238037,0.019189655780792236,0,1,CORRECT
inst-l,earth_science,113,0.9144460558891296,0.032678425312042236,0.05318397283554077,1,1,CORRECT
inst-l,earth_science,108,0.8862782716751099,0.015647411346435547,0.03498876094818115,0,0,CORRECT
inst-l,earth_science,109,0.897987961769104,0.012709081172943115,0.02283322811126709,1,1,CORRECT
inst-l,earth_science,112,0.9017132520675659,0.009419023990631104,0.03299599885940552,0,0,INCORRECT
inst-l,earth_science,111,0.8842555284500122,0.015407204627990723,0.02500396966934204,0,1,INCORRECT
inst-l,earth_science,115,0.8816530704498291,0.015660524368286133,0.04102587699890137,0,0,CORRECT
inst-l,economics,1,0.8921096324920654,0.012105762958526611,0.029895901679992676,0,1,CORRECT
inst-l,economics,0,0.899834930896759,0.019517958164215088,0.030971646308898926,0,0,INCORRECT
inst-l,economics,2,0.879694938659668,0.010288596153259277,0.020346879959106445,0,1,CORRECT
inst-l,economics,13,0.8878264427185059,0.006858706474304199,0.03425395488739014,0,0,CORRECT
inst-l,economics,3,0.9075679779052734,0.01492607593536377,0.028469562530517578,0,1,CORRECT
inst-l,economics,15,0.9336438179016113,0.013041496276855469,0.01995021104812622,0,0,CORRECT
inst-l,economics,8,0.909801721572876,0.015762150287628174,0.03366434574127197,0,0,CORRECT
inst-l,economics,7,0.9142899513244629,0.008404731750488281,0.0282212495803833,0,0,CORRECT
inst-l,economics,9,0.8862745761871338,0.018883943557739258,0.026454389095306396,1,1,CORRECT
inst-l,economics,5,0.8894250988960266,0.020294606685638428,0.03538602590560913,0,0,CORRECT
inst-l,economics,4,0.8873004913330078,0.00953984260559082,0.025064408779144287,0,0,INCORRECT
inst-l,economics,12,0.9038003087043762,0.018191754817962646,0.029188334941864014,0,0,CORRECT
inst-l,economics,11,0.8711990118026733,0.008513450622558594,0.01662623882293701,0,0,CORRECT
inst-l,economics,10,0.9179109334945679,0.012596487998962402,0.02931797504425049,0,0,CORRECT
inst-l,economics,6,0.9036341905593872,0.016040682792663574,0.03238034248352051,0,0,INCORRECT
inst-l,economics,16,0.8880652189254761,0.004462540149688721,0.01656794548034668,0,0,CORRECT
inst-l,economics,14,0.9074829816818237,0.014052391052246094,0.035315513610839844,0,0,INCORRECT
inst-l,economics,18,0.9085206985473633,0.009493052959442139,0.036277174949645996,1,1,CORRECT
inst-l,economics,17,0.9389441609382629,0.010558485984802246,0.029443681240081787,1,1,CORRECT
inst-l,economics,33,0.9100029468536377,0.005130767822265625,0.016960740089416504,1,1,CORRECT
inst-l,economics,20,0.8846700191497803,0.006841540336608887,0.0152740478515625,0,0,INCORRECT
inst-l,economics,22,0.9213775396347046,0.029566168785095215,0.0469512939453125,0,1,CORRECT
inst-l,economics,21,0.8904322385787964,0.007518649101257324,0.019312381744384766,0,1,CORRECT
inst-l,economics,30,0.89837646484375,0.014361858367919922,0.041063785552978516,0,0,CORRECT
inst-l,economics,19,0.8981802463531494,0.01717507839202881,0.03208804130554199,0,0,CORRECT
inst-l,economics,23,0.8846478462219238,0.0025066733360290527,0.013528525829315186,0,0,INCORRECT
inst-l,economics,25,0.9279393553733826,0.02412348985671997,0.04798686504364014,1,1,CORRECT
inst-l,economics,27,0.9331331253051758,0.004566073417663574,0.027265548706054688,0,1,CORRECT
inst-l,economics,24,0.8956849575042725,0.007479429244995117,0.022391557693481445,0,0,CORRECT
inst-l,economics,28,0.8990055322647095,0.010358691215515137,0.025415539741516113,1,1,CORRECT
inst-l,economics,29,0.9140450954437256,0.014376521110534668,0.0320812463760376,1,1,CORRECT
inst-l,economics,26,0.9146297574043274,0.013532698154449463,0.028863966464996338,1,1,CORRECT
inst-l,economics,34,0.8942792415618896,0.01380068063735962,0.03135371208190918,1,1,CORRECT
inst-l,economics,32,0.884125828742981,0.007837355136871338,0.016885995864868164,1,1,INCORRECT
inst-l,economics,36,0.8937559127807617,0.013411760330200195,0.02598506212234497,1,1,CORRECT
inst-l,economics,41,0.8753539323806763,0.006088972091674805,0.012844443321228027,0,0,CORRECT
inst-l,economics,44,0.8742541074752808,0.0001270771026611328,0.009880304336547852,0,0,INCORRECT
inst-l,economics,31,0.9053552150726318,0.0081290602684021,0.03368860483169556,0,0,INCORRECT
inst-l,economics,45,0.8953166604042053,0.015680372714996338,0.05140405893325806,0,0,INCORRECT
inst-l,economics,40,0.9041674733161926,0.0031960606575012207,0.028459608554840088,0,0,CORRECT
inst-l,economics,37,0.9477392435073853,0.01365351676940918,0.04804104566574097,0,0,CORRECT
inst-l,economics,35,0.8933237791061401,0.007603168487548828,0.015707015991210938,0,0,CORRECT
inst-l,economics,38,0.9006102681159973,0.02105480432510376,0.04083693027496338,1,1,CORRECT
inst-l,economics,39,0.8955205678939819,0.016857445240020752,0.03238171339035034,1,1,CORRECT
inst-l,economics,50,0.9162133932113647,0.006175220012664795,0.023936569690704346,0,0,CORRECT
inst-l,economics,46,0.9109213352203369,0.035320162773132324,0.06438720226287842,1,1,CORRECT
inst-l,economics,42,0.8903392553329468,0.006784200668334961,0.02856314182281494,0,0,CORRECT
inst-l,economics,43,0.8825594186782837,0.020285964012145996,0.028353571891784668,0,0,INCORRECT
inst-l,economics,47,0.9200817346572876,0.010533273220062256,0.027933955192565918,0,0,INCORRECT
inst-l,economics,49,0.8903874754905701,0.01613670587539673,0.03828835487365723,1,1,CORRECT
inst-l,economics,54,0.9109742641448975,1.7881393432617188e-07,0.03131115436553955,0,0,INCORRECT
inst-l,economics,48,0.9332374334335327,0.027467787265777588,0.04625380039215088,0,0,INCORRECT
inst-l,economics,53,0.9217945337295532,0.0160977840423584,0.041947007179260254,0,0,INCORRECT
inst-l,economics,62,0.8909556269645691,0.035938799381256104,0.05361342430114746,0,1,CORRECT
inst-l,economics,59,0.8964017033576965,0.00138014554977417,0.010795295238494873,1,1,CORRECT
inst-l,economics,52,0.9269669055938721,0.010188460350036621,0.032465457916259766,1,1,CORRECT
inst-l,economics,66,0.9209607839584351,0.007252812385559082,0.021979451179504395,0,1,INCORRECT
inst-l,economics,56,0.895768404006958,0.020603179931640625,0.04023444652557373,1,1,CORRECT
inst-l,economics,55,0.8835723400115967,0.01162499189376831,0.021468639373779297,0,1,CORRECT
inst-l,economics,57,0.8921128511428833,0.012062311172485352,0.027722597122192383,1,1,CORRECT
inst-l,economics,58,0.9058210849761963,0.012221217155456543,0.03485739231109619,0,0,CORRECT
inst-l,economics,60,0.9107524156570435,0.009458661079406738,0.024509549140930176,0,1,CORRECT
inst-l,economics,63,0.8990896940231323,0.004057526588439941,0.022433698177337646,0,0,INCORRECT
inst-l,economics,64,0.8895537853240967,0.010835766792297363,0.026921868324279785,0,0,CORRECT
inst-l,economics,61,0.926101803779602,0.02611374855041504,0.04398155212402344,0,0,CORRECT
inst-l,economics,65,0.8803433179855347,0.021229147911071777,0.030653953552246094,0,0,INCORRECT
inst-l,economics,69,0.8994553089141846,0.013380885124206543,0.034729838371276855,0,0,CORRECT
inst-l,economics,67,0.903814435005188,0.011615872383117676,0.03258705139160156,0,0,CORRECT
inst-l,economics,68,0.8956790566444397,0.018812477588653564,0.03479510545730591,0,1,CORRECT
inst-l,economics,71,0.9060899615287781,0.012800812721252441,0.01635676622390747,0,0,CORRECT
inst-l,economics,72,0.8940162062644958,0.007877528667449951,0.01711374521255493,1,1,CORRECT
inst-l,economics,70,0.9209277033805847,0.03951907157897949,0.050215303897857666,0,1,CORRECT
inst-l,economics,80,0.9387764930725098,0.028409600257873535,0.06076920032501221,0,0,CORRECT
inst-l,economics,78,0.8753530979156494,0.005046844482421875,0.018194496631622314,0,0,CORRECT
inst-l,economics,73,0.9130850434303284,0.01587754487991333,0.027660131454467773,1,1,CORRECT
inst-l,economics,75,0.8938934803009033,0.015494465827941895,0.024125218391418457,0,0,CORRECT
inst-l,economics,74,0.91652512550354,0.01718956232070923,0.044964611530303955,0,0,CORRECT
inst-l,economics,77,0.8924555778503418,0.014247775077819824,0.027614712715148926,0,0,INCORRECT
inst-l,economics,79,0.9093226194381714,0.01036745309829712,0.02945268154144287,1,1,CORRECT
inst-l,economics,87,0.8974192142486572,0.012867987155914307,0.031430840492248535,0,0,INCORRECT
inst-l,economics,76,0.902859091758728,0.03295719623565674,0.05428600311279297,0,0,INCORRECT
inst-l,economics,81,0.8980403542518616,0.007422327995300293,0.03700613975524902,0,0,CORRECT
inst-l,economics,82,0.9015498161315918,0.014784455299377441,0.02874624729156494,0,0,CORRECT
inst-l,economics,90,0.9019855856895447,0.006064713001251221,0.02788299322128296,0,0,INCORRECT
inst-l,economics,84,0.9375301599502563,0.04118067026138306,0.0522691011428833,1,1,CORRECT
inst-l,economics,83,0.9118764996528625,0.006341993808746338,0.019943296909332275,1,1,CORRECT
inst-l,economics,86,0.9141491651535034,0.0116957426071167,0.044836580753326416,0,0,INCORRECT
inst-l,economics,88,0.9172585010528564,0.02710968255996704,0.050036609172821045,0,1,CORRECT
inst-l,economics,85,0.899470865726471,0.022842228412628174,0.03907310962677002,1,1,CORRECT
inst-l,economics,93,0.8942149877548218,0.01426231861114502,0.036461710929870605,1,1,INCORRECT
inst-l,economics,96,0.878217339515686,0.01576399803161621,0.0299147367477417,1,1,CORRECT
inst-l,economics,89,0.9166805744171143,0.024369418621063232,0.045178771018981934,1,1,CORRECT
inst-l,economics,95,0.9022431969642639,0.008450329303741455,0.01876610517501831,1,1,CORRECT
inst-l,economics,94,0.9086984395980835,0.009674906730651855,0.03205198049545288,0,0,CORRECT
inst-l,economics,92,0.8868204355239868,0.009768247604370117,0.031022191047668457,1,1,INCORRECT
inst-l,economics,102,0.9019795656204224,0.009490132331848145,0.024789750576019287,0,0,CORRECT
inst-l,economics,91,0.9292250871658325,0.019942522048950195,0.05856215953826904,0,0,INCORRECT
inst-l,economics,97,0.905908465385437,0.011995911598205566,0.02478492259979248,0,0,CORRECT
inst-l,economics,101,0.9295495748519897,0.02057015895843506,0.0526583194732666,0,0,CORRECT
inst-l,economics,98,0.9252685308456421,0.024678409099578857,0.044237375259399414,0,0,CORRECT
inst-l,economics,99,0.9041380882263184,0.01061093807220459,0.02468407154083252,0,0,CORRECT
inst-l,leetcode,0,0.919532835483551,0.03767889738082886,0.050216853618621826,1,1,CORRECT
inst-l,leetcode,2,0.9521389007568359,0.06344223022460938,0.0912771224975586,1,1,CORRECT
inst-l,economics,100,0.8904229402542114,0.01200711727142334,0.025108933448791504,0,0,INCORRECT
inst-l,leetcode,1,0.9325665235519409,0.033808231353759766,0.07140451669692993,1,1,CORRECT
inst-l,leetcode,3,0.926252007484436,0.030316531658172607,0.04720187187194824,1,1,INCORRECT
inst-l,leetcode,10,0.8773919343948364,0.006056308746337891,0.015181541442871094,0,0,CORRECT
inst-l,leetcode,7,0.8989003896713257,0.009134292602539062,0.02683943510055542,0,0,INCORRECT
inst-l,leetcode,9,0.9747846126556396,0.08064353466033936,0.09358954429626465,1,1,CORRECT
inst-l,leetcode,5,0.9291718006134033,0.03473871946334839,0.04636174440383911,1,1,CORRECT
inst-l,leetcode,6,0.9351063370704651,0.029780209064483643,0.042585909366607666,1,1,CORRECT
inst-l,leetcode,4,0.9076184034347534,0.006774187088012695,0.023312151432037354,0,0,CORRECT
inst-l,leetcode,8,0.92427659034729,0.01939678192138672,0.037306785583496094,0,0,INCORRECT
inst-l,leetcode,14,0.9128503799438477,0.03242290019989014,0.0513683557510376,1,1,CORRECT
inst-l,leetcode,17,0.8981832265853882,0.014843106269836426,0.028614401817321777,1,1,CORRECT
inst-l,leetcode,12,0.8985316753387451,0.0073081254959106445,0.018616199493408203,0,0,INCORRECT
inst-l,leetcode,13,0.9267579317092896,0.008884191513061523,0.019346952438354492,0,0,CORRECT
inst-l,leetcode,16,0.8912694454193115,0.00356292724609375,0.010825276374816895,0,0,CORRECT
inst-l,leetcode,11,0.9062632918357849,0.010611414909362793,0.022888243198394775,0,0,CORRECT
inst-l,leetcode,15,0.9303712844848633,0.014284610748291016,0.029112040996551514,0,0,INCORRECT
inst-l,leetcode,18,0.9235086441040039,0.016644835472106934,0.028508305549621582,1,1,CORRECT
inst-l,leetcode,20,0.9088716506958008,0.015928030014038086,0.025305867195129395,0,0,CORRECT
inst-l,leetcode,24,0.9309658408164978,0.017214953899383545,0.02927231788635254,1,1,CORRECT
inst-l,leetcode,25,0.9129481315612793,0.016005992889404297,0.02810138463973999,0,1,CORRECT
inst-l,leetcode,23,0.909996747970581,0.010126471519470215,0.02208995819091797,0,0,CORRECT
inst-l,leetcode,21,0.9267865419387817,0.0423048734664917,0.05157303810119629,1,1,CORRECT
inst-l,leetcode,22,0.9316277503967285,0.029047250747680664,0.0402599573135376,1,1,CORRECT
inst-l,leetcode,19,0.8992400169372559,0.014637231826782227,0.03014218807220459,0,0,INCORRECT
inst-l,leetcode,27,0.9162368774414062,0.012181222438812256,0.02308720350265503,0,1,CORRECT
inst-l,leetcode,30,0.9186471700668335,0.02471184730529785,0.038074374198913574,1,1,CORRECT
inst-l,leetcode,29,0.8955415487289429,0.011365652084350586,0.025127887725830078,1,1,CORRECT
inst-l,leetcode,28,0.8897819519042969,0.009027421474456787,0.02013373374938965,0,0,CORRECT
inst-l,leetcode,26,0.9172499775886536,0.017280995845794678,0.03820842504501343,0,0,CORRECT
inst-l,leetcode,32,0.9185919761657715,0.010266482830047607,0.01684284210205078,0,0,CORRECT
inst-l,leetcode,31,0.9023744463920593,0.010150730609893799,0.020466625690460205,1,1,INCORRECT
inst-l,leetcode,33,0.9331177473068237,0.026591897010803223,0.03725564479827881,1,1,CORRECT
inst-l,leetcode,39,0.9088225364685059,0.005863189697265625,0.016533732414245605,1,1,CORRECT
inst-l,leetcode,38,0.9126651287078857,0.014082670211791992,0.02726691961288452,0,0,INCORRECT
inst-l,leetcode,34,0.9247138500213623,0.013057470321655273,0.029915690422058105,1,1,CORRECT
inst-l,leetcode,35,0.9067398309707642,0.00985574722290039,0.01902472972869873,0,0,CORRECT
inst-l,leetcode,40,0.9359216094017029,0.024673938751220703,0.049893081188201904,1,1,CORRECT
inst-l,leetcode,37,0.9262412786483765,0.013481676578521729,0.025150299072265625,0,0,CORRECT
inst-l,leetcode,36,0.9021250009536743,0.00508272647857666,0.02103888988494873,0,0,CORRECT
inst-l,leetcode,44,0.9045007228851318,0.01030588150024414,0.02117753028869629,0,0,CORRECT
inst-l,leetcode,41,0.9251490235328674,0.010088741779327393,0.02746528387069702,0,1,INCORRECT
inst-l,leetcode,43,0.9350255727767944,0.026002228260040283,0.03815120458602905,1,1,INCORRECT
inst-l,leetcode,45,0.9273923635482788,0.003975808620452881,0.02171945571899414,0,0,CORRECT
inst-l,leetcode,46,0.9166548252105713,0.017741620540618896,0.028698444366455078,0,0,CORRECT
inst-l,leetcode,42,0.9364725351333618,0.01697152853012085,0.040099501609802246,1,1,CORRECT
inst-l,leetcode,48,0.9128938913345337,0.006550431251525879,0.016123175621032715,0,1,INCORRECT
inst-l,leetcode,47,0.9202241897583008,0.009656786918640137,0.021116256713867188,0,0,CORRECT
inst-l,leetcode,49,0.9112191200256348,0.0017121434211730957,0.012559056282043457,0,0,CORRECT
inst-l,leetcode,53,0.9383941292762756,0.033010780811309814,0.043463289737701416,1,1,CORRECT
inst-l,leetcode,51,0.9203780293464661,0.01924222707748413,0.02753514051437378,0,0,INCORRECT
inst-l,leetcode,52,0.9293726086616516,0.022453129291534424,0.034319937229156494,0,0,INCORRECT
inst-l,leetcode,54,0.9149793386459351,0.013352036476135254,0.02442800998687744,1,1,INCORRECT
inst-l,leetcode,50,0.9369691610336304,0.017941951751708984,0.03751206398010254,1,1,CORRECT
inst-l,leetcode,55,0.9226336479187012,0.0069727301597595215,0.02140951156616211,0,0,CORRECT
inst-l,leetcode,56,0.9417922496795654,0.014422416687011719,0.0326157808303833,0,0,INCORRECT
inst-l,leetcode,58,0.9448549747467041,0.02191758155822754,0.033139705657958984,1,1,CORRECT
inst-l,leetcode,57,0.907326340675354,0.014854848384857178,0.025236129760742188,0,0,CORRECT
inst-l,leetcode,59,0.9382839798927307,0.035542964935302734,0.049861371517181396,0,0,CORRECT
inst-l,leetcode,60,0.9522730112075806,0.0346372127532959,0.056159377098083496,0,1,INCORRECT
inst-l,leetcode,61,0.9233771562576294,0.01320791244506836,0.02675449848175049,0,0,INCORRECT
inst-l,leetcode,62,0.9624478816986084,0.034992754459381104,0.060529470443725586,1,1,CORRECT
inst-l,leetcode,63,0.9125889539718628,0.01603841781616211,0.03089529275894165,0,0,CORRECT
inst-l,leetcode,66,0.9127106666564941,0.002121269702911377,0.008408784866333008,0,0,CORRECT
inst-l,leetcode,64,0.8897041082382202,0.00328981876373291,0.015001654624938965,0,1,CORRECT
inst-l,leetcode,69,0.9265776872634888,0.03263884782791138,0.039206624031066895,0,0,CORRECT
inst-l,leetcode,70,0.9043914675712585,0.018802642822265625,0.032176315784454346,0,1,CORRECT
inst-l,leetcode,65,0.9344605207443237,0.03859376907348633,0.06079256534576416,1,1,CORRECT
inst-l,leetcode,67,0.9249298572540283,0.024131596088409424,0.04167187213897705,1,1,CORRECT
inst-l,leetcode,68,0.9251009225845337,0.010067224502563477,0.01960057020187378,0,0,CORRECT
inst-l,leetcode,71,0.8990015983581543,0.011890113353729248,0.020937740802764893,0,0,CORRECT
inst-l,leetcode,72,0.8910439014434814,0.005664229393005371,0.023098409175872803,0,0,CORRECT
inst-l,leetcode,73,0.925563633441925,0.009943366050720215,0.020235717296600342,0,0,CORRECT
inst-l,leetcode,74,0.9289806485176086,0.014301955699920654,0.02920466661453247,0,0,INCORRECT
inst-l,leetcode,75,0.9029757380485535,0.005906403064727783,0.01805323362350464,0,0,CORRECT
inst-l,leetcode,76,0.9056991934776306,0.006806313991546631,0.01620572805404663,0,0,CORRECT
inst-l,leetcode,77,0.933537483215332,0.020562410354614258,0.03928196430206299,0,1,CORRECT
inst-l,leetcode,78,0.9271441698074341,0.02139180898666382,0.03489190340042114,0,0,CORRECT
inst-l,leetcode,82,0.9402890205383301,0.013471782207489014,0.0293005108833313,0,0,INCORRECT
inst-l,leetcode,79,0.931637167930603,0.017414212226867676,0.032264530658721924,0,1,INCORRECT
inst-l,leetcode,85,0.909082293510437,0.020574092864990234,0.047158122062683105,1,1,INCORRECT
inst-l,leetcode,81,0.9174524545669556,0.012691497802734375,0.03054225444793701,1,1,CORRECT
inst-l,leetcode,83,0.922878623008728,0.025946497917175293,0.04146093130111694,1,1,INCORRECT
inst-l,leetcode,80,0.9521109461784363,0.04415327310562134,0.06275272369384766,1,1,INCORRECT
inst-l,leetcode,84,0.886528730392456,0.015053987503051758,0.02378559112548828,0,0,INCORRECT
inst-l,leetcode,87,0.9211033582687378,0.010294497013092041,0.018681764602661133,0,0,CORRECT
inst-l,leetcode,91,0.9370889663696289,0.006188452243804932,0.017347753047943115,0,0,CORRECT
inst-l,leetcode,88,0.9108084440231323,0.02052628993988037,0.03268587589263916,0,1,CORRECT
inst-l,leetcode,86,0.9112436771392822,0.014261960983276367,0.020320415496826172,0,0,CORRECT
inst-l,leetcode,92,0.9433554410934448,0.021757781505584717,0.0385248064994812,1,1,CORRECT
inst-l,leetcode,90,0.9265718460083008,0.008852362632751465,0.022943198680877686,0,0,CORRECT
inst-l,leetcode,89,0.9293408393859863,0.007926404476165771,0.02119302749633789,0,0,CORRECT
inst-l,leetcode,93,0.8968054056167603,0.00228118896484375,0.011076867580413818,0,0,CORRECT
inst-l,leetcode,95,0.9217475652694702,0.01361238956451416,0.03234988451004028,0,1,CORRECT
inst-l,leetcode,96,0.9273041486740112,0.013252019882202148,0.027603864669799805,1,1,CORRECT
inst-l,leetcode,97,0.9313551783561707,0.012326359748840332,0.025530636310577393,0,0,INCORRECT
inst-l,leetcode,99,0.9241704940795898,0.022968530654907227,0.04254293441772461,1,1,CORRECT
inst-l,leetcode,94,0.9300399422645569,0.010565102100372314,0.02050083875656128,0,0,CORRECT
inst-l,leetcode,100,0.9066576957702637,0.009168624877929688,0.02045726776123047,0,1,CORRECT
inst-l,leetcode,98,0.9375895261764526,0.028012633323669434,0.04572784900665283,1,1,CORRECT
inst-l,leetcode,106,0.9059311747550964,0.013681113719940186,0.025513887405395508,0,0,INCORRECT
inst-l,leetcode,104,0.9165558218955994,0.011095762252807617,0.02610337734222412,0,0,INCORRECT
inst-l,leetcode,105,0.9119445085525513,0.039797425270080566,0.05070090293884277,0,0,CORRECT
inst-l,leetcode,103,0.916292130947113,0.004852712154388428,0.01605910062789917,0,1,CORRECT
inst-l,leetcode,102,0.9267334938049316,0.031865596771240234,0.041320741176605225,0,0,CORRECT
inst-l,leetcode,101,0.930080771446228,0.03151595592498779,0.04129970073699951,0,0,CORRECT
inst-l,leetcode,107,0.9424118399620056,0.014592230319976807,0.026846468448638916,0,0,INCORRECT
inst-l,leetcode,108,0.9202889800071716,0.011073768138885498,0.027270734310150146,1,1,CORRECT
inst-l,leetcode,110,0.937019407749176,0.025851070880889893,0.037901461124420166,0,0,CORRECT
inst-l,leetcode,112,0.9362378120422363,0.017615556716918945,0.030592799186706543,0,0,INCORRECT
inst-l,leetcode,113,0.907451868057251,0.019932985305786133,0.0327763557434082,0,0,INCORRECT
inst-l,leetcode,111,0.9393452405929565,0.011529684066772461,0.027395248413085938,0,0,INCORRECT
inst-l,leetcode,109,0.9076393842697144,0.0026742219924926758,0.016545534133911133,0,0,INCORRECT
inst-l,leetcode,114,0.9454523324966431,0.03244668245315552,0.0422215461730957,0,0,CORRECT
inst-l,leetcode,115,0.9290486574172974,0.017328262329101562,0.034778714179992676,0,1,CORRECT
inst-l,leetcode,118,0.9288371801376343,0.02709650993347168,0.0366520881652832,0,0,CORRECT
inst-l,leetcode,117,0.9221620559692383,0.005052089691162109,0.03165113925933838,0,1,CORRECT
inst-l,leetcode,116,0.9080177545547485,0.01226741075515747,0.025986433029174805,0,0,CORRECT
inst-l,leetcode,119,0.9064395427703857,0.007996201515197754,0.02007293701171875,0,0,INCORRECT
inst-l,leetcode,120,0.9449150562286377,0.03572368621826172,0.05071598291397095,0,0,INCORRECT
inst-l,leetcode,123,0.9484220743179321,0.025173544883728027,0.04008913040161133,1,1,CORRECT
inst-l,leetcode,122,0.9099147319793701,0.014799356460571289,0.027857542037963867,0,0,CORRECT
inst-l,leetcode,121,0.8991414308547974,0.008653342723846436,0.024861931800842285,1,1,CORRECT
inst-l,leetcode,128,0.9394536018371582,0.020682811737060547,0.034502267837524414,1,1,CORRECT
inst-l,leetcode,124,0.9195608496665955,0.006513476371765137,0.015725672245025635,0,0,INCORRECT
inst-l,leetcode,126,0.9434934854507446,0.022088170051574707,0.04014182090759277,0,1,CORRECT
inst-l,leetcode,129,0.9057893753051758,0.011215507984161377,0.02197742462158203,0,0,CORRECT
inst-l,leetcode,130,0.9010059237480164,0.012109041213989258,0.01967567205429077,0,1,CORRECT
inst-l,leetcode,127,0.9022511839866638,0.006318271160125732,0.020406126976013184,0,0,CORRECT
inst-l,leetcode,125,0.9333972930908203,0.02453690767288208,0.039232611656188965,1,1,INCORRECT
inst-l,leetcode,133,0.9207113981246948,0.005852401256561279,0.01301032304763794,0,1,CORRECT
inst-l,leetcode,134,0.9002866744995117,0.01703929901123047,0.025841951370239258,0,0,CORRECT
inst-l,leetcode,137,0.9178686141967773,0.004573941230773926,0.019713282585144043,0,1,INCORRECT
inst-l,leetcode,136,0.9081581830978394,0.005193233489990234,0.021427035331726074,1,1,CORRECT
inst-l,leetcode,135,0.9402878284454346,0.01852881908416748,0.04074406623840332,0,0,CORRECT
inst-l,leetcode,131,0.9176926016807556,0.019047677516937256,0.04252934455871582,0,0,CORRECT
inst-l,leetcode,132,0.9051805734634399,0.02348780632019043,0.036292433738708496,1,1,INCORRECT
inst-l,leetcode,138,0.8970476984977722,0.004963576793670654,0.023071587085723877,0,0,INCORRECT
inst-l,pony,0,0.908100962638855,0.03822195529937744,0.05498778820037842,0,0,CORRECT
inst-l,pony,1,0.8730486631393433,0.017089426517486572,0.02767813205718994,0,1,CORRECT
inst-l,pony,2,0.9111886024475098,0.018906116485595703,0.03511083126068115,0,0,INCORRECT
inst-l,pony,3,0.8892933130264282,0.01754087209701538,0.03283238410949707,0,0,INCORRECT
inst-l,leetcode,140,0.9174454212188721,0.006236553192138672,0.01611769199371338,1,1,CORRECT
inst-l,leetcode,139,0.9076155424118042,0.005077362060546875,0.01703125238418579,0,0,INCORRECT
inst-l,leetcode,141,0.9295570254325867,0.01333540678024292,0.024747908115386963,0,0,INCORRECT
inst-l,pony,9,0.8998788595199585,0.016437292098999023,0.026919841766357422,0,0,CORRECT
inst-l,economics,51,0.9135723114013672,0.017590641975402832,0.03833436965942383,0,0,INCORRECT
inst-l,pony,8,0.9115978479385376,0.013613343238830566,0.043474435806274414,0,1,CORRECT
inst-l,pony,4,0.8869142532348633,0.008457779884338379,0.024495422840118408,0,0,INCORRECT
inst-l,pony,7,0.8735287189483643,0.011948466300964355,0.030506372451782227,0,0,CORRECT
inst-l,pony,11,0.8643337488174438,0.005356788635253906,0.01884281635284424,0,0,INCORRECT
inst-l,pony,12,0.8925588130950928,0.012186944484710693,0.03181886672973633,0,0,INCORRECT
inst-l,pony,5,0.8829151391983032,0.013997316360473633,0.022462427616119385,0,0,CORRECT
inst-l,pony,6,0.8913272619247437,0.017870306968688965,0.029025554656982422,0,0,CORRECT
inst-l,pony,10,0.8849865198135376,0.010755062103271484,0.02377188205718994,0,0,INCORRECT
inst-l,pony,26,0.8976078033447266,0.009710133075714111,0.027147293090820312,0,0,CORRECT
inst-l,pony,14,0.8994424343109131,0.016581177711486816,0.026590824127197266,0,0,INCORRECT
inst-l,pony,13,0.870087742805481,0.011284947395324707,0.025132298469543457,0,0,CORRECT
inst-l,pony,18,0.9082900285720825,0.013738632202148438,0.04601377248764038,0,0,CORRECT
inst-l,pony,15,0.881537914276123,0.015326857566833496,0.027244091033935547,0,0,INCORRECT
inst-l,pony,17,0.8721152544021606,0.003296196460723877,0.01330786943435669,0,0,CORRECT
inst-l,pony,16,0.8793362379074097,0.020400404930114746,0.03380107879638672,0,0,INCORRECT
inst-l,pony,25,0.8751426935195923,0.015839576721191406,0.032903432846069336,0,0,INCORRECT
inst-l,pony,19,0.9003704786300659,0.014317870140075684,0.03294360637664795,0,0,CORRECT
inst-l,pony,23,0.8774203062057495,0.011142492294311523,0.0251004695892334,0,0,CORRECT
inst-l,pony,21,0.9088199138641357,0.007133603096008301,0.026496529579162598,0,0,CORRECT
inst-l,pony,20,0.8985660076141357,0.003059864044189453,0.01461482048034668,0,0,CORRECT
inst-l,pony,24,0.888218879699707,0.019271433353424072,0.031871140003204346,0,0,INCORRECT
inst-l,pony,27,0.8791449069976807,0.006635546684265137,0.017861485481262207,0,0,INCORRECT
inst-l,pony,22,0.8906834721565247,0.013904452323913574,0.026327311992645264,0,0,CORRECT
inst-l,pony,28,0.9002918004989624,0.02277958393096924,0.04420661926269531,0,1,INCORRECT
inst-l,pony,36,0.8810746669769287,0.010709106922149658,0.020579934120178223,0,1,CORRECT
inst-l,pony,35,0.8930490016937256,0.013761401176452637,0.02244126796722412,1,1,CORRECT
inst-l,pony,29,0.9103803634643555,0.009307324886322021,0.0381009578704834,0,1,CORRECT
inst-l,pony,32,0.8847695589065552,0.016845762729644775,0.036928653717041016,0,0,CORRECT
inst-l,pony,31,0.8646298050880432,0.012068390846252441,0.02544790506362915,0,0,CORRECT
inst-l,pony,34,0.8919254541397095,0.01529783010482788,0.02763819694519043,0,1,CORRECT
inst-l,pony,30,0.885063886642456,0.017557382583618164,0.02658909559249878,0,0,CORRECT
inst-l,pony,44,0.9438742399215698,0.057116150856018066,0.08154952526092529,0,0,CORRECT
inst-l,pony,33,0.9094119071960449,0.021791815757751465,0.04577922821044922,0,0,INCORRECT
inst-l,pony,40,0.8668560981750488,0.015040397644042969,0.02186518907546997,0,1,CORRECT
inst-l,pony,41,0.8868250846862793,0.02337515354156494,0.039167165756225586,0,0,CORRECT
inst-l,pony,42,0.8901046514511108,0.019487977027893066,0.033669471740722656,0,1,CORRECT
inst-l,pony,38,0.8798739910125732,0.014047741889953613,0.024841785430908203,0,0,CORRECT
inst-l,pony,39,0.9030683040618896,0.03751075267791748,0.059296369552612305,0,0,INCORRECT
inst-l,pony,43,0.8959052562713623,0.022359609603881836,0.03397655487060547,0,0,INCORRECT
inst-l,pony,37,0.9064687490463257,0.009907186031341553,0.026877522468566895,0,0,CORRECT
inst-l,pony,48,0.8877217769622803,0.008395075798034668,0.023222148418426514,1,1,CORRECT
inst-l,pony,50,0.8936149477958679,0.011774599552154541,0.023969829082489014,0,0,CORRECT
inst-l,pony,51,0.8975807428359985,0.01185905933380127,0.025182068347930908,0,0,CORRECT
inst-l,pony,45,0.9000270366668701,0.012389421463012695,0.023937880992889404,0,0,INCORRECT
inst-l,pony,49,0.8879464864730835,0.014177083969116211,0.024832725524902344,0,0,CORRECT
inst-l,pony,47,0.8724941611289978,0.018381178379058838,0.03478598594665527,0,0,CORRECT
inst-l,pony,46,0.8815018534660339,0.00924307107925415,0.01770263910293579,0,0,CORRECT
inst-l,pony,53,0.8783796429634094,0.004399716854095459,0.013493597507476807,0,0,INCORRECT
inst-l,pony,59,0.9309629797935486,0.036842167377471924,0.07698243856430054,0,0,CORRECT
inst-l,pony,52,0.8939869999885559,0.0040822625160217285,0.01710277795791626,0,0,INCORRECT
inst-l,pony,54,0.8940510153770447,0.012169063091278076,0.027254045009613037,0,0,CORRECT
inst-l,pony,56,0.8993324637413025,0.006749093532562256,0.023485243320465088,0,0,CORRECT
inst-l,pony,60,0.877840518951416,0.015786290168762207,0.027546405792236328,0,0,CORRECT
inst-l,pony,57,0.8758038282394409,0.006178081035614014,0.018148422241210938,0,0,CORRECT
inst-l,pony,55,0.8902454376220703,0.010542869567871094,0.02133321762084961,0,0,CORRECT
inst-l,pony,58,0.8776487112045288,0.007809281349182129,0.01973581314086914,0,0,INCORRECT
inst-l,pony,61,0.8960574865341187,0.02619457244873047,0.04240882396697998,0,0,INCORRECT
inst-l,pony,62,0.8598047494888306,0.009509563446044922,0.025400757789611816,0,0,INCORRECT
inst-l,pony,64,0.859078049659729,0.0035682320594787598,0.012296676635742188,0,1,CORRECT
inst-l,pony,63,0.9104297757148743,0.014472424983978271,0.044534146785736084,0,0,INCORRECT
inst-l,pony,67,0.8788976073265076,0.021802425384521484,0.042426884174346924,0,1,INCORRECT
inst-l,pony,66,0.8892983794212341,0.018991410732269287,0.03256720304489136,0,0,CORRECT
inst-l,pony,65,0.9020225405693054,0.044086754322052,0.055671513080596924,0,0,CORRECT
inst-l,pony,68,0.8947741985321045,0.01565784215927124,0.02443784475326538,0,0,INCORRECT
inst-l,pony,69,0.9000029563903809,0.024194657802581787,0.03859978914260864,1,1,CORRECT
inst-l,pony,71,0.8808834552764893,0.010339140892028809,0.02450406551361084,0,1,INCORRECT
inst-l,pony,70,0.8722977638244629,0.011554360389709473,0.018100380897521973,0,1,CORRECT
inst-l,pony,75,0.9090233445167542,0.01767176389694214,0.03074592351913452,0,0,INCORRECT
inst-l,pony,73,0.8719244003295898,0.005021333694458008,0.012282490730285645,0,0,CORRECT
inst-l,pony,74,0.8678857684135437,0.00749284029006958,0.01676398515701294,0,1,INCORRECT
inst-l,pony,76,0.8840262293815613,0.012620508670806885,0.021786272525787354,0,0,INCORRECT
inst-l,pony,77,0.8978778123855591,0.006086587905883789,0.018567979335784912,0,0,CORRECT
inst-l,pony,72,0.8852278590202332,0.019960343837738037,0.036070942878723145,0,0,CORRECT
inst-l,pony,82,0.8744461536407471,0.01738440990447998,0.027474641799926758,0,0,CORRECT
inst-l,pony,79,0.8844614028930664,0.008664488792419434,0.022023439407348633,0,0,CORRECT
inst-l,pony,78,0.8821746110916138,0.007419586181640625,0.019209742546081543,0,0,INCORRECT
inst-l,pony,84,0.8769518136978149,0.0019860267639160156,0.015862226486206055,0,0,CORRECT
inst-l,pony,83,0.8970288038253784,0.014095008373260498,0.02845633029937744,0,0,INCORRECT
inst-l,pony,81,0.8949973583221436,0.016006648540496826,0.031662166118621826,0,0,INCORRECT
inst-l,pony,80,0.8796055316925049,0.014714956283569336,0.02803969383239746,0,0,INCORRECT
inst-l,pony,85,0.8806862235069275,0.005457937717437744,0.01563328504562378,0,0,CORRECT
inst-l,pony,87,0.9048479795455933,0.011159777641296387,0.04151052236557007,0,0,CORRECT
inst-l,pony,88,0.8801471590995789,0.005939185619354248,0.019782841205596924,0,0,CORRECT
inst-l,pony,90,0.8975361585617065,0.012033700942993164,0.025584816932678223,0,0,CORRECT
inst-l,pony,93,0.8844072818756104,0.00720137357711792,0.020597338676452637,0,0,INCORRECT
inst-l,pony,89,0.8867290616035461,0.010021030902862549,0.025214433670043945,0,0,CORRECT
inst-l,pony,94,0.8872732520103455,0.020024240016937256,0.0344814658164978,0,0,CORRECT
inst-l,pony,91,0.9240296483039856,0.05173605680465698,0.06242060661315918,0,0,INCORRECT
inst-l,pony,92,0.9055560827255249,0.00923830270767212,0.030905961990356445,0,0,CORRECT
inst-l,pony,86,0.8991118669509888,0.008186399936676025,0.024595260620117188,0,0,CORRECT
inst-l,pony,95,0.886971652507782,0.0042705535888671875,0.014606297016143799,0,0,INCORRECT
inst-l,pony,100,0.8853064775466919,0.019209742546081543,0.029460430145263672,0,0,CORRECT
inst-l,pony,97,0.896306037902832,0.03086411952972412,0.04148906469345093,0,1,CORRECT
inst-l,pony,96,0.8928408026695251,0.006879746913909912,0.030408084392547607,0,0,CORRECT
inst-l,pony,98,0.9011877775192261,0.013656079769134521,0.02631199359893799,0,0,CORRECT
inst-l,pony,99,0.8749958276748657,0.011133313179016113,0.021172046661376953,0,0,CORRECT
inst-l,pony,101,0.8769233822822571,0.004565775394439697,0.01329958438873291,0,1,CORRECT
inst-l,pony,102,0.8492882251739502,0.01735508441925049,0.02415931224822998,0,0,INCORRECT
inst-l,pony,105,0.908585250377655,0.0172538161277771,0.039936363697052,0,0,CORRECT
inst-l,pony,106,0.8818026781082153,0.01570230722427368,0.02835249900817871,0,0,INCORRECT
inst-l,psychology,2,0.9081529974937439,0.007047712802886963,0.025311052799224854,0,0,CORRECT
inst-l,pony,107,0.8828109502792358,0.019417405128479004,0.03716278076171875,0,0,INCORRECT
inst-l,pony,108,0.8686976432800293,0.014953136444091797,0.0270613431930542,0,0,INCORRECT
inst-l,pony,103,0.8838562965393066,0.006981492042541504,0.024620532989501953,0,0,CORRECT
inst-l,pony,109,0.887496829032898,0.011214733123779297,0.02262282371520996,0,0,INCORRECT
inst-l,pony,110,0.8779502511024475,0.017374038696289062,0.03028923273086548,0,0,CORRECT
inst-l,psychology,3,0.9069554805755615,0.018111109733581543,0.04439502954483032,0,0,CORRECT
inst-l,psychology,1,0.8578912019729614,0.015700697898864746,0.03233194351196289,1,1,INCORRECT
inst-l,pony,111,0.8775807619094849,0.01407003402709961,0.023762941360473633,0,0,CORRECT
inst-l,psychology,7,0.8765177726745605,0.011589765548706055,0.01326453685760498,0,0,INCORRECT
inst-l,psychology,4,0.8807784914970398,0.012845456600189209,0.021444737911224365,1,1,CORRECT
inst-l,psychology,0,0.8876478672027588,0.014500260353088379,0.0338931679725647,0,0,CORRECT
inst-l,psychology,5,0.9164119958877563,0.021558940410614014,0.03738129138946533,0,0,CORRECT
inst-l,psychology,12,0.8957620859146118,0.012576520442962646,0.02895176410675049,1,1,CORRECT
inst-l,psychology,9,0.9167189598083496,0.03404581546783447,0.04867762327194214,1,1,CORRECT
inst-l,psychology,6,0.8965408802032471,0.0065642595291137695,0.022106409072875977,0,1,CORRECT
inst-l,psychology,17,0.8885331153869629,0.006039142608642578,0.022827625274658203,0,0,INCORRECT
inst-l,psychology,14,0.8980194926261902,0.00585561990737915,0.016143500804901123,0,0,INCORRECT
inst-l,psychology,11,0.8715448379516602,0.0030056238174438477,0.016936421394348145,0,0,INCORRECT
inst-l,psychology,20,0.86958909034729,0.021220147609710693,0.029301583766937256,0,0,CORRECT
inst-l,psychology,10,0.880311131477356,0.011500835418701172,0.024821877479553223,1,1,CORRECT
inst-l,psychology,8,0.8992359638214111,0.019147038459777832,0.044467270374298096,0,0,CORRECT
inst-l,psychology,13,0.9075484275817871,0.01366513967514038,0.03289592266082764,0,1,INCORRECT
inst-l,psychology,24,0.9038246273994446,0.016676485538482666,0.032429516315460205,0,0,CORRECT
inst-l,pony,104,0.9024496078491211,0.0227891206741333,0.04076230525970459,1,1,CORRECT
inst-l,psychology,18,0.9087651968002319,0.01133108139038086,0.031507253646850586,0,1,CORRECT
inst-l,psychology,15,0.8767863512039185,0.012731730937957764,0.021875500679016113,0,0,CORRECT
inst-l,psychology,19,0.9259345531463623,0.029711008071899414,0.07731246948242188,1,1,CORRECT
inst-l,psychology,16,0.881596565246582,0.019901394844055176,0.03743910789489746,0,1,CORRECT
inst-l,psychology,22,0.9366276264190674,0.005722999572753906,0.03611266613006592,0,0,CORRECT
inst-l,psychology,21,0.8985277414321899,0.00946420431137085,0.02447199821472168,0,0,CORRECT
inst-l,psychology,23,0.9276437759399414,0.01825481653213501,0.037879109382629395,0,0,CORRECT
inst-l,psychology,31,0.8787765502929688,0.02596569061279297,0.03651624917984009,1,1,CORRECT
inst-l,psychology,27,0.8922405242919922,0.004996180534362793,0.017880558967590332,0,0,INCORRECT
inst-l,psychology,29,0.8999401330947876,0.007544577121734619,0.022747039794921875,1,1,CORRECT
inst-l,psychology,25,0.8921597003936768,0.025496721267700195,0.03848624229431152,0,1,CORRECT
inst-l,psychology,26,0.9084653854370117,0.011705398559570312,0.05431246757507324,0,1,CORRECT
inst-l,psychology,33,0.893686056137085,0.01314312219619751,0.021628856658935547,1,1,CORRECT
inst-l,psychology,28,0.8890589475631714,0.013138353824615479,0.02188265323638916,1,1,CORRECT
inst-l,psychology,36,0.8997021913528442,0.010067641735076904,0.025033891201019287,0,0,INCORRECT
inst-l,psychology,38,0.8921903371810913,0.020169377326965332,0.032222867012023926,0,0,INCORRECT
inst-l,psychology,40,0.9116760492324829,0.012978911399841309,0.03989231586456299,0,0,CORRECT
inst-l,psychology,30,0.9132689237594604,0.02060258388519287,0.044944047927856445,1,1,CORRECT
inst-l,psychology,39,0.8899998664855957,0.019923806190490723,0.03197956085205078,0,0,INCORRECT
inst-l,psychology,41,0.8825631141662598,9.393692016601562e-05,0.02434408664703369,0,0,CORRECT
inst-l,psychology,43,0.8930176496505737,0.015363097190856934,0.032624006271362305,0,1,CORRECT
inst-l,psychology,32,0.9018871784210205,0.005348801612854004,0.015905022621154785,0,0,CORRECT
inst-l,psychology,34,0.9205373525619507,0.016129374504089355,0.031436920166015625,0,0,CORRECT
inst-l,psychology,37,0.9344645738601685,0.010732054710388184,0.046802520751953125,1,1,CORRECT
inst-l,psychology,52,0.8884989023208618,0.014394640922546387,0.0229150652885437,1,1,CORRECT
inst-l,psychology,35,0.9017354846000671,0.012860476970672607,0.0488470196723938,1,1,CORRECT
inst-l,psychology,50,0.8846753835678101,0.008233428001403809,0.020490825176239014,0,1,CORRECT
inst-l,psychology,53,0.8925824165344238,0.02439582347869873,0.03484821319580078,0,1,INCORRECT
inst-l,psychology,42,0.918499231338501,0.008108198642730713,0.018931269645690918,0,1,CORRECT
inst-l,psychology,48,0.8843085765838623,0.010128378868103027,0.031005263328552246,0,0,INCORRECT
inst-l,psychology,44,0.903571367263794,0.019517958164215088,0.030017971992492676,0,1,INCORRECT
inst-l,psychology,51,0.8960405588150024,0.015801429748535156,0.028297901153564453,1,1,CORRECT
inst-l,psychology,55,0.876418948173523,0.006994128227233887,0.01064211130142212,0,0,CORRECT
inst-l,psychology,46,0.9066158533096313,0.012114763259887695,0.025175809860229492,0,1,CORRECT
inst-l,psychology,47,0.8679848909378052,0.024448275566101074,0.0312572717666626,1,1,CORRECT
inst-l,psychology,45,0.8980294466018677,0.01501917839050293,0.03006923198699951,0,0,CORRECT
inst-l,psychology,49,0.8878374099731445,0.0062525272369384766,0.02168881893157959,0,0,INCORRECT
inst-l,psychology,54,0.9011272192001343,0.009846329689025879,0.029663145542144775,0,0,CORRECT
inst-l,psychology,62,0.8806445002555847,0.01602470874786377,0.020237624645233154,1,1,CORRECT
inst-l,psychology,56,0.8665146827697754,0.006572365760803223,0.024058938026428223,0,0,INCORRECT
inst-l,psychology,65,0.8946483135223389,0.018474221229553223,0.031629860401153564,1,1,INCORRECT
inst-l,psychology,67,0.9128890037536621,0.027544140815734863,0.046532630920410156,1,1,CORRECT
inst-l,psychology,63,0.8646317720413208,0.012861549854278564,0.02112734317779541,0,0,INCORRECT
inst-l,psychology,68,0.9041186571121216,0.005366325378417969,0.02674311399459839,1,1,CORRECT
inst-l,psychology,61,0.9065592288970947,0.02070915699005127,0.028197288513183594,1,1,CORRECT
inst-l,psychology,58,0.9001293182373047,0.006341099739074707,0.018597304821014404,0,0,CORRECT
inst-l,psychology,59,0.9299049377441406,0.019472360610961914,0.03588569164276123,0,0,CORRECT
inst-l,psychology,57,0.9147483706474304,0.01141124963760376,0.04620641469955444,1,1,CORRECT
inst-l,psychology,60,0.9037890434265137,0.004231274127960205,0.016363561153411865,0,0,CORRECT
inst-l,psychology,64,0.8550840616226196,0.007584095001220703,0.022754788398742676,1,1,CORRECT
inst-l,psychology,66,0.9068714380264282,0.016740798950195312,0.03897660970687866,0,1,CORRECT
inst-l,psychology,69,0.8930927515029907,0.009316980838775635,0.023705244064331055,0,1,INCORRECT
inst-l,psychology,70,0.8837432861328125,0.007744252681732178,0.020548641681671143,0,0,INCORRECT
inst-l,psychology,74,0.8858475685119629,0.011271834373474121,0.027075529098510742,0,1,INCORRECT
inst-l,psychology,75,0.9154840707778931,0.014186382293701172,0.04233437776565552,0,0,INCORRECT
inst-l,psychology,78,0.8881958723068237,0.0028465986251831055,0.0171811580657959,0,0,INCORRECT
inst-l,psychology,71,0.9080806970596313,0.009762287139892578,0.027410030364990234,0,1,CORRECT
inst-l,psychology,72,0.8827444314956665,0.00815117359161377,0.02587270736694336,1,1,CORRECT
inst-l,psychology,76,0.9152443408966064,0.016821861267089844,0.03257477283477783,1,1,CORRECT
inst-l,psychology,73,0.9128308296203613,0.01832658052444458,0.028586626052856445,0,1,CORRECT
inst-l,psychology,79,0.9199487566947937,0.02961045503616333,0.05055910348892212,1,1,CORRECT
inst-l,psychology,83,0.9141694903373718,0.0032009482383728027,0.009809434413909912,0,0,INCORRECT
inst-l,psychology,77,0.8766703605651855,0.014340639114379883,0.027715325355529785,0,0,INCORRECT
inst-l,psychology,81,0.886466383934021,0.01431208848953247,0.03190106153488159,0,0,INCORRECT
inst-l,psychology,80,0.8985517621040344,0.02044445276260376,0.029697060585021973,1,1,CORRECT
inst-l,psychology,86,0.9130865335464478,0.05326801538467407,0.06623363494873047,1,1,CORRECT
inst-l,psychology,82,0.8917405605316162,0.019781529903411865,0.03022998571395874,1,1,CORRECT
inst-l,psychology,84,0.9039492607116699,0.009879708290100098,0.03202247619628906,1,1,CORRECT
inst-l,psychology,85,0.8981205224990845,0.01563131809234619,0.03397846221923828,0,0,INCORRECT
inst-l,psychology,87,0.8900717496871948,0.020420372486114502,0.02948915958404541,0,0,CORRECT
inst-l,psychology,88,0.904906153678894,0.012398958206176758,0.03846108913421631,1,1,CORRECT
inst-l,psychology,90,0.9270585775375366,0.013506293296813965,0.03357207775115967,0,1,CORRECT
inst-l,psychology,92,0.9052059054374695,0.036628544330596924,0.05482226610183716,1,1,CORRECT
inst-l,psychology,91,0.9193544387817383,0.009526371955871582,0.025397658348083496,1,1,CORRECT
inst-l,psychology,89,0.8921109437942505,0.009348273277282715,0.01738429069519043,0,0,INCORRECT
inst-l,psychology,93,0.8764039874076843,0.01594752073287964,0.03290534019470215,0,1,CORRECT
inst-l,psychology,95,0.8879877328872681,0.016167521476745605,0.026839733123779297,0,0,INCORRECT
inst-l,psychology,94,0.888338565826416,0.01063394546508789,0.021499991416931152,0,0,CORRECT
inst-l,psychology,100,0.9024800062179565,0.02327108383178711,0.04473024606704712,0,0,INCORRECT
inst-l,psychology,96,0.8745967149734497,0.015826821327209473,0.03179788589477539,0,1,CORRECT
inst-l,robotics,1,0.8921688795089722,0.016556501388549805,0.028751373291015625,0,0,INCORRECT
inst-l,psychology,97,0.8936578035354614,0.02803105115890503,0.043208420276641846,1,1,CORRECT
inst-l,robotics,0,0.9063997268676758,0.019683361053466797,0.03576171398162842,0,0,CORRECT
inst-l,robotics,10,0.8820846080780029,0.006195962429046631,0.018432199954986572,0,1,INCORRECT
inst-l,psychology,99,0.9082889556884766,0.03020477294921875,0.03742647171020508,0,0,CORRECT
inst-l,psychology,98,0.8757303953170776,0.007063806056976318,0.018262803554534912,0,0,CORRECT
inst-l,robotics,2,0.917284369468689,0.01095724105834961,0.025801539421081543,0,1,CORRECT
inst-l,robotics,5,0.9230265617370605,0.020294904708862305,0.04649806022644043,0,1,INCORRECT
inst-l,robotics,3,0.897922933101654,0.003883838653564453,0.021819353103637695,0,0,CORRECT
inst-l,robotics,4,0.9040660858154297,0.009120702743530273,0.02509087324142456,0,0,CORRECT
inst-l,robotics,8,0.9306976795196533,0.02871835231781006,0.04889702796936035,0,0,CORRECT
inst-l,robotics,6,0.9435666799545288,0.02883744239807129,0.0467071533203125,0,0,CORRECT
inst-l,robotics,7,0.9006248712539673,0.01047825813293457,0.021890640258789062,1,1,CORRECT
inst-l,robotics,13,0.9128789305686951,0.012634992599487305,0.021991252899169922,0,0,CORRECT
inst-l,robotics,9,0.8869451284408569,0.008779942989349365,0.022584736347198486,0,0,INCORRECT
inst-l,robotics,14,0.8917821049690247,0.029532968997955322,0.03689372539520264,0,0,INCORRECT
inst-l,robotics,11,0.9304311871528625,0.035352885723114014,0.05046898126602173,0,0,CORRECT
inst-l,robotics,12,0.8981532454490662,0.020265638828277588,0.031062066555023193,0,1,CORRECT
inst-l,robotics,15,0.9126311540603638,0.0013028383255004883,0.013370156288146973,0,0,INCORRECT
inst-l,robotics,17,0.9304742813110352,0.007641255855560303,0.03460824489593506,0,0,CORRECT
inst-l,robotics,16,0.8966794013977051,0.006895542144775391,0.01794302463531494,0,1,CORRECT
inst-l,robotics,18,0.9373209476470947,0.02513408660888672,0.044522106647491455,1,1,CORRECT
inst-l,robotics,19,0.8986502885818481,0.012193560600280762,0.03157675266265869,0,0,CORRECT
inst-l,robotics,20,0.9086527824401855,0.00799185037612915,0.02874821424484253,0,1,CORRECT
inst-l,robotics,27,0.9237496852874756,0.032167911529541016,0.06645596027374268,1,1,CORRECT
inst-l,robotics,21,0.8990886211395264,0.015047192573547363,0.03497874736785889,0,0,INCORRECT
inst-l,robotics,25,0.8918236494064331,0.004803299903869629,0.025954842567443848,0,0,INCORRECT
inst-l,robotics,23,0.9006043672561646,0.014793634414672852,0.02668970823287964,0,0,CORRECT
inst-l,robotics,24,0.9005045890808105,0.007882177829742432,0.02525019645690918,0,1,INCORRECT
inst-l,robotics,22,0.8954148292541504,0.011171698570251465,0.036921143531799316,0,0,CORRECT
inst-l,robotics,30,0.9170587658882141,0.008146822452545166,0.01883840560913086,0,0,INCORRECT
inst-l,robotics,26,0.9172523021697998,0.018791794776916504,0.023267507553100586,0,1,INCORRECT
inst-l,robotics,29,0.9020754098892212,0.018810033798217773,0.037314653396606445,0,1,INCORRECT
inst-l,robotics,32,0.8966093063354492,0.0043495893478393555,0.012277364730834961,0,0,CORRECT
inst-l,robotics,28,0.8930743932723999,0.0068084001541137695,0.019895970821380615,0,0,CORRECT
inst-l,robotics,34,0.8802019357681274,0.003363490104675293,0.030526459217071533,0,0,INCORRECT
inst-l,robotics,31,0.8940834999084473,0.005781769752502441,0.01649695634841919,1,1,CORRECT
inst-l,robotics,33,0.89271080493927,0.0038663148880004883,0.019541025161743164,0,0,CORRECT
inst-l,robotics,35,0.9043979048728943,0.018548309803009033,0.03522235155105591,0,0,CORRECT
inst-l,robotics,36,0.8989826440811157,0.01117163896560669,0.022568047046661377,0,1,INCORRECT
inst-l,robotics,42,0.8798725008964539,0.005684554576873779,0.02212470769882202,0,0,INCORRECT
inst-l,robotics,46,0.9010301232337952,0.015788674354553223,0.03669363260269165,1,1,CORRECT
inst-l,robotics,44,0.894631028175354,0.011697053909301758,0.024993836879730225,0,1,INCORRECT
inst-l,robotics,37,0.9099981188774109,0.008555591106414795,0.024518370628356934,0,0,CORRECT
inst-l,robotics,41,0.8922438025474548,0.005759775638580322,0.010052025318145752,0,0,CORRECT
inst-l,robotics,38,0.9428976774215698,0.033779263496398926,0.057132184505462646,0,0,CORRECT
inst-l,robotics,43,0.9048157930374146,0.015127480030059814,0.0336725115776062,1,1,CORRECT
inst-l,robotics,45,0.9108961820602417,0.010823309421539307,0.03848540782928467,1,1,CORRECT
inst-l,robotics,39,0.9080881476402283,0.02012234926223755,0.037594735622406006,0,1,INCORRECT
inst-l,robotics,40,0.928047239780426,0.0085030198097229,0.02417844533920288,0,0,INCORRECT
inst-l,robotics,47,0.9075475335121155,0.00613635778427124,0.018233120441436768,1,1,CORRECT
inst-l,robotics,48,0.9110229015350342,0.00846707820892334,0.014163494110107422,0,1,CORRECT
inst-l,robotics,49,0.9440212249755859,0.005506038665771484,0.03353095054626465,1,1,CORRECT
inst-l,robotics,51,0.9187091588973999,0.011407971382141113,0.017015695571899414,0,0,CORRECT
inst-l,robotics,52,0.9112019538879395,0.033237457275390625,0.05033177137374878,0,0,CORRECT
inst-l,robotics,50,0.9146310091018677,0.021453499794006348,0.041115760803222656,1,1,CORRECT
inst-l,robotics,55,0.9415218830108643,0.02023327350616455,0.0459669828414917,0,0,CORRECT
inst-l,robotics,53,0.901336669921875,0.010094881057739258,0.023906826972961426,0,0,CORRECT
inst-l,robotics,54,0.8832944631576538,0.019944190979003906,0.028274059295654297,0,0,INCORRECT
inst-l,robotics,56,0.9065284132957458,0.00575709342956543,0.014489233493804932,0,0,CORRECT
inst-l,robotics,57,0.9202820062637329,0.010965704917907715,0.02905905246734619,0,0,CORRECT
inst-l,robotics,63,0.9413759708404541,0.02658379077911377,0.04689514636993408,1,1,CORRECT
inst-l,robotics,60,0.9026143550872803,0.013819456100463867,0.02828240394592285,0,0,CORRECT
inst-l,robotics,58,0.9182969331741333,0.010107100009918213,0.022519707679748535,1,1,INCORRECT
inst-l,robotics,62,0.9228899478912354,0.014963269233703613,0.02865457534790039,0,1,CORRECT
inst-l,robotics,64,0.9163615703582764,0.018343627452850342,0.03571677207946777,0,1,CORRECT
inst-l,robotics,59,0.8904543519020081,0.006062150001525879,0.017140448093414307,1,1,CORRECT
inst-l,robotics,71,0.9063419103622437,0.014966368675231934,0.029646575450897217,0,0,INCORRECT
inst-l,robotics,67,0.8985693454742432,0.011810064315795898,0.03092247247695923,0,0,CORRECT
inst-l,robotics,61,0.8998823761940002,0.016357064247131348,0.02985936403274536,0,0,CORRECT
inst-l,robotics,65,0.9055081605911255,0.025019347667694092,0.03385496139526367,0,0,INCORRECT
inst-l,robotics,73,0.9209644198417664,0.01899963617324829,0.04220777750015259,0,1,INCORRECT
inst-l,robotics,68,0.9009088277816772,0.027506351470947266,0.04892921447753906,1,1,CORRECT
inst-l,robotics,66,0.9063243865966797,0.010751962661743164,0.02536529302597046,0,0,CORRECT
inst-l,robotics,69,0.8998090028762817,0.010662436485290527,0.02023017406463623,1,1,CORRECT
inst-l,robotics,70,0.9019073843955994,0.006631910800933838,0.01584845781326294,0,1,CORRECT
inst-l,robotics,72,0.9015047550201416,0.00974416732788086,0.016733288764953613,0,0,CORRECT
inst-l,robotics,78,0.9100306034088135,0.010732412338256836,0.028199493885040283,1,1,CORRECT
inst-l,robotics,79,0.8823014497756958,0.009924530982971191,0.023257851600646973,0,0,CORRECT
inst-l,robotics,76,0.9140079021453857,0.007082521915435791,0.018653392791748047,0,0,CORRECT
inst-l,robotics,74,0.9269364476203918,0.011841952800750732,0.036439359188079834,0,0,CORRECT
inst-l,robotics,77,0.925987958908081,0.01418977975845337,0.04414635896682739,0,0,INCORRECT
inst-l,robotics,75,0.9238604307174683,0.016325712203979492,0.043387413024902344,0,1,CORRECT
inst-l,robotics,80,0.9175550937652588,0.015096545219421387,0.035605788230895996,0,0,CORRECT
inst-l,robotics,81,0.9103156328201294,0.008040308952331543,0.022833585739135742,0,0,CORRECT
inst-l,robotics,82,0.8926500082015991,0.029387056827545166,0.041590094566345215,0,0,CORRECT
inst-l,robotics,83,0.9225159883499146,0.02034902572631836,0.039536476135253906,1,1,CORRECT
inst-l,robotics,98,0.8949837684631348,0.010938882827758789,0.022336125373840332,0,0,INCORRECT
inst-l,robotics,92,0.8823793530464172,0.01318889856338501,0.030116677284240723,1,1,CORRECT
inst-l,robotics,86,0.9183964729309082,0.03986090421676636,0.04666733741760254,0,1,INCORRECT
inst-l,robotics,85,0.9249528646469116,0.01494687795639038,0.029009103775024414,0,1,CORRECT
inst-l,robotics,88,0.883373498916626,0.010089755058288574,0.022331416606903076,0,0,CORRECT
inst-l,robotics,84,0.90519118309021,0.005146145820617676,0.0082322359085083,0,0,CORRECT
inst-l,robotics,87,0.9071655869483948,0.015254080295562744,0.025956928730010986,0,0,INCORRECT
inst-l,robotics,99,0.915224552154541,0.021419048309326172,0.03378736972808838,0,1,INCORRECT
inst-l,robotics,89,0.9389676451683044,0.009164154529571533,0.017446696758270264,0,0,CORRECT
inst-l,robotics,94,0.9448598623275757,0.026452362537384033,0.04405522346496582,1,1,CORRECT
inst-l,robotics,95,0.9039430618286133,0.013030588626861572,0.03164064884185791,0,0,CORRECT
inst-l,robotics,90,0.897126317024231,0.005254030227661133,0.01931583881378174,0,0,CORRECT
inst-l,robotics,93,0.960709810256958,0.06747984886169434,0.08141225576400757,1,1,CORRECT
inst-l,robotics,91,0.9082420468330383,0.031507909297943115,0.06443530321121216,0,1,CORRECT
inst-l,robotics,96,0.9120460152626038,0.020322978496551514,0.036527931690216064,0,0,INCORRECT
inst-l,robotics,97,0.9045014977455139,0.008186399936676025,0.023754000663757324,0,0,INCORRECT
inst-l,robotics,100,0.9095563888549805,0.004912734031677246,0.01645493507385254,0,0,CORRECT
inst-l,stackoverflow,1,0.9149261713027954,0.01656860113143921,0.0324404239654541,0,0,CORRECT
inst-l,stackoverflow,4,0.901918351650238,0.012487411499023438,0.03484266996383667,0,0,CORRECT
inst-l,stackoverflow,2,0.9119963049888611,0.0202559232711792,0.03694164752960205,0,0,CORRECT
inst-l,stackoverflow,0,0.9011868238449097,0.0036353468894958496,0.01681274175643921,0,0,CORRECT
inst-l,stackoverflow,5,0.8963122367858887,0.0027182698249816895,0.010294556617736816,0,1,CORRECT
inst-l,stackoverflow,9,0.9043889045715332,0.0026969313621520996,0.009203553199768066,0,0,INCORRECT
inst-l,stackoverflow,6,0.9056226015090942,0.01936817169189453,0.0388796329498291,0,0,CORRECT
inst-l,stackoverflow,7,0.9231345057487488,0.02126246690750122,0.032702744007110596,0,0,CORRECT
inst-l,stackoverflow,10,0.9210238456726074,0.0007315278053283691,0.014513373374938965,0,1,CORRECT
inst-l,stackoverflow,8,0.8834936618804932,0.015215516090393066,0.027089953422546387,0,1,CORRECT
inst-l,stackoverflow,13,0.924989640712738,0.01070624589920044,0.0193595290184021,0,0,CORRECT
inst-l,stackoverflow,11,0.9047268629074097,0.007779598236083984,0.015834689140319824,0,0,CORRECT
inst-l,stackoverflow,14,0.934072732925415,0.043506741523742676,0.06425845623016357,0,1,CORRECT
inst-l,stackoverflow,3,0.9055489897727966,0.00448232889175415,0.016465365886688232,0,1,CORRECT
inst-l,stackoverflow,12,0.892307698726654,0.008117735385894775,0.03128635883331299,1,1,INCORRECT
inst-l,stackoverflow,19,0.8940814733505249,0.0073583126068115234,0.01953810453414917,0,0,CORRECT
inst-l,stackoverflow,15,0.9122403860092163,0.008982658386230469,0.011321008205413818,0,0,CORRECT
inst-l,stackoverflow,17,0.8874760866165161,0.006953179836273193,0.01481926441192627,0,0,CORRECT
inst-l,stackoverflow,16,0.904421865940094,0.01790750026702881,0.030277669429779053,1,1,CORRECT
inst-l,stackoverflow,18,0.9185479879379272,0.003465414047241211,0.026209115982055664,0,0,CORRECT
inst-l,stackoverflow,20,0.9223929047584534,0.018934428691864014,0.031730055809020996,0,0,CORRECT
inst-l,stackoverflow,24,0.898655354976654,0.010076820850372314,0.024215519428253174,0,0,CORRECT
inst-l,stackoverflow,21,0.9034250378608704,0.0021241307258605957,0.0039034485816955566,0,0,CORRECT
inst-l,stackoverflow,31,0.8953279852867126,0.022471070289611816,0.048849642276763916,0,0,INCORRECT
inst-l,stackoverflow,23,0.9221194386482239,0.04790139198303223,0.06788414716720581,0,0,CORRECT
inst-l,stackoverflow,26,0.8996621966362,0.01046144962310791,0.021818161010742188,0,0,CORRECT
inst-l,stackoverflow,25,0.9100955724716187,0.008346378803253174,0.02703404426574707,0,0,CORRECT
inst-l,stackoverflow,22,0.960849404335022,0.022168397903442383,0.05922377109527588,0,0,INCORRECT
inst-l,stackoverflow,27,0.9414763450622559,0.02576768398284912,0.0661391019821167,0,0,CORRECT
inst-l,stackoverflow,29,0.8760746121406555,0.007493555545806885,0.018038570880889893,0,1,CORRECT
inst-l,stackoverflow,28,0.8995162844657898,0.0030020475387573242,0.013761639595031738,0,0,CORRECT
inst-l,stackoverflow,30,0.9002701044082642,0.01205754280090332,0.01986253261566162,0,0,CORRECT
inst-l,stackoverflow,34,0.9033303260803223,0.013347506523132324,0.03833991289138794,1,1,CORRECT
inst-l,stackoverflow,38,0.8945533633232117,0.007732808589935303,0.03205651044845581,0,0,INCORRECT
inst-l,stackoverflow,32,0.907473087310791,0.014089822769165039,0.031053364276885986,0,0,INCORRECT
inst-l,stackoverflow,35,0.9304592609405518,0.009420990943908691,0.017218589782714844,0,1,CORRECT
inst-l,stackoverflow,36,0.9026880264282227,0.013905882835388184,0.051865577697753906,0,0,CORRECT
inst-l,stackoverflow,33,0.9135335683822632,0.002898693084716797,0.009932994842529297,0,0,CORRECT
inst-l,stackoverflow,47,0.9353225231170654,0.04983800649642944,0.07372450828552246,1,1,CORRECT
inst-l,stackoverflow,39,0.931564211845398,0.0357050895690918,0.0579531192779541,1,1,CORRECT
inst-l,stackoverflow,40,0.8857913613319397,0.02241647243499756,0.03240621089935303,0,0,CORRECT
inst-l,stackoverflow,37,0.8812601566314697,0.0012380480766296387,0.009588778018951416,1,1,CORRECT
inst-l,stackoverflow,41,0.9308880567550659,0.0031614303588867188,0.034421324729919434,1,1,CORRECT
inst-l,stackoverflow,46,0.9089534282684326,0.03518611192703247,0.0446966290473938,1,1,CORRECT
inst-l,stackoverflow,45,0.9236498475074768,0.014698386192321777,0.026413381099700928,0,0,CORRECT
inst-l,stackoverflow,44,0.9176206588745117,0.026316404342651367,0.04519706964492798,1,1,CORRECT
inst-l,stackoverflow,43,0.9016145467758179,0.0104827880859375,0.02303987741470337,1,1,CORRECT
inst-l,stackoverflow,42,0.882315993309021,0.012734413146972656,0.03414762020111084,0,1,CORRECT
inst-l,stackoverflow,50,0.8854027986526489,0.006456553936004639,0.024428963661193848,0,1,CORRECT
inst-l,stackoverflow,49,0.9011613726615906,0.01394563913345337,0.02978616952896118,0,1,CORRECT
inst-l,stackoverflow,48,0.8684072494506836,0.01204591989517212,0.022117018699645996,1,1,CORRECT
inst-l,stackoverflow,53,0.9157178401947021,0.02558290958404541,0.0453411340713501,0,1,CORRECT
inst-l,stackoverflow,52,0.8926292657852173,0.009937167167663574,0.029824376106262207,1,1,CORRECT
inst-l,stackoverflow,51,0.8679988384246826,0.0122184157371521,0.018601834774017334,0,0,CORRECT
inst-l,stackoverflow,55,0.8828300833702087,0.01493602991104126,0.033029139041900635,0,0,CORRECT
inst-l,stackoverflow,58,0.8912990689277649,0.010714948177337646,0.025605380535125732,0,1,CORRECT
inst-l,stackoverflow,59,0.923939049243927,0.03323870897293091,0.04445827007293701,0,0,CORRECT
inst-l,stackoverflow,56,0.921730637550354,0.019293665885925293,0.042121291160583496,0,1,CORRECT
inst-l,stackoverflow,57,0.9211922883987427,0.005891025066375732,0.01663917303085327,0,0,CORRECT
inst-l,stackoverflow,61,0.891545832157135,0.009685814380645752,0.021686017513275146,1,1,CORRECT
inst-l,stackoverflow,63,0.9002504348754883,0.03648781776428223,0.05321168899536133,0,0,CORRECT
inst-l,stackoverflow,60,0.9099349975585938,0.01614511013031006,0.03527921438217163,0,0,CORRECT
inst-l,stackoverflow,62,0.9230754375457764,0.022262930870056152,0.03155946731567383,1,1,CORRECT
inst-l,stackoverflow,78,0.9039195775985718,0.011707782745361328,0.029654860496520996,0,0,INCORRECT
inst-l,stackoverflow,69,0.9020935297012329,0.013360679149627686,0.028783321380615234,0,0,INCORRECT
inst-l,stackoverflow,68,0.9247462749481201,0.009248435497283936,0.031937599182128906,0,0,CORRECT
inst-l,stackoverflow,64,0.9142305254936218,0.024232447147369385,0.040613651275634766,0,1,CORRECT
inst-l,stackoverflow,70,0.9261258244514465,0.004111945629119873,0.021091818809509277,0,0,CORRECT
inst-l,stackoverflow,67,0.8994472026824951,0.004774212837219238,0.015339493751525879,0,1,CORRECT
inst-l,stackoverflow,66,0.925682544708252,0.01313483715057373,0.0363924503326416,0,0,CORRECT
inst-l,stackoverflow,77,0.9548749923706055,0.010800957679748535,0.03562206029891968,0,1,INCORRECT
inst-l,stackoverflow,71,0.9340928196907043,0.03833967447280884,0.06802695989608765,0,0,CORRECT
inst-l,stackoverflow,72,0.931442141532898,0.03155636787414551,0.04644012451171875,1,1,CORRECT
inst-l,stackoverflow,73,0.9099671840667725,0.01583874225616455,0.0306016206741333,0,0,CORRECT
inst-l,stackoverflow,75,0.9108999967575073,0.005647540092468262,0.018120765686035156,0,1,CORRECT
inst-l,stackoverflow,76,0.9152252674102783,0.010248422622680664,0.027749359607696533,0,1,CORRECT
inst-l,stackoverflow,74,0.8824629783630371,0.010633230209350586,0.02027493715286255,0,0,CORRECT
inst-l,stackoverflow,82,0.8950878381729126,0.016994237899780273,0.041555047035217285,1,1,CORRECT
inst-l,stackoverflow,79,0.8985745310783386,0.021322786808013916,0.03628915548324585,0,0,CORRECT
inst-l,stackoverflow,83,0.9149356484413147,0.007339179515838623,0.02151244878768921,0,0,CORRECT
inst-l,stackoverflow,81,0.913560152053833,0.027220487594604492,0.044391930103302,0,0,INCORRECT
inst-l,stackoverflow,80,0.9258139133453369,0.019678115844726562,0.0426630973815918,0,0,CORRECT
inst-l,stackoverflow,84,0.9008547067642212,0.013757824897766113,0.0447087287902832,1,1,CORRECT
inst-l,stackoverflow,54,0.9175475835800171,0.011237740516662598,0.0254022479057312,1,1,CORRECT
inst-l,stackoverflow,85,0.905854344367981,0.008984088897705078,0.039427876472473145,1,1,CORRECT
inst-l,stackoverflow,65,0.9324548244476318,0.017231225967407227,0.04725998640060425,0,0,CORRECT
inst-l,stackoverflow,86,0.901435375213623,0.006877779960632324,0.03439593315124512,0,1,INCORRECT
inst-l,stackoverflow,88,0.9126686453819275,0.02313941717147827,0.05546659231185913,1,1,CORRECT
inst-l,stackoverflow,90,0.9124742746353149,0.03613543510437012,0.050843238830566406,0,0,CORRECT
inst-l,stackoverflow,91,0.8894162178039551,0.015110433101654053,0.0231248140335083,0,0,CORRECT
inst-l,stackoverflow,89,0.8620936870574951,0.006324946880340576,0.012367546558380127,0,0,CORRECT
inst-l,stackoverflow,87,0.933244526386261,0.011000573635101318,0.03224581480026245,0,0,CORRECT
inst-l,stackoverflow,92,0.9133778810501099,0.015025973320007324,0.028682291507720947,0,1,CORRECT
inst-l,stackoverflow,93,0.943202018737793,0.040583133697509766,0.05364823341369629,0,0,INCORRECT
inst-l,stackoverflow,94,0.8902143239974976,0.004891693592071533,0.01451176404953003,0,0,CORRECT
inst-l,stackoverflow,99,0.8921574950218201,0.006262004375457764,0.01960676908493042,0,0,CORRECT
inst-l,stackoverflow,95,0.9062206149101257,0.016449570655822754,0.04325646162033081,0,0,CORRECT
inst-l,stackoverflow,97,0.8832101821899414,0.0037547945976257324,0.010633230209350586,0,0,CORRECT
inst-l,stackoverflow,96,0.909565806388855,0.017174482345581055,0.03131675720214844,0,1,CORRECT
inst-l,stackoverflow,101,0.9157729148864746,0.011022806167602539,0.015611112117767334,0,0,CORRECT
inst-l,stackoverflow,100,0.9440968036651611,0.05198800563812256,0.08140707015991211,1,1,CORRECT
inst-l,stackoverflow,102,0.9216946363449097,0.02991962432861328,0.05876493453979492,1,1,CORRECT
inst-l,stackoverflow,98,0.9198875427246094,0.017304658889770508,0.033309876918792725,1,1,CORRECT
inst-l,stackoverflow,106,0.8973730206489563,0.012435674667358398,0.045930683612823486,0,1,INCORRECT
inst-l,stackoverflow,104,0.9098237752914429,0.006924271583557129,0.028984904289245605,0,0,CORRECT
inst-l,stackoverflow,105,0.915553092956543,0.016886472702026367,0.034990131855010986,1,1,CORRECT
inst-l,stackoverflow,107,0.9259257912635803,0.007799088954925537,0.05192077159881592,0,1,CORRECT
inst-l,stackoverflow,108,0.9069293141365051,0.005696296691894531,0.025000154972076416,1,1,CORRECT
inst-l,stackoverflow,103,0.9575262069702148,0.0506020188331604,0.0743030309677124,1,1,CORRECT
inst-l,sustainable_living,4,0.8948163986206055,0.0068929195404052734,0.0187491774559021,0,0,INCORRECT
inst-l,stackoverflow,109,0.9387004971504211,0.04663592576980591,0.06903976202011108,0,0,INCORRECT
inst-l,sustainable_living,3,0.8800235986709595,0.0039283037185668945,0.014905333518981934,0,1,CORRECT
inst-l,stackoverflow,112,0.9156134128570557,0.00771021842956543,0.01752859354019165,1,1,CORRECT
inst-l,stackoverflow,113,0.9070929288864136,0.005480527877807617,0.031122684478759766,0,0,INCORRECT
inst-l,stackoverflow,110,0.8870788812637329,0.007021546363830566,0.02287876605987549,1,1,CORRECT
inst-l,stackoverflow,111,0.9217971563339233,0.004840731620788574,0.018626689910888672,0,1,CORRECT
inst-l,sustainable_living,2,0.9254263043403625,0.022092819213867188,0.039578020572662354,1,1,CORRECT
inst-l,sustainable_living,1,0.8661255836486816,0.004726529121398926,0.018931269645690918,0,0,CORRECT
inst-l,sustainable_living,0,0.9115045070648193,0.016200721263885498,0.03764700889587402,0,1,CORRECT
inst-l,stackoverflow,114,0.9116919040679932,0.020271718502044678,0.044288039207458496,1,1,CORRECT
inst-l,stackoverflow,115,0.8897615671157837,0.006330251693725586,0.020671606063842773,0,0,CORRECT
inst-l,stackoverflow,116,0.8955891132354736,0.01042097806930542,0.02011561393737793,0,0,CORRECT
inst-l,sustainable_living,5,0.8888697028160095,0.005449831485748291,0.02296048402786255,0,0,CORRECT
inst-l,sustainable_living,8,0.9242067337036133,0.012457728385925293,0.0241396427154541,0,0,CORRECT
inst-l,sustainable_living,6,0.8872612714767456,0.014169573783874512,0.03911030292510986,1,1,CORRECT
inst-l,sustainable_living,7,0.9000769853591919,0.015451312065124512,0.02960294485092163,0,0,INCORRECT
inst-l,sustainable_living,12,0.9023524522781372,0.030111253261566162,0.05128622055053711,0,0,CORRECT
inst-l,sustainable_living,21,0.8969038724899292,0.008312523365020752,0.0361180305480957,0,0,CORRECT
inst-l,sustainable_living,9,0.8705214858055115,0.0056801438331604,0.0209311842918396,1,1,CORRECT
inst-l,sustainable_living,18,0.8640210032463074,0.00458604097366333,0.018850266933441162,0,0,INCORRECT
inst-l,sustainable_living,24,0.9057305455207825,0.012532532215118408,0.025682926177978516,0,0,INCORRECT
inst-l,sustainable_living,15,0.9016785621643066,0.046364784240722656,0.06288683414459229,0,1,CORRECT
inst-l,sustainable_living,16,0.9151545763015747,0.02170705795288086,0.05786693096160889,1,1,CORRECT
inst-l,sustainable_living,13,0.8912067413330078,0.020441412925720215,0.030988574028015137,1,1,CORRECT
inst-l,sustainable_living,11,0.897757351398468,0.013852238655090332,0.021568477153778076,0,0,CORRECT
inst-l,sustainable_living,19,0.9163122773170471,0.014410555362701416,0.0236625075340271,0,0,INCORRECT
inst-l,sustainable_living,28,0.8714264631271362,0.005759000778198242,0.023056864738464355,0,0,INCORRECT
inst-l,sustainable_living,20,0.9005386829376221,0.02728867530822754,0.04120016098022461,1,1,CORRECT
inst-l,sustainable_living,17,0.8961451053619385,0.012736916542053223,0.02978205680847168,0,0,INCORRECT
inst-l,sustainable_living,22,0.8922275900840759,0.013301670551300049,0.03278094530105591,0,1,CORRECT
inst-l,sustainable_living,27,0.8980473279953003,0.007472634315490723,0.03273355960845947,0,0,INCORRECT
inst-l,sustainable_living,23,0.9104071855545044,0.01880502700805664,0.05240833759307861,1,1,CORRECT
inst-l,sustainable_living,37,0.8867682218551636,0.0026372671127319336,0.015372097492218018,0,0,INCORRECT
inst-l,sustainable_living,26,0.8906710147857666,0.011166930198669434,0.022470831871032715,1,1,INCORRECT
inst-l,sustainable_living,35,0.867612361907959,0.010459840297698975,0.019615769386291504,0,1,INCORRECT
inst-l,sustainable_living,34,0.8966801166534424,0.011278867721557617,0.02218860387802124,0,0,INCORRECT
inst-l,sustainable_living,25,0.9117885828018188,0.022883057594299316,0.0426485538482666,0,0,INCORRECT
inst-l,sustainable_living,10,0.880547285079956,0.0033326148986816406,0.021963655948638916,0,0,INCORRECT
inst-l,sustainable_living,31,0.9371920824050903,0.05089592933654785,0.07622742652893066,1,1,CORRECT
inst-l,sustainable_living,33,0.886281430721283,0.014604628086090088,0.052693188190460205,0,0,INCORRECT
inst-l,sustainable_living,30,0.9076067209243774,0.015685319900512695,0.03704136610031128,1,1,CORRECT
inst-l,sustainable_living,32,0.896528422832489,0.012142360210418701,0.04210096597671509,0,1,INCORRECT
inst-l,sustainable_living,14,0.8715876340866089,0.0033590197563171387,0.015430033206939697,0,0,INCORRECT
inst-l,sustainable_living,36,0.90677809715271,0.010061681270599365,0.027906179428100586,0,0,INCORRECT
inst-l,sustainable_living,44,0.9140921831130981,0.0073549747467041016,0.022650957107543945,0,0,INCORRECT
inst-l,sustainable_living,29,0.9082549214363098,0.011714637279510498,0.03625363111495972,0,0,INCORRECT
inst-l,sustainable_living,38,0.8895522356033325,0.007619500160217285,0.0241318941116333,0,1,CORRECT
inst-l,sustainable_living,43,0.8934671878814697,0.019847393035888672,0.05107593536376953,0,1,INCORRECT
inst-l,sustainable_living,39,0.9434496760368347,0.025767743587493896,0.049174487590789795,1,1,CORRECT
inst-l,sustainable_living,40,0.913409948348999,0.030633926391601562,0.0664513111114502,1,1,CORRECT
inst-l,sustainable_living,42,0.9020557403564453,0.006819367408752441,0.024303197860717773,1,1,CORRECT
inst-l,sustainable_living,41,0.8846229314804077,0.013810515403747559,0.026845097541809082,1,1,CORRECT
inst-l,sustainable_living,49,0.9212856888771057,0.0076656341552734375,0.034586310386657715,0,1,INCORRECT
inst-l,sustainable_living,51,0.9082412719726562,0.010144412517547607,0.04131859540939331,0,1,CORRECT
inst-l,sustainable_living,48,0.8987255096435547,0.012308597564697266,0.03551673889160156,0,1,INCORRECT
inst-l,sustainable_living,45,0.936075747013092,0.029921114444732666,0.050734639167785645,1,1,CORRECT
inst-l,sustainable_living,60,0.9078819751739502,0.02067023515701294,0.040640294551849365,0,0,INCORRECT
inst-l,sustainable_living,47,0.8888160586357117,0.011512815952301025,0.02958136796951294,0,0,INCORRECT
inst-l,sustainable_living,46,0.8872954845428467,0.005073130130767822,0.017752528190612793,0,0,CORRECT
inst-l,sustainable_living,52,0.8866792321205139,0.01044321060180664,0.024446070194244385,0,1,INCORRECT
inst-l,sustainable_living,53,0.8853641748428345,0.010544359683990479,0.02687692642211914,0,0,INCORRECT
inst-l,sustainable_living,50,0.897212564945221,0.0035300850868225098,0.03125876188278198,0,0,CORRECT
inst-l,sustainable_living,63,0.904247522354126,0.013085722923278809,0.027364373207092285,0,0,CORRECT
inst-l,sustainable_living,54,0.9380589723587036,0.016876697540283203,0.05596780776977539,1,1,CORRECT
inst-l,sustainable_living,55,0.9032818078994751,0.026208162307739258,0.05361783504486084,1,1,CORRECT
inst-l,sustainable_living,58,0.9097462892532349,0.015618085861206055,0.04453909397125244,1,1,CORRECT
inst-l,sustainable_living,57,0.900443434715271,0.009923338890075684,0.026621699333190918,1,1,CORRECT
inst-l,sustainable_living,59,0.8914746046066284,0.017835497856140137,0.03008091449737549,0,0,INCORRECT
inst-l,sustainable_living,61,0.892508864402771,0.006222844123840332,0.026412248611450195,0,0,CORRECT
inst-l,sustainable_living,56,0.9342730045318604,0.013594627380371094,0.03029632568359375,0,0,CORRECT
inst-l,sustainable_living,64,0.9118112325668335,0.025060176849365234,0.03536224365234375,0,0,CORRECT
inst-l,sustainable_living,71,0.9109761714935303,0.007917642593383789,0.031177639961242676,0,0,INCORRECT
inst-l,sustainable_living,66,0.8782292604446411,0.0030903220176696777,0.015749216079711914,0,0,INCORRECT
inst-l,sustainable_living,68,0.8751147985458374,0.002939462661743164,0.006005644798278809,0,0,INCORRECT
inst-l,sustainable_living,73,0.8927567005157471,0.009687185287475586,0.02828747034072876,0,1,INCORRECT
inst-l,sustainable_living,77,0.919283390045166,0.02874612808227539,0.044613003730773926,1,1,CORRECT
inst-l,sustainable_living,76,0.9018510580062866,0.011778712272644043,0.030039072036743164,0,1,INCORRECT
inst-l,sustainable_living,67,0.9132826328277588,0.026109516620635986,0.04172980785369873,0,0,CORRECT
inst-l,sustainable_living,62,0.8728412389755249,0.005419731140136719,0.014667868614196777,0,0,CORRECT
inst-l,sustainable_living,65,0.9043076038360596,0.009556114673614502,0.037203431129455566,1,1,INCORRECT
inst-l,sustainable_living,74,0.8873398900032043,0.013238370418548584,0.025657832622528076,0,0,INCORRECT
inst-l,sustainable_living,69,0.8963086009025574,0.01541513204574585,0.03180217742919922,1,1,CORRECT
inst-l,sustainable_living,80,0.8793129324913025,0.006193935871124268,0.027554214000701904,0,0,INCORRECT
inst-l,sustainable_living,75,0.9420064091682434,0.017491638660430908,0.060330092906951904,0,0,INCORRECT
inst-l,sustainable_living,70,0.9129008650779724,0.029469192028045654,0.042158424854278564,0,1,CORRECT
inst-l,sustainable_living,83,0.8920210003852844,0.011439740657806396,0.024636447429656982,1,1,CORRECT
inst-l,sustainable_living,78,0.8958820104598999,0.009047269821166992,0.02817082405090332,1,1,CORRECT
inst-l,sustainable_living,79,0.8910362720489502,0.019577503204345703,0.03940659761428833,1,1,CORRECT
inst-l,sustainable_living,89,0.885073721408844,0.01173478364944458,0.019959330558776855,0,0,INCORRECT
inst-l,sustainable_living,92,0.891537606716156,0.012809574604034424,0.025909721851348877,0,1,INCORRECT
inst-l,sustainable_living,72,0.9111100435256958,0.017881035804748535,0.05200779438018799,1,1,CORRECT
inst-l,sustainable_living,82,0.9253060817718506,0.03241682052612305,0.04590141773223877,1,1,INCORRECT
inst-l,sustainable_living,81,0.8940627574920654,0.007334411144256592,0.024787306785583496,0,0,CORRECT
inst-l,sustainable_living,85,0.9003432393074036,0.012327730655670166,0.0382198691368103,0,0,CORRECT
inst-l,sustainable_living,88,0.9100954532623291,0.014252901077270508,0.03907519578933716,0,1,INCORRECT
inst-l,sustainable_living,91,0.8976924419403076,0.007947921752929688,0.034270524978637695,0,0,CORRECT
inst-l,sustainable_living,86,0.9356046915054321,0.018500089645385742,0.051365017890930176,0,0,INCORRECT
inst-l,sustainable_living,87,0.9036880731582642,0.01992058753967285,0.036340296268463135,0,1,CORRECT
inst-l,sustainable_living,84,0.9031916260719299,0.010003864765167236,0.0465085506439209,1,1,CORRECT
inst-l,sustainable_living,90,0.897262454032898,0.016762077808380127,0.034356117248535156,0,0,INCORRECT
inst-l,sustainable_living,95,0.9019058346748352,0.04251581430435181,0.05831116437911987,1,1,CORRECT
inst-l,sustainable_living,105,0.9073300361633301,0.010787606239318848,0.037933170795440674,0,0,INCORRECT
inst-l,sustainable_living,94,0.9006035327911377,0.000758826732635498,0.019538283348083496,0,0,INCORRECT
inst-l,sustainable_living,104,0.9137970209121704,0.0046041011810302734,0.020737051963806152,0,1,INCORRECT
inst-l,sustainable_living,98,0.9129301309585571,0.018668770790100098,0.03822624683380127,0,1,INCORRECT
inst-l,sustainable_living,93,0.9056562185287476,0.011487483978271484,0.028336286544799805,0,0,CORRECT
inst-l,sustainable_living,106,0.9017297625541687,0.009519755840301514,0.023701131343841553,0,0,INCORRECT
inst-l,sustainable_living,102,0.9130764603614807,0.03274178504943848,0.04581481218338013,0,0,INCORRECT
inst-l,sustainable_living,96,0.9240750074386597,0.012285232543945312,0.060800790786743164,1,1,CORRECT
inst-l,sustainable_living,97,0.903976321220398,0.00449681282043457,0.025458693504333496,0,0,INCORRECT
inst-l,sustainable_living,99,0.920156717300415,0.008373796939849854,0.03803050518035889,0,0,INCORRECT
inst-l,sustainable_living,100,0.9088255167007446,0.014513254165649414,0.03798174858093262,0,1,INCORRECT
inst-l,sustainable_living,107,0.9050614833831787,0.015048027038574219,0.023748338222503662,0,1,INCORRECT
inst-l,sustainable_living,101,0.9366360306739807,0.03479892015457153,0.05933791399002075,0,1,CORRECT
inst-l,sustainable_living,103,0.9054297208786011,0.01116490364074707,0.02829873561859131,1,1,CORRECT
inst-l,theoremqa_questions,TheoremQA_elainewan/math_calculus_5_2.json,0.9023604393005371,0.014702916145324707,0.02430802583694458,0,0,INCORRECT
inst-l,theoremqa_questions,TheoremQA_jianyu_xu/pigeonhole_3.json,0.9066073894500732,0.005832552909851074,0.026239216327667236,0,0,CORRECT
inst-l,theoremqa_questions,TheoremQA_jianyu_xu/pigeonhole_2.json,0.8938636779785156,0.012027442455291748,0.01936817169189453,0,0,CORRECT
inst-l,theoremqa_questions,TheoremQA_maxku/cv-imageprocessing6-histogram.json,0.8938217163085938,0.008305490016937256,0.01568526029586792,0,0,INCORRECT
inst-l,theoremqa_questions,TheoremQA_elainewan/math_algebra_1.json,0.9175549149513245,0.0036701560020446777,0.01067042350769043,0,0,INCORRECT
inst-l,theoremqa_questions,TheoremQA_wenhuchen/definite_matrix1.json,0.9138658046722412,0.04911446571350098,0.06483042240142822,1,1,CORRECT
inst-l,theoremqa_questions,TheoremQA_wenhuchen/eigen_value1.json,0.8894720077514648,0.005147457122802734,0.014894962310791016,1,1,INCORRECT
inst-l,theoremqa_questions,TheoremQA_xinyi/rotation.json,0.9010269641876221,0.021590769290924072,0.025652408599853516,0,0,INCORRECT
inst-l,theoremqa_questions,TheoremQA_elainewan/math_algebra_1_2.json,0.8975169658660889,0.011226236820220947,0.021491169929504395,0,0,CORRECT
inst-l,theoremqa_questions,TheoremQA_elainewan/math_calculus_2_11.json,0.8796747922897339,0.011883258819580078,0.020181119441986084,0,0,CORRECT
inst-l,theoremqa_questions,TheoremQA_xueguangma/future_value_2.json,0.925916314125061,0.004765748977661133,0.01464831829071045,0,0,INCORRECT
inst-l,theoremqa_questions,TheoremQA_wenhuchen/optics2.json,0.8766159415245056,0.00403749942779541,0.015160918235778809,1,1,INCORRECT
inst-l,theoremqa_questions,TheoremQA_wenhuchen/L'Hôpital_rule1.json,0.9097017049789429,0.009498953819274902,0.014140129089355469,0,0,INCORRECT
inst-l,theoremqa_questions,TheoremQA_elainewan/math_algebra_4.json,0.8853724002838135,0.009816229343414307,0.018405795097351074,1,1,INCORRECT
inst-l,theoremqa_questions,TheoremQA_elainewan/math_calculus_2_5.json,0.8942565321922302,0.003679335117340088,0.015557587146759033,0,0,CORRECT
inst-l,theoremqa_questions,TheoremQA_wenhuchen/optics7.json,0.8871521353721619,0.03279381990432739,0.0440523624420166,1,1,INCORRECT
inst-l,theoremqa_questions,TheoremQA_panlu/similarity2.json,0.8750320672988892,0.008826375007629395,0.015213608741760254,0,0,CORRECT
inst-l,theoremqa_questions,TheoremQA_wenhuchen/gauss_lemma.json,0.9075480699539185,0.0017495155334472656,0.008577585220336914,0,0,INCORRECT
inst-l,theoremqa_questions,TheoremQA_mingyin/stopping-time1.json,0.8704559803009033,0.008359313011169434,0.015475571155548096,0,0,INCORRECT
inst-l,theoremqa_questions,TheoremQA_tonyxia/euler-graph3.json,0.8917944431304932,0.0033260583877563477,0.01654994487762451,1,1,CORRECT
inst-l,theoremqa_questions,TheoremQA_maxku/signalprocessing11-nyquist.json,0.9353951215744019,0.052102088928222656,0.06785827875137329,1,1,CORRECT
inst-l,theoremqa_questions,TheoremQA_jianyu_xu/Stirling_number_first_kind_5.json,0.9467067718505859,0.005270063877105713,0.010275781154632568,0,0,INCORRECT
inst-l,theoremqa_questions,TheoremQA_xinyi/maximum_entropy_2.json,0.8855915069580078,0.004258632659912109,0.014228224754333496,1,1,INCORRECT
inst-l,theoremqa_questions,TheoremQA_xueguangma/dividend_discount_model_2.json,0.8978297710418701,0.0034377574920654297,0.013147711753845215,1,1,INCORRECT
inst-l,theoremqa_questions,TheoremQA_maxku/cv-colorsci2-hsi.json,0.9054161310195923,0.06072795391082764,0.0744009017944336,1,1,CORRECT
inst-l,theoremqa_questions,TheoremQA_maxku/ipnetwork13-hammingdist.json,0.8865179419517517,0.00725942850112915,0.01670008897781372,0,0,CORRECT
inst-l,theoremqa_questions,TheoremQA_xinyi/linear_projection.json,0.8807921409606934,0.008256673812866211,0.020865440368652344,0,0,CORRECT
inst-l,theoremqa_questions,TheoremQA_xueguangma/forward_price_2.json,0.895910382270813,0.013546884059906006,0.02084672451019287,0,0,INCORRECT
inst-l,theoremqa_questions,TheoremQA_jianyu_xu/combination_1.json,0.9105525612831116,0.003689706325531006,0.012352585792541504,0,0,INCORRECT
inst-l,theoremqa_questions,TheoremQA_wenhuchen/Liouville’s_theorem1.json,0.9002440571784973,0.03353911638259888,0.046883344650268555,1,1,CORRECT
inst-l,theoremqa_questions,TheoremQA_tonyxia/semiconductor1.json,0.8766000270843506,0.014210343360900879,0.03035944700241089,0,0,CORRECT
inst-l,theoremqa_questions,TheoremQA_maxku/signalprocessing15-DB.json,0.8918975591659546,0.0553433895111084,0.06579232215881348,1,1,INCORRECT
inst-l,theoremqa_questions,TheoremQA_mingyin/Lebesgue-measure1.json,0.8864607810974121,0.00650399923324585,0.01865255832672119,0,0,INCORRECT
inst-l,theoremqa_questions,TheoremQA_mingyin/series2.json,0.9062870740890503,0.016939520835876465,0.03049612045288086,0,0,INCORRECT
inst-l,theoremqa_questions,TheoremQA_wenhuchen/ODE2.json,0.90693199634552,0.014837324619293213,0.02359640598297119,0,0,INCORRECT
inst-l,theoremqa_questions,TheoremQA_maxku/signalprocessing5-nyquist.json,0.903647780418396,0.018535137176513672,0.05549192428588867,1,1,CORRECT
inst-l,theoremqa_questions,TheoremQA_panlu/rigid-body3.json,0.8740463852882385,0.013151407241821289,0.019831478595733643,1,1,INCORRECT
inst-l,theoremqa_questions,TheoremQA_elainewan/math_abstact_algebra_7_8.json,0.8719910383224487,0.006089568138122559,0.015021264553070068,0,0,CORRECT
inst-l,theoremqa_questions,TheoremQA_xueguangma/taylors_approximation_theorem.json,0.906703770160675,0.010488033294677734,0.024686098098754883,0,0,INCORRECT
inst-l,theoremqa_questions,TheoremQA_xinyi/cramer_rao_lower_bound_2.json,0.8926745057106018,0.01022195816040039,0.017464816570281982,0,0,INCORRECT
inst-l,theoremqa_questions,TheoremQA_elainewan/math_algebra_5.json,0.899730384349823,0.0022336840629577637,0.007342517375946045,0,0,INCORRECT
inst-l,theoremqa_questions,TheoremQA_xueguangma/binomial_model_2.json,0.8958994746208191,0.008981883525848389,0.01579451560974121,0,0,INCORRECT
inst-l,theoremqa_questions,TheoremQA_mingyin/cauchy-integral-theorem1.json,0.9187514185905457,0.008700430393218994,0.015545666217803955,1,1,INCORRECT
inst-l,theoremqa_questions,TheoremQA_panlu/molar_heat_capacity2.json,0.8738540410995483,0.008617639541625977,0.02309662103652954,0,0,INCORRECT
inst-l,theoremqa_questions,TheoremQA_xueguangma/spot_rate.json,0.9091567993164062,0.005831360816955566,0.017489612102508545,0,0,INCORRECT
inst-l,theoremqa_questions,TheoremQA_wenhuchen/determinant2.json,0.9210853576660156,0.034369587898254395,0.046413540840148926,1,1,CORRECT
inst-l,theoremqa_questions,TheoremQA_elainewan/math_abstact_algebra_7_5.json,0.8731655478477478,0.004306614398956299,0.013463199138641357,0,0,INCORRECT
inst-l,theoremqa_questions,TheoremQA_tonyxia/wave2.json,0.8515679836273193,0.011098921298980713,0.02091085910797119,0,1,INCORRECT
inst-l,theoremqa_questions,TheoremQA_maxku/ipnetwork5-mac.json,0.869727611541748,0.0031899213790893555,0.014708340167999268,0,0,INCORRECT
inst-l,theoremqa_questions,TheoremQA_xinyi/huffman_code_1.json,0.8961806893348694,0.015365302562713623,0.022278964519500732,1,1,INCORRECT
inst-l,theoremqa_questions,TheoremQA_wenhuchen/determinant1.json,0.9251710176467896,0.036943912506103516,0.052718281745910645,1,1,CORRECT
inst-l,theoremqa_questions,TheoremQA_jianyu_xu/Ramsey_4.json,0.9108773469924927,0.005090832710266113,0.02848362922668457,0,0,INCORRECT
inst-l,theoremqa_questions,TheoremQA_maxku/signalprocessing6-Ztransform.json,0.8603007793426514,0.003977179527282715,0.009829938411712646,0,0,CORRECT
inst-l,theoremqa_questions,TheoremQA_wenhuchen/trapezoidal_rule2.json,0.8901571035385132,0.003157198429107666,0.01403343677520752,0,0,INCORRECT
inst-l,theoremqa_questions,TheoremQA_maxku/ipnetwork4-mac.json,0.8842761516571045,0.001971125602722168,0.00934678316116333,0,0,INCORRECT
inst-l,theoremqa_questions,TheoremQA_maxku/graphtheory5-vertexcover.json,0.87228924036026,0.006661474704742432,0.012381911277770996,0,0,CORRECT
inst-l,theoremqa_questions,TheoremQA_wenhuchen/ODE3.json,0.8770384192466736,0.003641068935394287,0.014964044094085693,0,0,INCORRECT
inst-l,theoremqa_questions,TheoremQA_xueguangma/dividend_discount_model_5.json,0.9166331887245178,0.02872246503829956,0.03516852855682373,1,1,CORRECT
inst-l,theoremqa_questions,TheoremQA_tonyxia/semiconductor5.json,0.8634679317474365,0.0027431249618530273,0.02971482276916504,0,0,INCORRECT
inst-l,theoremqa_questions,TheoremQA_maxku/ipnetwork14-hammingdist.json,0.8908421993255615,0.01727604866027832,0.025750279426574707,0,0,INCORRECT
inst-l,theoremqa_questions,TheoremQA_jianyu_xu/Ramsey_2.json,0.8885336518287659,0.0015206336975097656,0.014614522457122803,0,1,CORRECT
inst-l,theoremqa_questions,TheoremQA_xinyi/dag_2.json,0.8664025068283081,0.00783085823059082,0.033985674381256104,0,1,CORRECT
inst-l,theoremqa_questions,TheoremQA_wenhuchen/optics8.json,0.9001846313476562,0.04298996925354004,0.05100536346435547,1,1,INCORRECT
inst-l,theoremqa_questions,TheoremQA_panlu/molar_heat_capacity1.json,0.8927792310714722,0.02218472957611084,0.04952216148376465,1,1,INCORRECT
inst-l,theoremqa_questions,TheoremQA_wenhuchen/viterbi2.json,0.9170564413070679,0.02274906635284424,0.033008575439453125,1,1,CORRECT
inst-l,theoremqa_questions,TheoremQA_elainewan/math_algebra_3_2.json,0.8777227401733398,0.015389204025268555,0.020783066749572754,0,0,INCORRECT
inst-l,theoremqa_questions,TheoremQA_maxku/graphtheory7-shortestpath.json,0.9150773286819458,0.03584945201873779,0.05831444263458252,1,1,CORRECT
inst-l,theoremqa_questions,TheoremQA_elainewan/math_calculus_12.json,0.9363908767700195,0.015215635299682617,0.03348803520202637,0,0,INCORRECT
inst-l,theoremqa_questions,TheoremQA_elainewan/econ_micro_7.json,0.9154214859008789,0.023965656757354736,0.04403114318847656,1,1,CORRECT
inst-l,theoremqa_questions,TheoremQA_tonyxia/particle6.json,0.8952286243438721,0.04807698726654053,0.06577301025390625,1,1,INCORRECT
inst-l,theoremqa_questions,TheoremQA_tonyxia/semiconductor3.json,0.9204599857330322,0.07310110330581665,0.09036469459533691,1,1,INCORRECT
inst-l,theoremqa_questions,TheoremQA_wenhuchen/gauss_lemma2.json,0.8878158330917358,0.005241215229034424,0.01350313425064087,0,0,INCORRECT
inst-l,theoremqa_questions,TheoremQA_tonyxia/statisticalphysics2.json,0.8622772097587585,0.012499749660491943,0.028385400772094727,0,0,CORRECT
inst-l,theoremqa_questions,TheoremQA_xinyi/channel_capacity_1.json,0.8448261022567749,0.004282355308532715,0.009916186332702637,0,1,CORRECT
inst-l,theoremqa_questions,TheoremQA_wenhuchen/t_test1.json,0.8740842342376709,0.030122876167297363,0.03999149799346924,1,1,INCORRECT
inst-l,theoremqa_questions,TheoremQA_maxku/cv-cnn4.json,0.9096881151199341,0.021439671516418457,0.052629709243774414,0,1,CORRECT
inst-l,theoremqa_questions,TheoremQA_panlu/trapezoid1.json,0.8954167366027832,0.006105542182922363,0.011801600456237793,0,0,INCORRECT
inst-l,theoremqa_questions,TheoremQA_jianyu_xu/Stirling_number_second_kind_3.json,0.9296366572380066,0.003904283046722412,0.012300491333007812,0,0,INCORRECT
inst-l,theoremqa_questions,TheoremQA_panlu/angular_frequency3.json,0.8866093158721924,0.004505634307861328,0.01593327522277832,0,0,CORRECT
inst-l,theoremqa_questions,TheoremQA_wenhuchen/Rolle's_theorem.json,0.8934822082519531,0.010791540145874023,0.02118760347366333,0,0,CORRECT
inst-l,theoremqa_questions,TheoremQA_wenhuchen/t_test2.json,0.8804377317428589,0.019207119941711426,0.025026440620422363,1,1,INCORRECT
inst-l,theoremqa_questions,TheoremQA_maxku/graphtheory3-vertexcover.json,0.8750690221786499,0.0039168596267700195,0.011215925216674805,0,0,CORRECT
inst-l,theoremqa_questions,TheoremQA_elainewan/econ_micro_14_3.json,0.9266605377197266,0.009276986122131348,0.017107367515563965,0,0,INCORRECT
inst-l,theoremqa_questions,TheoremQA_jianyu_xu/Stirling_number_second_kind_6.json,0.9041189551353455,0.006587088108062744,0.01449596881866455,1,1,CORRECT
inst-l,theoremqa_questions,TheoremQA_wenhuchen/euler's_method1.json,0.8859395980834961,0.010265946388244629,0.017044484615325928,0,0,INCORRECT
inst-l,theoremqa_questions,TheoremQA_jianyu_xu/Catalan_2.json,0.9230615496635437,0.01001065969467163,0.03396648168563843,0,0,CORRECT
inst-l,theoremqa_questions,TheoremQA_maxku/graphtheory10-shortestpath.json,0.8731420636177063,0.0030817389488220215,0.014986574649810791,1,1,CORRECT
inst-l,theoremqa_questions,TheoremQA_xueguangma/forward_price_1.json,0.8772458434104919,0.001679062843322754,0.0071623921394348145,1,1,INCORRECT
inst-l,theoremqa_questions,TheoremQA_wenhuchen/euler's_method2.json,0.871864378452301,0.00597989559173584,0.010470092296600342,0,0,INCORRECT
inst-l,theoremqa_questions,TheoremQA_wenhuchen/double_integral2.json,0.9002760052680969,0.009015321731567383,0.014425933361053467,0,0,INCORRECT
inst-l,theoremqa_questions,TheoremQA_wenhuchen/cauchy_integral1.json,0.8782751560211182,0.013661623001098633,0.021111130714416504,0,0,CORRECT
inst-l,theoremqa_questions,TheoremQA_jianyu_xu/Multinomial_2.json,0.9247910380363464,0.0010587573051452637,0.006816089153289795,0,0,CORRECT
inst-l,theoremqa_questions,TheoremQA_wenhuchen/kepler's_law1.json,0.8763556480407715,0.006838023662567139,0.022265315055847168,0,1,INCORRECT
inst-l,theoremqa_questions,TheoremQA_panlu/gravitational_force1.json,0.9039078950881958,0.036371469497680664,0.05424904823303223,0,1,CORRECT
inst-l,theoremqa_questions,TheoremQA_maxku/signalprocessing13-Ztransform.json,0.8938236236572266,0.041916489601135254,0.05259418487548828,1,1,CORRECT
inst-l,theoremqa_questions,TheoremQA_maxku/signalprocessing19-period.json,0.8749842047691345,0.00837177038192749,0.02038365602493286,0,0,CORRECT
inst-l,theoremqa_questions,TheoremQA_maxku/ipnetwork21-ip-2.json,0.9036362171173096,0.021306514739990234,0.02686154842376709,0,0,INCORRECT
inst-l,theoremqa_questions,TheoremQA_maxku/cv-imageprocessing9-digital-image.json,0.9273000955581665,0.04590809345245361,0.07280945777893066,1,1,CORRECT
inst-l,theoremqa_questions,TheoremQA_jianyu_xu/pigeonhole_4.json,0.9103320837020874,0.027845919132232666,0.05720257759094238,1,1,CORRECT
inst-l,theoremqa_questions,TheoremQA_elainewan/math_calculus_5.json,0.8954801559448242,0.005374312400817871,0.01652240753173828,0,0,CORRECT
inst-l,theoremqa_questions,TheoremQA_jianyu_xu/Stirling_number_second_kind_5.json,0.9023727178573608,0.002343475818634033,0.009564518928527832,1,1,CORRECT
inst-l,theoremqa_questions,TheoremQA_jianyu_xu/Stirling_number_first_kind_6.json,0.9340780973434448,0.0063964128494262695,0.01365196704864502,0,0,CORRECT
inst-l,theoremqa_questions,TheoremQA_jianyu_xu/Graph_2.json,0.899399995803833,0.008011460304260254,0.01457667350769043,0,0,CORRECT
inst-l,theoremqa_questions,TheoremQA_xueguangma/present_value_1.json,0.9147294759750366,0.009099602699279785,0.016549646854400635,0,0,CORRECT
inst-l,theoremqa_questions,TheoremQA_maxku/signalprocessing9-signalrep.json,0.8876184225082397,0.011199951171875,0.016170620918273926,0,0,CORRECT
inst-l,theoremqa_questions,TheoremQA_maxku/graphtheory4-vertexcover.json,0.8731824159622192,0.018534421920776367,0.03222191333770752,0,0,CORRECT
inst-l,theoremqa_questions,TheoremQA_xinyi/dag_3.json,0.883908748626709,0.007677316665649414,0.013936281204223633,0,0,INCORRECT
inst-l,theoremqa_questions,TheoremQA_tonyxia/euler-graph2.json,0.8799372315406799,0.0038661956787109375,0.011365115642547607,1,1,CORRECT
inst-l,theoremqa_questions,TheoremQA_jianyu_xu/Cayley_3.json,0.9007658362388611,0.00557023286819458,0.015649259090423584,0,0,CORRECT
inst-l,theoremqa_questions,TheoremQA_xueguangma/dividend_discount_model_4.json,0.9140489101409912,0.01046288013458252,0.02048802375793457,1,1,CORRECT
inst-l,theoremqa_questions,TheoremQA_jianyu_xu/Multinomial_1.json,0.9274123907089233,0.0028696656227111816,0.007467985153198242,0,0,CORRECT
inst-l,theoremqa_questions,TheoremQA_maxku/cv-colorsci3-rgb.json,0.8896480798721313,0.014117836952209473,0.020804882049560547,1,1,CORRECT
inst-l,theoremqa_questions,TheoremQA_wenhuchen/infinite_series_sum3.json,0.896528959274292,0.008936405181884766,0.017461776733398438,0,0,CORRECT
inst-l,theoremqa_questions,TheoremQA_wenhuchen/trapezoidal_rule3.json,0.9100465178489685,0.022774159908294678,0.03161001205444336,1,1,INCORRECT
inst-l,theoremqa_questions,TheoremQA_elainewan/math_calculus_3_8.json,0.8995914459228516,0.02433633804321289,0.03781503438949585,1,1,INCORRECT
inst-l,theoremqa_questions,TheoremQA_elainewan/econ_micro_7_2.json,0.8830363750457764,0.01156473159790039,0.01619899272918701,1,1,CORRECT
inst-l,theoremqa_questions,TheoremQA_jianyu_xu/Binomial_5.json,0.9281371831893921,0.0014950037002563477,0.019070088863372803,0,1,CORRECT
inst-l,theoremqa_questions,TheoremQA_xueguangma/effective_rates_1.json,0.9107275009155273,0.005882561206817627,0.014234542846679688,0,0,CORRECT
inst-l,theoremqa_questions,TheoremQA_maxku/cv-colorsci1-rgb.json,0.8708785176277161,0.0035933852195739746,0.01185530424118042,0,1,CORRECT
inst-l,theoremqa_questions,TheoremQA_panlu/similarity3.json,0.8927247524261475,0.0030080080032348633,0.013135910034179688,0,0,CORRECT
inst-l,theoremqa_questions,TheoremQA_wenhuchen/t_test3.json,0.8900642395019531,0.022960662841796875,0.03038918972015381,1,1,INCORRECT
inst-l,theoremqa_questions,TheoremQA_maxku/signalprocessing7-phaseshift.json,0.8848879933357239,0.014783799648284912,0.020367324352264404,0,0,CORRECT
inst-l,theoremqa_questions,TheoremQA_jianyu_xu/Multinomial_4.json,0.9134650230407715,0.0011671781539916992,0.008927702903747559,0,0,CORRECT
inst-l,theoremqa_questions,TheoremQA_xinyi/kernel_1.json,0.8586483001708984,0.01884758472442627,0.028279900550842285,0,0,CORRECT
inst-l,theoremqa_questions,TheoremQA_maxku/cv-cnn1.json,0.8846023678779602,0.007768809795379639,0.016559898853302002,0,0,CORRECT
inst-l,theoremqa_questions,TheoremQA_maxku/fourier6-FT.json,0.8458983898162842,0.007159113883972168,0.016772985458374023,0,0,INCORRECT
inst-l,theoremqa_questions,TheoremQA_xinyi/sum_product_algorithm.json,0.8554521799087524,0.0084456205368042,0.017892301082611084,0,0,CORRECT
inst-l,theoremqa_questions,TheoremQA_xinyi/neural_networks.json,0.8265973329544067,0.001059889793395996,0.005835056304931641,0,1,CORRECT
inst-l,theoremqa_questions,TheoremQA_jianyu_xu/Binomial_4.json,0.926317572593689,0.005978107452392578,0.018290281295776367,0,0,CORRECT
inst-l,theoremqa_questions,TheoremQA_jianyu_xu/pigeonhole_1.json,0.8934731483459473,0.006201624870300293,0.031089842319488525,1,1,CORRECT
inst-l,theoremqa_questions,TheoremQA_wenhuchen/viterbi1.json,0.9240517020225525,0.014670372009277344,0.020656287670135498,1,1,CORRECT
inst-l,theoremqa_questions,TheoremQA_xueguangma/future_value_1.json,0.9376696348190308,0.0031319260597229004,0.014549732208251953,0,0,CORRECT
inst-l,theoremqa_questions,TheoremQA_wenhuchen/L'Hôpital_rule2.json,0.8872125744819641,0.011935830116271973,0.027403414249420166,0,0,INCORRECT
inst-l,theoremqa_questions,TheoremQA_elainewan/math_calculus_2_6.json,0.9165086150169373,0.007290780544281006,0.01110827922821045,0,0,CORRECT
inst-l,theoremqa_questions,TheoremQA_jianyu_xu/Ramsey_3.json,0.9187862277030945,0.029990971088409424,0.04768449068069458,1,1,CORRECT
inst-l,theoremqa_questions,TheoremQA_wenhuchen/kepler's_law3.json,0.8981339335441589,0.02202075719833374,0.03711587190628052,1,1,INCORRECT
inst-l,theoremqa_questions,TheoremQA_wenhuchen/Poisson_process2.json,0.8819682002067566,0.006025254726409912,0.011835992336273193,0,0,CORRECT
inst-l,theoremqa_questions,TheoremQA_wenhuchen/jensen2.json,0.8918458819389343,0.0059757232666015625,0.012823402881622314,0,0,CORRECT
inst-l,theoremqa_questions,TheoremQA_jianyu_xu/Catalan_1.json,0.9094665050506592,0.013054966926574707,0.022576749324798584,0,0,INCORRECT
inst-l,theoremqa_questions,TheoremQA_xueguangma/binomial_model_1.json,0.9325406551361084,0.0026760101318359375,0.016206741333007812,0,0,CORRECT
inst-l,theoremqa_questions,TheoremQA_elainewan/econ_micro_11.json,0.9061650037765503,0.00153273344039917,0.008335113525390625,0,0,CORRECT
inst-l,theoremqa_questions,TheoremQA_wenhuchen/newton2.json,0.900877833366394,0.0034118294715881348,0.01400136947631836,0,0,CORRECT
inst-l,theoremqa_questions,TheoremQA_elainewan/econ_micro_18.json,0.8869364261627197,0.005084395408630371,0.028862297534942627,1,1,CORRECT
inst-l,theoremqa_questions,TheoremQA_jianyu_xu/Multinomial_3.json,0.9187380075454712,0.0035016536712646484,0.010136842727661133,0,0,CORRECT
inst-l,theoremqa_questions,TheoremQA_xueguangma/present_value_2.json,0.9210543036460876,0.013403654098510742,0.027307748794555664,0,0,INCORRECT
inst-l,theoremqa_questions,TheoremQA_elainewan/math_abstact_algebra_7.json,0.9245326519012451,0.013906240463256836,0.025452852249145508,0,0,CORRECT
inst-l,theoremqa_questions,TheoremQA_tonyxia/semiconductor2.json,0.8929271697998047,0.0281294584274292,0.04868781566619873,1,1,CORRECT
inst-l,theoremqa_questions,TheoremQA_maxku/graphtheory11-shortestpath-hard.json,0.9019138813018799,0.006637871265411377,0.02761685848236084,0,1,INCORRECT
inst-l,theoremqa_questions,TheoremQA_jianyu_xu/Binomial_3.json,0.9441701173782349,0.014134109020233154,0.023401618003845215,0,0,CORRECT
inst-l,theoremqa_questions,TheoremQA_maxku/signalprocessing2-DB.json,0.8368169665336609,0.0050244927406311035,0.011863887310028076,0,1,CORRECT
inst-l,theoremqa_questions,TheoremQA_wenhuchen/p_value2.json,0.9184458255767822,0.01779472827911377,0.025751709938049316,1,1,CORRECT
inst-l,theoremqa_questions,TheoremQA_xinyi/rate_distortion_function_2.json,0.8715537786483765,0.010750174522399902,0.022978544235229492,0,1,CORRECT
inst-l,theoremqa_questions,TheoremQA_elainewan/math_calculus_11.json,0.8772103786468506,0.005466282367706299,0.01786249876022339,0,0,INCORRECT
inst-l,theoremqa_questions,TheoremQA_xueguangma/dividend_discount_model_1.json,0.8935220837593079,0.004961550235748291,0.010215818881988525,1,1,CORRECT
inst-l,theoremqa_questions,TheoremQA_maxku/signalprocessing14-Ztransform.json,0.8790102005004883,0.010725855827331543,0.02078068256378174,0,0,INCORRECT
inst-l,theoremqa_questions,TheoremQA_maxku/cv-imageprocessing8-fourier2.json,0.9079858064651489,0.054822444915771484,0.060497164726257324,1,1,INCORRECT
inst-l,theoremqa_questions,TheoremQA_wenhuchen/jensen1.json,0.8812522888183594,0.012811064720153809,0.01830470561981201,0,0,CORRECT
inst-l,theoremqa_questions,TheoremQA_panlu/gravitational_force2.json,0.8840548992156982,0.0062035322189331055,0.02262359857559204,0,0,CORRECT
inst-l,theoremqa_questions,TheoremQA_wenhuchen/Liouville’s_theorem2.json,0.8583045601844788,0.006018221378326416,0.01531749963760376,0,0,CORRECT
inst-l,theoremqa_questions,TheoremQA_tonyxia/maxplanar3.json,0.8898214101791382,0.012863755226135254,0.026336193084716797,0,0,CORRECT
inst-l,theoremqa_questions,TheoremQA_jianyu_xu/Binomial_6.json,0.9423873424530029,0.010448455810546875,0.03409993648529053,0,0,CORRECT
inst-l,theoremqa_questions,TheoremQA_mingyin/convexity1.json,0.8601089715957642,0.0030230283737182617,0.011893033981323242,0,0,CORRECT
inst-l,theoremqa_questions,TheoremQA_mingyin/Fundamental-Theorem-of-Calculus3.json,0.8932485580444336,0.00954735279083252,0.017358899116516113,0,1,INCORRECT
inst-l,theoremqa_questions,TheoremQA_jianyu_xu/Binomial_1.json,0.9302663207054138,0.0014169812202453613,0.020898401737213135,0,0,INCORRECT
inst-l,theoremqa_questions,TheoremQA_wenhuchen/series_convergen3.json,0.8908078670501709,0.009110569953918457,0.0180661678314209,0,0,CORRECT
inst-l,theoremqa_questions,TheoremQA_xueguangma/forward_rate_1.json,0.9099947214126587,0.008855223655700684,0.014860391616821289,0,0,INCORRECT
inst-l,theoremqa_questions,TheoremQA_elainewan/math_algebra_4_3.json,0.8626220226287842,0.005558788776397705,0.017089426517486572,0,0,INCORRECT
inst-l,theoremqa_questions,TheoremQA_mingyin/Limit-of-sequence2.json,0.8936054706573486,0.013757884502410889,0.020420074462890625,0,0,INCORRECT
inst-l,theoremqa_questions,TheoremQA_xueguangma/forward_price_3.json,0.9065227508544922,0.009004712104797363,0.01625955104827881,0,0,INCORRECT
inst-l,theoremqa_questions,TheoremQA_maxku/fourier1-FS.json,0.9190239310264587,0.007928311824798584,0.017344176769256592,0,0,CORRECT
inst-l,theoremqa_questions,TheoremQA_xueguangma/intermediate_value_theorem.json,0.859372079372406,0.002459406852722168,0.012011468410491943,0,1,INCORRECT
inst-l,theoremqa_questions,TheoremQA_tonyxia/maxplanar1.json,0.8984509110450745,0.013534843921661377,0.022280871868133545,0,0,CORRECT
inst-l,theoremqa_questions,TheoremQA_jianyu_xu/Multinomial_6.json,0.9276931285858154,0.004330694675445557,0.008666574954986572,0,0,INCORRECT
inst-l,theoremqa_questions,TheoremQA_elainewan/math_abstact_algebra_7_3.json,0.8721600770950317,0.0210416316986084,0.02823472023010254,1,1,CORRECT
inst-l,theoremqa_questions,TheoremQA_xinyi/dag_1.json,0.8972605466842651,0.019896090030670166,0.037022948265075684,0,0,CORRECT
inst-l,theoremqa_questions,TheoremQA_xinyi/distortion_rate_function_2.json,0.8918961882591248,0.038867413997650146,0.04737699031829834,1,1,CORRECT
inst-l,theoremqa_questions,TheoremQA_panlu/wave_length1.json,0.8834932446479797,0.004422485828399658,0.021969914436340332,0,0,INCORRECT
inst-l,theoremqa_questions,TheoremQA_maxku/graphtheory6-shortestpath.json,0.8846733570098877,0.00798654556274414,0.02928447723388672,1,1,CORRECT
inst-l,theoremqa_questions,TheoremQA_wenhuchen/optics3.json,0.9013871550559998,0.04263651371002197,0.056486427783966064,1,1,CORRECT
inst-l,theoremqa_questions,TheoremQA_elainewan/math_algebra_7_2.json,0.8417025804519653,0.003965198993682861,0.0127485990524292,0,1,CORRECT
inst-l,theoremqa_questions,TheoremQA_mingyin/Limit-of-sequence3.json,0.889471709728241,0.004277288913726807,0.009081721305847168,0,0,CORRECT
inst-l,theoremqa_questions,TheoremQA_wenhuchen/Poisson_process3.json,0.8959788680076599,0.02765566110610962,0.03131836652755737,0,0,CORRECT
inst-l,theoremqa_questions,TheoremQA_elainewan/math_calculus_2_7.json,0.8296689391136169,0.007841527462005615,0.017057359218597412,0,0,INCORRECT
inst-l,theoremqa_questions,TheoremQA_maxku/cv-imageprocessing2-morphology.json,0.8997893929481506,0.06975692510604858,0.08373254537582397,1,1,CORRECT
inst-l,theoremqa_questions,TheoremQA_maxku/graphtheory2-vertexcover.json,0.8755542039871216,0.0013583898544311523,0.007372915744781494,0,0,CORRECT
inst-l,theoremqa_questions,TheoremQA_tonyxia/particle4.json,0.9211839437484741,0.06441342830657959,0.08051300048828125,1,1,CORRECT
inst-l,theoremqa_questions,TheoremQA_xueguangma/geometric_brownian_motion.json,0.9061404466629028,0.00542902946472168,0.015435516834259033,0,0,INCORRECT
inst-l,theoremqa_questions,TheoremQA_xinyi/rate_distortion_function_1.json,0.886417806148529,0.0049247145652771,0.015314221382141113,0,0,CORRECT
inst-l,theoremqa_questions,TheoremQA_jianyu_xu/Binomial_2.json,0.9091770052909851,0.009856879711151123,0.013640224933624268,0,0,CORRECT
inst-l,theoremqa_questions,TheoremQA_jianyu_xu/Ramsey_5.json,0.9146068096160889,0.0027337074279785156,0.030334889888763428,0,0,CORRECT
inst-l,theoremqa_questions,TheoremQA_xinyi/channel_capacity_3.json,0.8699558973312378,0.008823037147521973,0.028421998023986816,0,0,INCORRECT
inst-l,theoremqa_questions,TheoremQA_jianyu_xu/Ramsey_6.json,0.9223958849906921,0.014915645122528076,0.03081756830215454,1,1,CORRECT
inst-l,theoremqa_theorems,TheoremQA_jianyu_xu/pigeonhole_2.json,0.8440952301025391,0.011975646018981934,0.021350383758544922,0,0,CORRECT
inst-l,theoremqa_questions,TheoremQA_wenhuchen/series_convergen2.json,0.8944233655929565,0.0037773847579956055,0.01349639892578125,0,0,CORRECT
inst-l,theoremqa_questions,TheoremQA_xinyi/huffman_code_3.json,0.8999693393707275,0.0074765682220458984,0.020411133766174316,0,0,CORRECT
inst-l,theoremqa_theorems,TheoremQA_elainewan/math_algebra_1.json,0.865741491317749,0.009872376918792725,0.026654839515686035,0,0,INCORRECT
inst-l,theoremqa_theorems,TheoremQA_wenhuchen/eigen_value1.json,0.8622481822967529,0.009933292865753174,0.02038443088531494,0,1,INCORRECT
inst-l,theoremqa_theorems,TheoremQA_jianyu_xu/pigeonhole_3.json,0.8294265866279602,0.008583605289459229,0.019683659076690674,0,0,CORRECT
inst-l,theoremqa_theorems,TheoremQA_wenhuchen/definite_matrix1.json,0.8769098520278931,0.028532326221466064,0.04085969924926758,0,1,CORRECT
inst-l,theoremqa_theorems,TheoremQA_elainewan/math_calculus_2_11.json,0.8420020341873169,0.0018004179000854492,0.014595866203308105,0,0,CORRECT
inst-l,theoremqa_theorems,TheoremQA_wenhuchen/L'Hôpital_rule1.json,0.8701972365379333,0.01275092363357544,0.022753894329071045,0,0,CORRECT
inst-l,theoremqa_theorems,TheoremQA_panlu/similarity2.json,0.8393034934997559,0.014559507369995117,0.0323830246925354,0,0,CORRECT
inst-l,theoremqa_theorems,TheoremQA_xinyi/maximum_entropy_2.json,0.8811057806015015,0.010337352752685547,0.03632807731628418,1,1,CORRECT
inst-l,theoremqa_theorems,TheoremQA_elainewan/math_algebra_4.json,0.8787820339202881,0.014065146446228027,0.02084171772003174,0,0,CORRECT
inst-l,theoremqa_theorems,TheoremQA_elainewan/math_algebra_1_2.json,0.8459231853485107,0.008574485778808594,0.030445456504821777,0,0,CORRECT
inst-l,theoremqa_theorems,TheoremQA_maxku/signalprocessing11-nyquist.json,0.8420858383178711,0.003737151622772217,0.014451205730438232,0,0,CORRECT
inst-l,theoremqa_theorems,TheoremQA_xinyi/linear_projection.json,0.8417395949363708,0.0083199143409729,0.01686948537826538,0,0,CORRECT
inst-l,theoremqa_theorems,TheoremQA_jianyu_xu/Stirling_number_first_kind_5.json,0.8317553997039795,0.006884336471557617,0.015786170959472656,0,1,INCORRECT
inst-l,theoremqa_theorems,TheoremQA_panlu/rigid-body3.json,0.8443135619163513,0.014382898807525635,0.029029667377471924,0,1,CORRECT
inst-l,theoremqa_theorems,TheoremQA_wenhuchen/Liouville’s_theorem1.json,0.8883379697799683,0.014499127864837646,0.0354229211807251,1,1,CORRECT
inst-l,theoremqa_theorems,TheoremQA_mingyin/series2.json,0.8715700507164001,0.020073354244232178,0.03306454420089722,0,1,CORRECT
inst-l,theoremqa_theorems,TheoremQA_maxku/ipnetwork13-hammingdist.json,0.846137285232544,0.012791454792022705,0.02293938398361206,0,0,CORRECT
inst-l,theoremqa_theorems,TheoremQA_mingyin/Lebesgue-measure1.json,0.8554044961929321,0.001863718032836914,0.012788534164428711,0,0,CORRECT
inst-l,theoremqa_theorems,TheoremQA_wenhuchen/ODE2.json,0.8384918570518494,0.01645815372467041,0.02051025629043579,0,0,INCORRECT
inst-l,theoremqa_theorems,TheoremQA_elainewan/math_algebra_5.json,0.8588614463806152,0.0053795576095581055,0.016618728637695312,0,0,CORRECT
inst-l,theoremqa_theorems,TheoremQA_xueguangma/taylors_approximation_theorem.json,0.8527594208717346,0.011057555675506592,0.018460571765899658,0,0,CORRECT
inst-l,theoremqa_theorems,TheoremQA_jianyu_xu/Ramsey_4.json,0.8310427069664001,0.007208526134490967,0.019313156604766846,0,0,CORRECT
inst-l,theoremqa_theorems,TheoremQA_wenhuchen/ODE3.json,0.8438278436660767,0.02475154399871826,0.033821821212768555,0,0,CORRECT
inst-l,theoremqa_theorems,TheoremQA_wenhuchen/t_test1.json,0.801594614982605,0.012523770332336426,0.025985240936279297,0,1,INCORRECT
inst-l,theoremqa_theorems,TheoremQA_jianyu_xu/Ramsey_2.json,0.846233606338501,0.03150022029876709,0.042249441146850586,0,0,INCORRECT
inst-l,theoremqa_theorems,TheoremQA_mingyin/cauchy-integral-theorem1.json,0.8860180377960205,0.007337212562561035,0.014030754566192627,0,0,INCORRECT
inst-l,theoremqa_theorems,TheoremQA_wenhuchen/viterbi2.json,0.8333659172058105,0.006508767604827881,0.027745962142944336,0,0,INCORRECT
inst-l,theoremqa_theorems,TheoremQA_elainewan/math_calculus_12.json,0.8507013320922852,0.010740518569946289,0.03180462121963501,0,0,CORRECT
inst-l,theoremqa_theorems,TheoremQA_jianyu_xu/Stirling_number_second_kind_3.json,0.823959231376648,0.008090496063232422,0.019872188568115234,0,0,CORRECT
inst-l,theoremqa_theorems,TheoremQA_xinyi/dag_2.json,0.861038327217102,0.019399523735046387,0.04099392890930176,0,0,CORRECT
inst-l,theoremqa_theorems,TheoremQA_elainewan/math_algebra_3_2.json,0.8463090658187866,0.011371135711669922,0.026727795600891113,0,0,CORRECT
inst-l,theoremqa_theorems,TheoremQA_wenhuchen/t_test2.json,0.8088119029998779,0.011233329772949219,0.022735238075256348,1,1,INCORRECT
inst-l,theoremqa_theorems,TheoremQA_elainewan/econ_micro_7.json,0.8556265830993652,0.018090903759002686,0.03492093086242676,0,1,CORRECT
inst-l,theoremqa_theorems,TheoremQA_jianyu_xu/Catalan_2.json,0.850151002407074,0.011094868183135986,0.03073960542678833,0,0,CORRECT
inst-l,theoremqa_theorems,TheoremQA_wenhuchen/Rolle's_theorem.json,0.8593839406967163,0.00965118408203125,0.021144509315490723,0,0,CORRECT
inst-l,theoremqa_theorems,TheoremQA_wenhuchen/cauchy_integral1.json,0.8512524366378784,0.015323996543884277,0.025668203830718994,0,0,CORRECT
inst-l,theoremqa_theorems,TheoremQA_xinyi/dag_3.json,0.8538321256637573,0.013990342617034912,0.039653658866882324,0,0,CORRECT
inst-l,theoremqa_theorems,TheoremQA_jianyu_xu/Multinomial_2.json,0.8179646730422974,0.00270843505859375,0.011420130729675293,0,0,CORRECT
inst-l,theoremqa_theorems,TheoremQA_jianyu_xu/Stirling_number_second_kind_5.json,0.8490102887153625,0.012228548526763916,0.024200022220611572,0,0,INCORRECT
inst-l,theoremqa_theorems,TheoremQA_jianyu_xu/Graph_2.json,0.8430862426757812,0.01641899347305298,0.030063986778259277,0,0,CORRECT
inst-l,theoremqa_theorems,TheoremQA_jianyu_xu/pigeonhole_4.json,0.8780438899993896,0.03618288040161133,0.08975589275360107,0,0,CORRECT
inst-l,theoremqa_theorems,TheoremQA_wenhuchen/kepler's_law1.json,0.8646250367164612,0.036798179149627686,0.06877642869949341,1,1,CORRECT
inst-l,theoremqa_theorems,TheoremQA_jianyu_xu/Multinomial_1.json,0.836065411567688,0.01108396053314209,0.02380692958831787,1,1,CORRECT
inst-l,theoremqa_theorems,TheoremQA_panlu/similarity3.json,0.8545473217964172,0.012268245220184326,0.020085573196411133,0,1,CORRECT
inst-l,theoremqa_theorems,TheoremQA_jianyu_xu/Cayley_3.json,0.8534064292907715,0.016632497310638428,0.02984488010406494,0,0,CORRECT
inst-l,theoremqa_theorems,TheoremQA_wenhuchen/trapezoidal_rule3.json,0.8484450578689575,0.008156895637512207,0.016695499420166016,1,1,INCORRECT
inst-l,theoremqa_theorems,TheoremQA_jianyu_xu/Multinomial_4.json,0.8555899858474731,0.023374438285827637,0.03200197219848633,0,0,CORRECT
inst-l,theoremqa_theorems,TheoremQA_jianyu_xu/Binomial_5.json,0.815713107585907,0.010242044925689697,0.020104169845581055,1,1,CORRECT
inst-l,theoremqa_theorems,TheoremQA_wenhuchen/t_test3.json,0.8039222955703735,0.010370731353759766,0.018664240837097168,0,1,INCORRECT
inst-l,theoremqa_theorems,TheoremQA_elainewan/math_calculus_3_8.json,0.8417354822158813,0.010622024536132812,0.03584831953048706,0,0,CORRECT
inst-l,theoremqa_theorems,TheoremQA_jianyu_xu/Binomial_4.json,0.811059832572937,0.002537369728088379,0.014323592185974121,0,1,CORRECT
inst-l,theoremqa_theorems,TheoremQA_jianyu_xu/Ramsey_3.json,0.8367680907249451,0.04091989994049072,0.05151665210723877,0,0,INCORRECT
inst-l,theoremqa_theorems,TheoremQA_jianyu_xu/pigeonhole_1.json,0.8775511980056763,0.06053811311721802,0.07977169752120972,0,0,CORRECT
inst-l,theoremqa_theorems,TheoremQA_wenhuchen/kepler's_law3.json,0.879786491394043,0.037145256996154785,0.06792151927947998,1,1,CORRECT
inst-l,theoremqa_theorems,TheoremQA_panlu/gravitational_force2.json,0.8403033018112183,0.010373234748840332,0.03970521688461304,0,1,CORRECT
inst-l,theoremqa_theorems,TheoremQA_jianyu_xu/Catalan_1.json,0.847568154335022,0.0025533437728881836,0.01484304666519165,0,0,INCORRECT
inst-l,theoremqa_theorems,TheoremQA_wenhuchen/jensen1.json,0.8414280414581299,0.005700469017028809,0.013573229312896729,0,0,CORRECT
inst-l,theoremqa_theorems,TheoremQA_jianyu_xu/Binomial_3.json,0.8265074491500854,0.005364179611206055,0.023003816604614258,0,0,CORRECT
inst-l,theoremqa_theorems,TheoremQA_jianyu_xu/Multinomial_3.json,0.8507297039031982,0.004868149757385254,0.01505422592163086,0,0,CORRECT
inst-l,theoremqa_theorems,TheoremQA_elainewan/math_calculus_2_7.json,0.8167543411254883,0.028447628021240234,0.04196822643280029,0,0,INCORRECT
inst-l,theoremqa_theorems,TheoremQA_wenhuchen/Liouville’s_theorem2.json,0.835788369178772,0.010158717632293701,0.02795708179473877,0,0,CORRECT
inst-l,theoremqa_theorems,TheoremQA_xueguangma/intermediate_value_theorem.json,0.8447743654251099,0.009058177471160889,0.020200014114379883,0,1,INCORRECT
inst-l,theoremqa_theorems,TheoremQA_mingyin/convexity1.json,0.8687398433685303,0.023897290229797363,0.03607165813446045,0,0,CORRECT
inst-l,theoremqa_theorems,TheoremQA_jianyu_xu/Binomial_6.json,0.8451101779937744,0.008476078510284424,0.027522563934326172,1,1,CORRECT
inst-l,theoremqa_theorems,TheoremQA_mingyin/Fundamental-Theorem-of-Calculus3.json,0.8742313981056213,0.004353046417236328,0.014320790767669678,0,0,INCORRECT
inst-l,theoremqa_theorems,TheoremQA_tonyxia/maxplanar1.json,0.8484625816345215,0.006042361259460449,0.03229731321334839,0,0,CORRECT
inst-l,theoremqa_theorems,TheoremQA_elainewan/math_algebra_4_3.json,0.8382999897003174,0.011287331581115723,0.027228593826293945,0,0,CORRECT
inst-l,theoremqa_theorems,TheoremQA_tonyxia/maxplanar3.json,0.8618261814117432,0.01815861463546753,0.03364729881286621,0,0,CORRECT
inst-l,theoremqa_theorems,TheoremQA_xinyi/dag_1.json,0.8335913419723511,0.015379190444946289,0.028160572052001953,0,0,CORRECT
inst-l,theoremqa_theorems,TheoremQA_elainewan/math_algebra_7_2.json,0.8381684422492981,0.011123716831207275,0.02591848373413086,0,0,CORRECT
inst-l,theoremqa_theorems,TheoremQA_jianyu_xu/Multinomial_6.json,0.8641704320907593,0.010293424129486084,0.03124934434890747,0,0,INCORRECT
inst-l,theoremqa_theorems,TheoremQA_jianyu_xu/Binomial_2.json,0.8447120189666748,0.005465984344482422,0.02767157554626465,0,0,CORRECT
inst-l,theoremqa_theorems,TheoremQA_jianyu_xu/Ramsey_6.json,0.859418511390686,0.01972174644470215,0.03220045566558838,0,1,CORRECT
inst-l,theoremqa_theorems,TheoremQA_wenhuchen/series_convergen2.json,0.8572679758071899,0.012711942195892334,0.0222398042678833,0,0,CORRECT
inst-l,theoremqa_theorems,TheoremQA_jianyu_xu/Ramsey_5.json,0.8247362971305847,0.007233917713165283,0.01741737127304077,0,0,INCORRECT
