retriever,task,query_id,max_score,gap_ctx,gap_25,retrieval_success_5,retrieval_success_25,judgment
reasonir,biology,8,0.5188533663749695,0.01987302303314209,0.07068991661071777,1,1,CORRECT
reasonir,biology,4,0.6060094237327576,0.05875861644744873,0.1303369402885437,0,1,CORRECT
reasonir,biology,0,0.4649088382720947,0.02821364998817444,0.06426393985748291,0,1,INCORRECT
reasonir,biology,1,0.6018384099006653,0.044261932373046875,0.13377630710601807,1,1,CORRECT
reasonir,biology,2,0.5128638744354248,0.025671839714050293,0.06308126449584961,0,1,INCORRECT
reasonir,biology,6,0.5449842810630798,0.019183456897735596,0.06833022832870483,0,1,INCORRECT
reasonir,biology,13,0.5463916063308716,0.018491268157958984,0.07747244834899902,1,1,INCORRECT
reasonir,biology,5,0.6738157272338867,0.09686923027038574,0.13276618719100952,1,1,CORRECT
reasonir,biology,11,0.5497586727142334,0.06415072083473206,0.12326526641845703,1,1,CORRECT
reasonir,biology,7,0.691220760345459,0.06975245475769043,0.2837868928909302,1,1,CORRECT
reasonir,biology,3,0.5669917464256287,0.07122805714607239,0.12739670276641846,1,1,CORRECT
reasonir,biology,10,0.5882596969604492,0.0802081823348999,0.13240951299667358,1,1,CORRECT
reasonir,biology,12,0.5677351951599121,0.019713103771209717,0.04123818874359131,0,0,CORRECT
reasonir,biology,9,0.5805443525314331,0.03637319803237915,0.08940255641937256,0,0,CORRECT
reasonir,biology,14,0.5895601511001587,0.05534118413925171,0.1262577772140503,1,1,CORRECT
reasonir,biology,15,0.5805224180221558,0.04179179668426514,0.07920753955841064,0,0,INCORRECT
reasonir,biology,20,0.6158185005187988,0.07740521430969238,0.11933505535125732,1,1,CORRECT
reasonir,biology,16,0.6010544300079346,0.09111893177032471,0.13614511489868164,0,0,INCORRECT
reasonir,biology,18,0.50450199842453,0.03670218586921692,0.08849477767944336,0,1,CORRECT
reasonir,biology,19,0.6572397947311401,0.0770687460899353,0.1505352258682251,1,1,CORRECT
reasonir,biology,22,0.5101348757743835,0.04597371816635132,0.08076152205467224,1,1,CORRECT
reasonir,biology,23,0.5578116178512573,0.04653376340866089,0.08531349897384644,0,0,CORRECT
reasonir,biology,17,0.562624454498291,0.02846229076385498,0.0726294219493866,1,1,CORRECT
reasonir,biology,21,0.5897316932678223,0.07671475410461426,0.17624807357788086,1,1,CORRECT
reasonir,biology,27,0.49409782886505127,0.03794059157371521,0.0793815553188324,1,1,CORRECT
reasonir,biology,25,0.5340699553489685,0.03590291738510132,0.08410263061523438,1,1,CORRECT
reasonir,biology,24,0.55544513463974,0.03730124235153198,0.06257325410842896,1,1,CORRECT
reasonir,biology,26,0.5312635898590088,0.034639447927474976,0.06991183757781982,1,1,CORRECT
reasonir,biology,30,0.582774817943573,0.054872870445251465,0.11385020613670349,1,1,CORRECT
reasonir,biology,28,0.6571336388587952,0.07510095834732056,0.14446759223937988,0,1,CORRECT
reasonir,biology,31,0.5629079937934875,0.01645052433013916,0.07387769222259521,0,1,CORRECT
reasonir,biology,29,0.6069786548614502,0.04751098155975342,0.1120789647102356,1,1,CORRECT
reasonir,biology,32,0.4738575220108032,0.014875829219818115,0.04166656732559204,0,1,INCORRECT
reasonir,biology,36,0.5536687970161438,0.006885886192321777,0.034139811992645264,0,0,INCORRECT
reasonir,biology,33,0.5331894159317017,0.01797705888748169,0.06902986764907837,0,1,CORRECT
reasonir,biology,45,0.5524094104766846,0.03090614080429077,0.09819036722183228,0,1,INCORRECT
reasonir,biology,37,0.4765145182609558,0.025016874074935913,0.06552982330322266,1,1,CORRECT
reasonir,biology,34,0.513968288898468,0.012394428253173828,0.042012810707092285,0,0,INCORRECT
reasonir,biology,44,0.5549516081809998,0.0302046537399292,0.06568032503128052,0,0,INCORRECT
reasonir,biology,43,0.5348855257034302,0.020563125610351562,0.05995950102806091,0,0,INCORRECT
reasonir,biology,39,0.6249378323554993,0.016667425632476807,0.04157310724258423,0,0,INCORRECT
reasonir,biology,38,0.5871443152427673,0.02099829912185669,0.06317335367202759,1,1,CORRECT
reasonir,biology,35,0.5326991081237793,0.01239621639251709,0.0649304986000061,1,1,CORRECT
reasonir,biology,42,0.5992586016654968,0.017581939697265625,0.04336148500442505,0,0,CORRECT
reasonir,biology,47,0.6448729634284973,0.06700998544692993,0.19398561120033264,0,1,CORRECT
reasonir,biology,41,0.5873627662658691,0.026292920112609863,0.06188642978668213,0,1,CORRECT
reasonir,biology,48,0.5236554741859436,0.02503436803817749,0.06290358304977417,1,1,CORRECT
reasonir,biology,40,0.6074929237365723,0.009782493114471436,0.03957468271255493,0,0,INCORRECT
reasonir,biology,46,0.6094079613685608,0.041606605052948,0.09389108419418335,0,0,INCORRECT
reasonir,biology,51,0.6062020063400269,0.04673546552658081,0.09769237041473389,0,0,CORRECT
reasonir,biology,49,0.555939793586731,0.009784102439880371,0.04557746648788452,0,0,INCORRECT
reasonir,biology,50,0.6252844929695129,0.01828533411026001,0.05638855695724487,0,0,CORRECT
reasonir,biology,54,0.4997178912162781,0.018664896488189697,0.07538712024688721,0,1,CORRECT
reasonir,biology,60,0.6240844130516052,0.08725881576538086,0.13547652959823608,0,0,INCORRECT
reasonir,biology,64,0.5746171474456787,0.05950605869293213,0.11509335041046143,0,1,CORRECT
reasonir,biology,52,0.6527889966964722,0.11918330192565918,0.16289007663726807,1,1,CORRECT
reasonir,biology,53,0.5005398988723755,0.02984347939491272,0.05436289310455322,0,0,CORRECT
reasonir,biology,62,0.6259140968322754,0.05874150991439819,0.10632199048995972,1,1,CORRECT
reasonir,biology,55,0.5332369804382324,0.04378479719161987,0.09087115526199341,0,1,CORRECT
reasonir,biology,58,0.6050900816917419,0.05009138584136963,0.1090191900730133,1,1,CORRECT
reasonir,biology,61,0.5781790018081665,0.051071345806121826,0.12287032604217529,1,1,CORRECT
reasonir,biology,56,0.657879650592804,0.03568202257156372,0.09906482696533203,0,0,CORRECT
reasonir,biology,59,0.5924844741821289,0.023839831352233887,0.08308887481689453,1,1,CORRECT
reasonir,biology,67,0.5436238050460815,0.05835002660751343,0.08959203958511353,0,0,INCORRECT
reasonir,biology,63,0.5494000315666199,0.04146391153335571,0.10332241654396057,0,0,CORRECT
reasonir,biology,57,0.61934494972229,0.028588533401489258,0.10502278804779053,1,1,CORRECT
reasonir,biology,65,0.543449342250824,0.005849480628967285,0.09085267782211304,0,1,CORRECT
reasonir,biology,74,0.5533463358879089,0.06614726781845093,0.10423591732978821,1,1,CORRECT
reasonir,biology,77,0.5725235939025879,0.0516587495803833,0.07459533214569092,0,0,CORRECT
reasonir,biology,69,0.6612542867660522,0.03706467151641846,0.11754041910171509,0,0,CORRECT
reasonir,biology,66,0.5719786882400513,0.051260292530059814,0.10362663865089417,1,1,CORRECT
reasonir,biology,75,0.566384494304657,0.0958886444568634,0.1290302872657776,0,1,INCORRECT
reasonir,biology,68,0.5654664039611816,0.022476017475128174,0.0454670786857605,0,0,INCORRECT
reasonir,biology,76,0.49246546626091003,0.028831928968429565,0.05229708552360535,0,0,INCORRECT
reasonir,biology,70,0.5296331644058228,0.04464802145957947,0.06919479370117188,1,1,CORRECT
reasonir,biology,83,0.5555115342140198,0.018732786178588867,0.06921261548995972,0,0,INCORRECT
reasonir,biology,71,0.602628231048584,0.033231496810913086,0.07268655300140381,0,0,INCORRECT
reasonir,biology,79,0.5362794399261475,0.02274036407470703,0.037958353757858276,0,0,CORRECT
reasonir,biology,72,0.5929181575775146,0.07431507110595703,0.13657397031784058,1,1,CORRECT
reasonir,biology,81,0.5411627292633057,0.007011473178863525,0.045841336250305176,0,0,INCORRECT
reasonir,biology,73,0.5481552481651306,0.0772550106048584,0.11362349987030029,0,0,INCORRECT
reasonir,biology,82,0.509921133518219,0.056669414043426514,0.09362390637397766,0,0,CORRECT
reasonir,biology,80,0.5789520740509033,0.07140874862670898,0.1098724901676178,0,0,INCORRECT
reasonir,biology,78,0.629546582698822,0.04994380474090576,0.10391950607299805,1,1,CORRECT
reasonir,biology,85,0.6007161736488342,0.05909162759780884,0.10244601964950562,1,1,CORRECT
reasonir,biology,92,0.5397356152534485,0.031252920627593994,0.07287871837615967,0,1,CORRECT
reasonir,biology,84,0.6776049137115479,0.09786152839660645,0.14762330055236816,1,1,INCORRECT
reasonir,biology,93,0.594645082950592,0.05576604604721069,0.10435622930526733,0,1,INCORRECT
reasonir,biology,88,0.6199402809143066,0.053540587425231934,0.10276448726654053,0,1,CORRECT
reasonir,biology,87,0.4929995536804199,0.019503682851791382,0.07279998064041138,1,1,INCORRECT
reasonir,biology,86,0.5187790393829346,0.024891257286071777,0.06555485725402832,1,1,CORRECT
reasonir,biology,90,0.5625583529472351,0.06185692548751831,0.10908180475234985,0,0,INCORRECT
reasonir,biology,98,0.5488909482955933,0.03191155195236206,0.07609239220619202,0,0,CORRECT
reasonir,biology,89,0.5723174810409546,0.025950193405151367,0.05758410692214966,1,1,CORRECT
reasonir,biology,91,0.607315182685852,0.03583449125289917,0.11439201235771179,0,0,CORRECT
reasonir,biology,94,0.6161186695098877,0.09418326616287231,0.1466137170791626,1,1,CORRECT
reasonir,biology,96,0.6020408868789673,0.019046664237976074,0.06021302938461304,1,1,CORRECT
reasonir,biology,99,0.6222445368766785,0.12641888856887817,0.18529143929481506,1,1,CORRECT
reasonir,biology,97,0.6361344456672668,0.09973019361495972,0.16441762447357178,1,1,CORRECT
reasonir,biology,100,0.5533572435379028,0.051474153995513916,0.08577868342399597,1,1,CORRECT
reasonir,biology,95,0.6779390573501587,0.12288939952850342,0.17144834995269775,0,1,INCORRECT
reasonir,biology,101,0.5812390446662903,0.02574259042739868,0.059913814067840576,0,0,CORRECT
reasonir,aops,aops_2019_AMC_12A_Problems/Problem_17,0.6680647730827332,0.023137390613555908,0.05225217342376709,1,1,CORRECT
reasonir,biology,102,0.6526670455932617,0.06052297353744507,0.14591538906097412,0,0,CORRECT
reasonir,aops,math_train_intermediate_algebra_513,0.665344774723053,0.03724032640457153,0.07124251127243042,1,1,INCORRECT
reasonir,aops,aops_2015_AMC_10B_Problems/Problem_15,0.5633425116539001,0.01640254259109497,0.028580427169799805,0,0,CORRECT
reasonir,aops,math_test_intermediate_algebra_1179,0.6884198188781738,0.03767639398574829,0.059028029441833496,0,1,INCORRECT
reasonir,aops,math_train_number_theory_7095,0.5462528467178345,0.016807079315185547,0.04831695556640625,0,0,INCORRECT
reasonir,aops,math_train_number_theory_839,0.6154564619064331,0.02173292636871338,0.04079437255859375,0,0,INCORRECT
reasonir,aops,aops_2008_AMC_12B_Problems/Problem_16,0.6024723649024963,0.02016240358352661,0.043469369411468506,0,0,INCORRECT
reasonir,aops,aops_2000_AIME_I_Problems/Problem_9,0.6863824725151062,0.01044994592666626,0.05104947090148926,0,0,INCORRECT
reasonir,aops,math_train_number_theory_7012,0.6555863618850708,0.01994013786315918,0.04261147975921631,0,0,INCORRECT
reasonir,aops,aops_2008_AMC_12A_Problems/Problem_15,0.6704229712486267,0.05119043588638306,0.07549798488616943,0,0,INCORRECT
reasonir,aops,math_train_number_theory_7030,0.6813629865646362,0.12303298711776733,0.1806873083114624,0,0,INCORRECT
reasonir,aops,aops_2021_AIME_I_Problems/Problem_14,0.6326346397399902,0.04548710584640503,0.07918953895568848,1,1,INCORRECT
reasonir,aops,math_train_number_theory_7016,0.5275990962982178,0.015099883079528809,0.03464055061340332,0,0,INCORRECT
reasonir,aops,math_train_counting_and_probability_5024,0.5591908097267151,0.05385112762451172,0.07863616943359375,0,0,INCORRECT
reasonir,aops,aops_2005_IMO_Problems/Problem_4,0.633460521697998,0.04833543300628662,0.079689621925354,0,1,INCORRECT
reasonir,aops,aops_2024_AIME_I_Problems/Problem_13,0.6252161860466003,0.040627241134643555,0.06881123781204224,1,1,INCORRECT
reasonir,aops,aops_2017_AMC_10B_Problems/Problem_14,0.6175225377082825,0.014056742191314697,0.03161311149597168,0,0,INCORRECT
reasonir,aops,aops_2005_USAMO_Problems/Problem_2,0.6272284388542175,0.016065359115600586,0.05461174249649048,0,0,INCORRECT
reasonir,aops,math_train_counting_and_probability_5035,0.5355514287948608,0.012190103530883789,0.027095675468444824,1,1,INCORRECT
reasonir,aops,aops_2004_AIME_I_Problems/Problem_10,0.5978120565414429,0.018831372261047363,0.04905933141708374,1,1,INCORRECT
reasonir,aops,math_train_geometry_6018,0.6244264245033264,0.04103654623031616,0.07413560152053833,0,0,INCORRECT
reasonir,aops,aops_2023_AIME_I_Problems/Problem_5,0.6386706829071045,0.04170119762420654,0.06790542602539062,0,0,INCORRECT
reasonir,aops,math_train_geometry_6173,0.6362848877906799,0.028057515621185303,0.06592148542404175,0,1,INCORRECT
reasonir,aops,math_test_geometry_454,0.7194366455078125,0.02382296323776245,0.0590357780456543,0,0,INCORRECT
reasonir,aops,math_train_counting_and_probability_5011,0.6454442739486694,0.04308682680130005,0.06459689140319824,0,0,INCORRECT
reasonir,aops,aops_2001_AMC_10_Problems/Problem_19,0.6002693176269531,0.03912830352783203,0.06982046365737915,1,1,CORRECT
reasonir,aops,aops_2007_AIME_I_Problems/Problem_10,0.6091997027397156,0.018070757389068604,0.030314147472381592,0,0,INCORRECT
reasonir,aops,math_test_counting_and_probability_1009,0.6102902889251709,0.04968106746673584,0.07482481002807617,1,1,CORRECT
reasonir,aops,math_train_counting_and_probability_5131,0.6201263666152954,0.022398829460144043,0.035289108753204346,0,0,CORRECT
reasonir,aops,aops_2018_AMC_8_Problems/Problem_23,0.7357773780822754,0.0481867790222168,0.07811534404754639,0,0,INCORRECT
reasonir,aops,aops_2019_AMC_8_Problems/Problem_25,0.583083987236023,0.008598089218139648,0.030332982540130615,0,1,INCORRECT
reasonir,aops,math_train_number_theory_7003,0.5852709412574768,0.005157828330993652,0.03624004125595093,0,1,CORRECT
reasonir,aops,aops_2020_AMC_10A_Problems/Problem_24,0.6320919990539551,0.021741151809692383,0.04471230506896973,0,1,INCORRECT
reasonir,aops,aops_2020_AMC_10B_Problems/Problem_25,0.671026349067688,0.022356867790222168,0.04146993160247803,0,0,INCORRECT
reasonir,aops,aops_2018_AMC_10A_Problems/Problem_11,0.6482167840003967,0.008159756660461426,0.03282219171524048,0,0,INCORRECT
reasonir,aops,aops_1959_IMO_Problems/Problem_1,0.5543727874755859,0.006491363048553467,0.0313602089881897,0,0,INCORRECT
reasonir,aops,aops_2021_AIME_I_Problems/Problem_10,0.6520622968673706,0.034961163997650146,0.06325674057006836,0,0,INCORRECT
reasonir,aops,aops_1987_IMO_Problems/Problem_1,0.5933587551116943,0.03034496307373047,0.058281540870666504,0,0,INCORRECT
reasonir,aops,aops_2007_iTest_Problems/Problem_6,0.6924726366996765,0.09612411260604858,0.1191362738609314,0,0,INCORRECT
reasonir,aops,math_test_counting_and_probability_838,0.7052981853485107,0.06810075044631958,0.10878801345825195,0,1,INCORRECT
reasonir,aops,aops_2021_AIME_II_Problems/Problem_9,0.601650059223175,0.0038064122200012207,0.03565329313278198,0,1,INCORRECT
reasonir,aops,math_train_number_theory_7066,0.6018027663230896,0.015916049480438232,0.04597592353820801,0,0,INCORRECT
reasonir,aops,aops_2000_AMC_12_Problems/Problem_4,0.6138042211532593,0.05767172574996948,0.08837169408798218,0,0,INCORRECT
reasonir,aops,aops_1990_AIME_Problems/Problem_9,0.6915258169174194,0.0871577262878418,0.12724047899246216,0,0,INCORRECT
reasonir,aops,math_train_intermediate_algebra_659,0.572374165058136,0.012870609760284424,0.046071648597717285,0,0,INCORRECT
reasonir,aops,aops_2020_AMC_8_Problems/Problem_12,0.6611176133155823,0.05385309457778931,0.08854424953460693,0,1,CORRECT
reasonir,aops,aops_1981_IMO_Problems/Problem_3,0.6574561595916748,0.043754756450653076,0.06288701295852661,0,0,INCORRECT
reasonir,aops,math_train_intermediate_algebra_477,0.7230828404426575,0.06318134069442749,0.08528858423233032,0,0,INCORRECT
reasonir,aops,math_train_counting_and_probability_5047,0.607996940612793,0.012123584747314453,0.04143470525741577,0,0,INCORRECT
reasonir,aops,aops_2017_AMC_10B_Problems/Problem_13,0.6448678970336914,0.03425395488739014,0.065940260887146,0,1,INCORRECT
reasonir,aops,aops_2005_AMC_12A_Problems/Problem_18,0.6754819750785828,0.069377601146698,0.1035773754119873,0,0,INCORRECT
reasonir,aops,aops_2011_AMC_8_Problems/Problem_6,0.6265665292739868,0.009206891059875488,0.08337485790252686,0,0,CORRECT
reasonir,aops,aops_2020_AIME_II_Problems/Problem_9,0.5818873047828674,0.007222354412078857,0.03301328420639038,0,0,INCORRECT
reasonir,aops,math_test_counting_and_probability_430,0.6242333650588989,0.0038084983825683594,0.021372437477111816,0,0,INCORRECT
reasonir,aops,math_train_counting_and_probability_5045,0.5973949432373047,0.014944255352020264,0.08820962905883789,0,0,CORRECT
reasonir,aops,math_test_prealgebra_1987,0.6490997076034546,0.008134603500366211,0.04078960418701172,1,1,INCORRECT
reasonir,aops,math_train_counting_and_probability_5048,0.6067860722541809,0.02798616886138916,0.048307955265045166,0,0,INCORRECT
reasonir,aops,aops_2017_AIME_II_Problems/Problem_1,0.7304435968399048,0.06176126003265381,0.10031783580780029,0,0,INCORRECT
reasonir,aops,math_test_counting_and_probability_1003,0.6294825077056885,0.01556098461151123,0.032389938831329346,0,0,INCORRECT
reasonir,aops,aops_2007_AIME_II_Problems/Problem_10,0.6615527272224426,0.03432726860046387,0.06246042251586914,0,0,INCORRECT
reasonir,aops,math_train_geometry_317,0.7604413628578186,0.024737894535064697,0.05021935701370239,0,1,INCORRECT
reasonir,aops,math_train_geometry_6060,0.6404936909675598,0.02147805690765381,0.04713195562362671,0,1,INCORRECT
reasonir,aops,aops_1988_AIME_Problems/Problem_12,0.6037535071372986,0.017700016498565674,0.04747802019119263,1,1,INCORRECT
reasonir,aops,aops_1971_AHSME_Problems/Problem_26,0.7843391299247742,0.04650378227233887,0.08185571432113647,1,1,INCORRECT
reasonir,aops,aops_1985_AIME_Problems/Problem_6,0.615795373916626,0.014198243618011475,0.04254418611526489,0,0,INCORRECT
reasonir,aops,math_train_geometry_6022,0.6439517736434937,0.01411348581314087,0.0514066219329834,1,1,INCORRECT
reasonir,aops,math_train_geometry_6116,0.7533297538757324,0.03589427471160889,0.06483954191207886,0,1,INCORRECT
reasonir,aops,aops_2016_AMC_10A_Problems/Problem_19,0.6528028845787048,0.03511548042297363,0.07827818393707275,1,1,INCORRECT
reasonir,aops,math_train_intermediate_algebra_2060,0.6437634825706482,0.0320054292678833,0.06857401132583618,0,0,INCORRECT
reasonir,aops,math_train_algebra_2521,0.6633999347686768,0.041056156158447266,0.09563052654266357,0,0,INCORRECT
reasonir,aops,math_train_geometry_6115,0.6425409317016602,0.02900707721710205,0.059658169746398926,0,1,INCORRECT
reasonir,aops,math_test_algebra_1208,0.6234886050224304,0.05194437503814697,0.09525567293167114,1,1,INCORRECT
reasonir,aops,math_test_intermediate_algebra_951,0.5996599793434143,0.017636597156524658,0.034148991107940674,0,0,INCORRECT
reasonir,aops,math_train_intermediate_algebra_1822,0.6623164415359497,0.07187628746032715,0.08709239959716797,1,1,INCORRECT
reasonir,aops,aops_2021_Fall_AMC_12A_Problems/Problem_12,0.6067290306091309,0.021503567695617676,0.05952441692352295,0,0,INCORRECT
reasonir,aops,math_train_number_theory_7078,0.5855875015258789,0.03418004512786865,0.04785841703414917,0,0,INCORRECT
reasonir,aops,aops_2009_AMC_12A_Problems/Problem_17,0.6715306639671326,0.047155559062957764,0.10125285387039185,1,1,INCORRECT
reasonir,aops,math_test_intermediate_algebra_1812,0.6559478044509888,0.03056579828262329,0.0661168098449707,0,0,INCORRECT
reasonir,aops,aops_2008_AMC_12A_Problems/Problem_16,0.6117958426475525,0.004256248474121094,0.038157522678375244,0,1,CORRECT
reasonir,aops,aops_2021_AMC_12B_Problems/Problem_9,0.6370121240615845,0.045852601528167725,0.08528327941894531,1,1,INCORRECT
reasonir,aops,math_train_counting_and_probability_5111,0.5932721495628357,0.02443903684616089,0.055860936641693115,1,1,INCORRECT
reasonir,aops,aops_2002_AIME_I_Problems/Problem_6,0.7548809051513672,0.13266205787658691,0.17739838361740112,0,1,INCORRECT
reasonir,aops,math_train_intermediate_algebra_1268,0.6572852730751038,0.05959343910217285,0.10619544982910156,1,1,CORRECT
reasonir,aops,math_train_counting_and_probability_822,0.6916075348854065,0.05857604742050171,0.10322815179824829,0,1,INCORRECT
reasonir,aops,math_train_counting_and_probability_5064,0.582198977470398,0.03450292348861694,0.056785643100738525,0,0,INCORRECT
reasonir,aops,aops_1994_AIME_Problems/Problem_9,0.6187818050384521,0.054991960525512695,0.08034074306488037,0,0,INCORRECT
reasonir,aops,math_train_algebra_2826,0.6975026726722717,0.08188623189926147,0.10669249296188354,0,1,CORRECT
reasonir,aops,aops_2022_AMC_10B_Problems/Problem_9,0.6545069813728333,0.03867584466934204,0.06818222999572754,0,0,INCORRECT
reasonir,aops,aops_2000_AMC_12_Problems/Problem_14,0.7015963792800903,0.0364956259727478,0.08631658554077148,1,1,INCORRECT
reasonir,aops,math_train_geometry_747,0.7052729725837708,0.06070071458816528,0.09760576486587524,1,1,INCORRECT
reasonir,aops,aops_2015_AMC_12A_Problems/Problem_22,0.6412224173545837,0.035786449909210205,0.06174039840698242,0,0,INCORRECT
reasonir,aops,aops_2019_AMC_10A_Problems/Problem_12,0.6566457748413086,0.07333338260650635,0.12084192037582397,1,1,INCORRECT
reasonir,aops,aops_2023_AIME_II_Problems/Problem_9,0.6213675141334534,0.05376690626144409,0.08625805377960205,1,1,INCORRECT
reasonir,aops,aops_2016_AMC_10A_Problems/Problem_7,0.7336100935935974,0.1126212477684021,0.1340186595916748,1,1,INCORRECT
reasonir,aops,aops_2016_AIME_II_Problems/Problem_10,0.6530247926712036,0.03407430648803711,0.07924813032150269,1,1,INCORRECT
reasonir,aops,aops_2016_AIME_I_Problems/Problem_15,0.7003641724586487,0.07150614261627197,0.1127811074256897,1,1,INCORRECT
reasonir,aops,aops_2020_AIME_I_Problems/Problem_15,0.6209112405776978,0.017668604850769043,0.052495718002319336,1,1,INCORRECT
reasonir,aops,aops_1971_Canadian_MO_Problems/Problem_1,0.6408596038818359,0.047066569328308105,0.07506334781646729,0,1,INCORRECT
reasonir,aops,aops_2024_AIME_I_Problems/Problem_10,0.6421653628349304,0.034564197063446045,0.07742011547088623,1,1,INCORRECT
reasonir,aops,aops_2022_AIME_I_Problems/Problem_11,0.765656590461731,0.03866952657699585,0.06696224212646484,0,1,INCORRECT
reasonir,aops,aops_1998_AIME_Problems/Problem_2,0.6528192758560181,0.03996872901916504,0.06709736585617065,0,0,INCORRECT
reasonir,aops,math_train_geometry_6092,0.5913731455802917,0.013885080814361572,0.038071393966674805,0,1,INCORRECT
reasonir,aops,math_train_geometry_6105,0.5547761917114258,0.024889349937438965,0.04723536968231201,0,1,INCORRECT
reasonir,aops,aops_2002_AIME_I_Problems/Problem_10,0.6810726523399353,0.015564143657684326,0.04970681667327881,0,1,INCORRECT
reasonir,aops,aops_2015_AIME_I_Problems/Problem_4,0.6523128747940063,0.013524413108825684,0.04744642972946167,1,1,INCORRECT
reasonir,aops,aops_2013_AMC_12A_Problems/Problem_13,0.7077536582946777,0.05849480628967285,0.08589714765548706,0,0,INCORRECT
reasonir,aops,math_train_geometry_6112,0.5935391187667847,0.059020936489105225,0.08216357231140137,0,1,INCORRECT
reasonir,aops,aops_2019_AIME_I_Problems/Problem_3,0.6892358064651489,0.03938460350036621,0.06353986263275146,1,1,INCORRECT
reasonir,aops,math_train_geometry_6051,0.6290384531021118,0.028484106063842773,0.058562517166137695,1,1,INCORRECT
reasonir,aops,math_train_geometry_6078,0.6995524168014526,0.04163694381713867,0.06851446628570557,1,1,INCORRECT
reasonir,earth_science,1,0.5912260413169861,0.03159201145172119,0.05931216478347778,0,0,CORRECT
reasonir,earth_science,0,0.5920988917350769,0.06012856960296631,0.10259878635406494,0,0,CORRECT
reasonir,earth_science,3,0.6158266663551331,0.020257949829101562,0.08598834276199341,1,1,CORRECT
reasonir,aops,aops_2017_AIME_II_Problems/Problem_3,0.6593655347824097,0.011955618858337402,0.05507403612136841,0,0,INCORRECT
reasonir,earth_science,2,0.5995254516601562,0.05357646942138672,0.13068261742591858,1,1,INCORRECT
reasonir,earth_science,4,0.6432615518569946,0.046080589294433594,0.11047065258026123,1,1,CORRECT
reasonir,earth_science,7,0.6239357590675354,0.023893237113952637,0.07398933172225952,0,0,CORRECT
reasonir,earth_science,13,0.6518038511276245,0.044181108474731445,0.13827455043792725,1,1,CORRECT
reasonir,earth_science,17,0.6314181089401245,0.036856889724731445,0.085288405418396,0,0,INCORRECT
reasonir,earth_science,11,0.6104668378829956,0.06259429454803467,0.11374321579933167,0,0,CORRECT
reasonir,earth_science,5,0.5910705327987671,0.052567362785339355,0.11783671379089355,0,0,INCORRECT
reasonir,earth_science,8,0.6993787884712219,0.10425388813018799,0.24509340524673462,1,1,CORRECT
reasonir,earth_science,6,0.6883504390716553,0.08011209964752197,0.14791327714920044,0,1,CORRECT
reasonir,earth_science,9,0.6422443985939026,0.02588021755218506,0.06884634494781494,1,1,CORRECT
reasonir,earth_science,14,0.5241144299507141,0.033677101135253906,0.06318399310112,0,1,INCORRECT
reasonir,earth_science,12,0.6099938154220581,0.03834480047225952,0.08109712600708008,0,0,INCORRECT
reasonir,earth_science,21,0.4767250716686249,0.025065898895263672,0.047485917806625366,0,1,INCORRECT
reasonir,earth_science,10,0.4934101104736328,0.016203999519348145,0.05395582318305969,0,1,CORRECT
reasonir,earth_science,16,0.5479068160057068,0.050364524126052856,0.12220650911331177,0,0,INCORRECT
reasonir,earth_science,19,0.6347728371620178,0.031189143657684326,0.07507693767547607,1,1,CORRECT
reasonir,earth_science,15,0.5763746500015259,0.06354725360870361,0.11057654023170471,0,1,CORRECT
reasonir,earth_science,25,0.5413534045219421,0.034428298473358154,0.08376306295394897,1,1,CORRECT
reasonir,earth_science,20,0.5876907706260681,0.03011244535446167,0.0738629698753357,1,1,CORRECT
reasonir,earth_science,18,0.6258009672164917,0.05912303924560547,0.1015971302986145,1,1,CORRECT
reasonir,earth_science,32,0.5016019940376282,0.04518997669219971,0.07713410258293152,0,1,CORRECT
reasonir,earth_science,22,0.6280373334884644,0.033593595027923584,0.079628586769104,0,0,CORRECT
reasonir,earth_science,26,0.5856331586837769,0.06071126461029053,0.09970253705978394,1,1,CORRECT
reasonir,earth_science,30,0.5826565027236938,0.03357166051864624,0.0720338225364685,0,0,INCORRECT
reasonir,earth_science,23,0.4849645495414734,0.03313896059989929,0.09166637063026428,0,1,INCORRECT
reasonir,earth_science,29,0.5136432647705078,0.017081230878829956,0.05022817850112915,0,0,CORRECT
reasonir,earth_science,24,0.6082183122634888,0.04115778207778931,0.11551514267921448,1,1,CORRECT
reasonir,earth_science,27,0.5064379572868347,0.017866700887680054,0.0683596134185791,0,1,INCORRECT
reasonir,earth_science,28,0.579617977142334,0.045318663120269775,0.07948648929595947,1,1,CORRECT
reasonir,earth_science,31,0.5458459258079529,0.04054093360900879,0.08684509992599487,1,1,CORRECT
reasonir,earth_science,40,0.5493489503860474,0.06840083003044128,0.11940878629684448,0,0,INCORRECT
reasonir,earth_science,33,0.5612181425094604,0.01844608783721924,0.06073272228240967,0,0,CORRECT
reasonir,earth_science,39,0.6304861307144165,0.022399723529815674,0.11587756872177124,0,1,INCORRECT
reasonir,earth_science,38,0.4928436279296875,0.08963823318481445,0.12118494510650635,1,1,CORRECT
reasonir,earth_science,36,0.6234525442123413,0.040948569774627686,0.10636889934539795,1,1,CORRECT
reasonir,earth_science,45,0.49381497502326965,0.01250496506690979,0.04911336302757263,0,1,INCORRECT
reasonir,earth_science,34,0.5464347004890442,0.04666656255722046,0.07850787043571472,0,0,INCORRECT
reasonir,earth_science,35,0.5054193735122681,0.01961556077003479,0.06206035614013672,0,1,INCORRECT
reasonir,earth_science,37,0.6345857977867126,0.08337223529815674,0.1427648961544037,1,1,INCORRECT
reasonir,earth_science,41,0.6249250173568726,0.1045188307762146,0.1634509563446045,1,1,CORRECT
reasonir,earth_science,42,0.46558961272239685,0.03217718005180359,0.06395986676216125,0,0,CORRECT
reasonir,earth_science,44,0.6095976233482361,0.06302827596664429,0.09027773141860962,0,0,CORRECT
reasonir,earth_science,43,0.5329422950744629,0.03623366355895996,0.08374485373497009,1,1,INCORRECT
reasonir,earth_science,50,0.5462579727172852,0.035673558712005615,0.06698516011238098,1,1,INCORRECT
reasonir,earth_science,54,0.5262879729270935,0.03850772976875305,0.07997184991836548,0,1,CORRECT
reasonir,earth_science,46,0.6172490119934082,0.035543978214263916,0.15558969974517822,0,1,CORRECT
reasonir,earth_science,47,0.5942872762680054,0.029323101043701172,0.06759119033813477,0,0,CORRECT
reasonir,earth_science,48,0.5461182594299316,0.03276932239532471,0.0691213607788086,0,1,CORRECT
reasonir,earth_science,53,0.6577127575874329,0.07789093255996704,0.11111170053482056,1,1,CORRECT
reasonir,earth_science,49,0.5484253168106079,0.023778438568115234,0.07611560821533203,1,1,CORRECT
reasonir,earth_science,52,0.4971911311149597,0.034087419509887695,0.07240593433380127,0,1,CORRECT
reasonir,earth_science,57,0.5876300930976868,0.05401402711868286,0.1083102822303772,1,1,CORRECT
reasonir,earth_science,51,0.6679474711418152,0.06541484594345093,0.13537204265594482,1,1,CORRECT
reasonir,earth_science,55,0.5364947319030762,0.05782955884933472,0.08071079850196838,0,1,INCORRECT
reasonir,earth_science,60,0.5496103763580322,0.05140164494514465,0.09648776054382324,0,1,INCORRECT
reasonir,earth_science,58,0.5834989547729492,0.04346203804016113,0.16392090916633606,0,0,INCORRECT
reasonir,earth_science,56,0.6348463892936707,0.09278154373168945,0.14127212762832642,1,1,CORRECT
reasonir,earth_science,59,0.5616888403892517,0.014346480369567871,0.04299628734588623,0,1,CORRECT
reasonir,earth_science,64,0.5596091747283936,0.05670440196990967,0.11126494407653809,0,0,CORRECT
reasonir,earth_science,63,0.5520226955413818,0.022107839584350586,0.0791776180267334,0,0,CORRECT
reasonir,earth_science,71,0.600488543510437,0.1210518479347229,0.20174920558929443,1,1,CORRECT
reasonir,earth_science,66,0.482369601726532,0.01991906762123108,0.05420118570327759,0,1,INCORRECT
reasonir,earth_science,67,0.5292930006980896,0.043504536151885986,0.10322216153144836,1,1,CORRECT
reasonir,earth_science,65,0.65975022315979,0.14642179012298584,0.17560750246047974,1,1,CORRECT
reasonir,earth_science,62,0.5459302067756653,0.034307777881622314,0.08224666118621826,1,1,CORRECT
reasonir,earth_science,61,0.6778169274330139,0.05254274606704712,0.09436821937561035,0,0,INCORRECT
reasonir,earth_science,72,0.5493540167808533,0.04960143566131592,0.15660923719406128,1,1,CORRECT
reasonir,earth_science,69,0.5748109817504883,0.10721367597579956,0.15998390316963196,1,1,CORRECT
reasonir,earth_science,68,0.500558078289032,0.00776633620262146,0.05163389444351196,0,1,CORRECT
reasonir,earth_science,70,0.5418017506599426,0.050225019454956055,0.09718376398086548,1,1,INCORRECT
reasonir,earth_science,76,0.5680739879608154,0.0781886875629425,0.11509177088737488,0,1,CORRECT
reasonir,earth_science,77,0.5294851064682007,0.009237706661224365,0.03671342134475708,0,0,CORRECT
reasonir,earth_science,73,0.5684510469436646,0.012566089630126953,0.04865461587905884,1,1,CORRECT
reasonir,earth_science,74,0.6175209283828735,0.12730783224105835,0.186213880777359,1,1,CORRECT
reasonir,earth_science,75,0.6084426045417786,0.10851076245307922,0.16057071089744568,1,1,CORRECT
reasonir,earth_science,78,0.5044741630554199,0.02837511897087097,0.052924275398254395,0,1,CORRECT
reasonir,earth_science,79,0.611993670463562,0.04250603914260864,0.09276413917541504,0,0,INCORRECT
reasonir,earth_science,80,0.6471590399742126,0.1236046552658081,0.18198716640472412,1,1,CORRECT
reasonir,earth_science,81,0.6550942063331604,0.059327006340026855,0.08798664808273315,1,1,CORRECT
reasonir,earth_science,82,0.6741223335266113,0.027207672595977783,0.0988965630531311,1,1,CORRECT
reasonir,earth_science,84,0.5175811052322388,0.06469246745109558,0.09960132837295532,0,0,CORRECT
reasonir,earth_science,83,0.6188982725143433,0.04436063766479492,0.17953962087631226,1,1,CORRECT
reasonir,earth_science,87,0.6393799781799316,0.09438502788543701,0.14725041389465332,1,1,CORRECT
reasonir,earth_science,85,0.5046595335006714,0.02352142333984375,0.09009984135627747,1,1,CORRECT
reasonir,earth_science,96,0.5802367925643921,0.040786921977996826,0.1042727530002594,1,1,CORRECT
reasonir,earth_science,86,0.5349549651145935,0.05545312166213989,0.14556771516799927,1,1,CORRECT
reasonir,earth_science,92,0.4987860321998596,0.035462409257888794,0.0811111330986023,0,0,INCORRECT
reasonir,earth_science,88,0.5135380029678345,0.06475576758384705,0.11071088910102844,1,1,CORRECT
reasonir,earth_science,102,0.4782741665840149,0.03130805492401123,0.05916127562522888,0,0,CORRECT
reasonir,earth_science,90,0.4912576377391815,0.024256616830825806,0.041021108627319336,1,1,CORRECT
reasonir,earth_science,95,0.6084383726119995,0.05038177967071533,0.0920870304107666,0,1,CORRECT
reasonir,earth_science,101,0.7228012084960938,0.22679898142814636,0.3147212862968445,1,1,CORRECT
reasonir,earth_science,89,0.4996228814125061,0.011093705892562866,0.06331974267959595,0,0,INCORRECT
reasonir,earth_science,91,0.4923134744167328,0.018651962280273438,0.06207796931266785,1,1,CORRECT
reasonir,earth_science,100,0.50175940990448,0.048283159732818604,0.10999152064323425,0,0,INCORRECT
reasonir,earth_science,93,0.5905741453170776,0.03457599878311157,0.08568811416625977,1,1,CORRECT
reasonir,earth_science,94,0.47937479615211487,0.019171327352523804,0.045891374349594116,0,0,INCORRECT
reasonir,earth_science,99,0.6260197162628174,0.07662951946258545,0.16728869080543518,0,0,CORRECT
reasonir,earth_science,97,0.5324047803878784,0.07847613096237183,0.12277108430862427,1,1,CORRECT
reasonir,earth_science,98,0.5955612659454346,0.04845309257507324,0.11599642038345337,1,1,CORRECT
reasonir,earth_science,110,0.46042773127555847,0.014949560165405273,0.041996508836746216,1,1,CORRECT
reasonir,earth_science,104,0.5224554538726807,0.07438522577285767,0.11931544542312622,1,1,INCORRECT
reasonir,earth_science,114,0.5093559622764587,0.037791550159454346,0.07319802045822144,0,1,CORRECT
reasonir,earth_science,103,0.5778016448020935,0.023563623428344727,0.04900634288787842,0,0,CORRECT
reasonir,earth_science,106,0.5652962327003479,0.059258341789245605,0.10495150089263916,1,1,INCORRECT
reasonir,earth_science,108,0.5293378829956055,0.05693560838699341,0.08104521036148071,0,0,CORRECT
reasonir,earth_science,111,0.512578547000885,0.006592094898223877,0.041870713233947754,0,1,CORRECT
reasonir,earth_science,107,0.6485447883605957,0.12222415208816528,0.1808258593082428,1,1,CORRECT
reasonir,earth_science,105,0.5053324103355408,0.031208455562591553,0.062386512756347656,0,1,CORRECT
reasonir,earth_science,113,0.5202763080596924,0.04002922773361206,0.12154260277748108,1,1,CORRECT
reasonir,earth_science,109,0.6009241342544556,0.007435619831085205,0.06299901008605957,0,1,CORRECT
reasonir,earth_science,112,0.5636241436004639,0.0635266900062561,0.11534586548805237,0,0,INCORRECT
reasonir,earth_science,115,0.6110775470733643,0.1138300895690918,0.1810060739517212,0,0,CORRECT
reasonir,economics,0,0.5726238489151001,0.04447376728057861,0.1172260046005249,0,0,INCORRECT
reasonir,economics,1,0.5652293562889099,0.037242233753204346,0.08609408140182495,0,1,INCORRECT
reasonir,economics,3,0.5518912672996521,0.011389195919036865,0.06229415535926819,0,1,CORRECT
reasonir,economics,2,0.5822453498840332,0.05285441875457764,0.0888853371143341,0,1,CORRECT
reasonir,economics,15,0.6374251842498779,0.01676398515701294,0.05221283435821533,0,0,CORRECT
reasonir,economics,12,0.5645387172698975,0.03251206874847412,0.11864173412322998,1,1,CORRECT
reasonir,economics,5,0.5101796388626099,0.044277459383010864,0.08799469470977783,0,0,INCORRECT
reasonir,economics,4,0.6059650182723999,0.07529735565185547,0.12041124701499939,0,0,CORRECT
reasonir,economics,7,0.6079065799713135,0.029534101486206055,0.09242761135101318,0,0,INCORRECT
reasonir,economics,9,0.5231133103370667,0.010879218578338623,0.03222769498825073,1,1,CORRECT
reasonir,economics,6,0.5771483778953552,0.03892308473587036,0.06378227472305298,0,0,INCORRECT
reasonir,economics,8,0.639896035194397,0.02949047088623047,0.08797025680541992,0,0,CORRECT
reasonir,economics,11,0.5061414837837219,0.021121442317962646,0.06496888399124146,0,0,CORRECT
reasonir,economics,10,0.6942057013511658,0.08097034692764282,0.12633365392684937,0,0,CORRECT
reasonir,economics,13,0.5272799730300903,0.038624316453933716,0.08769363164901733,0,1,CORRECT
reasonir,economics,14,0.5762115716934204,0.05368143320083618,0.11133784055709839,0,0,INCORRECT
reasonir,economics,16,0.5396117568016052,0.03345489501953125,0.0744929313659668,0,0,CORRECT
reasonir,economics,18,0.5596542954444885,0.11032986640930176,0.1635209321975708,1,1,CORRECT
reasonir,economics,19,0.6238874197006226,0.05253255367279053,0.0986638069152832,0,0,INCORRECT
reasonir,economics,20,0.6031471490859985,0.05131709575653076,0.07535630464553833,0,0,INCORRECT
reasonir,economics,21,0.537674605846405,0.01116645336151123,0.06863334774971008,0,1,CORRECT
reasonir,economics,23,0.5748535990715027,0.04547441005706787,0.0748589038848877,1,1,CORRECT
reasonir,economics,22,0.6634716987609863,0.016573309898376465,0.11070448160171509,0,1,CORRECT
reasonir,economics,24,0.5649847388267517,0.026364266872406006,0.06746643781661987,0,0,INCORRECT
reasonir,economics,26,0.5832512378692627,0.030986905097961426,0.09077730774879456,1,1,CORRECT
reasonir,economics,17,0.6764419078826904,0.0499606728553772,0.10478037595748901,1,1,CORRECT
reasonir,economics,25,0.6117377281188965,0.0661587119102478,0.1196245551109314,1,1,CORRECT
reasonir,economics,28,0.5617318153381348,0.019746363162994385,0.0829089879989624,1,1,CORRECT
reasonir,economics,29,0.615473210811615,0.05336230993270874,0.10402458906173706,1,1,CORRECT
reasonir,economics,27,0.6692328453063965,0.04291945695877075,0.08767640590667725,1,1,CORRECT
reasonir,economics,33,0.6553176641464233,0.05743587017059326,0.11287111043930054,1,1,CORRECT
reasonir,economics,30,0.5081756114959717,0.03465527296066284,0.06380003690719604,0,0,INCORRECT
reasonir,economics,31,0.6342504620552063,0.05432957410812378,0.11976492404937744,0,0,INCORRECT
reasonir,economics,36,0.5389775633811951,0.05303278565406799,0.0804281234741211,1,1,CORRECT
reasonir,economics,41,0.5373313426971436,0.01914912462234497,0.04941517114639282,0,0,CORRECT
reasonir,economics,32,0.5691487193107605,0.022310197353363037,0.06579947471618652,1,1,INCORRECT
reasonir,economics,34,0.5855048894882202,0.08066225051879883,0.11419525742530823,1,1,CORRECT
reasonir,economics,44,0.5733060240745544,0.054188430309295654,0.07852911949157715,0,1,INCORRECT
reasonir,economics,35,0.6012816429138184,0.02649557590484619,0.05359470844268799,0,0,CORRECT
reasonir,economics,39,0.6676163077354431,0.06631886959075928,0.09893518686294556,1,1,CORRECT
reasonir,economics,37,0.7597398161888123,0.03887784481048584,0.11357825994491577,0,0,CORRECT
reasonir,economics,38,0.5970014333724976,0.053878724575042725,0.1258152425289154,1,1,CORRECT
reasonir,economics,45,0.5628514289855957,0.011499106884002686,0.05909913778305054,0,0,INCORRECT
reasonir,economics,42,0.5556069016456604,0.038098156452178955,0.08131682872772217,1,1,CORRECT
reasonir,economics,40,0.5865902900695801,0.033831119537353516,0.09135246276855469,0,0,CORRECT
reasonir,economics,43,0.5583339929580688,0.07301932573318481,0.10563996434211731,0,1,CORRECT
reasonir,economics,46,0.519834041595459,0.05148130655288696,0.09456875920295715,1,1,CORRECT
reasonir,economics,48,0.6608782410621643,0.05004054307937622,0.09830057621002197,0,0,INCORRECT
reasonir,economics,47,0.657486081123352,0.04053837060928345,0.0912621021270752,0,0,INCORRECT
reasonir,economics,50,0.5596387982368469,0.02509140968322754,0.06129220128059387,0,0,CORRECT
reasonir,economics,49,0.6128562688827515,0.030745625495910645,0.09889340400695801,1,1,INCORRECT
reasonir,economics,52,0.6636518836021423,0.037196457386016846,0.09833890199661255,1,1,CORRECT
reasonir,economics,53,0.5183525085449219,0.0160977840423584,0.03451740741729736,0,1,CORRECT
reasonir,economics,62,0.6173592805862427,0.040087103843688965,0.07901954650878906,0,1,INCORRECT
reasonir,economics,54,0.6374485492706299,0.07131290435791016,0.1320706009864807,0,0,CORRECT
reasonir,economics,57,0.5559519529342651,0.04141193628311157,0.08465173840522766,1,1,CORRECT
reasonir,economics,55,0.5176913738250732,0.02011209726333618,0.05444931983947754,1,1,CORRECT
reasonir,economics,56,0.6140695214271545,0.08997750282287598,0.1330307126045227,1,1,CORRECT
reasonir,economics,60,0.6703013181686401,0.07248646020889282,0.10817879438400269,1,1,CORRECT
reasonir,economics,59,0.613413393497467,0.040991246700286865,0.07818913459777832,0,0,CORRECT
reasonir,economics,61,0.5828944444656372,0.015911459922790527,0.09235519170761108,0,0,CORRECT
reasonir,economics,58,0.6502674221992493,0.037422120571136475,0.08290499448776245,0,0,CORRECT
reasonir,economics,65,0.4764866530895233,0.017422646284103394,0.041314154863357544,0,1,INCORRECT
reasonir,economics,66,0.6185532212257385,0.1008574366569519,0.13806432485580444,1,1,CORRECT
reasonir,economics,64,0.4960811734199524,0.025393128395080566,0.07099354267120361,0,1,CORRECT
reasonir,economics,63,0.6122009754180908,0.03141230344772339,0.08341878652572632,0,0,INCORRECT
reasonir,economics,67,0.6832505464553833,0.051091134548187256,0.10078704357147217,0,0,CORRECT
reasonir,economics,68,0.6010226607322693,0.08033108711242676,0.1274700164794922,0,1,CORRECT
reasonir,economics,69,0.5673778653144836,0.04721182584762573,0.08604475855827332,0,1,CORRECT
reasonir,economics,70,0.6763632297515869,0.1796390414237976,0.26607781648635864,1,1,CORRECT
reasonir,economics,71,0.6422032117843628,0.12354004383087158,0.17063072323799133,0,0,INCORRECT
reasonir,economics,72,0.5887061953544617,0.024070262908935547,0.06113654375076294,1,1,CORRECT
reasonir,economics,73,0.573094367980957,0.040157437324523926,0.08123493194580078,1,1,CORRECT
reasonir,economics,75,0.5586031675338745,0.042382657527923584,0.09164521098136902,0,1,CORRECT
reasonir,economics,77,0.5391867756843567,0.013634979724884033,0.05568593740463257,0,0,INCORRECT
reasonir,economics,74,0.6366655826568604,0.06542003154754639,0.09216785430908203,0,1,CORRECT
reasonir,economics,76,0.697469174861908,0.1472461223602295,0.2257392704486847,0,0,INCORRECT
reasonir,economics,82,0.6038675904273987,0.020598948001861572,0.05841255187988281,0,0,INCORRECT
reasonir,economics,80,0.6918785572052002,0.08851289749145508,0.16766852140426636,0,0,CORRECT
reasonir,economics,78,0.6095988750457764,0.04511028528213501,0.10711967945098877,0,1,CORRECT
reasonir,economics,79,0.6709794402122498,0.061224281787872314,0.1145179271697998,1,1,CORRECT
reasonir,economics,81,0.6087489128112793,0.03383076190948486,0.07975858449935913,0,0,CORRECT
reasonir,economics,86,0.5737065076828003,0.06486529111862183,0.14068949222564697,0,1,INCORRECT
reasonir,economics,87,0.5064886212348938,0.06541082262992859,0.11607816815376282,0,0,CORRECT
reasonir,economics,83,0.5558148622512817,0.02952110767364502,0.05373173952102661,0,1,CORRECT
reasonir,economics,90,0.5290494561195374,0.009103477001190186,0.04002407193183899,0,0,INCORRECT
reasonir,economics,85,0.5913376212120056,0.07140320539474487,0.16308271884918213,1,1,CORRECT
reasonir,economics,88,0.5529617667198181,0.015730440616607666,0.07092243432998657,1,1,CORRECT
reasonir,economics,84,0.6724672317504883,0.14720046520233154,0.19644823670387268,0,1,CORRECT
reasonir,economics,91,0.6186614036560059,0.05856806039810181,0.12090200185775757,0,0,INCORRECT
reasonir,economics,92,0.5580304861068726,0.0318683385848999,0.13889119029045105,0,1,INCORRECT
reasonir,economics,89,0.5640636682510376,0.045731544494628906,0.0849129855632782,0,1,CORRECT
reasonir,economics,94,0.6103379130363464,0.04644876718521118,0.09434270858764648,0,0,CORRECT
reasonir,economics,93,0.5589092373847961,0.021679997444152832,0.09373584389686584,1,1,CORRECT
reasonir,economics,97,0.6095779538154602,0.027386724948883057,0.07932323217391968,0,1,CORRECT
reasonir,economics,96,0.475115031003952,0.02720215916633606,0.07384723424911499,1,1,CORRECT
reasonir,economics,95,0.5966885685920715,0.024612128734588623,0.07929152250289917,1,1,CORRECT
reasonir,economics,98,0.7265501022338867,0.09083735942840576,0.1644095778465271,0,0,CORRECT
reasonir,economics,100,0.6207987666130066,0.05302637815475464,0.09284365177154541,0,0,CORRECT
reasonir,economics,99,0.5991809368133545,0.021040499210357666,0.06536608934402466,0,0,CORRECT
reasonir,economics,101,0.5909620523452759,0.04288285970687866,0.11249902844429016,0,0,INCORRECT
reasonir,economics,102,0.5684307813644409,0.05403447151184082,0.09592640399932861,0,0,INCORRECT
reasonir,leetcode,1,0.7585393190383911,0.15351879596710205,0.1858118772506714,1,1,INCORRECT
reasonir,leetcode,0,0.8305577039718628,0.1173287034034729,0.15350157022476196,1,1,INCORRECT
reasonir,leetcode,3,0.8034062385559082,0.10356521606445312,0.12978291511535645,1,1,CORRECT
reasonir,leetcode,2,0.7666440010070801,0.13806241750717163,0.17170286178588867,1,1,CORRECT
reasonir,leetcode,4,0.7424916625022888,0.03146010637283325,0.062362611293792725,1,1,CORRECT
reasonir,leetcode,5,0.9041942358016968,0.1985936164855957,0.25493210554122925,1,1,CORRECT
reasonir,leetcode,6,0.8806081414222717,0.1751289963722229,0.21121811866760254,1,1,CORRECT
reasonir,leetcode,7,0.8247472047805786,0.11600011587142944,0.16183531284332275,1,1,INCORRECT
reasonir,leetcode,9,0.8793267011642456,0.2182149887084961,0.24439167976379395,1,1,CORRECT
reasonir,leetcode,11,0.7116765975952148,0.059798598289489746,0.08772706985473633,1,1,CORRECT
reasonir,leetcode,12,0.6014112234115601,0.013958513736724854,0.026755809783935547,0,0,INCORRECT
reasonir,leetcode,8,0.643330454826355,0.0174863338470459,0.04989999532699585,0,0,CORRECT
reasonir,leetcode,10,0.7181777358055115,0.07218939065933228,0.09503120183944702,1,1,CORRECT
reasonir,leetcode,13,0.7747052311897278,0.016812622547149658,0.0732041597366333,0,0,CORRECT
reasonir,leetcode,14,0.750661313533783,0.08711874485015869,0.11924666166305542,1,1,CORRECT
reasonir,leetcode,16,0.641461968421936,0.04337584972381592,0.06028228998184204,0,0,CORRECT
reasonir,leetcode,18,0.7303880453109741,0.08971482515335083,0.11994397640228271,1,1,CORRECT
reasonir,leetcode,15,0.7922704219818115,0.02478659152984619,0.050250887870788574,0,0,CORRECT
reasonir,leetcode,17,0.7308620810508728,0.0745648741722107,0.10688203573226929,1,1,CORRECT
reasonir,leetcode,19,0.6996806263923645,0.07099074125289917,0.09892791509628296,0,0,CORRECT
reasonir,leetcode,20,0.764683187007904,0.09323525428771973,0.12008452415466309,0,0,CORRECT
reasonir,leetcode,21,0.7944207191467285,0.10918492078781128,0.1481981873512268,1,1,CORRECT
reasonir,leetcode,22,0.7895846962928772,0.09878647327423096,0.13995850086212158,1,1,CORRECT
reasonir,leetcode,24,0.7899268865585327,0.06774663925170898,0.12096190452575684,1,1,CORRECT
reasonir,leetcode,26,0.7037528157234192,0.03657686710357666,0.0929766297340393,1,1,CORRECT
reasonir,leetcode,25,0.7340221405029297,0.05169945955276489,0.08297425508499146,0,0,CORRECT
reasonir,leetcode,23,0.7095683813095093,0.008151471614837646,0.02476489543914795,0,0,CORRECT
reasonir,leetcode,32,0.7197638154029846,0.05950409173965454,0.08433115482330322,0,0,CORRECT
reasonir,leetcode,27,0.7482931613922119,0.017077207565307617,0.042937636375427246,1,1,CORRECT
reasonir,leetcode,29,0.7187460660934448,0.029029488563537598,0.08214753866195679,0,1,CORRECT
reasonir,leetcode,30,0.7733743786811829,0.0950278639793396,0.12209093570709229,1,1,CORRECT
reasonir,leetcode,28,0.5496426224708557,0.0225679874420166,0.04693657159805298,0,0,INCORRECT
reasonir,leetcode,31,0.7729421854019165,0.09346038103103638,0.11763757467269897,1,1,INCORRECT
reasonir,leetcode,34,0.7450438141822815,0.04960685968399048,0.09380799531936646,1,1,CORRECT
reasonir,leetcode,33,0.8328891396522522,0.07688212394714355,0.14452940225601196,1,1,CORRECT
reasonir,leetcode,35,0.7356348037719727,0.04143577814102173,0.07573956251144409,1,1,CORRECT
reasonir,leetcode,36,0.7243900299072266,0.024824917316436768,0.042989492416381836,1,1,CORRECT
reasonir,leetcode,39,0.7451144456863403,0.02828538417816162,0.06489145755767822,1,1,CORRECT
reasonir,leetcode,38,0.711839497089386,0.019997596740722656,0.05299782752990723,0,0,INCORRECT
reasonir,leetcode,37,0.7345491647720337,0.03326416015625,0.05914592742919922,1,1,CORRECT
reasonir,leetcode,40,0.7741408944129944,0.06728976964950562,0.12479281425476074,1,1,CORRECT
reasonir,leetcode,42,0.8270847201347351,0.03481405973434448,0.08004093170166016,1,1,CORRECT
reasonir,leetcode,41,0.7928829789161682,0.024240493774414062,0.07728391885757446,0,0,CORRECT
reasonir,leetcode,43,0.8394378423690796,0.17274492979049683,0.20870232582092285,1,1,CORRECT
reasonir,leetcode,44,0.7185639142990112,0.04169940948486328,0.08024728298187256,0,0,CORRECT
reasonir,leetcode,46,0.7655704021453857,0.05524730682373047,0.09430015087127686,1,1,CORRECT
reasonir,leetcode,47,0.7199864387512207,0.0312497615814209,0.04714876413345337,0,0,CORRECT
reasonir,leetcode,49,0.7469102740287781,0.020140111446380615,0.07822936773300171,1,1,CORRECT
reasonir,leetcode,45,0.7719976902008057,0.018859505653381348,0.06130129098892212,0,0,INCORRECT
reasonir,leetcode,50,0.791960597038269,0.025552570819854736,0.09091228246688843,1,1,CORRECT
reasonir,leetcode,48,0.7294647097587585,0.034911394119262695,0.07686346769332886,1,1,CORRECT
reasonir,leetcode,51,0.7503052949905396,0.0461270809173584,0.07111036777496338,1,1,CORRECT
reasonir,leetcode,55,0.7766138315200806,0.037007927894592285,0.07556581497192383,0,0,CORRECT
reasonir,leetcode,56,0.8795704245567322,0.16269677877426147,0.1946161985397339,0,0,INCORRECT
reasonir,leetcode,52,0.7571322321891785,0.03770864009857178,0.06365090608596802,0,1,CORRECT
reasonir,leetcode,54,0.6975020170211792,0.02429574728012085,0.046610474586486816,0,0,CORRECT
reasonir,leetcode,57,0.6775813698768616,0.026665687561035156,0.05570411682128906,0,1,CORRECT
reasonir,leetcode,58,0.7773211002349854,0.026888489723205566,0.10307711362838745,1,1,CORRECT
reasonir,leetcode,53,0.7390211820602417,0.03796583414077759,0.08015286922454834,1,1,INCORRECT
reasonir,leetcode,61,0.7231655120849609,0.02746295928955078,0.052501559257507324,0,1,CORRECT
reasonir,leetcode,63,0.687662661075592,0.0976567268371582,0.12724941968917847,0,0,CORRECT
reasonir,leetcode,64,0.7284914255142212,0.06452858448028564,0.0868912935256958,0,1,CORRECT
reasonir,leetcode,59,0.7460487484931946,0.04774707555770874,0.10961896181106567,0,0,CORRECT
reasonir,leetcode,62,0.8307917714118958,0.1060212254524231,0.19762104749679565,1,1,INCORRECT
reasonir,leetcode,65,0.700203001499176,0.042602479457855225,0.08400189876556396,1,1,INCORRECT
reasonir,leetcode,60,0.7696664333343506,0.022334754467010498,0.05634945631027222,0,0,INCORRECT
reasonir,leetcode,66,0.6692796945571899,0.023759007453918457,0.04158991575241089,1,1,CORRECT
reasonir,leetcode,68,0.7150737643241882,0.019522488117218018,0.04550206661224365,0,0,CORRECT
reasonir,leetcode,69,0.7367343306541443,0.058882832527160645,0.09437006711959839,0,0,CORRECT
reasonir,leetcode,71,0.713263750076294,0.005796074867248535,0.037750303745269775,0,0,CORRECT
reasonir,leetcode,70,0.7414014339447021,0.025003492832183838,0.05563199520111084,1,1,CORRECT
reasonir,leetcode,67,0.8080921173095703,0.10582506656646729,0.15413665771484375,1,1,CORRECT
reasonir,leetcode,72,0.6241286993026733,0.014403045177459717,0.032478272914886475,0,0,CORRECT
reasonir,leetcode,73,0.774000346660614,0.04390215873718262,0.06785798072814941,0,1,CORRECT
reasonir,leetcode,75,0.6747279167175293,0.019814252853393555,0.04497307538986206,0,0,CORRECT
reasonir,leetcode,77,0.688962459564209,0.0232735276222229,0.048024654388427734,0,1,INCORRECT
reasonir,leetcode,76,0.7447028160095215,0.04588139057159424,0.07321465015411377,0,0,INCORRECT
reasonir,leetcode,74,0.7232902646064758,0.021284103393554688,0.04276144504547119,0,0,INCORRECT
reasonir,leetcode,80,0.8375338912010193,0.13101965188980103,0.16310137510299683,1,1,CORRECT
reasonir,leetcode,78,0.7805389165878296,0.04995602369308472,0.08583468198776245,0,1,CORRECT
reasonir,leetcode,85,0.7358667254447937,0.040355145931243896,0.05487334728240967,1,1,CORRECT
reasonir,leetcode,83,0.7549086213111877,0.08694279193878174,0.14325344562530518,1,1,INCORRECT
reasonir,leetcode,84,0.7224816679954529,0.049927592277526855,0.07352524995803833,0,0,CORRECT
reasonir,leetcode,86,0.6630708575248718,0.03526937961578369,0.06484836339950562,0,0,CORRECT
reasonir,leetcode,79,0.7876782417297363,0.1270553469657898,0.17812031507492065,1,1,INCORRECT
reasonir,leetcode,87,0.7860834002494812,0.07840782403945923,0.10652846097946167,0,0,INCORRECT
reasonir,leetcode,88,0.7753364443778992,0.04366302490234375,0.10710477828979492,0,1,CORRECT
reasonir,leetcode,89,0.7457164525985718,0.02692633867263794,0.04445946216583252,0,1,INCORRECT
reasonir,leetcode,94,0.7364237308502197,0.020804643630981445,0.054018259048461914,0,0,CORRECT
reasonir,leetcode,92,0.7729389667510986,0.026635706424713135,0.09431493282318115,0,1,INCORRECT
reasonir,leetcode,93,0.716517448425293,0.038271188735961914,0.06037604808807373,0,0,CORRECT
reasonir,leetcode,91,0.7610884308815002,0.038101911544799805,0.08475363254547119,0,1,CORRECT
reasonir,leetcode,90,0.780413031578064,0.03572714328765869,0.06949132680892944,0,1,CORRECT
reasonir,leetcode,82,0.8027942180633545,0.017765581607818604,0.05667191743850708,0,0,CORRECT
reasonir,leetcode,81,0.8065778613090515,0.12429124116897583,0.15162968635559082,1,1,INCORRECT
reasonir,leetcode,96,0.7588967084884644,0.060541510581970215,0.09849882125854492,1,1,CORRECT
reasonir,leetcode,97,0.7807420492172241,0.02666175365447998,0.07797229290008545,0,1,INCORRECT
reasonir,leetcode,95,0.7369733452796936,0.05236625671386719,0.07256454229354858,1,1,CORRECT
reasonir,leetcode,98,0.7711668610572815,0.06051689386367798,0.10341686010360718,1,1,CORRECT
reasonir,leetcode,100,0.7171210646629333,0.02646660804748535,0.03752005100250244,1,1,CORRECT
reasonir,leetcode,101,0.7372300624847412,0.05902785062789917,0.08716750144958496,0,0,CORRECT
reasonir,leetcode,102,0.6575153470039368,0.03186821937561035,0.05021798610687256,0,0,CORRECT
reasonir,leetcode,99,0.7755861282348633,0.15881872177124023,0.19141137599945068,1,1,CORRECT
reasonir,leetcode,104,0.7257626056671143,0.010196566581726074,0.04257059097290039,0,0,INCORRECT
reasonir,leetcode,103,0.8049202561378479,0.18231827020645142,0.2092549204826355,1,1,INCORRECT
reasonir,leetcode,105,0.7972962856292725,0.08299744129180908,0.101936936378479,0,0,INCORRECT
reasonir,leetcode,106,0.683521032333374,0.07328665256500244,0.08806014060974121,0,0,INCORRECT
reasonir,leetcode,107,0.7901111841201782,0.0934644341468811,0.12077438831329346,0,0,INCORRECT
reasonir,leetcode,109,0.5669547319412231,0.01738440990447998,0.047748684883117676,0,1,INCORRECT
reasonir,leetcode,108,0.6957045197486877,0.07366210222244263,0.10020190477371216,0,1,CORRECT
reasonir,leetcode,111,0.7138830423355103,0.04002863168716431,0.06110793352127075,0,0,INCORRECT
reasonir,leetcode,113,0.7248676419258118,0.042720258235931396,0.06807941198348999,0,0,CORRECT
reasonir,leetcode,115,0.8181982040405273,0.054412245750427246,0.09555137157440186,0,0,CORRECT
reasonir,leetcode,114,0.7250868082046509,0.0338822603225708,0.05868786573410034,0,0,CORRECT
reasonir,leetcode,110,0.7272817492485046,0.016598641872406006,0.06221085786819458,0,0,CORRECT
reasonir,leetcode,112,0.7363888621330261,0.036823391914367676,0.07835060358047485,0,0,INCORRECT
reasonir,leetcode,117,0.7892916202545166,0.06063365936279297,0.11516577005386353,1,1,CORRECT
reasonir,leetcode,116,0.8191508054733276,0.11218559741973877,0.16026484966278076,1,1,CORRECT
reasonir,leetcode,121,0.6629177331924438,0.011526644229888916,0.03200584650039673,0,1,CORRECT
reasonir,leetcode,120,0.7467250227928162,0.040230631828308105,0.06882220506668091,0,0,INCORRECT
reasonir,leetcode,118,0.7165322303771973,0.026298940181732178,0.058975040912628174,1,1,CORRECT
reasonir,leetcode,119,0.7380791902542114,0.03317224979400635,0.053530097007751465,0,0,INCORRECT
reasonir,leetcode,124,0.6851048469543457,0.02780759334564209,0.05444115400314331,0,1,INCORRECT
reasonir,leetcode,123,0.8249163627624512,0.058818042278289795,0.08741915225982666,1,1,CORRECT
reasonir,leetcode,122,0.7324303984642029,0.03171259164810181,0.0597304105758667,0,0,CORRECT
reasonir,leetcode,130,0.6851654648780823,0.05892765522003174,0.0787041187286377,1,1,CORRECT
reasonir,leetcode,131,0.7204868793487549,0.023363471031188965,0.05513352155685425,0,1,CORRECT
reasonir,leetcode,127,0.6636749505996704,0.027457892894744873,0.05290484428405762,0,0,CORRECT
reasonir,leetcode,129,0.6818315982818604,0.023682773113250732,0.06448346376419067,0,1,CORRECT
reasonir,leetcode,125,0.743553102016449,0.05027174949645996,0.08548802137374878,1,1,INCORRECT
reasonir,leetcode,128,0.8169966340065002,0.04090619087219238,0.10196167230606079,1,1,CORRECT
reasonir,leetcode,126,0.7315613031387329,0.023479223251342773,0.05407828092575073,0,1,CORRECT
reasonir,leetcode,132,0.801302433013916,0.15812891721725464,0.19529789686203003,1,1,INCORRECT
reasonir,leetcode,133,0.7028253078460693,0.026388168334960938,0.06897038221359253,0,0,INCORRECT
reasonir,leetcode,135,0.8009347319602966,0.012454807758331299,0.08276104927062988,0,0,CORRECT
reasonir,leetcode,134,0.6434386372566223,0.05865973234176636,0.08053290843963623,0,1,CORRECT
reasonir,leetcode,136,0.6571282744407654,0.02873086929321289,0.04596090316772461,0,0,INCORRECT
reasonir,leetcode,137,0.6179761290550232,0.027376949787139893,0.05071204900741577,1,1,INCORRECT
reasonir,leetcode,138,0.6197704672813416,0.05959051847457886,0.07471144199371338,0,0,INCORRECT
reasonir,leetcode,139,0.6832081079483032,0.04928463697433472,0.07178753614425659,0,0,INCORRECT
reasonir,pony,0,0.5846890211105347,0.07022392749786377,0.11103329062461853,1,1,CORRECT
reasonir,leetcode,140,0.7632548809051514,0.01098930835723877,0.05159491300582886,1,1,INCORRECT
reasonir,economics,51,0.6401486396789551,0.05594867467880249,0.1113823652267456,0,0,INCORRECT
reasonir,pony,2,0.546672523021698,0.011889815330505371,0.06366172432899475,0,0,INCORRECT
reasonir,pony,4,0.5359796285629272,0.06768971681594849,0.09413784742355347,1,1,INCORRECT
reasonir,pony,3,0.5484626293182373,0.07062464952468872,0.09877350926399231,1,1,INCORRECT
reasonir,leetcode,141,0.7101300954818726,0.01776742935180664,0.0414806604385376,0,0,CORRECT
reasonir,pony,8,0.5306248664855957,0.029926657676696777,0.07301416993141174,0,1,CORRECT
reasonir,pony,1,0.4984976649284363,0.012981325387954712,0.04696336388587952,0,1,CORRECT
reasonir,pony,5,0.4770667254924774,0.03228697180747986,0.054276078939437866,0,1,INCORRECT
reasonir,pony,6,0.49388253688812256,0.0222017765045166,0.04577711224555969,0,1,CORRECT
reasonir,pony,9,0.4726749062538147,0.018703341484069824,0.044222861528396606,1,1,CORRECT
reasonir,pony,11,0.5302169322967529,0.027871906757354736,0.0614551305770874,0,1,CORRECT
reasonir,pony,10,0.5182231664657593,0.0360318124294281,0.061321765184402466,0,1,INCORRECT
reasonir,pony,7,0.5067154765129089,0.05760908126831055,0.0849047303199768,0,1,INCORRECT
reasonir,pony,12,0.5024526715278625,0.02103284001350403,0.06547868251800537,1,1,CORRECT
reasonir,pony,14,0.5119141936302185,0.028344333171844482,0.07668128609657288,0,1,CORRECT
reasonir,pony,15,0.4462946057319641,0.01796087622642517,0.035963088274002075,1,1,CORRECT
reasonir,pony,13,0.5438541769981384,0.030482888221740723,0.068692147731781,0,0,CORRECT
reasonir,pony,19,0.65241539478302,0.04503738880157471,0.11570686101913452,0,0,CORRECT
reasonir,pony,17,0.5539453625679016,0.02639859914779663,0.07211217284202576,1,1,CORRECT
reasonir,pony,16,0.5036270618438721,0.06301271915435791,0.08470478653907776,0,1,INCORRECT
reasonir,pony,18,0.5741697549819946,0.02989065647125244,0.11191320419311523,0,0,INCORRECT
reasonir,pony,26,0.5058716535568237,0.008245229721069336,0.04221746325492859,1,1,CORRECT
reasonir,pony,20,0.543242335319519,0.01848781108856201,0.030362248420715332,1,1,INCORRECT
reasonir,pony,23,0.5715988874435425,0.0690850019454956,0.11502701044082642,0,1,CORRECT
reasonir,pony,24,0.6040500402450562,0.07412636280059814,0.12062954902648926,0,1,CORRECT
reasonir,pony,22,0.5327540636062622,0.01798272132873535,0.049500733613967896,1,1,CORRECT
reasonir,pony,25,0.5114395022392273,0.04119202494621277,0.07766276597976685,0,1,INCORRECT
reasonir,pony,27,0.5552459359169006,0.03153163194656372,0.06550490856170654,1,1,INCORRECT
reasonir,pony,28,0.5273511409759521,0.04282963275909424,0.08145159482955933,1,1,INCORRECT
reasonir,pony,38,0.5261983275413513,0.03361436724662781,0.07638323307037354,1,1,CORRECT
reasonir,pony,30,0.4948100447654724,0.020445257425308228,0.04797467589378357,0,1,INCORRECT
reasonir,pony,29,0.6519479155540466,0.07923084497451782,0.14660429954528809,0,1,CORRECT
reasonir,pony,36,0.5381827354431152,0.02167952060699463,0.06313329935073853,0,1,CORRECT
reasonir,pony,35,0.531854510307312,0.010737478733062744,0.0762280523777008,1,1,CORRECT
reasonir,pony,33,0.5604404807090759,0.061891376972198486,0.11954575777053833,0,1,INCORRECT
reasonir,pony,37,0.6544919013977051,0.08475279808044434,0.15949049592018127,0,1,CORRECT
reasonir,pony,39,0.5358387231826782,0.049632638692855835,0.11656603217124939,0,1,INCORRECT
reasonir,pony,43,0.5743904113769531,0.040003299713134766,0.07634422183036804,0,1,CORRECT
reasonir,pony,40,0.5458723306655884,0.022330284118652344,0.0545957088470459,1,1,INCORRECT
reasonir,pony,44,0.6069586873054504,0.060652315616607666,0.11460840702056885,0,0,CORRECT
reasonir,pony,42,0.567036509513855,0.023249685764312744,0.06188666820526123,1,1,CORRECT
reasonir,pony,41,0.5099916458129883,0.05360835790634155,0.08162051439285278,1,1,CORRECT
reasonir,pony,21,0.5582403540611267,0.008915722370147705,0.03479081392288208,0,1,INCORRECT
reasonir,pony,48,0.6759164333343506,0.07296359539031982,0.13477057218551636,1,1,CORRECT
reasonir,pony,31,0.4573688507080078,0.013605117797851562,0.045233577489852905,1,1,INCORRECT
reasonir,pony,32,0.5152536630630493,0.009418308734893799,0.04079115390777588,1,1,INCORRECT
reasonir,pony,34,0.5777027606964111,0.07658654451370239,0.12763303518295288,1,1,INCORRECT
reasonir,pony,46,0.56163489818573,0.0292283296585083,0.06625458598136902,0,1,CORRECT
reasonir,pony,45,0.5443445444107056,0.025736629962921143,0.06604638695716858,1,1,INCORRECT
reasonir,pony,47,0.4572124481201172,0.004014134407043457,0.028171807527542114,0,0,CORRECT
reasonir,pony,49,0.5641356706619263,0.03612035512924194,0.06403928995132446,0,0,INCORRECT
reasonir,pony,53,0.4910961985588074,0.028804689645767212,0.05177801847457886,0,1,INCORRECT
reasonir,pony,50,0.569061279296875,0.048928141593933105,0.08613994717597961,0,1,CORRECT
reasonir,pony,52,0.5211507678031921,0.029711425304412842,0.054725050926208496,0,1,CORRECT
reasonir,pony,51,0.5296400189399719,0.03768515586853027,0.05970263481140137,1,1,CORRECT
reasonir,pony,55,0.4993593692779541,0.022749274969100952,0.04727739095687866,1,1,CORRECT
reasonir,pony,54,0.5392205119132996,0.04079645872116089,0.09458208084106445,0,1,CORRECT
reasonir,pony,59,0.6215733289718628,0.06780701875686646,0.15705949068069458,0,0,CORRECT
reasonir,pony,56,0.48957622051239014,0.023733973503112793,0.056002795696258545,0,1,CORRECT
reasonir,pony,57,0.523196816444397,0.041918277740478516,0.0885198712348938,0,1,INCORRECT
reasonir,pony,58,0.4920750856399536,0.021173864603042603,0.06715872883796692,0,1,INCORRECT
reasonir,pony,61,0.4974663257598877,0.02978724241256714,0.05978402495384216,1,1,CORRECT
reasonir,pony,60,0.4851106107234955,0.029830873012542725,0.061561375856399536,1,1,CORRECT
reasonir,pony,62,0.49921396374702454,0.028189867734909058,0.05347678065299988,1,1,CORRECT
reasonir,pony,63,0.5477370023727417,0.06745103001594543,0.12200695276260376,0,0,INCORRECT
reasonir,pony,64,0.48333197832107544,0.03340679407119751,0.06000316143035889,1,1,INCORRECT
reasonir,pony,66,0.45943015813827515,0.008055537939071655,0.040112197399139404,0,1,CORRECT
reasonir,pony,68,0.4790538549423218,0.029357492923736572,0.05386438965797424,0,0,INCORRECT
reasonir,pony,65,0.521111786365509,0.09370380640029907,0.11915740370750427,1,1,INCORRECT
reasonir,pony,67,0.45340198278427124,0.016786694526672363,0.037464529275894165,1,1,INCORRECT
reasonir,pony,70,0.47880589962005615,0.06815659999847412,0.08653852343559265,1,1,INCORRECT
reasonir,pony,69,0.6863594651222229,0.12956243753433228,0.1744113564491272,0,1,INCORRECT
reasonir,pony,71,0.40464168787002563,0.0138169527053833,0.03660362958908081,1,1,INCORRECT
reasonir,pony,72,0.499233603477478,0.015769094228744507,0.06235376000404358,0,0,CORRECT
reasonir,pony,74,0.5646121501922607,0.06435173749923706,0.11133763194084167,0,1,INCORRECT
reasonir,pony,73,0.4632199704647064,0.03469035029411316,0.05182424187660217,1,1,INCORRECT
reasonir,pony,75,0.558716893196106,0.04159128665924072,0.07242009043693542,0,0,INCORRECT
reasonir,pony,76,0.4413979947566986,0.02560827136039734,0.049625128507614136,1,1,CORRECT
reasonir,pony,77,0.4948732852935791,0.030271828174591064,0.05595061182975769,0,1,INCORRECT
reasonir,pony,79,0.5364102125167847,0.05416041612625122,0.08463191986083984,1,1,CORRECT
reasonir,pony,78,0.47434788942337036,0.013653784990310669,0.03672841191291809,1,1,INCORRECT
reasonir,pony,82,0.5546227693557739,0.06729871034622192,0.13814038038253784,0,1,CORRECT
reasonir,pony,80,0.5640871524810791,0.0776781439781189,0.10526931285858154,1,1,INCORRECT
reasonir,pony,84,0.49694374203681946,0.023586630821228027,0.06315770745277405,0,1,INCORRECT
reasonir,pony,83,0.5164137482643127,0.026034891605377197,0.05995988845825195,0,1,CORRECT
reasonir,pony,81,0.5075144171714783,0.02319270372390747,0.05232739448547363,1,1,CORRECT
reasonir,pony,86,0.5300717949867249,0.012234389781951904,0.06898587942123413,0,0,CORRECT
reasonir,pony,85,0.5315526723861694,0.035750359296798706,0.07944357395172119,0,1,CORRECT
reasonir,pony,87,0.4966365098953247,0.0473673939704895,0.09521248936653137,0,1,CORRECT
reasonir,pony,88,0.5065538883209229,0.009480684995651245,0.04284504055976868,0,1,INCORRECT
reasonir,pony,89,0.4530283510684967,0.019378095865249634,0.03850233554840088,1,1,CORRECT
reasonir,pony,91,0.6356214880943298,0.0821651816368103,0.1550108790397644,0,1,INCORRECT
reasonir,pony,95,0.5350582599639893,0.05949738621711731,0.10423913598060608,0,1,CORRECT
reasonir,pony,90,0.47808241844177246,0.029431641101837158,0.059614330530166626,0,1,CORRECT
reasonir,pony,92,0.5025316476821899,0.006526261568069458,0.040791094303131104,1,1,CORRECT
reasonir,pony,93,0.4860411584377289,0.018610775470733643,0.051068276166915894,1,1,CORRECT
reasonir,pony,94,0.4787910580635071,0.013407349586486816,0.04758256673812866,0,1,INCORRECT
reasonir,pony,96,0.4841340184211731,0.020547211170196533,0.06142538785934448,0,0,INCORRECT
reasonir,pony,97,0.5024670362472534,0.015525221824645996,0.04456809163093567,1,1,CORRECT
reasonir,pony,102,0.4685455560684204,0.026555418968200684,0.05699905753135681,1,1,CORRECT
reasonir,pony,100,0.5142020583152771,0.03296893835067749,0.0593428909778595,1,1,CORRECT
reasonir,pony,98,0.4915022552013397,0.014720410108566284,0.038936883211135864,1,1,CORRECT
reasonir,pony,99,0.45057931542396545,0.01694178581237793,0.037337929010391235,1,1,INCORRECT
reasonir,pony,101,0.5103222131729126,0.03745085000991821,0.06258329749107361,1,1,CORRECT
reasonir,pony,103,0.5035393238067627,0.013253182172775269,0.04657605290412903,1,1,CORRECT
reasonir,pony,104,0.5193930864334106,0.01441502571105957,0.05786776542663574,1,1,CORRECT
reasonir,pony,108,0.41917741298675537,0.01687183976173401,0.03836706280708313,1,1,CORRECT
reasonir,pony,106,0.5288723111152649,0.029681265354156494,0.09068107604980469,0,1,CORRECT
reasonir,pony,105,0.5450837016105652,0.03314173221588135,0.06773567199707031,0,1,INCORRECT
reasonir,pony,111,0.4837839603424072,0.04118117690086365,0.06249558925628662,1,1,CORRECT
reasonir,pony,107,0.5052213668823242,0.026793360710144043,0.05604320764541626,1,1,INCORRECT
reasonir,pony,109,0.4970560669898987,0.039908528327941895,0.07266697287559509,1,1,CORRECT
reasonir,pony,110,0.4932340681552887,0.0050130486488342285,0.03896215558052063,1,1,INCORRECT
reasonir,psychology,0,0.5395067930221558,0.029133141040802002,0.07094258069992065,1,1,CORRECT
reasonir,psychology,7,0.5316430330276489,0.04529309272766113,0.07719668745994568,0,0,INCORRECT
reasonir,psychology,2,0.7134111523628235,0.05538284778594971,0.15139371156692505,0,1,CORRECT
reasonir,psychology,3,0.5128424763679504,0.018111705780029297,0.0736083984375,0,1,CORRECT
reasonir,psychology,1,0.638674259185791,0.09551775455474854,0.17622798681259155,1,1,INCORRECT
reasonir,psychology,4,0.5012811422348022,0.011272400617599487,0.04020765423774719,0,1,INCORRECT
reasonir,psychology,8,0.5375890135765076,0.03378087282180786,0.1107405424118042,0,0,CORRECT
reasonir,psychology,5,0.654451847076416,0.12007874250411987,0.17544642090797424,0,0,CORRECT
reasonir,psychology,6,0.4959178864955902,0.032207369804382324,0.07030558586120605,0,1,CORRECT
reasonir,psychology,9,0.6329348683357239,0.09694516658782959,0.1967923939228058,1,1,CORRECT
reasonir,psychology,12,0.4910702705383301,0.017712771892547607,0.05539771914482117,0,1,CORRECT
reasonir,psychology,10,0.5215517282485962,0.011324107646942139,0.049556851387023926,1,1,CORRECT
reasonir,psychology,13,0.5725243091583252,0.01872730255126953,0.07594859600067139,1,1,INCORRECT
reasonir,psychology,11,0.5031030178070068,0.027405083179473877,0.05975350737571716,0,0,INCORRECT
reasonir,psychology,14,0.606530487537384,0.04479408264160156,0.0809827446937561,0,0,CORRECT
reasonir,psychology,15,0.49710822105407715,0.014359652996063232,0.05101609230041504,0,1,CORRECT
reasonir,psychology,16,0.6240018606185913,0.0783957839012146,0.13143721222877502,0,0,CORRECT
reasonir,psychology,17,0.5630918741226196,0.0895700454711914,0.12043416500091553,1,1,CORRECT
reasonir,psychology,24,0.536853551864624,0.0247347354888916,0.06341573596000671,0,1,CORRECT
reasonir,psychology,19,0.65081787109375,0.04578554630279541,0.235423743724823,1,1,CORRECT
reasonir,psychology,22,0.7120368480682373,0.07551693916320801,0.18515878915786743,0,0,CORRECT
reasonir,psychology,25,0.5209776759147644,0.04111981391906738,0.08334490656852722,0,0,CORRECT
reasonir,psychology,20,0.5382332801818848,0.03882533311843872,0.09262534976005554,0,1,CORRECT
reasonir,psychology,21,0.5394759774208069,0.03753030300140381,0.09094008803367615,0,0,CORRECT
reasonir,psychology,23,0.6030516028404236,0.03914719820022583,0.08831757307052612,0,0,CORRECT
reasonir,psychology,18,0.6212091445922852,0.06629824638366699,0.11500370502471924,1,1,CORRECT
reasonir,psychology,26,0.6077584028244019,0.07859683036804199,0.1559416949748993,0,1,CORRECT
reasonir,psychology,33,0.542299747467041,0.01736140251159668,0.06722575426101685,1,1,CORRECT
reasonir,psychology,31,0.523854672908783,0.024382174015045166,0.11474454402923584,1,1,CORRECT
reasonir,psychology,29,0.6417434215545654,0.08297765254974365,0.13535082340240479,1,1,CORRECT
reasonir,psychology,38,0.5214953422546387,0.030152112245559692,0.08777832984924316,1,1,CORRECT
reasonir,psychology,28,0.5970959067344666,0.04769474267959595,0.12684446573257446,1,1,CORRECT
reasonir,psychology,32,0.5564560890197754,0.04252272844314575,0.08091402053833008,0,0,CORRECT
reasonir,psychology,27,0.5677173733711243,0.06390446424484253,0.10973325371742249,0,0,INCORRECT
reasonir,psychology,34,0.5760236978530884,0.05951583385467529,0.11633583903312683,0,0,CORRECT
reasonir,psychology,30,0.621695339679718,0.04162335395812988,0.16439533233642578,1,1,CORRECT
reasonir,psychology,43,0.6284510493278503,0.08944237232208252,0.14616498351097107,1,1,CORRECT
reasonir,psychology,40,0.5818876028060913,0.0450444221496582,0.1287333369255066,0,1,INCORRECT
reasonir,psychology,42,0.5986925363540649,0.029317617416381836,0.06478351354598999,0,0,INCORRECT
reasonir,psychology,35,0.5538330078125,0.04777020215988159,0.14110568165779114,1,1,CORRECT
reasonir,psychology,37,0.5679196715354919,0.015143215656280518,0.04869633913040161,1,1,CORRECT
reasonir,psychology,44,0.5318916440010071,0.037656307220458984,0.07831200957298279,1,1,CORRECT
reasonir,psychology,36,0.5280990600585938,0.029358714818954468,0.06260830163955688,0,0,CORRECT
reasonir,psychology,39,0.5037665367126465,0.03450590372085571,0.07039758563041687,0,1,INCORRECT
reasonir,psychology,41,0.5606521368026733,0.06662821769714355,0.088625967502594,0,1,CORRECT
reasonir,psychology,45,0.6035898923873901,0.04834228754043579,0.09943091869354248,1,1,CORRECT
reasonir,psychology,55,0.5113427639007568,0.03089204430580139,0.08063888549804688,1,1,CORRECT
reasonir,psychology,51,0.5498537421226501,0.0861227810382843,0.13022875785827637,1,1,CORRECT
reasonir,psychology,49,0.5244030356407166,0.026755154132843018,0.059800952672958374,0,0,INCORRECT
reasonir,psychology,47,0.5498725175857544,0.03291153907775879,0.126815527677536,1,1,CORRECT
reasonir,psychology,50,0.5252021551132202,0.02460777759552002,0.06638491153717041,0,1,CORRECT
reasonir,psychology,48,0.4965209364891052,0.015648573637008667,0.056880295276641846,0,0,INCORRECT
reasonir,psychology,53,0.55545574426651,0.046810686588287354,0.08605226874351501,0,0,INCORRECT
reasonir,psychology,46,0.5918015837669373,0.09528851509094238,0.12813642621040344,1,1,CORRECT
reasonir,psychology,52,0.5551100969314575,0.01642155647277832,0.07286456227302551,1,1,CORRECT
reasonir,psychology,56,0.4751615822315216,0.04446813464164734,0.07302510738372803,1,1,CORRECT
reasonir,psychology,57,0.5935622453689575,0.05204290151596069,0.13525325059890747,1,1,CORRECT
reasonir,psychology,54,0.5490310788154602,0.03890305757522583,0.06282812356948853,0,1,CORRECT
reasonir,psychology,58,0.5754764676094055,0.03782159090042114,0.10610458254814148,0,0,CORRECT
reasonir,psychology,59,0.6966736912727356,0.08530044555664062,0.12701690196990967,0,0,CORRECT
reasonir,psychology,60,0.5882432460784912,0.04365259408950806,0.0792112946510315,0,1,CORRECT
reasonir,psychology,65,0.5911167860031128,0.07596522569656372,0.12104028463363647,1,1,INCORRECT
reasonir,psychology,61,0.5880001187324524,0.02125602960586548,0.059690773487091064,1,1,CORRECT
reasonir,psychology,62,0.5131242871284485,0.037934839725494385,0.08185526728630066,0,1,INCORRECT
reasonir,psychology,66,0.6147472262382507,0.018935084342956543,0.06568831205368042,0,0,CORRECT
reasonir,psychology,63,0.4909155070781708,0.03158131241798401,0.06291231513023376,0,1,INCORRECT
reasonir,psychology,64,0.48590028285980225,0.02774280309677124,0.07766842842102051,0,1,INCORRECT
reasonir,psychology,69,0.6625304222106934,0.0663253664970398,0.13612931966781616,1,1,CORRECT
reasonir,psychology,68,0.6351310610771179,0.034263789653778076,0.08881974220275879,1,1,CORRECT
reasonir,psychology,67,0.63791823387146,0.03850841522216797,0.12438464164733887,1,1,CORRECT
reasonir,psychology,70,0.5860081911087036,0.04073166847229004,0.08538377285003662,0,0,CORRECT
reasonir,psychology,73,0.5669772028923035,0.03743559122085571,0.06464016437530518,1,1,CORRECT
reasonir,psychology,78,0.5436697602272034,0.024112999439239502,0.061760544776916504,0,0,INCORRECT
reasonir,psychology,75,0.6996445655822754,0.07935422658920288,0.14676302671432495,0,0,INCORRECT
reasonir,psychology,71,0.6056140065193176,0.056701481342315674,0.10511797666549683,0,1,CORRECT
reasonir,psychology,72,0.5868749022483826,0.0530664324760437,0.09641435742378235,1,1,CORRECT
reasonir,psychology,81,0.46502622961997986,0.011853247880935669,0.0629359781742096,1,1,CORRECT
reasonir,psychology,74,0.4798259139060974,0.02944907546043396,0.056215375661849976,1,1,CORRECT
reasonir,psychology,79,0.6443817019462585,0.08576697111129761,0.13598257303237915,1,1,CORRECT
reasonir,psychology,77,0.5116292238235474,0.033133864402770996,0.12198147177696228,0,0,INCORRECT
reasonir,psychology,76,0.5854357481002808,0.06471061706542969,0.12367680668830872,1,1,CORRECT
reasonir,psychology,80,0.619360089302063,0.046132564544677734,0.14584961533546448,1,1,CORRECT
reasonir,psychology,86,0.5945706367492676,0.08719998598098755,0.21286427974700928,1,1,CORRECT
reasonir,psychology,83,0.5886979103088379,0.02595531940460205,0.06280231475830078,0,1,INCORRECT
reasonir,psychology,85,0.5260639786720276,0.042503416538238525,0.08356177806854248,0,1,CORRECT
reasonir,psychology,82,0.544820249080658,0.022555410861968994,0.059100449085235596,1,1,CORRECT
reasonir,psychology,84,0.5952863693237305,0.03628706932067871,0.09242933988571167,1,1,CORRECT
reasonir,psychology,89,0.5202945470809937,0.018031954765319824,0.0670049786567688,0,1,INCORRECT
reasonir,psychology,90,0.6797807812690735,0.052088260650634766,0.1559928059577942,0,1,CORRECT
reasonir,psychology,92,0.5863040685653687,0.07013887166976929,0.12155863642692566,1,1,CORRECT
reasonir,psychology,88,0.655735969543457,0.09721940755844116,0.1756286323070526,1,1,CORRECT
reasonir,psychology,93,0.5620859861373901,0.06774455308914185,0.11073452234268188,0,0,INCORRECT
reasonir,psychology,91,0.562751293182373,0.023909807205200195,0.09308618307113647,1,1,CORRECT
reasonir,psychology,87,0.44357579946517944,0.032503485679626465,0.06122422218322754,0,1,INCORRECT
reasonir,psychology,94,0.4744716286659241,0.009385943412780762,0.04342329502105713,1,1,CORRECT
reasonir,psychology,95,0.4824429154396057,0.03782761096954346,0.06715354323387146,0,1,CORRECT
reasonir,psychology,100,0.5994570851325989,0.013853013515472412,0.06655120849609375,0,0,INCORRECT
reasonir,psychology,96,0.5460016131401062,0.05388975143432617,0.08804279565811157,0,0,CORRECT
reasonir,psychology,98,0.5573899745941162,0.07245177030563354,0.11366891860961914,0,0,CORRECT
reasonir,psychology,99,0.5505868792533875,0.024209976196289062,0.0719502866268158,0,0,INCORRECT
reasonir,psychology,97,0.5030375123023987,0.058072030544281006,0.0818379819393158,1,1,CORRECT
reasonir,robotics,1,0.6477934122085571,0.0510178804397583,0.06625264883041382,0,0,INCORRECT
reasonir,robotics,10,0.6441038250923157,0.03688770532608032,0.060432374477386475,0,0,INCORRECT
reasonir,robotics,0,0.6469568014144897,0.07103079557418823,0.10200566053390503,0,0,INCORRECT
reasonir,robotics,2,0.7602630853652954,0.03663957118988037,0.08274060487747192,1,1,CORRECT
reasonir,robotics,3,0.6227258443832397,0.026674211025238037,0.060290396213531494,0,0,INCORRECT
reasonir,robotics,5,0.749091386795044,0.07473933696746826,0.13787007331848145,0,0,CORRECT
reasonir,robotics,6,0.7076940536499023,0.03773784637451172,0.08073937892913818,0,0,CORRECT
reasonir,robotics,8,0.6027576923370361,0.029114842414855957,0.07809370756149292,1,1,CORRECT
reasonir,robotics,7,0.7248442769050598,0.03445076942443848,0.12254947423934937,1,1,CORRECT
reasonir,robotics,9,0.667880654335022,0.0449519157409668,0.11240649223327637,0,0,INCORRECT
reasonir,robotics,4,0.6151756048202515,0.036567747592926025,0.06673485040664673,0,0,CORRECT
reasonir,robotics,13,0.6548328399658203,0.01646268367767334,0.05680835247039795,0,0,CORRECT
reasonir,robotics,11,0.6916909217834473,0.015072464942932129,0.10462754964828491,0,1,INCORRECT
reasonir,robotics,12,0.6338628530502319,0.026210904121398926,0.06312698125839233,0,1,CORRECT
reasonir,robotics,16,0.6364210844039917,0.012446105480194092,0.030278325080871582,0,0,CORRECT
reasonir,robotics,15,0.6925208568572998,0.03890025615692139,0.06890881061553955,1,1,CORRECT
reasonir,robotics,18,0.732313871383667,0.04765826463699341,0.092709481716156,1,1,CORRECT
reasonir,robotics,19,0.5986031889915466,0.019465982913970947,0.05828195810317993,0,1,INCORRECT
reasonir,robotics,17,0.7269558906555176,0.034434616565704346,0.0780797004699707,1,1,CORRECT
reasonir,robotics,14,0.6344135999679565,0.00939565896987915,0.04909104108810425,0,0,INCORRECT
reasonir,robotics,21,0.7184882164001465,0.04916048049926758,0.09545999765396118,0,0,CORRECT
reasonir,robotics,20,0.6851027607917786,0.029997587203979492,0.06680768728256226,0,1,CORRECT
reasonir,robotics,25,0.6047671437263489,0.033507704734802246,0.08458930253982544,0,0,CORRECT
reasonir,robotics,27,0.6772595047950745,0.040237605571746826,0.13797593116760254,1,1,CORRECT
reasonir,robotics,22,0.6025940179824829,0.031346917152404785,0.0684586763381958,0,0,CORRECT
reasonir,robotics,23,0.670089066028595,0.029310941696166992,0.0666348934173584,1,1,CORRECT
reasonir,robotics,26,0.7304165363311768,0.06356078386306763,0.09968793392181396,0,1,INCORRECT
reasonir,robotics,24,0.6476281881332397,0.04042768478393555,0.0723721981048584,1,1,CORRECT
reasonir,robotics,28,0.6901227235794067,0.0,0.0421370267868042,0,0,CORRECT
reasonir,robotics,29,0.6790669560432434,0.05070525407791138,0.11611902713775635,0,0,CORRECT
reasonir,robotics,30,0.6230509877204895,0.0145912766456604,0.02334970235824585,0,0,CORRECT
reasonir,robotics,31,0.60231614112854,0.005716681480407715,0.04087179899215698,1,1,CORRECT
reasonir,robotics,32,0.6726150512695312,0.043399691581726074,0.08122211694717407,0,0,CORRECT
reasonir,robotics,34,0.6416981816291809,0.030694901943206787,0.09535890817642212,0,0,INCORRECT
reasonir,robotics,33,0.6795413494110107,0.03148931264877319,0.06486910581588745,0,0,CORRECT
reasonir,robotics,35,0.5924758315086365,0.03572458028793335,0.06634235382080078,0,0,CORRECT
reasonir,robotics,36,0.6498277187347412,0.04056084156036377,0.08467233180999756,1,1,CORRECT
reasonir,robotics,42,0.6369960904121399,0.04221004247665405,0.07497608661651611,0,0,CORRECT
reasonir,robotics,37,0.7103835940361023,0.04472273588180542,0.0733380913734436,0,0,CORRECT
reasonir,robotics,38,0.8237866163253784,0.11136358976364136,0.2186952829360962,1,1,CORRECT
reasonir,robotics,44,0.649152934551239,0.014956355094909668,0.037675678730010986,0,0,INCORRECT
reasonir,robotics,41,0.7353616952896118,0.012897610664367676,0.043282926082611084,0,0,CORRECT
reasonir,robotics,39,0.6394730806350708,0.008205771446228027,0.051519811153411865,0,1,CORRECT
reasonir,robotics,40,0.7301906943321228,0.06216377019882202,0.09072738885879517,0,1,INCORRECT
reasonir,robotics,45,0.7602114677429199,0.04045891761779785,0.08301305770874023,1,1,CORRECT
reasonir,robotics,43,0.6896398663520813,0.04382199048995972,0.07794970273971558,1,1,CORRECT
reasonir,robotics,46,0.670931339263916,0.03581440448760986,0.06906116008758545,0,0,CORRECT
reasonir,robotics,47,0.6812669038772583,0.00850003957748413,0.03519320487976074,1,1,CORRECT
reasonir,robotics,48,0.6423403024673462,0.05750298500061035,0.08937567472457886,1,1,CORRECT
reasonir,robotics,49,0.7351000905036926,0.05362206697463989,0.0939139723777771,1,1,CORRECT
reasonir,robotics,51,0.6480547189712524,0.030862808227539062,0.08620035648345947,0,0,CORRECT
reasonir,robotics,52,0.6335833072662354,0.03694939613342285,0.07250124216079712,0,0,CORRECT
reasonir,robotics,50,0.6659607291221619,0.021754086017608643,0.05759376287460327,0,1,CORRECT
reasonir,robotics,54,0.651694118976593,0.03592252731323242,0.07543861865997314,1,1,CORRECT
reasonir,robotics,53,0.6547390222549438,0.032883405685424805,0.07735514640808105,0,0,CORRECT
reasonir,robotics,55,0.7835038900375366,0.10546284914016724,0.2409687042236328,0,0,CORRECT
reasonir,robotics,60,0.6154133677482605,0.003614366054534912,0.04002910852432251,0,0,CORRECT
reasonir,robotics,57,0.6616072654724121,0.020601272583007812,0.07144200801849365,0,1,CORRECT
reasonir,robotics,56,0.682555079460144,0.013584792613983154,0.05923640727996826,0,1,CORRECT
reasonir,robotics,58,0.7258987426757812,0.024288415908813477,0.10190582275390625,0,1,CORRECT
reasonir,robotics,59,0.7056419849395752,0.06069380044937134,0.1197928786277771,0,1,CORRECT
reasonir,robotics,61,0.7077057361602783,0.044269680976867676,0.18887114524841309,0,0,INCORRECT
reasonir,robotics,62,0.8109307885169983,0.05115729570388794,0.17440921068191528,0,1,CORRECT
reasonir,robotics,63,0.7416003346443176,0.059832632541656494,0.11809641122817993,1,1,CORRECT
reasonir,robotics,67,0.6605788469314575,0.027476608753204346,0.06019735336303711,0,0,CORRECT
reasonir,robotics,65,0.6775412559509277,0.013134300708770752,0.051136553287506104,0,1,INCORRECT
reasonir,robotics,64,0.6856588125228882,0.04369533061981201,0.10243391990661621,1,1,CORRECT
reasonir,robotics,66,0.6879696846008301,0.0238187313079834,0.07120275497436523,0,1,CORRECT
reasonir,robotics,71,0.653749942779541,0.04782825708389282,0.06084132194519043,1,1,CORRECT
reasonir,robotics,70,0.7689719796180725,0.06205052137374878,0.12034845352172852,1,1,CORRECT
reasonir,robotics,68,0.7028316259384155,0.034411072731018066,0.09880954027175903,1,1,CORRECT
reasonir,robotics,78,0.7167607545852661,0.054752230644226074,0.08879095315933228,1,1,CORRECT
reasonir,robotics,72,0.6358588933944702,0.0513225793838501,0.0945432186126709,1,1,CORRECT
reasonir,robotics,69,0.7013309597969055,0.020308315753936768,0.07371997833251953,0,1,CORRECT
reasonir,robotics,73,0.63993239402771,0.019443750381469727,0.047365665435791016,1,1,CORRECT
reasonir,robotics,77,0.6570875644683838,0.027656495571136475,0.08387899398803711,0,0,INCORRECT
reasonir,robotics,76,0.6779234409332275,0.014736950397491455,0.07445085048675537,0,0,CORRECT
reasonir,robotics,75,0.7273805737495422,0.01972275972366333,0.07525026798248291,0,1,CORRECT
reasonir,robotics,74,0.70723557472229,0.023144900798797607,0.09418916702270508,0,0,INCORRECT
reasonir,robotics,92,0.613831639289856,0.06004256010055542,0.0905565619468689,1,1,CORRECT
reasonir,robotics,79,0.7429839968681335,0.055068373680114746,0.08300644159317017,0,0,CORRECT
reasonir,robotics,82,0.5610312223434448,0.01811981201171875,0.052932024002075195,0,0,CORRECT
reasonir,robotics,81,0.7250337600708008,0.01672184467315674,0.04873776435852051,0,0,CORRECT
reasonir,robotics,83,0.6954002380371094,0.04197680950164795,0.080222487449646,0,1,CORRECT
reasonir,robotics,80,0.6924154758453369,0.036027491092681885,0.07309913635253906,0,0,CORRECT
reasonir,robotics,88,0.6064289808273315,0.021158277988433838,0.05124008655548096,0,0,CORRECT
reasonir,robotics,89,0.7097415924072266,0.03261113166809082,0.08618539571762085,0,0,CORRECT
reasonir,robotics,86,0.6791832447052002,0.049130916595458984,0.10742843151092529,1,1,CORRECT
reasonir,robotics,85,0.679417073726654,0.05405908823013306,0.09313279390335083,1,1,CORRECT
reasonir,robotics,87,0.6362789869308472,0.028035461902618408,0.05591440200805664,0,0,INCORRECT
reasonir,robotics,94,0.7425175905227661,0.07158386707305908,0.11452645063400269,1,1,CORRECT
reasonir,robotics,93,0.9061476588249207,0.31574076414108276,0.3491435647010803,1,1,CORRECT
reasonir,robotics,91,0.6985528469085693,0.07008546590805054,0.14350223541259766,1,1,CORRECT
reasonir,robotics,84,0.7423861622810364,0.028662800788879395,0.18652981519699097,1,1,CORRECT
reasonir,robotics,90,0.6382912993431091,0.008449792861938477,0.05235326290130615,0,1,CORRECT
reasonir,robotics,98,0.6549791693687439,0.044593870639801025,0.08339583873748779,0,0,INCORRECT
reasonir,robotics,95,0.6680413484573364,0.03397059440612793,0.08950293064117432,0,0,INCORRECT
reasonir,robotics,99,0.705559492111206,0.03728538751602173,0.09676355123519897,0,0,CORRECT
reasonir,robotics,97,0.5812411308288574,0.018420100212097168,0.04957246780395508,0,0,CORRECT
reasonir,robotics,96,0.6829820871353149,0.034561336040496826,0.10022145509719849,0,0,INCORRECT
reasonir,robotics,100,0.6203042268753052,0.009567737579345703,0.04415702819824219,0,0,CORRECT
reasonir,stackoverflow,0,0.60939621925354,0.017605066299438477,0.07161319255828857,0,1,CORRECT
reasonir,stackoverflow,2,0.5919126868247986,0.013752162456512451,0.05443072319030762,1,1,CORRECT
reasonir,stackoverflow,1,0.6599099636077881,0.03785812854766846,0.07121139764785767,0,1,INCORRECT
reasonir,stackoverflow,3,0.6564012169837952,0.014816582202911377,0.043867528438568115,1,1,CORRECT
reasonir,stackoverflow,7,0.5023485422134399,0.010374397039413452,0.03394818305969238,0,0,INCORRECT
reasonir,stackoverflow,5,0.615707516670227,0.018154263496398926,0.055830538272857666,1,1,CORRECT
reasonir,stackoverflow,9,0.523912250995636,0.012105047702789307,0.043962299823760986,0,0,INCORRECT
reasonir,stackoverflow,4,0.5447064638137817,0.02943408489227295,0.07152265310287476,0,1,CORRECT
reasonir,stackoverflow,6,0.534433126449585,0.020598232746124268,0.037955909967422485,0,0,CORRECT
reasonir,stackoverflow,8,0.5720775723457336,0.025580108165740967,0.10085552930831909,1,1,CORRECT
reasonir,stackoverflow,10,0.6901816129684448,0.0053441524505615234,0.07109415531158447,0,1,CORRECT
reasonir,stackoverflow,11,0.6078651547431946,0.009115874767303467,0.031236112117767334,0,0,INCORRECT
reasonir,stackoverflow,14,0.6019842624664307,0.03533017635345459,0.10711342096328735,0,1,CORRECT
reasonir,stackoverflow,13,0.6081206202507019,0.017754018306732178,0.0446506142616272,0,1,CORRECT
reasonir,stackoverflow,15,0.5461567044258118,0.007845938205718994,0.018745124340057373,0,0,CORRECT
reasonir,stackoverflow,12,0.5821634531021118,0.03200256824493408,0.07121503353118896,1,1,INCORRECT
reasonir,stackoverflow,18,0.6997074484825134,0.020492136478424072,0.10218799114227295,0,0,CORRECT
reasonir,stackoverflow,19,0.5212002992630005,0.017374515533447266,0.039560139179229736,0,0,CORRECT
reasonir,stackoverflow,16,0.6536091566085815,0.03139841556549072,0.10269063711166382,1,1,CORRECT
reasonir,stackoverflow,20,0.6574086546897888,0.04378819465637207,0.09537512063980103,0,1,INCORRECT
reasonir,stackoverflow,17,0.597761332988739,0.01680511236190796,0.04567009210586548,0,0,CORRECT
reasonir,stackoverflow,24,0.6315453052520752,0.0049089789390563965,0.02019178867340088,0,0,CORRECT
reasonir,stackoverflow,25,0.6781362295150757,0.07549786567687988,0.12876403331756592,0,1,CORRECT
reasonir,stackoverflow,21,0.5219820737838745,0.09465935826301575,0.13549071550369263,0,1,CORRECT
reasonir,stackoverflow,23,0.6955546140670776,0.06452780961990356,0.11985313892364502,0,1,CORRECT
reasonir,stackoverflow,22,0.8616451621055603,0.06586980819702148,0.24575883150100708,0,0,INCORRECT
reasonir,stackoverflow,31,0.6758167147636414,0.07791018486022949,0.12359416484832764,1,1,CORRECT
reasonir,stackoverflow,26,0.5756051540374756,0.046610891819000244,0.08385598659515381,0,0,CORRECT
reasonir,stackoverflow,29,0.6866787672042847,0.04522907733917236,0.12491923570632935,0,0,CORRECT
reasonir,stackoverflow,28,0.5921957492828369,0.06317639350891113,0.09118640422821045,1,1,CORRECT
reasonir,stackoverflow,27,0.672042191028595,0.015114307403564453,0.11501634120941162,0,1,CORRECT
reasonir,stackoverflow,30,0.5244107246398926,0.020702779293060303,0.05233806371688843,0,1,INCORRECT
reasonir,stackoverflow,36,0.7052992582321167,0.028037726879119873,0.1650734543800354,0,0,INCORRECT
reasonir,stackoverflow,34,0.7000792026519775,0.04746735095977783,0.12913215160369873,1,1,CORRECT
reasonir,stackoverflow,33,0.6031712293624878,0.006360054016113281,0.03127533197402954,0,0,CORRECT
reasonir,stackoverflow,32,0.5599499344825745,0.013760089874267578,0.05099445581436157,0,0,INCORRECT
reasonir,stackoverflow,38,0.6690220832824707,0.02410203218460083,0.11455434560775757,0,1,INCORRECT
reasonir,stackoverflow,37,0.5837370157241821,0.021505355834960938,0.04743993282318115,1,1,CORRECT
reasonir,stackoverflow,40,0.5322200655937195,0.03315657377243042,0.07388880848884583,0,0,CORRECT
reasonir,stackoverflow,41,0.711538553237915,0.007779955863952637,0.0711061954498291,1,1,CORRECT
reasonir,stackoverflow,35,0.6094948649406433,0.0682370662689209,0.08978772163391113,0,0,CORRECT
reasonir,stackoverflow,42,0.6515481472015381,0.10304534435272217,0.2185414433479309,1,1,CORRECT
reasonir,stackoverflow,39,0.7503419518470764,0.09298676252365112,0.16014117002487183,1,1,CORRECT
reasonir,stackoverflow,44,0.669642448425293,0.09785890579223633,0.16285425424575806,1,1,CORRECT
reasonir,stackoverflow,47,0.72099769115448,0.05139601230621338,0.1351756453514099,0,1,CORRECT
reasonir,stackoverflow,46,0.539047360420227,0.02298218011856079,0.0844658613204956,1,1,CORRECT
reasonir,stackoverflow,43,0.6488901376724243,0.025249481201171875,0.0695728063583374,1,1,CORRECT
reasonir,stackoverflow,45,0.5958989858627319,0.03915739059448242,0.06257349252700806,1,1,CORRECT
reasonir,stackoverflow,48,0.6384754776954651,0.048066914081573486,0.16471657156944275,1,1,CORRECT
reasonir,stackoverflow,50,0.6626393795013428,0.012292683124542236,0.09773439168930054,0,1,CORRECT
reasonir,stackoverflow,49,0.5816610455513,0.034002602100372314,0.07752323150634766,1,1,CORRECT
reasonir,stackoverflow,54,0.6354547142982483,0.055720627307891846,0.11758244037628174,0,1,CORRECT
reasonir,stackoverflow,55,0.5527751445770264,0.046539902687072754,0.10366743803024292,1,1,CORRECT
reasonir,stackoverflow,52,0.6302217245101929,0.008004248142242432,0.07146620750427246,1,1,CORRECT
reasonir,stackoverflow,53,0.6551216244697571,0.017844736576080322,0.06622529029846191,0,1,CORRECT
reasonir,stackoverflow,51,0.5709990859031677,0.01789945363998413,0.06725805997848511,1,1,CORRECT
reasonir,stackoverflow,59,0.6466589570045471,0.04848682880401611,0.13964325189590454,0,0,CORRECT
reasonir,stackoverflow,57,0.6532171964645386,0.03552931547164917,0.05070871114730835,0,0,CORRECT
reasonir,stackoverflow,63,0.6524072289466858,0.10530334711074829,0.19417014718055725,0,1,CORRECT
reasonir,stackoverflow,58,0.5238512754440308,0.026396512985229492,0.054437339305877686,0,0,CORRECT
reasonir,stackoverflow,60,0.5919733047485352,0.07076960802078247,0.1178959310054779,0,1,CORRECT
reasonir,stackoverflow,61,0.6695438027381897,0.023130595684051514,0.08703595399856567,1,1,CORRECT
reasonir,stackoverflow,62,0.620330810546875,0.04289919137954712,0.09485816955566406,0,1,CORRECT
reasonir,stackoverflow,56,0.6772820353507996,0.03194147348403931,0.09464561939239502,0,1,CORRECT
reasonir,stackoverflow,70,0.6795788407325745,0.005728721618652344,0.06539863348007202,0,1,CORRECT
reasonir,stackoverflow,64,0.6524691581726074,0.01449817419052124,0.07079660892486572,1,1,CORRECT
reasonir,stackoverflow,68,0.680293619632721,0.027971923351287842,0.05669623613357544,0,0,CORRECT
reasonir,stackoverflow,69,0.6263364553451538,0.05087405443191528,0.09879481792449951,0,0,CORRECT
reasonir,stackoverflow,65,0.7310473918914795,0.0643278956413269,0.23162055015563965,0,0,CORRECT
reasonir,stackoverflow,67,0.4455535411834717,0.011715173721313477,0.039558470249176025,0,0,CORRECT
reasonir,stackoverflow,71,0.6322453022003174,0.09207040071487427,0.1632915735244751,0,0,CORRECT
reasonir,stackoverflow,66,0.6730100512504578,0.021915733814239502,0.06649452447891235,0,0,CORRECT
reasonir,stackoverflow,75,0.64785236120224,0.09282690286636353,0.15320605039596558,1,1,CORRECT
reasonir,stackoverflow,73,0.6152758598327637,0.02529197931289673,0.08039283752441406,0,0,INCORRECT
reasonir,stackoverflow,72,0.6867895126342773,0.0377693772315979,0.10352760553359985,1,1,CORRECT
reasonir,stackoverflow,74,0.6755081415176392,0.01373434066772461,0.05447268486022949,0,0,CORRECT
reasonir,stackoverflow,76,0.580508291721344,0.01399928331375122,0.06905263662338257,0,1,CORRECT
reasonir,stackoverflow,77,0.7026580572128296,0.04832887649536133,0.10823255777359009,0,0,INCORRECT
reasonir,stackoverflow,78,0.5463083386421204,0.03344005346298218,0.08970147371292114,0,0,INCORRECT
reasonir,stackoverflow,82,0.5757533311843872,0.06387001276016235,0.14248844981193542,1,1,CORRECT
reasonir,stackoverflow,79,0.5953723192214966,0.029691994190216064,0.07133972644805908,1,1,CORRECT
reasonir,stackoverflow,80,0.6790216565132141,0.0310211181640625,0.13118422031402588,0,0,CORRECT
reasonir,stackoverflow,86,0.6654138565063477,0.03020453453063965,0.12984967231750488,1,1,INCORRECT
reasonir,stackoverflow,81,0.6585335731506348,0.07466346025466919,0.10356676578521729,0,0,INCORRECT
reasonir,stackoverflow,84,0.5986031889915466,0.03829944133758545,0.11065638065338135,1,1,CORRECT
reasonir,stackoverflow,83,0.5944056510925293,0.04614603519439697,0.10158458352088928,1,1,CORRECT
reasonir,stackoverflow,85,0.6275395750999451,0.0201261043548584,0.08641296625137329,1,1,CORRECT
reasonir,stackoverflow,87,0.693940281867981,0.035074830055236816,0.08676373958587646,0,0,CORRECT
reasonir,stackoverflow,88,0.6806416511535645,0.07375788688659668,0.18684464693069458,0,1,CORRECT
reasonir,stackoverflow,91,0.6072457432746887,0.047894835472106934,0.08452820777893066,0,1,CORRECT
reasonir,stackoverflow,89,0.5661336779594421,0.026834547519683838,0.05595409870147705,1,1,CORRECT
reasonir,stackoverflow,90,0.6589843034744263,0.06769585609436035,0.11952531337738037,0,0,CORRECT
reasonir,stackoverflow,93,0.7316349744796753,0.1008039116859436,0.1545519232749939,0,0,INCORRECT
reasonir,stackoverflow,94,0.4776313304901123,0.025405824184417725,0.06288570165634155,0,1,CORRECT
reasonir,stackoverflow,92,0.63874751329422,0.06653445959091187,0.10815054178237915,1,1,CORRECT
reasonir,stackoverflow,95,0.7476961612701416,0.15101486444473267,0.25612229108810425,0,0,CORRECT
reasonir,stackoverflow,96,0.5184059739112854,0.026599198579788208,0.07117000222206116,0,1,CORRECT
reasonir,stackoverflow,97,0.5311415195465088,0.03681933879852295,0.07732811570167542,0,0,CORRECT
reasonir,stackoverflow,98,0.7415508031845093,0.042717158794403076,0.15931004285812378,0,1,INCORRECT
reasonir,stackoverflow,99,0.5673956871032715,0.02919304370880127,0.07295060157775879,1,1,CORRECT
reasonir,stackoverflow,100,0.7607175707817078,0.11675149202346802,0.20727044343948364,0,1,CORRECT
reasonir,stackoverflow,102,0.6167028546333313,0.09359830617904663,0.17216765880584717,1,1,CORRECT
reasonir,stackoverflow,103,0.7840459942817688,0.18127554655075073,0.25501465797424316,1,1,CORRECT
reasonir,stackoverflow,106,0.6456186175346375,0.058514177799224854,0.09386676549911499,0,1,INCORRECT
reasonir,stackoverflow,105,0.6805882453918457,0.05191737413406372,0.11374491453170776,1,1,CORRECT
reasonir,stackoverflow,110,0.6466979384422302,0.026211559772491455,0.0702325701713562,1,1,CORRECT
reasonir,stackoverflow,108,0.6545916795730591,0.022203028202056885,0.07264411449432373,0,1,CORRECT
reasonir,stackoverflow,101,0.6360628604888916,0.008894860744476318,0.030028879642486572,0,0,CORRECT
reasonir,stackoverflow,107,0.7531188726425171,0.0591660737991333,0.13755083084106445,1,1,CORRECT
reasonir,stackoverflow,104,0.6083061099052429,0.04071617126464844,0.08753097057342529,0,1,CORRECT
reasonir,stackoverflow,109,0.6868042945861816,0.05623835325241089,0.14977788925170898,0,0,CORRECT
reasonir,stackoverflow,112,0.7191578149795532,0.005932867527008057,0.08942908048629761,0,1,CORRECT
reasonir,stackoverflow,113,0.6573406457901001,0.04605305194854736,0.09797298908233643,0,1,CORRECT
reasonir,stackoverflow,111,0.5766639113426208,0.015146255493164062,0.04888349771499634,0,1,CORRECT
reasonir,stackoverflow,114,0.7127205729484558,0.05963951349258423,0.0947309136390686,1,1,CORRECT
reasonir,stackoverflow,116,0.6371752023696899,0.03770041465759277,0.08374476432800293,0,0,CORRECT
reasonir,sustainable_living,8,0.6305855512619019,0.018142223358154297,0.046685874462127686,0,0,INCORRECT
reasonir,sustainable_living,0,0.5782957673072815,0.01966094970703125,0.0561639666557312,0,1,CORRECT
reasonir,sustainable_living,1,0.5446510314941406,0.03834718465805054,0.08480244874954224,0,1,CORRECT
reasonir,stackoverflow,115,0.5174242258071899,0.009574353694915771,0.041449010372161865,1,1,INCORRECT
reasonir,sustainable_living,6,0.5670676231384277,0.0263216495513916,0.08082374930381775,1,1,CORRECT
reasonir,sustainable_living,10,0.5548571348190308,0.020923912525177002,0.06210672855377197,0,0,INCORRECT
reasonir,sustainable_living,4,0.559171736240387,0.03911149501800537,0.07356107234954834,0,0,INCORRECT
reasonir,sustainable_living,2,0.7189700603485107,0.03536313772201538,0.1272261142730713,0,1,CORRECT
reasonir,sustainable_living,5,0.6589936017990112,0.03838902711868286,0.08262616395950317,0,0,CORRECT
reasonir,sustainable_living,3,0.49276238679885864,0.008343935012817383,0.041742801666259766,0,1,CORRECT
reasonir,sustainable_living,9,0.5266178846359253,0.025996088981628418,0.06458297371864319,1,1,CORRECT
reasonir,sustainable_living,7,0.6016198992729187,0.09527158737182617,0.14524447917938232,0,0,CORRECT
reasonir,sustainable_living,12,0.6225414276123047,0.07701092958450317,0.16417545080184937,0,0,CORRECT
reasonir,sustainable_living,11,0.5800467133522034,0.022908270359039307,0.06857281923294067,0,0,CORRECT
reasonir,sustainable_living,13,0.5642824769020081,0.05333912372589111,0.10520324110984802,1,1,CORRECT
reasonir,sustainable_living,24,0.5392060279846191,0.010360002517700195,0.07015714049339294,0,0,INCORRECT
reasonir,sustainable_living,15,0.5658947825431824,0.046899378299713135,0.1387079954147339,0,1,INCORRECT
reasonir,sustainable_living,17,0.5227449536323547,0.03206902742385864,0.06888377666473389,0,0,CORRECT
reasonir,sustainable_living,14,0.5881300568580627,0.02523857355117798,0.06431639194488525,0,0,INCORRECT
reasonir,sustainable_living,16,0.5366938710212708,0.008496105670928955,0.062030792236328125,0,1,CORRECT
reasonir,sustainable_living,19,0.6543894410133362,0.01648080348968506,0.04642969369888306,0,1,CORRECT
reasonir,sustainable_living,18,0.5478238463401794,0.04688572883605957,0.09493878483772278,0,0,INCORRECT
reasonir,sustainable_living,23,0.6137353181838989,0.06273508071899414,0.12906193733215332,1,1,CORRECT
reasonir,sustainable_living,21,0.6365461349487305,0.048580706119537354,0.09115886688232422,0,1,CORRECT
reasonir,sustainable_living,26,0.6421546339988708,0.04625290632247925,0.10710155963897705,1,1,CORRECT
reasonir,sustainable_living,22,0.5073022842407227,0.012072235345840454,0.03430086374282837,0,1,CORRECT
reasonir,sustainable_living,20,0.6199678182601929,0.07581520080566406,0.11929422616958618,1,1,CORRECT
reasonir,sustainable_living,25,0.5813714861869812,0.014752626419067383,0.06099724769592285,0,0,CORRECT
reasonir,sustainable_living,27,0.5376467108726501,0.026484012603759766,0.046189069747924805,0,1,CORRECT
reasonir,sustainable_living,28,0.5088809728622437,0.04379335045814514,0.07251974940299988,1,1,CORRECT
reasonir,sustainable_living,29,0.5368319153785706,0.02229219675064087,0.055530548095703125,0,0,INCORRECT
reasonir,sustainable_living,35,0.533447265625,0.032432496547698975,0.0591106116771698,0,0,INCORRECT
reasonir,sustainable_living,34,0.5648733973503113,0.02282196283340454,0.05649930238723755,0,0,INCORRECT
reasonir,sustainable_living,31,0.6311448216438293,0.04883396625518799,0.1384904980659485,0,1,CORRECT
reasonir,sustainable_living,33,0.6160718202590942,0.014880180358886719,0.13108700513839722,0,1,CORRECT
reasonir,sustainable_living,32,0.5700194239616394,0.05404865741729736,0.09077337384223938,1,1,CORRECT
reasonir,sustainable_living,30,0.6587726473808289,0.07116162776947021,0.13014966249465942,1,1,INCORRECT
reasonir,sustainable_living,36,0.6035564541816711,0.0402262806892395,0.08358585834503174,0,0,INCORRECT
reasonir,sustainable_living,41,0.5311278700828552,0.012104332447052002,0.04132872819900513,0,1,CORRECT
reasonir,sustainable_living,44,0.6006272435188293,0.06698179244995117,0.12736332416534424,1,1,CORRECT
reasonir,sustainable_living,40,0.6188676953315735,0.0684087872505188,0.15728625655174255,1,1,INCORRECT
reasonir,sustainable_living,38,0.5252504348754883,0.03269580006599426,0.0831025242805481,0,0,CORRECT
reasonir,sustainable_living,42,0.6617469787597656,0.025976479053497314,0.07931327819824219,1,1,CORRECT
reasonir,sustainable_living,46,0.5263508558273315,0.03442433476448059,0.0741952657699585,0,0,CORRECT
reasonir,sustainable_living,43,0.6321122646331787,0.08139991760253906,0.13401862978935242,0,1,CORRECT
reasonir,sustainable_living,37,0.502061128616333,0.019138246774673462,0.0442160964012146,0,0,INCORRECT
reasonir,sustainable_living,48,0.5832479596138,0.01817786693572998,0.10352522134780884,0,1,CORRECT
reasonir,sustainable_living,47,0.5460458993911743,0.012072503566741943,0.03169471025466919,0,0,CORRECT
reasonir,sustainable_living,39,0.6367999315261841,0.062691330909729,0.1260472536087036,1,1,CORRECT
reasonir,sustainable_living,51,0.6580309271812439,0.05323058366775513,0.1604393720626831,1,1,CORRECT
reasonir,sustainable_living,49,0.6077941060066223,0.017342209815979004,0.06313037872314453,0,1,CORRECT
reasonir,sustainable_living,45,0.6806095242500305,0.07436710596084595,0.11631876230239868,1,1,CORRECT
reasonir,sustainable_living,52,0.5198162198066711,0.02537304162979126,0.06762397289276123,0,1,INCORRECT
reasonir,sustainable_living,50,0.629166305065155,0.02706688642501831,0.10309672355651855,0,1,CORRECT
reasonir,sustainable_living,53,0.5050684213638306,0.033783942461013794,0.07694712281227112,0,0,INCORRECT
reasonir,sustainable_living,54,0.6922203302383423,0.024575471878051758,0.13234293460845947,1,1,CORRECT
reasonir,sustainable_living,69,0.5813311338424683,0.011555075645446777,0.06933671236038208,1,1,CORRECT
reasonir,sustainable_living,60,0.5968590974807739,0.014756619930267334,0.087185800075531,0,0,INCORRECT
reasonir,sustainable_living,59,0.5385211110115051,0.03344970941543579,0.07143378257751465,0,0,INCORRECT
reasonir,sustainable_living,58,0.5659486651420593,0.02316737174987793,0.08088535070419312,1,1,CORRECT
reasonir,sustainable_living,55,0.6294942498207092,0.1140853762626648,0.18379822373390198,1,1,CORRECT
reasonir,sustainable_living,56,0.76547771692276,0.08634305000305176,0.14217209815979004,0,1,CORRECT
reasonir,sustainable_living,57,0.6408311724662781,0.02849668264389038,0.10280126333236694,1,1,CORRECT
reasonir,sustainable_living,62,0.5288770794868469,0.02682596445083618,0.0606117844581604,0,1,CORRECT
reasonir,sustainable_living,61,0.6026866436004639,0.015801310539245605,0.06813085079193115,1,1,CORRECT
reasonir,sustainable_living,64,0.606987476348877,0.06228584051132202,0.09842979907989502,0,0,CORRECT
reasonir,sustainable_living,63,0.6416990756988525,0.05207425355911255,0.08421963453292847,0,1,CORRECT
reasonir,sustainable_living,67,0.582267165184021,0.04114657640457153,0.08343192934989929,0,1,CORRECT
reasonir,sustainable_living,66,0.6014246940612793,0.05387544631958008,0.10119956731796265,1,1,CORRECT
reasonir,sustainable_living,65,0.5395803451538086,0.010098755359649658,0.05944380164146423,1,1,INCORRECT
reasonir,sustainable_living,68,0.4886801540851593,0.022262543439865112,0.06514173746109009,0,0,INCORRECT
reasonir,sustainable_living,73,0.6083807945251465,0.052799761295318604,0.08520346879959106,1,1,CORRECT
reasonir,sustainable_living,70,0.6215188503265381,0.038590192794799805,0.07642906904220581,1,1,CORRECT
reasonir,sustainable_living,71,0.602711021900177,0.027000248432159424,0.0743531584739685,0,0,CORRECT
reasonir,sustainable_living,72,0.6188725829124451,0.05936634540557861,0.1097528338432312,0,1,INCORRECT
reasonir,sustainable_living,75,0.667685329914093,0.06063717603683472,0.10835832357406616,0,0,INCORRECT
reasonir,sustainable_living,79,0.5879226922988892,0.058937788009643555,0.09806674718856812,0,0,INCORRECT
reasonir,sustainable_living,77,0.5545699000358582,0.02649742364883423,0.05062586069107056,0,1,INCORRECT
reasonir,sustainable_living,74,0.5071326494216919,0.03945043683052063,0.06817975640296936,0,0,CORRECT
reasonir,sustainable_living,76,0.5969381332397461,0.03908348083496094,0.09236019849777222,1,1,CORRECT
reasonir,sustainable_living,80,0.5273927450180054,0.04336020350456238,0.11635452508926392,0,0,INCORRECT
reasonir,sustainable_living,82,0.64280766248703,0.09436672925949097,0.16433146595954895,1,1,CORRECT
reasonir,sustainable_living,83,0.6371842622756958,0.05809551477432251,0.13745707273483276,1,1,CORRECT
reasonir,sustainable_living,78,0.6015996336936951,0.08296531438827515,0.12901023030281067,0,1,CORRECT
reasonir,sustainable_living,81,0.6162656545639038,0.022458791732788086,0.09773397445678711,0,0,CORRECT
reasonir,sustainable_living,85,0.5905899405479431,0.08749121427536011,0.1262882947921753,0,1,CORRECT
reasonir,sustainable_living,84,0.6187574863433838,0.045119285583496094,0.14133942127227783,1,1,CORRECT
reasonir,sustainable_living,86,0.6918948888778687,0.07682311534881592,0.11290067434310913,0,1,CORRECT
reasonir,sustainable_living,87,0.6098389029502869,0.03198349475860596,0.0765112042427063,0,1,CORRECT
reasonir,sustainable_living,89,0.5531869530677795,0.017408430576324463,0.04593783617019653,0,0,INCORRECT
reasonir,sustainable_living,88,0.5510607957839966,0.019169270992279053,0.06811565160751343,1,1,INCORRECT
reasonir,sustainable_living,91,0.6025229096412659,0.01315915584564209,0.08418548107147217,0,0,INCORRECT
reasonir,sustainable_living,95,0.5343797206878662,0.02571648359298706,0.05786427855491638,1,1,CORRECT
reasonir,sustainable_living,90,0.5714205503463745,0.038932204246520996,0.07612636685371399,0,0,INCORRECT
reasonir,sustainable_living,92,0.5450223684310913,0.07677137851715088,0.11203151941299438,0,1,CORRECT
reasonir,sustainable_living,93,0.5825333595275879,0.006453454494476318,0.061233460903167725,0,0,CORRECT
reasonir,sustainable_living,94,0.5214471220970154,0.014572978019714355,0.06421804428100586,0,0,CORRECT
reasonir,sustainable_living,96,0.6463371515274048,0.05915391445159912,0.11103290319442749,0,1,CORRECT
reasonir,sustainable_living,99,0.627622663974762,0.017563939094543457,0.06730508804321289,0,1,INCORRECT
reasonir,sustainable_living,98,0.7091764807701111,0.09424430131912231,0.16063261032104492,0,0,INCORRECT
reasonir,sustainable_living,97,0.5969031453132629,0.03594386577606201,0.08842819929122925,0,0,INCORRECT
reasonir,sustainable_living,105,0.619049608707428,0.013954699039459229,0.03888767957687378,0,0,INCORRECT
reasonir,sustainable_living,100,0.5406506657600403,0.026276886463165283,0.06236523389816284,0,1,CORRECT
reasonir,sustainable_living,101,0.6428309082984924,0.020793497562408447,0.100674569606781,1,1,CORRECT
reasonir,sustainable_living,102,0.5726920366287231,0.016658544540405273,0.055762648582458496,0,0,INCORRECT
reasonir,sustainable_living,103,0.6690075993537903,0.00978398323059082,0.0488734245300293,1,1,CORRECT
reasonir,sustainable_living,104,0.5480567812919617,0.025397539138793945,0.05199390649795532,0,1,INCORRECT
reasonir,sustainable_living,107,0.5371182560920715,0.04275527596473694,0.09288984537124634,1,1,CORRECT
reasonir,sustainable_living,106,0.5114596486091614,0.011550545692443848,0.04008680582046509,1,1,INCORRECT
reasonir,theoremqa_questions,TheoremQA_elainewan/math_calculus_5_2.json,0.5764902234077454,0.021591007709503174,0.07111698389053345,0,0,INCORRECT
reasonir,theoremqa_questions,TheoremQA_jianyu_xu/pigeonhole_2.json,0.48654866218566895,0.016627639532089233,0.024539947509765625,0,0,CORRECT
reasonir,theoremqa_questions,TheoremQA_wenhuchen/eigen_value1.json,0.5445360541343689,0.00880277156829834,0.031122446060180664,0,0,INCORRECT
reasonir,theoremqa_questions,TheoremQA_xinyi/rotation.json,0.5583316087722778,0.007724165916442871,0.06626465916633606,0,0,INCORRECT
reasonir,theoremqa_questions,TheoremQA_wenhuchen/definite_matrix1.json,0.62319016456604,0.15403491258621216,0.219618558883667,1,1,INCORRECT
reasonir,theoremqa_questions,TheoremQA_jianyu_xu/pigeonhole_3.json,0.4831289052963257,0.006921321153640747,0.03863495588302612,0,0,CORRECT
reasonir,theoremqa_questions,TheoremQA_elainewan/math_algebra_1_2.json,0.5254073143005371,0.04369845986366272,0.06209668517112732,0,0,CORRECT
reasonir,theoremqa_questions,TheoremQA_elainewan/math_algebra_1.json,0.5813604593276978,0.03587454557418823,0.06971162557601929,0,0,CORRECT
reasonir,theoremqa_questions,TheoremQA_xueguangma/future_value_2.json,0.6468081474304199,0.020173192024230957,0.03312140703201294,0,0,INCORRECT
reasonir,theoremqa_questions,TheoremQA_wenhuchen/optics2.json,0.5062736868858337,0.052591174840927124,0.07608464360237122,1,1,CORRECT
reasonir,theoremqa_questions,TheoremQA_wenhuchen/L'Hôpital_rule1.json,0.5094534158706665,0.041617363691329956,0.057595402002334595,1,1,CORRECT
reasonir,theoremqa_questions,TheoremQA_maxku/cv-imageprocessing6-histogram.json,0.4682823717594147,0.013379424810409546,0.029633790254592896,0,1,INCORRECT
reasonir,theoremqa_questions,TheoremQA_elainewan/math_algebra_4.json,0.5254607796669006,0.08339977264404297,0.10330739617347717,0,0,CORRECT
reasonir,theoremqa_questions,TheoremQA_elainewan/math_calculus_2_11.json,0.4400814175605774,0.013587355613708496,0.026246219873428345,0,0,CORRECT
reasonir,theoremqa_questions,TheoremQA_wenhuchen/optics7.json,0.5076413750648499,0.05664774775505066,0.1395363211631775,1,1,CORRECT
reasonir,theoremqa_questions,TheoremQA_elainewan/math_calculus_2_5.json,0.5054236650466919,0.028363585472106934,0.061038702726364136,1,1,CORRECT
reasonir,theoremqa_questions,TheoremQA_tonyxia/euler-graph3.json,0.5973719358444214,0.06791383028030396,0.12833639979362488,1,1,CORRECT
reasonir,theoremqa_questions,TheoremQA_wenhuchen/gauss_lemma.json,0.48530814051628113,0.026040852069854736,0.04562804102897644,1,1,INCORRECT
reasonir,theoremqa_questions,TheoremQA_xueguangma/dividend_discount_model_2.json,0.6478462219238281,0.10297930240631104,0.1515478491783142,1,1,INCORRECT
reasonir,theoremqa_questions,TheoremQA_xinyi/maximum_entropy_2.json,0.4981510043144226,0.10373955965042114,0.1346890926361084,1,1,INCORRECT
reasonir,theoremqa_questions,TheoremQA_mingyin/stopping-time1.json,0.49091365933418274,0.07307130098342896,0.10502892732620239,1,1,INCORRECT
reasonir,theoremqa_questions,TheoremQA_panlu/similarity2.json,0.48161253333091736,0.016675204038619995,0.024609804153442383,0,0,CORRECT
reasonir,theoremqa_questions,TheoremQA_maxku/signalprocessing11-nyquist.json,0.6497300863265991,0.13521140813827515,0.20812103152275085,1,1,CORRECT
reasonir,theoremqa_questions,TheoremQA_jianyu_xu/Stirling_number_first_kind_5.json,0.64493328332901,0.024428367614746094,0.065859854221344,0,1,CORRECT
reasonir,theoremqa_questions,TheoremQA_maxku/cv-colorsci2-hsi.json,0.5725476145744324,0.22352325916290283,0.23915234208106995,1,1,CORRECT
reasonir,theoremqa_questions,TheoremQA_xueguangma/forward_price_2.json,0.5993495583534241,0.04413771629333496,0.10175731778144836,1,1,INCORRECT
reasonir,theoremqa_questions,TheoremQA_jianyu_xu/combination_1.json,0.6458547711372375,0.006135106086730957,0.02238142490386963,0,0,INCORRECT
reasonir,theoremqa_questions,TheoremQA_maxku/ipnetwork13-hammingdist.json,0.5145083069801331,0.05405202507972717,0.09431403875350952,1,1,CORRECT
reasonir,theoremqa_questions,TheoremQA_xinyi/linear_projection.json,0.559142529964447,0.04510301351547241,0.08764368295669556,0,0,CORRECT
reasonir,theoremqa_questions,TheoremQA_tonyxia/semiconductor1.json,0.5228668451309204,0.06054377555847168,0.09718203544616699,0,0,CORRECT
reasonir,theoremqa_questions,TheoremQA_maxku/signalprocessing15-DB.json,0.48874443769454956,0.0966472327709198,0.13009372353553772,1,1,INCORRECT
reasonir,theoremqa_questions,TheoremQA_maxku/signalprocessing5-nyquist.json,0.6094497442245483,0.04766660928726196,0.17635950446128845,1,1,CORRECT
reasonir,theoremqa_questions,TheoremQA_wenhuchen/Liouville’s_theorem1.json,0.5415086150169373,0.15397706627845764,0.18235772848129272,1,1,CORRECT
reasonir,theoremqa_questions,TheoremQA_mingyin/series2.json,0.5588693618774414,0.02087634801864624,0.05182260274887085,0,0,INCORRECT
reasonir,theoremqa_questions,TheoremQA_wenhuchen/ODE2.json,0.5734648704528809,0.03627979755401611,0.05585503578186035,0,0,INCORRECT
reasonir,theoremqa_questions,TheoremQA_mingyin/Lebesgue-measure1.json,0.5120363235473633,0.012391656637191772,0.05366158485412598,0,0,INCORRECT
reasonir,theoremqa_questions,TheoremQA_elainewan/math_abstact_algebra_7_8.json,0.5564336180686951,0.04445129632949829,0.08049207925796509,0,0,CORRECT
reasonir,theoremqa_questions,TheoremQA_xueguangma/taylors_approximation_theorem.json,0.5244703888893127,0.03034740686416626,0.056981682777404785,0,0,INCORRECT
reasonir,theoremqa_questions,TheoremQA_elainewan/math_algebra_5.json,0.5566462278366089,0.008717656135559082,0.032125771045684814,0,0,INCORRECT
reasonir,theoremqa_questions,TheoremQA_panlu/rigid-body3.json,0.4790519177913666,0.010611355304718018,0.03513219952583313,0,0,CORRECT
reasonir,theoremqa_questions,TheoremQA_xinyi/cramer_rao_lower_bound_2.json,0.6450029015541077,0.2097296416759491,0.23695126175880432,1,1,INCORRECT
reasonir,theoremqa_questions,TheoremQA_xueguangma/spot_rate.json,0.6389130353927612,0.07283765077590942,0.12324798107147217,0,1,INCORRECT
reasonir,theoremqa_questions,TheoremQA_xueguangma/binomial_model_2.json,0.6426960229873657,0.017722368240356445,0.0384637713432312,0,0,INCORRECT
reasonir,theoremqa_questions,TheoremQA_panlu/molar_heat_capacity2.json,0.47996312379837036,0.010102421045303345,0.0309770405292511,1,1,INCORRECT
reasonir,theoremqa_questions,TheoremQA_mingyin/cauchy-integral-theorem1.json,0.5831875801086426,0.11910778284072876,0.15405699610710144,1,1,INCORRECT
reasonir,theoremqa_questions,TheoremQA_tonyxia/wave2.json,0.42006462812423706,0.021632879972457886,0.054259538650512695,1,1,INCORRECT
reasonir,theoremqa_questions,TheoremQA_wenhuchen/determinant2.json,0.5101234316825867,0.04783490300178528,0.07478779554367065,1,1,CORRECT
reasonir,theoremqa_questions,TheoremQA_elainewan/math_abstact_algebra_7_5.json,0.5407565832138062,0.056368112564086914,0.07427915930747986,0,0,INCORRECT
reasonir,theoremqa_questions,TheoremQA_wenhuchen/determinant1.json,0.5372642278671265,0.05250579118728638,0.07917231321334839,1,1,CORRECT
reasonir,theoremqa_questions,TheoremQA_jianyu_xu/Ramsey_4.json,0.5115411281585693,0.01714310050010681,0.04561832547187805,0,0,INCORRECT
reasonir,theoremqa_questions,TheoremQA_wenhuchen/trapezoidal_rule2.json,0.4920879602432251,0.004763603210449219,0.015738248825073242,0,0,INCORRECT
reasonir,theoremqa_questions,TheoremQA_xinyi/huffman_code_1.json,0.5307861566543579,0.09359109401702881,0.11188018321990967,1,1,INCORRECT
reasonir,theoremqa_questions,TheoremQA_xueguangma/dividend_discount_model_5.json,0.6541039347648621,0.12819379568099976,0.14931029081344604,1,1,INCORRECT
reasonir,theoremqa_questions,TheoremQA_wenhuchen/ODE3.json,0.4497532844543457,0.007729619741439819,0.02213883399963379,0,0,INCORRECT
reasonir,theoremqa_questions,TheoremQA_maxku/signalprocessing6-Ztransform.json,0.40222978591918945,0.03673449158668518,0.04788467288017273,1,1,CORRECT
reasonir,theoremqa_questions,TheoremQA_maxku/graphtheory5-vertexcover.json,0.4285133481025696,0.015129536390304565,0.029390007257461548,1,1,CORRECT
reasonir,theoremqa_questions,TheoremQA_maxku/ipnetwork4-mac.json,0.5222129225730896,0.011918723583221436,0.02918967604637146,0,0,INCORRECT
reasonir,theoremqa_questions,TheoremQA_maxku/ipnetwork5-mac.json,0.44224992394447327,0.01458728313446045,0.027516454458236694,0,0,INCORRECT
reasonir,theoremqa_questions,TheoremQA_wenhuchen/t_test1.json,0.5160062909126282,0.04832819104194641,0.1128033697605133,1,1,CORRECT
reasonir,theoremqa_questions,TheoremQA_tonyxia/semiconductor5.json,0.39957231283187866,0.0022148191928863525,0.039139240980148315,0,0,INCORRECT
reasonir,theoremqa_questions,TheoremQA_maxku/ipnetwork14-hammingdist.json,0.5516688823699951,0.0650155246257782,0.1122000515460968,1,1,INCORRECT
reasonir,theoremqa_questions,TheoremQA_panlu/molar_heat_capacity1.json,0.5626339912414551,0.0719645619392395,0.08738777041435242,1,1,INCORRECT
reasonir,theoremqa_questions,TheoremQA_wenhuchen/viterbi2.json,0.6856127381324768,0.16182255744934082,0.19486954808235168,1,1,CORRECT
reasonir,theoremqa_questions,TheoremQA_jianyu_xu/Ramsey_2.json,0.5273035168647766,0.0457020103931427,0.078215092420578,1,1,CORRECT
reasonir,theoremqa_questions,TheoremQA_maxku/graphtheory7-shortestpath.json,0.5515791773796082,0.0975838303565979,0.15799930691719055,1,1,CORRECT
reasonir,theoremqa_questions,TheoremQA_elainewan/math_calculus_12.json,0.6371074318885803,0.06472724676132202,0.1041681170463562,0,0,CORRECT
reasonir,theoremqa_questions,TheoremQA_wenhuchen/gauss_lemma2.json,0.470115602016449,0.024132490158081055,0.04318273067474365,0,0,CORRECT
reasonir,theoremqa_questions,TheoremQA_xinyi/dag_2.json,0.4497234523296356,0.0848509669303894,0.13081055879592896,1,1,CORRECT
reasonir,theoremqa_questions,TheoremQA_tonyxia/statisticalphysics2.json,0.5273954272270203,0.05693921446800232,0.10890600085258484,0,1,CORRECT
reasonir,theoremqa_questions,TheoremQA_elainewan/econ_micro_7.json,0.5489386320114136,0.07162976264953613,0.09776589274406433,1,1,INCORRECT
reasonir,theoremqa_questions,TheoremQA_tonyxia/semiconductor3.json,0.6172190308570862,0.1704951822757721,0.21362733840942383,1,1,INCORRECT
reasonir,theoremqa_questions,TheoremQA_wenhuchen/optics8.json,0.5636688470840454,0.15133041143417358,0.17285412549972534,1,1,INCORRECT
reasonir,theoremqa_questions,TheoremQA_elainewan/math_algebra_3_2.json,0.545154333114624,0.07592171430587769,0.10477051138877869,1,1,INCORRECT
reasonir,theoremqa_questions,TheoremQA_tonyxia/particle6.json,0.5925346612930298,0.17102521657943726,0.19230440258979797,1,1,CORRECT
reasonir,theoremqa_questions,TheoremQA_xinyi/channel_capacity_1.json,0.43041256070137024,0.0384710431098938,0.07127922773361206,1,1,CORRECT
reasonir,theoremqa_questions,TheoremQA_panlu/angular_frequency3.json,0.5920518040657043,0.021112501621246338,0.060239970684051514,0,0,CORRECT
reasonir,theoremqa_questions,TheoremQA_panlu/trapezoid1.json,0.5395147204399109,0.010275781154632568,0.02861422300338745,0,0,INCORRECT
reasonir,theoremqa_questions,TheoremQA_maxku/cv-cnn4.json,0.518611490726471,0.049047112464904785,0.09615218639373779,0,1,CORRECT
reasonir,theoremqa_questions,TheoremQA_maxku/graphtheory3-vertexcover.json,0.45492875576019287,0.015982240438461304,0.047782301902770996,1,1,CORRECT
reasonir,theoremqa_questions,TheoremQA_jianyu_xu/Stirling_number_second_kind_6.json,0.6272600889205933,0.03892791271209717,0.06050682067871094,0,1,INCORRECT
reasonir,theoremqa_questions,TheoremQA_wenhuchen/Rolle's_theorem.json,0.48144909739494324,0.03612196445465088,0.04527193307876587,0,0,CORRECT
reasonir,theoremqa_questions,TheoremQA_wenhuchen/t_test2.json,0.571323812007904,0.0798812210559845,0.1365247666835785,1,1,INCORRECT
reasonir,theoremqa_questions,TheoremQA_jianyu_xu/Stirling_number_second_kind_3.json,0.626993715763092,0.007268786430358887,0.03137081861495972,0,0,INCORRECT
reasonir,theoremqa_questions,TheoremQA_elainewan/econ_micro_14_3.json,0.6466342806816101,0.014039099216461182,0.030248045921325684,0,0,CORRECT
reasonir,theoremqa_questions,TheoremQA_maxku/graphtheory10-shortestpath.json,0.5599234700202942,0.10062304139137268,0.1415368616580963,1,1,CORRECT
reasonir,theoremqa_questions,TheoremQA_wenhuchen/euler's_method1.json,0.45258739590644836,0.012300759553909302,0.029844671487808228,0,0,INCORRECT
reasonir,theoremqa_questions,TheoremQA_wenhuchen/euler's_method2.json,0.5065433979034424,0.033083319664001465,0.052132606506347656,0,1,INCORRECT
reasonir,theoremqa_questions,TheoremQA_wenhuchen/double_integral2.json,0.5162467360496521,0.011087596416473389,0.025260567665100098,0,0,INCORRECT
reasonir,theoremqa_questions,TheoremQA_jianyu_xu/Catalan_2.json,0.5918322801589966,0.027966976165771484,0.0947413444519043,0,0,CORRECT
reasonir,theoremqa_questions,TheoremQA_wenhuchen/cauchy_integral1.json,0.5093119740486145,0.0039694905281066895,0.0392264723777771,0,0,INCORRECT
reasonir,theoremqa_questions,TheoremQA_panlu/gravitational_force1.json,0.5995400547981262,0.1347770094871521,0.18836623430252075,1,1,CORRECT
reasonir,theoremqa_questions,TheoremQA_xueguangma/forward_price_1.json,0.5606040358543396,0.03856360912322998,0.071694016456604,1,1,CORRECT
reasonir,theoremqa_questions,TheoremQA_maxku/signalprocessing13-Ztransform.json,0.5801717638969421,0.15218991041183472,0.18755468726158142,1,1,CORRECT
reasonir,theoremqa_questions,TheoremQA_jianyu_xu/Multinomial_2.json,0.6754561066627502,0.044887006282806396,0.08086216449737549,0,0,CORRECT
reasonir,theoremqa_questions,TheoremQA_maxku/signalprocessing19-period.json,0.42227986454963684,0.01898840069770813,0.04262286424636841,0,0,CORRECT
reasonir,theoremqa_questions,TheoremQA_maxku/ipnetwork21-ip-2.json,0.4604116678237915,0.020905375480651855,0.04103660583496094,0,0,INCORRECT
reasonir,theoremqa_questions,TheoremQA_jianyu_xu/pigeonhole_4.json,0.5780744552612305,0.04076433181762695,0.08925303816795349,1,1,CORRECT
reasonir,theoremqa_questions,TheoremQA_maxku/cv-imageprocessing9-digital-image.json,0.6021023392677307,0.07795780897140503,0.14094647765159607,1,1,CORRECT
reasonir,theoremqa_questions,TheoremQA_wenhuchen/kepler's_law1.json,0.4946882426738739,0.03516224026679993,0.06592658162117004,1,1,CORRECT
reasonir,theoremqa_questions,TheoremQA_elainewan/math_calculus_5.json,0.49869009852409363,0.01837506890296936,0.05960860848426819,0,0,CORRECT
reasonir,theoremqa_questions,TheoremQA_tonyxia/euler-graph2.json,0.6166929602622986,0.047122299671173096,0.09798276424407959,1,1,CORRECT
reasonir,theoremqa_questions,TheoremQA_jianyu_xu/Stirling_number_second_kind_5.json,0.566547691822052,0.009115457534790039,0.022723495960235596,1,1,CORRECT
reasonir,theoremqa_questions,TheoremQA_xueguangma/present_value_1.json,0.6196874976158142,0.019871294498443604,0.05223959684371948,0,0,CORRECT
reasonir,theoremqa_questions,TheoremQA_xinyi/dag_3.json,0.4654879868030548,0.008867055177688599,0.022984176874160767,0,0,CORRECT
reasonir,theoremqa_questions,TheoremQA_jianyu_xu/Stirling_number_first_kind_6.json,0.710644543170929,0.011117756366729736,0.035959839820861816,0,0,CORRECT
reasonir,theoremqa_questions,TheoremQA_jianyu_xu/Graph_2.json,0.5806635618209839,0.0882619321346283,0.10765621066093445,0,0,CORRECT
reasonir,theoremqa_questions,TheoremQA_maxku/graphtheory4-vertexcover.json,0.47885799407958984,0.03658011555671692,0.07160690426826477,1,1,CORRECT
reasonir,theoremqa_questions,TheoremQA_maxku/signalprocessing9-signalrep.json,0.5051797032356262,0.018911004066467285,0.04413601756095886,0,0,CORRECT
reasonir,theoremqa_questions,TheoremQA_xueguangma/dividend_discount_model_4.json,0.614171028137207,0.022195637226104736,0.050737977027893066,1,1,CORRECT
reasonir,theoremqa_questions,TheoremQA_maxku/cv-colorsci3-rgb.json,0.5239116549491882,0.00942295789718628,0.09016183018684387,0,1,CORRECT
reasonir,theoremqa_questions,TheoremQA_jianyu_xu/Cayley_3.json,0.5957707762718201,0.10150319337844849,0.12446129322052002,0,0,CORRECT
reasonir,theoremqa_questions,TheoremQA_jianyu_xu/Binomial_5.json,0.637802243232727,0.00873410701751709,0.0311659574508667,0,0,CORRECT
reasonir,theoremqa_questions,TheoremQA_wenhuchen/infinite_series_sum3.json,0.4895058274269104,0.019782662391662598,0.04517698287963867,0,1,CORRECT
reasonir,theoremqa_questions,TheoremQA_wenhuchen/trapezoidal_rule3.json,0.6054589748382568,0.11060801148414612,0.13332897424697876,1,1,INCORRECT
reasonir,theoremqa_questions,TheoremQA_elainewan/math_calculus_3_8.json,0.4975998103618622,0.02029573917388916,0.049762874841690063,0,1,INCORRECT
reasonir,theoremqa_questions,TheoremQA_jianyu_xu/Multinomial_1.json,0.6385344862937927,0.02276831865310669,0.048761069774627686,0,0,CORRECT
reasonir,theoremqa_questions,TheoremQA_xinyi/sum_product_algorithm.json,0.4144076108932495,0.022121429443359375,0.05793648958206177,0,1,CORRECT
reasonir,theoremqa_questions,TheoremQA_elainewan/econ_micro_7_2.json,0.5041758418083191,0.007964611053466797,0.02770790457725525,0,0,CORRECT
reasonir,theoremqa_questions,TheoremQA_maxku/cv-colorsci1-rgb.json,0.48236826062202454,0.01203194260597229,0.04461386799812317,0,1,CORRECT
reasonir,theoremqa_questions,TheoremQA_xueguangma/effective_rates_1.json,0.6413673162460327,0.015986919403076172,0.06828993558883667,0,0,CORRECT
reasonir,theoremqa_questions,TheoremQA_wenhuchen/t_test3.json,0.5666080117225647,0.11055582761764526,0.13372132182121277,1,1,INCORRECT
reasonir,theoremqa_questions,TheoremQA_panlu/similarity3.json,0.5574504137039185,0.043305277824401855,0.06802329421043396,0,0,CORRECT
reasonir,theoremqa_questions,TheoremQA_maxku/cv-cnn1.json,0.5083534717559814,0.03653210401535034,0.06688058376312256,0,1,CORRECT
reasonir,theoremqa_questions,TheoremQA_maxku/signalprocessing7-phaseshift.json,0.4888255000114441,0.01336681842803955,0.04756802320480347,0,0,CORRECT
reasonir,theoremqa_questions,TheoremQA_jianyu_xu/Multinomial_4.json,0.6137414574623108,0.013183891773223877,0.023293912410736084,0,0,CORRECT
reasonir,theoremqa_questions,TheoremQA_maxku/fourier6-FT.json,0.3699127733707428,0.016302287578582764,0.029867321252822876,0,0,CORRECT
reasonir,theoremqa_questions,TheoremQA_xinyi/neural_networks.json,0.3686085343360901,0.019809812307357788,0.03861922025680542,0,1,CORRECT
reasonir,theoremqa_questions,TheoremQA_wenhuchen/kepler's_law3.json,0.5567110776901245,0.04493027925491333,0.10261884331703186,1,1,CORRECT
reasonir,theoremqa_questions,TheoremQA_xinyi/kernel_1.json,0.4128968119621277,0.02318418025970459,0.04288265109062195,1,1,CORRECT
reasonir,theoremqa_questions,TheoremQA_wenhuchen/L'Hôpital_rule2.json,0.48597580194473267,0.009670138359069824,0.08265981078147888,0,0,INCORRECT
reasonir,theoremqa_questions,TheoremQA_jianyu_xu/Binomial_4.json,0.6780404448509216,0.024916648864746094,0.04565626382827759,0,0,CORRECT
reasonir,theoremqa_questions,TheoremQA_jianyu_xu/pigeonhole_1.json,0.5506338477134705,0.016707181930541992,0.06522515416145325,1,1,CORRECT
reasonir,theoremqa_questions,TheoremQA_wenhuchen/viterbi1.json,0.5157046914100647,0.0744379460811615,0.10198575258255005,1,1,CORRECT
reasonir,theoremqa_questions,TheoremQA_elainewan/math_calculus_2_6.json,0.48140060901641846,0.016064882278442383,0.02760636806488037,0,1,INCORRECT
reasonir,theoremqa_questions,TheoremQA_xueguangma/binomial_model_1.json,0.6295298337936401,0.024701476097106934,0.05514383316040039,0,0,INCORRECT
reasonir,theoremqa_questions,TheoremQA_xueguangma/future_value_1.json,0.6639689207077026,0.024464428424835205,0.03549867868423462,0,0,INCORRECT
reasonir,theoremqa_questions,TheoremQA_wenhuchen/jensen2.json,0.4274750053882599,0.008816361427307129,0.03037792444229126,0,0,CORRECT
reasonir,theoremqa_questions,TheoremQA_elainewan/econ_micro_11.json,0.5279644727706909,0.008416473865509033,0.025746583938598633,0,0,CORRECT
reasonir,theoremqa_questions,TheoremQA_wenhuchen/Poisson_process2.json,0.4810412526130676,0.029333531856536865,0.07030636072158813,0,0,INCORRECT
reasonir,theoremqa_questions,TheoremQA_wenhuchen/newton2.json,0.5145854949951172,0.02108633518218994,0.04365202784538269,0,1,INCORRECT
reasonir,theoremqa_questions,TheoremQA_jianyu_xu/Ramsey_3.json,0.62073814868927,0.16921216249465942,0.1864592432975769,1,1,CORRECT
reasonir,theoremqa_questions,TheoremQA_jianyu_xu/Catalan_1.json,0.5398812890052795,0.019746124744415283,0.04812631011009216,0,0,CORRECT
reasonir,theoremqa_questions,TheoremQA_elainewan/math_abstact_algebra_7.json,0.6152568459510803,0.03348946571350098,0.08949947357177734,0,0,CORRECT
reasonir,theoremqa_questions,TheoremQA_maxku/graphtheory11-shortestpath-hard.json,0.5876391530036926,0.06572753190994263,0.10728928446769714,1,1,INCORRECT
reasonir,theoremqa_questions,TheoremQA_tonyxia/semiconductor2.json,0.5562682747840881,0.14137861132621765,0.19457346200942993,1,1,INCORRECT
reasonir,theoremqa_questions,TheoremQA_xueguangma/present_value_2.json,0.6017203330993652,0.06583726406097412,0.09874385595321655,1,1,INCORRECT
reasonir,theoremqa_questions,TheoremQA_elainewan/econ_micro_18.json,0.579127848148346,0.022061467170715332,0.057330965995788574,1,1,INCORRECT
reasonir,theoremqa_questions,TheoremQA_wenhuchen/p_value2.json,0.6247143745422363,0.048418402671813965,0.07893520593643188,1,1,CORRECT
reasonir,theoremqa_questions,TheoremQA_jianyu_xu/Binomial_3.json,0.7186943292617798,0.07748860120773315,0.09822821617126465,0,0,CORRECT
reasonir,theoremqa_questions,TheoremQA_xueguangma/dividend_discount_model_1.json,0.5976014137268066,0.0562969446182251,0.07906973361968994,1,1,INCORRECT
reasonir,theoremqa_questions,TheoremQA_maxku/signalprocessing2-DB.json,0.4247855246067047,0.017065763473510742,0.05354776978492737,1,1,CORRECT
reasonir,theoremqa_questions,TheoremQA_xinyi/rate_distortion_function_2.json,0.38680174946784973,0.013958573341369629,0.049582600593566895,1,1,CORRECT
reasonir,theoremqa_questions,TheoremQA_jianyu_xu/Multinomial_3.json,0.6232701539993286,0.014697015285491943,0.03007197380065918,0,0,CORRECT
reasonir,theoremqa_questions,TheoremQA_maxku/signalprocessing14-Ztransform.json,0.4726398289203644,0.07405456900596619,0.10902062058448792,1,1,CORRECT
reasonir,theoremqa_questions,TheoremQA_elainewan/math_calculus_11.json,0.49547985196113586,0.0344679057598114,0.04667291045188904,0,1,CORRECT
reasonir,theoremqa_questions,TheoremQA_wenhuchen/jensen1.json,0.4593150317668915,0.009308218955993652,0.0207689106464386,0,0,INCORRECT
reasonir,theoremqa_questions,TheoremQA_maxku/cv-imageprocessing8-fourier2.json,0.5509257912635803,0.14735981822013855,0.1760689616203308,1,1,CORRECT
reasonir,theoremqa_questions,TheoremQA_panlu/gravitational_force2.json,0.6115821003913879,0.10425704717636108,0.14643526077270508,1,1,CORRECT
reasonir,theoremqa_questions,TheoremQA_wenhuchen/Liouville’s_theorem2.json,0.48539382219314575,0.057089030742645264,0.08213123679161072,0,1,INCORRECT
reasonir,theoremqa_questions,TheoremQA_jianyu_xu/Binomial_1.json,0.6388769745826721,0.01648890972137451,0.034089744091033936,0,0,INCORRECT
reasonir,theoremqa_questions,TheoremQA_mingyin/Fundamental-Theorem-of-Calculus3.json,0.4828079342842102,0.020638078451156616,0.05121040344238281,0,1,INCORRECT
reasonir,theoremqa_questions,TheoremQA_tonyxia/maxplanar3.json,0.4780542254447937,0.03955236077308655,0.0764082670211792,0,0,CORRECT
reasonir,theoremqa_questions,TheoremQA_wenhuchen/series_convergen3.json,0.4843462407588959,0.02847188711166382,0.05792146921157837,1,1,CORRECT
reasonir,theoremqa_questions,TheoremQA_mingyin/convexity1.json,0.47506844997406006,0.044711142778396606,0.07954809069633484,0,0,CORRECT
reasonir,theoremqa_questions,TheoremQA_jianyu_xu/Binomial_6.json,0.6484442353248596,0.025125622749328613,0.08367812633514404,0,0,CORRECT
reasonir,theoremqa_questions,TheoremQA_xueguangma/forward_rate_1.json,0.6283596754074097,0.018058598041534424,0.04278993606567383,0,0,INCORRECT
reasonir,theoremqa_questions,TheoremQA_xueguangma/forward_price_3.json,0.5620457530021667,0.018406987190246582,0.03261846303939819,0,0,CORRECT
reasonir,theoremqa_questions,TheoremQA_maxku/fourier1-FS.json,0.5877382159233093,0.01868337392807007,0.04767441749572754,1,1,CORRECT
reasonir,theoremqa_questions,TheoremQA_mingyin/Limit-of-sequence2.json,0.4526972472667694,0.01627829670906067,0.03256535530090332,0,1,INCORRECT
reasonir,theoremqa_questions,TheoremQA_xueguangma/intermediate_value_theorem.json,0.4434993863105774,0.026166975498199463,0.051585644483566284,0,0,INCORRECT
reasonir,theoremqa_questions,TheoremQA_tonyxia/maxplanar1.json,0.552120566368103,0.0455474853515625,0.09092795848846436,0,0,CORRECT
reasonir,theoremqa_questions,TheoremQA_elainewan/math_abstact_algebra_7_3.json,0.5030213594436646,0.027129441499710083,0.06248614192008972,1,1,CORRECT
reasonir,theoremqa_questions,TheoremQA_elainewan/math_algebra_4_3.json,0.4878722131252289,0.05574166774749756,0.07088994979858398,0,0,CORRECT
reasonir,theoremqa_questions,TheoremQA_jianyu_xu/Multinomial_6.json,0.5578629374504089,0.008775651454925537,0.018722236156463623,0,0,INCORRECT
reasonir,theoremqa_questions,TheoremQA_xinyi/distortion_rate_function_2.json,0.7016667723655701,0.14604753255844116,0.27411550283432007,1,1,CORRECT
reasonir,theoremqa_questions,TheoremQA_xinyi/dag_1.json,0.4683311879634857,0.021410048007965088,0.06028461456298828,0,0,CORRECT
reasonir,theoremqa_questions,TheoremQA_wenhuchen/optics3.json,0.5568169951438904,0.11842519044876099,0.14154180884361267,1,1,CORRECT
reasonir,theoremqa_questions,TheoremQA_elainewan/math_calculus_2_7.json,0.3784213662147522,0.005232274532318115,0.03286358714103699,0,1,CORRECT
reasonir,theoremqa_questions,TheoremQA_mingyin/Limit-of-sequence3.json,0.4942646622657776,0.011940449476242065,0.027185022830963135,0,0,CORRECT
reasonir,theoremqa_questions,TheoremQA_elainewan/math_algebra_7_2.json,0.4400295913219452,0.014200687408447266,0.052517831325531006,0,1,INCORRECT
reasonir,theoremqa_questions,TheoremQA_maxku/graphtheory6-shortestpath.json,0.5902068614959717,0.09469148516654968,0.15401875972747803,1,1,CORRECT
reasonir,theoremqa_questions,TheoremQA_panlu/wave_length1.json,0.519319474697113,0.03875911235809326,0.07506227493286133,0,0,INCORRECT
reasonir,theoremqa_questions,TheoremQA_wenhuchen/Poisson_process3.json,0.4732931852340698,0.01707419753074646,0.03324156999588013,0,0,CORRECT
reasonir,theoremqa_questions,TheoremQA_maxku/graphtheory2-vertexcover.json,0.5013152956962585,0.036029934883117676,0.06947091221809387,1,1,CORRECT
reasonir,theoremqa_questions,TheoremQA_maxku/cv-imageprocessing2-morphology.json,0.596319854259491,0.2711741328239441,0.2932911217212677,1,1,CORRECT
reasonir,theoremqa_questions,TheoremQA_xinyi/rate_distortion_function_1.json,0.4494946599006653,0.029548466205596924,0.09084972739219666,1,1,INCORRECT
reasonir,theoremqa_questions,TheoremQA_xueguangma/geometric_brownian_motion.json,0.6339097023010254,0.02659773826599121,0.04218947887420654,0,0,INCORRECT
reasonir,theoremqa_questions,TheoremQA_jianyu_xu/Ramsey_5.json,0.5390922427177429,0.011471092700958252,0.06635859608650208,0,0,INCORRECT
reasonir,theoremqa_questions,TheoremQA_tonyxia/particle4.json,0.6069875955581665,0.1848372519016266,0.22744205594062805,1,1,CORRECT
reasonir,theoremqa_questions,TheoremQA_jianyu_xu/Binomial_2.json,0.6564403772354126,0.043322086334228516,0.09648030996322632,0,0,CORRECT
reasonir,theoremqa_questions,TheoremQA_xinyi/huffman_code_3.json,0.5900166034698486,0.06213736534118652,0.1155049204826355,0,0,INCORRECT
reasonir,theoremqa_questions,TheoremQA_xinyi/channel_capacity_3.json,0.4619303345680237,0.06285649538040161,0.07679951190948486,1,1,CORRECT
reasonir,theoremqa_questions,TheoremQA_jianyu_xu/Ramsey_6.json,0.5910179615020752,0.10538426041603088,0.14319148659706116,1,1,INCORRECT
reasonir,theoremqa_questions,TheoremQA_wenhuchen/series_convergen2.json,0.5257146954536438,0.027266979217529297,0.04891607165336609,0,0,INCORRECT
reasonir,theoremqa_theorems,TheoremQA_jianyu_xu/pigeonhole_2.json,0.4496909976005554,0.036243289709091187,0.07675251364707947,0,0,INCORRECT
reasonir,theoremqa_theorems,TheoremQA_jianyu_xu/pigeonhole_3.json,0.3531259298324585,0.01649966835975647,0.04069244861602783,0,0,CORRECT
reasonir,theoremqa_theorems,TheoremQA_wenhuchen/definite_matrix1.json,0.5415419340133667,0.09403187036514282,0.1531294584274292,1,1,INCORRECT
reasonir,theoremqa_theorems,TheoremQA_elainewan/math_algebra_1.json,0.4598737955093384,0.05045038461685181,0.0784602165222168,0,0,INCORRECT
reasonir,theoremqa_theorems,TheoremQA_wenhuchen/L'Hôpital_rule1.json,0.46191346645355225,0.05528181791305542,0.07934537529945374,0,0,CORRECT
reasonir,theoremqa_theorems,TheoremQA_elainewan/math_algebra_1_2.json,0.4709797501564026,0.04275929927825928,0.08620709180831909,0,0,CORRECT
reasonir,theoremqa_theorems,TheoremQA_xinyi/maximum_entropy_2.json,0.44940537214279175,0.050164759159088135,0.08053642511367798,0,1,INCORRECT
reasonir,theoremqa_theorems,TheoremQA_elainewan/math_algebra_4.json,0.5297803282737732,0.03333038091659546,0.08111396431922913,0,0,CORRECT
reasonir,theoremqa_theorems,TheoremQA_elainewan/math_calculus_2_11.json,0.4259386658668518,0.018385320901870728,0.04008746147155762,0,0,CORRECT
reasonir,theoremqa_theorems,TheoremQA_panlu/similarity2.json,0.4246124029159546,0.02728775143623352,0.055670738220214844,0,1,CORRECT
reasonir,theoremqa_theorems,TheoremQA_wenhuchen/eigen_value1.json,0.5528376698493958,0.06697440147399902,0.12453806400299072,1,1,CORRECT
reasonir,theoremqa_theorems,TheoremQA_maxku/signalprocessing11-nyquist.json,0.3841252028942108,0.02960050106048584,0.048017680644989014,1,1,CORRECT
reasonir,theoremqa_theorems,TheoremQA_maxku/ipnetwork13-hammingdist.json,0.3730294406414032,0.031277984380722046,0.049391090869903564,0,0,CORRECT
reasonir,theoremqa_theorems,TheoremQA_xinyi/linear_projection.json,0.5058213472366333,0.02061516046524048,0.046033263206481934,1,1,CORRECT
reasonir,theoremqa_theorems,TheoremQA_mingyin/Lebesgue-measure1.json,0.45776882767677307,0.021833032369613647,0.0667974054813385,1,1,CORRECT
reasonir,theoremqa_theorems,TheoremQA_jianyu_xu/Stirling_number_first_kind_5.json,0.4440491795539856,0.051905155181884766,0.08315354585647583,0,1,INCORRECT
reasonir,theoremqa_theorems,TheoremQA_wenhuchen/Liouville’s_theorem1.json,0.5493606925010681,0.09580475091934204,0.14781135320663452,1,1,CORRECT
reasonir,theoremqa_theorems,TheoremQA_wenhuchen/ODE2.json,0.44725239276885986,0.02219521999359131,0.06134888529777527,0,0,INCORRECT
reasonir,theoremqa_theorems,TheoremQA_mingyin/cauchy-integral-theorem1.json,0.6070020198822021,0.059563636779785156,0.11410361528396606,0,1,INCORRECT
reasonir,theoremqa_theorems,TheoremQA_elainewan/math_algebra_5.json,0.46856608986854553,0.01588025689125061,0.048630207777023315,1,1,INCORRECT
reasonir,theoremqa_theorems,TheoremQA_mingyin/series2.json,0.5452747344970703,0.04216283559799194,0.06973326206207275,0,0,INCORRECT
reasonir,theoremqa_theorems,TheoremQA_panlu/rigid-body3.json,0.42425069212913513,0.04285749793052673,0.08537018299102783,1,1,CORRECT
reasonir,theoremqa_theorems,TheoremQA_wenhuchen/ODE3.json,0.42302870750427246,0.018607348203659058,0.06331652402877808,0,0,INCORRECT
reasonir,theoremqa_theorems,TheoremQA_jianyu_xu/Ramsey_4.json,0.41146448254585266,0.04780703783035278,0.07088300585746765,1,1,CORRECT
reasonir,theoremqa_theorems,TheoremQA_wenhuchen/t_test1.json,0.423325777053833,0.04324635863304138,0.09750166535377502,1,1,INCORRECT
reasonir,theoremqa_theorems,TheoremQA_jianyu_xu/Ramsey_2.json,0.3781014084815979,0.01691293716430664,0.027681559324264526,1,1,CORRECT
reasonir,theoremqa_theorems,TheoremQA_xueguangma/taylors_approximation_theorem.json,0.5694855451583862,0.04916507005691528,0.10372060537338257,0,0,CORRECT
reasonir,theoremqa_theorems,TheoremQA_xinyi/dag_2.json,0.4215395450592041,0.02862095832824707,0.06940311193466187,1,1,CORRECT
reasonir,theoremqa_theorems,TheoremQA_elainewan/math_algebra_3_2.json,0.47442910075187683,0.04403817653656006,0.06848853826522827,0,0,CORRECT
reasonir,theoremqa_theorems,TheoremQA_wenhuchen/t_test2.json,0.40319594740867615,0.029912084341049194,0.06673553586006165,1,1,INCORRECT
reasonir,theoremqa_theorems,TheoremQA_elainewan/econ_micro_7.json,0.42351233959198,0.042372703552246094,0.08526039123535156,0,1,INCORRECT
reasonir,theoremqa_theorems,TheoremQA_wenhuchen/viterbi2.json,0.36711835861206055,0.014936327934265137,0.03941553831100464,0,1,INCORRECT
reasonir,theoremqa_theorems,TheoremQA_elainewan/math_calculus_12.json,0.45005542039871216,0.04342415928840637,0.08795079588890076,0,0,CORRECT
reasonir,theoremqa_theorems,TheoremQA_jianyu_xu/pigeonhole_4.json,0.4831185042858124,0.12405332922935486,0.14127540588378906,1,1,CORRECT
reasonir,theoremqa_theorems,TheoremQA_jianyu_xu/Stirling_number_second_kind_3.json,0.46967023611068726,0.04418224096298218,0.08785784244537354,0,0,CORRECT
reasonir,theoremqa_theorems,TheoremQA_wenhuchen/cauchy_integral1.json,0.4457675814628601,0.013523638248443604,0.05098864436149597,0,0,CORRECT
reasonir,theoremqa_theorems,TheoremQA_jianyu_xu/Multinomial_2.json,0.4446321129798889,0.011626511812210083,0.06325295567512512,0,0,INCORRECT
reasonir,theoremqa_theorems,TheoremQA_wenhuchen/Rolle's_theorem.json,0.42542800307273865,0.03473407030105591,0.05538013577461243,0,0,CORRECT
reasonir,theoremqa_theorems,TheoremQA_jianyu_xu/Catalan_2.json,0.41167810559272766,0.03750923275947571,0.06503534317016602,0,0,CORRECT
reasonir,theoremqa_theorems,TheoremQA_xinyi/dag_3.json,0.4361407458782196,0.028225094079971313,0.07289177179336548,0,0,INCORRECT
reasonir,theoremqa_theorems,TheoremQA_wenhuchen/kepler's_law1.json,0.4437960684299469,0.08056646585464478,0.1285335123538971,1,1,CORRECT
reasonir,theoremqa_theorems,TheoremQA_jianyu_xu/Graph_2.json,0.4785824716091156,0.06112837791442871,0.11036193370819092,1,1,INCORRECT
reasonir,theoremqa_theorems,TheoremQA_jianyu_xu/Multinomial_1.json,0.45010894536972046,0.04560253024101257,0.08589142560958862,0,1,CORRECT
reasonir,theoremqa_theorems,TheoremQA_elainewan/math_calculus_3_8.json,0.4872172772884369,0.03887030482292175,0.08831986784934998,0,0,INCORRECT
reasonir,theoremqa_theorems,TheoremQA_wenhuchen/trapezoidal_rule3.json,0.4786299467086792,0.029187500476837158,0.08976760506629944,1,1,CORRECT
reasonir,theoremqa_theorems,TheoremQA_jianyu_xu/Cayley_3.json,0.4801885485649109,0.0469609797000885,0.08913663029670715,0,1,CORRECT
reasonir,theoremqa_theorems,TheoremQA_jianyu_xu/Binomial_5.json,0.4451950192451477,0.027362942695617676,0.06542512774467468,1,1,CORRECT
reasonir,theoremqa_theorems,TheoremQA_jianyu_xu/Multinomial_4.json,0.4569779634475708,0.0409141480922699,0.07571113109588623,0,0,CORRECT
reasonir,theoremqa_theorems,TheoremQA_panlu/similarity3.json,0.5086174011230469,0.04568511247634888,0.08254402875900269,0,0,CORRECT
reasonir,theoremqa_theorems,TheoremQA_jianyu_xu/Binomial_4.json,0.49743813276290894,0.04011040925979614,0.1029534637928009,0,1,CORRECT
reasonir,theoremqa_theorems,TheoremQA_wenhuchen/t_test3.json,0.3848530650138855,0.028287768363952637,0.05449706315994263,1,1,INCORRECT
reasonir,theoremqa_theorems,TheoremQA_jianyu_xu/pigeonhole_1.json,0.438776433467865,0.0627259910106659,0.11025691032409668,1,1,CORRECT
reasonir,theoremqa_theorems,TheoremQA_jianyu_xu/Ramsey_3.json,0.390861451625824,0.030774086713790894,0.05874723196029663,1,1,CORRECT
reasonir,theoremqa_theorems,TheoremQA_wenhuchen/kepler's_law3.json,0.5925898551940918,0.16374754905700684,0.22916415333747864,1,1,CORRECT
reasonir,theoremqa_theorems,TheoremQA_jianyu_xu/Binomial_3.json,0.4445686638355255,0.011266976594924927,0.061055392026901245,0,1,CORRECT
reasonir,theoremqa_theorems,TheoremQA_jianyu_xu/Catalan_1.json,0.45688989758491516,0.048360973596572876,0.07776698470115662,0,1,CORRECT
reasonir,theoremqa_theorems,TheoremQA_jianyu_xu/Multinomial_3.json,0.4563820958137512,0.03397339582443237,0.07067695260047913,0,0,CORRECT
reasonir,theoremqa_theorems,TheoremQA_mingyin/convexity1.json,0.4606347382068634,0.03605198860168457,0.06906101107597351,0,0,CORRECT
reasonir,theoremqa_theorems,TheoremQA_panlu/gravitational_force2.json,0.5306710004806519,0.051832497119903564,0.1638374626636505,1,1,CORRECT
reasonir,theoremqa_theorems,TheoremQA_mingyin/Fundamental-Theorem-of-Calculus3.json,0.5000642538070679,0.020640432834625244,0.03156980872154236,0,0,INCORRECT
reasonir,theoremqa_theorems,TheoremQA_wenhuchen/jensen1.json,0.4564572274684906,0.023307085037231445,0.055491358041763306,0,0,CORRECT
reasonir,theoremqa_theorems,TheoremQA_tonyxia/maxplanar3.json,0.42584413290023804,0.026367217302322388,0.04927507042884827,0,0,CORRECT
reasonir,theoremqa_theorems,TheoremQA_wenhuchen/Liouville’s_theorem2.json,0.4415700435638428,0.04465001821517944,0.07783299684524536,0,1,CORRECT
reasonir,theoremqa_theorems,TheoremQA_jianyu_xu/Binomial_6.json,0.46255016326904297,0.020660221576690674,0.07627695798873901,1,1,CORRECT
reasonir,theoremqa_theorems,TheoremQA_elainewan/math_algebra_4_3.json,0.4624122083187103,0.024489790201187134,0.05860793590545654,0,0,CORRECT
reasonir,theoremqa_theorems,TheoremQA_elainewan/math_algebra_7_2.json,0.46513235569000244,0.033622682094573975,0.078457772731781,1,1,CORRECT
reasonir,theoremqa_theorems,TheoremQA_jianyu_xu/Multinomial_6.json,0.454295814037323,0.04248756170272827,0.08565375208854675,0,0,INCORRECT
reasonir,theoremqa_theorems,TheoremQA_tonyxia/maxplanar1.json,0.4662099778652191,0.04731902480125427,0.07724529504776001,0,0,CORRECT
reasonir,theoremqa_theorems,TheoremQA_elainewan/math_calculus_2_7.json,0.44540250301361084,0.0622442364692688,0.08924061059951782,0,0,CORRECT
reasonir,theoremqa_theorems,TheoremQA_xinyi/dag_1.json,0.4560398459434509,0.035025179386138916,0.07634517550468445,0,0,CORRECT
reasonir,theoremqa_theorems,TheoremQA_wenhuchen/series_convergen2.json,0.4557812213897705,0.034053653478622437,0.055895715951919556,0,0,CORRECT
reasonir,theoremqa_theorems,TheoremQA_jianyu_xu/Ramsey_6.json,0.47353705763816833,0.05873239040374756,0.10083433985710144,1,1,CORRECT
reasonir,theoremqa_theorems,TheoremQA_jianyu_xu/Binomial_2.json,0.4258253276348114,0.046355366706848145,0.08332589268684387,0,0,CORRECT
reasonir,theoremqa_theorems,TheoremQA_xueguangma/intermediate_value_theorem.json,0.40161898732185364,0.026158630847930908,0.04586142301559448,1,1,CORRECT
reasonir,theoremqa_theorems,TheoremQA_jianyu_xu/Ramsey_5.json,0.4172324538230896,0.05181920528411865,0.08560013771057129,1,1,INCORRECT
reasonir,theoremqa_theorems,TheoremQA_jianyu_xu/Stirling_number_second_kind_5.json,0.4692746102809906,0.05262261629104614,0.07316485047340393,0,0,INCORRECT
