retriever,task,query_id,max_score,gap_ctx,gap_25,retrieval_success_5,retrieval_success_25,judgment
bge,biology,2,0.7434713840484619,0.050459325313568115,0.07046538591384888,0,1,INCORRECT
bge,biology,8,0.7360401153564453,0.05485224723815918,0.09440982341766357,1,1,CORRECT
bge,biology,1,0.7650004625320435,0.04465717077255249,0.11783665418624878,0,1,INCORRECT
bge,biology,12,0.8020190000534058,0.006685018539428711,0.08109909296035767,0,0,INCORRECT
bge,biology,0,0.6857500076293945,0.028644323348999023,0.049852073192596436,1,1,INCORRECT
bge,biology,5,0.7451065182685852,0.02541029453277588,0.08632832765579224,1,1,CORRECT
bge,biology,11,0.6576879620552063,0.0199432373046875,0.04948216676712036,1,1,CORRECT
bge,biology,4,0.6933215260505676,0.014045953750610352,0.04007863998413086,1,1,CORRECT
bge,biology,13,0.7138932943344116,0.030017971992492676,0.06848937273025513,0,1,INCORRECT
bge,biology,7,0.7860867977142334,0.07494205236434937,0.17107582092285156,1,1,CORRECT
bge,biology,6,0.6620312929153442,0.015516877174377441,0.04070103168487549,1,1,CORRECT
bge,biology,15,0.6663525700569153,0.008451998233795166,0.028453409671783447,0,0,INCORRECT
bge,biology,10,0.7443686127662659,0.08524608612060547,0.11137109994888306,1,1,CORRECT
bge,biology,3,0.7867077589035034,0.0979992151260376,0.14456284046173096,1,1,CORRECT
bge,biology,9,0.7639150619506836,0.013991117477416992,0.0645209550857544,0,0,CORRECT
bge,biology,14,0.7347507476806641,0.030541718006134033,0.08204007148742676,1,1,CORRECT
bge,biology,20,0.787588357925415,0.03112691640853882,0.07911252975463867,1,1,CORRECT
bge,biology,16,0.7339017987251282,0.05216169357299805,0.09569358825683594,0,0,CORRECT
bge,biology,22,0.6642776727676392,0.03315162658691406,0.056798458099365234,0,0,INCORRECT
bge,biology,32,0.6447765231132507,0.0049076080322265625,0.019573688507080078,0,0,INCORRECT
bge,biology,18,0.7563360929489136,0.07792919874191284,0.11006224155426025,0,0,CORRECT
bge,biology,17,0.7903224229812622,0.05236464738845825,0.11719405651092529,1,1,CORRECT
bge,biology,19,0.7448951005935669,0.04355508089065552,0.08388233184814453,1,1,CORRECT
bge,biology,23,0.6564494967460632,0.01349550485610962,0.05275171995162964,0,0,CORRECT
bge,biology,24,0.7396044731140137,0.05462449789047241,0.09896856546401978,1,1,CORRECT
bge,biology,25,0.7165201306343079,0.03923988342285156,0.06046801805496216,1,1,INCORRECT
bge,biology,30,0.8101495504379272,0.09730809926986694,0.14216578006744385,1,1,CORRECT
bge,biology,27,0.7220799326896667,0.04328101873397827,0.06643062829971313,0,0,CORRECT
bge,biology,37,0.6898992657661438,0.018544018268585205,0.04299604892730713,0,0,INCORRECT
bge,biology,29,0.7232105731964111,0.016356348991394043,0.03192794322967529,0,1,CORRECT
bge,biology,26,0.7158986330032349,0.018404126167297363,0.04761087894439697,0,0,INCORRECT
bge,biology,28,0.8012131452560425,0.07279694080352783,0.1118156909942627,0,1,CORRECT
bge,biology,31,0.7313319444656372,0.012834548950195312,0.05024313926696777,0,0,CORRECT
bge,biology,21,0.7028183937072754,0.03151756525039673,0.05324333906173706,1,1,CORRECT
bge,biology,35,0.6894893050193787,0.024246573448181152,0.07768350839614868,0,1,INCORRECT
bge,biology,36,0.7263867259025574,0.01293802261352539,0.028064727783203125,0,0,INCORRECT
bge,biology,33,0.766892671585083,0.049547791481018066,0.07542097568511963,0,0,CORRECT
bge,biology,34,0.6772127151489258,0.012566626071929932,0.03378736972808838,0,0,INCORRECT
bge,biology,43,0.6899183988571167,0.023007571697235107,0.04804021120071411,0,0,INCORRECT
bge,biology,38,0.7703161239624023,0.006958663463592529,0.0391804575920105,0,0,INCORRECT
bge,biology,47,0.8171298503875732,0.0814516544342041,0.15452218055725098,0,0,CORRECT
bge,biology,45,0.7217642664909363,0.01448523998260498,0.07295620441436768,0,0,INCORRECT
bge,biology,39,0.7758877277374268,0.00889676809310913,0.026831984519958496,0,0,INCORRECT
bge,biology,41,0.7990449070930481,0.04196500778198242,0.07528388500213623,0,1,CORRECT
bge,biology,42,0.7650842666625977,0.018877625465393066,0.04282444715499878,0,0,CORRECT
bge,biology,40,0.7848579287528992,0.02715080976486206,0.06773793697357178,0,0,CORRECT
bge,biology,48,0.7019392848014832,0.02369004487991333,0.04001063108444214,0,1,INCORRECT
bge,biology,53,0.6757163405418396,0.013195693492889404,0.03657180070877075,0,1,CORRECT
bge,biology,46,0.7908673286437988,0.04063534736633301,0.09904980659484863,0,0,INCORRECT
bge,biology,49,0.7645814418792725,0.013343513011932373,0.05121922492980957,0,0,INCORRECT
bge,biology,51,0.7410014867782593,0.008081912994384766,0.06250369548797607,0,0,CORRECT
bge,biology,44,0.7613040208816528,0.029363811016082764,0.07605212926864624,0,0,INCORRECT
bge,biology,50,0.7994101047515869,0.06599760055541992,0.10132241249084473,0,0,CORRECT
bge,biology,60,0.845703125,0.11198961734771729,0.17263555526733398,0,0,INCORRECT
bge,biology,58,0.7401707172393799,0.029828786849975586,0.06402647495269775,0,1,CORRECT
bge,biology,52,0.8053144216537476,0.10243302583694458,0.12940102815628052,0,0,CORRECT
bge,biology,54,0.730679452419281,0.028552711009979248,0.10138183832168579,0,0,CORRECT
bge,biology,59,0.6914056539535522,0.004059791564941406,0.03538769483566284,0,1,CORRECT
bge,biology,67,0.6967198252677917,0.0253065824508667,0.062145113945007324,0,0,INCORRECT
bge,biology,61,0.7192031145095825,0.04761773347854614,0.07469570636749268,1,1,CORRECT
bge,biology,55,0.7379148602485657,0.06022077798843384,0.09343856573104858,0,1,INCORRECT
bge,biology,57,0.7601327896118164,0.05031418800354004,0.09636503458023071,1,1,CORRECT
bge,biology,62,0.8060315847396851,0.06151455640792847,0.10706698894500732,0,1,CORRECT
bge,biology,56,0.7538666725158691,0.013474583625793457,0.061154842376708984,0,0,CORRECT
bge,biology,65,0.7226157188415527,0.02303016185760498,0.059249162673950195,0,1,INCORRECT
bge,biology,64,0.7862818241119385,0.05481898784637451,0.1282414197921753,0,0,CORRECT
bge,biology,66,0.7338425517082214,0.04177433252334595,0.07888823747634888,1,1,CORRECT
bge,biology,69,0.7959326505661011,0.03780388832092285,0.12279528379440308,0,1,CORRECT
bge,biology,74,0.6919059753417969,0.04119211435317993,0.0772053599357605,1,1,INCORRECT
bge,biology,75,0.7069615125656128,0.053820133209228516,0.08369457721710205,0,0,INCORRECT
bge,biology,70,0.7607735991477966,0.012444615364074707,0.049815595149993896,0,0,CORRECT
bge,biology,68,0.7964844703674316,0.038084447383880615,0.07597917318344116,0,0,CORRECT
bge,biology,76,0.7008759379386902,0.012412011623382568,0.05672311782836914,0,0,INCORRECT
bge,biology,72,0.7446960210800171,0.0528414249420166,0.10778295993804932,1,1,CORRECT
bge,biology,63,0.7369382977485657,0.03331869840621948,0.0840219259262085,0,0,INCORRECT
bge,biology,71,0.8098392486572266,0.025037288665771484,0.06589114665985107,0,0,INCORRECT
bge,biology,81,0.7206811308860779,0.012749075889587402,0.03221791982650757,0,0,CORRECT
bge,biology,82,0.6706113815307617,0.03705167770385742,0.0774846076965332,0,0,CORRECT
bge,biology,80,0.7433010339736938,0.02466416358947754,0.0746457576751709,0,1,CORRECT
bge,biology,77,0.7463133335113525,0.018390297889709473,0.048285841941833496,0,0,INCORRECT
bge,biology,73,0.7932457327842712,0.04302889108657837,0.09716916084289551,0,0,CORRECT
bge,biology,85,0.7222501039505005,0.025918662548065186,0.09669363498687744,0,1,INCORRECT
bge,biology,79,0.741072416305542,0.014446139335632324,0.03428339958190918,0,0,CORRECT
bge,biology,78,0.814773440361023,0.03354811668395996,0.053583741188049316,1,1,CORRECT
bge,biology,83,0.8052169680595398,0.05776137113571167,0.11271768808364868,0,0,INCORRECT
bge,biology,86,0.7545431852340698,0.051230788230895996,0.07925719022750854,0,1,INCORRECT
bge,biology,93,0.7452713847160339,0.01608443260192871,0.05190545320510864,0,0,INCORRECT
bge,biology,84,0.8060486316680908,0.054689884185791016,0.11640310287475586,1,1,CORRECT
bge,biology,87,0.7371817827224731,0.027741849422454834,0.06106168031692505,0,0,CORRECT
bge,biology,89,0.7756074666976929,0.019812941551208496,0.05250108242034912,1,1,INCORRECT
bge,biology,88,0.7844148874282837,0.02993696928024292,0.0716010332107544,0,0,CORRECT
bge,biology,91,0.7695026397705078,0.04037874937057495,0.09656214714050293,0,0,CORRECT
bge,biology,94,0.7545917630195618,0.022175848484039307,0.06443679332733154,0,0,INCORRECT
bge,biology,90,0.7859301567077637,0.12354528903961182,0.15887880325317383,0,0,CORRECT
bge,biology,92,0.7067264914512634,0.012424707412719727,0.03903675079345703,0,1,INCORRECT
bge,biology,95,0.7570177316665649,0.02493828535079956,0.06899547576904297,0,0,INCORRECT
bge,biology,97,0.7413983941078186,0.038676440715789795,0.0675157904624939,0,1,CORRECT
bge,biology,98,0.7163732647895813,0.021892547607421875,0.0483776330947876,0,0,CORRECT
bge,biology,96,0.7755046486854553,0.035052359104156494,0.08940571546554565,0,0,CORRECT
bge,biology,100,0.6998676061630249,0.010070383548736572,0.02539348602294922,1,1,CORRECT
bge,biology,99,0.7577414512634277,0.06186532974243164,0.09509587287902832,1,1,CORRECT
bge,biology,101,0.7445467710494995,0.04628974199295044,0.06770223379135132,0,0,CORRECT
bge,biology,102,0.776751697063446,0.01745694875717163,0.1055070161819458,0,0,INCORRECT
bge,aops,aops_2019_AMC_12A_Problems/Problem_17,0.7633928656578064,0.024760186672210693,0.0438806414604187,1,1,INCORRECT
bge,aops,math_train_intermediate_algebra_513,0.7334104776382446,0.013630330562591553,0.030695855617523193,1,1,INCORRECT
bge,aops,math_test_intermediate_algebra_1179,0.7889816164970398,0.016587138175964355,0.0383458137512207,0,0,INCORRECT
bge,aops,aops_2015_AMC_10B_Problems/Problem_15,0.796671986579895,0.0029255151748657227,0.009595155715942383,0,0,CORRECT
bge,aops,math_train_counting_and_probability_5024,0.7814983129501343,0.0051877498626708984,0.03992140293121338,0,0,INCORRECT
bge,aops,math_train_number_theory_7095,0.7916121482849121,0.03551703691482544,0.06584620475769043,0,0,INCORRECT
bge,aops,math_train_number_theory_839,0.8244029879570007,0.016231238842010498,0.05193990468978882,0,0,CORRECT
bge,aops,math_train_number_theory_7030,0.9066293835639954,0.18005234003067017,0.20181244611740112,0,0,INCORRECT
bge,aops,math_train_number_theory_7012,0.7700912952423096,0.0070975422859191895,0.038126230239868164,0,0,INCORRECT
bge,aops,aops_2000_AIME_I_Problems/Problem_9,0.7806684374809265,0.020188510417938232,0.04088872671127319,0,0,INCORRECT
bge,aops,aops_2008_AMC_12B_Problems/Problem_16,0.7793129682540894,0.004736542701721191,0.011431574821472168,0,0,INCORRECT
bge,aops,aops_2008_AMC_12A_Problems/Problem_15,0.7954438924789429,0.008136272430419922,0.019493699073791504,0,0,INCORRECT
bge,aops,math_train_number_theory_7016,0.7438738942146301,0.006954073905944824,0.022201240062713623,0,0,INCORRECT
bge,aops,aops_2021_AIME_I_Problems/Problem_14,0.7774044871330261,0.027468621730804443,0.04516834020614624,0,0,INCORRECT
bge,aops,aops_2024_AIME_I_Problems/Problem_13,0.8039207458496094,0.02380847930908203,0.04908585548400879,0,1,INCORRECT
bge,aops,aops_2005_IMO_Problems/Problem_4,0.7570112943649292,0.009995579719543457,0.04004228115081787,0,0,INCORRECT
bge,aops,aops_2005_USAMO_Problems/Problem_2,0.7869062423706055,0.03684878349304199,0.05724644660949707,0,0,INCORRECT
bge,aops,aops_2004_AIME_I_Problems/Problem_10,0.7633267045021057,0.006202042102813721,0.03283780813217163,0,1,INCORRECT
bge,aops,math_train_counting_and_probability_5035,0.7578598260879517,0.007075309753417969,0.027187824249267578,0,1,INCORRECT
bge,aops,aops_2017_AMC_10B_Problems/Problem_14,0.8036001324653625,0.019404828548431396,0.03519409894943237,0,0,INCORRECT
bge,aops,math_train_geometry_6173,0.7832750082015991,0.00826197862625122,0.04631829261779785,0,0,INCORRECT
bge,aops,math_train_geometry_6018,0.8011653423309326,0.01989293098449707,0.05555427074432373,0,0,INCORRECT
bge,aops,math_test_geometry_454,0.8279356956481934,0.025693297386169434,0.05816352367401123,0,0,INCORRECT
bge,aops,aops_2023_AIME_I_Problems/Problem_5,0.7860202789306641,0.04333078861236572,0.06236529350280762,1,1,INCORRECT
bge,aops,math_train_counting_and_probability_5011,0.782446026802063,0.019268274307250977,0.053426265716552734,0,0,INCORRECT
bge,aops,math_test_counting_and_probability_1009,0.8210291266441345,0.012431979179382324,0.03588604927062988,0,1,CORRECT
bge,aops,math_train_counting_and_probability_5131,0.8183213472366333,0.012809693813323975,0.036478400230407715,0,0,INCORRECT
bge,aops,aops_2007_AIME_I_Problems/Problem_10,0.7782008647918701,0.017248153686523438,0.05221974849700928,0,0,INCORRECT
bge,aops,aops_2018_AMC_8_Problems/Problem_23,0.8251716494560242,0.025352060794830322,0.060734689235687256,0,0,INCORRECT
bge,aops,aops_2001_AMC_10_Problems/Problem_19,0.8781023621559143,0.06089973449707031,0.09139686822891235,1,1,CORRECT
bge,aops,math_train_number_theory_7003,0.795319676399231,0.024395465850830078,0.047158658504486084,0,1,INCORRECT
bge,aops,aops_2019_AMC_8_Problems/Problem_25,0.8305627107620239,0.014639139175415039,0.03241467475891113,0,0,CORRECT
bge,aops,aops_1959_IMO_Problems/Problem_1,0.7322624921798706,0.018674850463867188,0.03833669424057007,0,0,INCORRECT
bge,aops,aops_2018_AMC_10A_Problems/Problem_11,0.8419231176376343,0.012577295303344727,0.03679704666137695,0,0,INCORRECT
bge,aops,aops_2020_AMC_10B_Problems/Problem_25,0.7884711623191833,0.014467418193817139,0.03341943025588989,0,0,INCORRECT
bge,aops,aops_2021_AIME_I_Problems/Problem_10,0.7891356945037842,0.025996804237365723,0.04226124286651611,0,0,INCORRECT
bge,aops,aops_2021_AIME_II_Problems/Problem_9,0.8007172346115112,0.028562307357788086,0.05641871690750122,0,0,INCORRECT
bge,aops,aops_2007_iTest_Problems/Problem_6,0.8357148170471191,0.04609382152557373,0.05781072378158569,0,0,INCORRECT
bge,aops,math_test_counting_and_probability_838,0.803869366645813,0.06979614496231079,0.08314681053161621,1,1,INCORRECT
bge,aops,math_train_number_theory_7066,0.8008694648742676,0.013395428657531738,0.04997110366821289,0,0,INCORRECT
bge,aops,aops_1987_IMO_Problems/Problem_1,0.7785320281982422,0.057760536670684814,0.0859975814819336,0,0,INCORRECT
bge,aops,aops_2020_AMC_8_Problems/Problem_12,0.8380213975906372,0.035259366035461426,0.0741763710975647,0,0,CORRECT
bge,aops,aops_2000_AMC_12_Problems/Problem_4,0.7804113626480103,0.015386104583740234,0.040699660778045654,0,0,INCORRECT
bge,aops,aops_1990_AIME_Problems/Problem_9,0.7883045673370361,0.010786652565002441,0.023412227630615234,0,0,INCORRECT
bge,aops,math_train_intermediate_algebra_659,0.7757129073143005,0.010309398174285889,0.02824157476425171,0,0,INCORRECT
bge,aops,aops_2017_AMC_10B_Problems/Problem_13,0.814145565032959,0.015257835388183594,0.026679039001464844,0,0,INCORRECT
bge,aops,aops_1981_IMO_Problems/Problem_3,0.7709931135177612,0.019778132438659668,0.04207587242126465,0,0,INCORRECT
bge,aops,aops_2011_AMC_8_Problems/Problem_6,0.8199501633644104,0.007450997829437256,0.05372375249862671,0,0,CORRECT
bge,aops,math_train_intermediate_algebra_477,0.8549848794937134,0.09566032886505127,0.11515486240386963,0,0,INCORRECT
bge,aops,aops_2005_AMC_12A_Problems/Problem_18,0.8301417827606201,0.012975931167602539,0.0425264835357666,0,0,INCORRECT
bge,aops,aops_2017_AIME_II_Problems/Problem_1,0.789564847946167,0.012484908103942871,0.038039445877075195,0,0,INCORRECT
bge,aops,math_test_counting_and_probability_430,0.8341026306152344,0.0047446489334106445,0.024323105812072754,0,0,INCORRECT
bge,aops,math_train_counting_and_probability_5048,0.8315587639808655,0.06856650114059448,0.08678686618804932,0,0,INCORRECT
bge,aops,aops_2020_AIME_II_Problems/Problem_9,0.7971547245979309,0.03318607807159424,0.046202003955841064,0,0,INCORRECT
bge,aops,math_train_counting_and_probability_5047,0.7868818640708923,0.01967722177505493,0.0451619029045105,0,0,INCORRECT
bge,aops,math_train_counting_and_probability_5045,0.830581545829773,0.00679326057434082,0.046161770820617676,0,0,INCORRECT
bge,aops,math_test_counting_and_probability_1003,0.8529891967773438,0.011589884757995605,0.04803234338760376,0,0,INCORRECT
bge,aops,aops_2007_AIME_II_Problems/Problem_10,0.796552300453186,0.022884607315063477,0.03520619869232178,0,0,INCORRECT
bge,aops,math_train_geometry_317,0.8338418006896973,0.014837443828582764,0.03426641225814819,0,0,INCORRECT
bge,aops,math_test_prealgebra_1987,0.8334432244300842,0.020741283893585205,0.03660863637924194,0,0,CORRECT
bge,aops,aops_1988_AIME_Problems/Problem_12,0.7663525342941284,0.01272350549697876,0.03026270866394043,0,0,INCORRECT
bge,aops,aops_1985_AIME_Problems/Problem_6,0.778884768486023,0.015593647956848145,0.04273432493209839,0,0,INCORRECT
bge,aops,math_train_intermediate_algebra_2060,0.8111934661865234,0.02653944492340088,0.04478269815444946,0,0,CORRECT
bge,aops,aops_1971_AHSME_Problems/Problem_26,0.8561958074569702,0.026389658451080322,0.0574381947517395,0,0,INCORRECT
bge,aops,math_train_geometry_6022,0.8211489915847778,0.00804448127746582,0.03299057483673096,0,0,INCORRECT
bge,aops,math_train_geometry_6115,0.7929514646530151,0.011954188346862793,0.03487229347229004,0,0,INCORRECT
bge,aops,math_train_geometry_6060,0.8251936435699463,0.011871159076690674,0.048830509185791016,0,1,INCORRECT
bge,aops,math_test_intermediate_algebra_951,0.7561634182929993,0.006778061389923096,0.04497462511062622,0,0,INCORRECT
bge,aops,math_train_geometry_6116,0.8537853360176086,0.030062317848205566,0.06249600648880005,0,1,INCORRECT
bge,aops,math_train_algebra_2521,0.8000087738037109,0.022012054920196533,0.04897809028625488,0,0,INCORRECT
bge,aops,aops_2016_AMC_10A_Problems/Problem_19,0.7964284420013428,0.014412403106689453,0.0310555100440979,0,1,INCORRECT
bge,aops,math_test_algebra_1208,0.808578610420227,0.057775139808654785,0.10391604900360107,1,1,INCORRECT
bge,aops,aops_2009_AMC_12A_Problems/Problem_17,0.7786494493484497,0.027261972427368164,0.07019913196563721,1,1,INCORRECT
bge,aops,math_train_number_theory_7078,0.765217125415802,0.005009949207305908,0.04131913185119629,0,0,INCORRECT
bge,aops,math_train_intermediate_algebra_1822,0.7944795489311218,0.010790586471557617,0.03085494041442871,0,0,INCORRECT
bge,aops,math_test_intermediate_algebra_1812,0.7958187460899353,0.020426034927368164,0.047419190406799316,0,0,INCORRECT
bge,aops,aops_2021_Fall_AMC_12A_Problems/Problem_12,0.7515622973442078,0.0199013352394104,0.048255741596221924,0,0,INCORRECT
bge,aops,aops_2008_AMC_12A_Problems/Problem_16,0.7784502506256104,0.011591613292694092,0.03470069169998169,0,0,INCORRECT
bge,aops,math_train_counting_and_probability_5064,0.7664391994476318,0.004510760307312012,0.014114141464233398,0,0,INCORRECT
bge,aops,aops_2021_AMC_12B_Problems/Problem_9,0.7893294095993042,0.007138490676879883,0.05135536193847656,0,0,INCORRECT
bge,aops,aops_2002_AIME_I_Problems/Problem_6,0.761055588722229,0.021724820137023926,0.04049801826477051,0,0,INCORRECT
bge,aops,math_train_geometry_747,0.8765400648117065,0.04086148738861084,0.07235825061798096,0,1,INCORRECT
bge,aops,math_train_counting_and_probability_822,0.8449554443359375,0.03238105773925781,0.09548765420913696,0,0,INCORRECT
bge,aops,math_train_counting_and_probability_5111,0.7742425799369812,0.0179404616355896,0.0521160364151001,0,0,INCORRECT
bge,aops,math_train_intermediate_algebra_1268,0.7870155572891235,0.011981844902038574,0.04220116138458252,1,1,CORRECT
bge,aops,aops_1994_AIME_Problems/Problem_9,0.7844874262809753,0.006837129592895508,0.04029107093811035,0,0,INCORRECT
bge,aops,aops_2022_AMC_10B_Problems/Problem_9,0.7641085982322693,0.029354989528656006,0.0399247407913208,0,0,CORRECT
bge,aops,aops_2015_AMC_12A_Problems/Problem_22,0.8063013553619385,0.03440260887145996,0.06368857622146606,0,0,INCORRECT
bge,aops,math_train_algebra_2826,0.8623165488243103,0.020287394523620605,0.06133240461349487,0,0,CORRECT
bge,aops,aops_2019_AMC_10A_Problems/Problem_12,0.7726300954818726,0.009557068347930908,0.03627830743789673,1,1,INCORRECT
bge,aops,aops_2023_AIME_II_Problems/Problem_9,0.8332358598709106,0.08121699094772339,0.10710036754608154,1,1,INCORRECT
bge,aops,aops_2000_AMC_12_Problems/Problem_14,0.8049948215484619,0.0040781497955322266,0.03186756372451782,0,0,INCORRECT
bge,aops,aops_1971_Canadian_MO_Problems/Problem_1,0.7634801864624023,0.02284473180770874,0.05820190906524658,0,0,INCORRECT
bge,aops,aops_2016_AMC_10A_Problems/Problem_7,0.8034601211547852,0.01066279411315918,0.04713702201843262,0,1,INCORRECT
bge,aops,aops_2020_AIME_I_Problems/Problem_15,0.7882009744644165,0.013559103012084961,0.048824429512023926,1,1,INCORRECT
bge,aops,aops_2016_AIME_II_Problems/Problem_10,0.8416310548782349,0.058975934982299805,0.08320236206054688,1,1,INCORRECT
bge,aops,math_train_geometry_6092,0.775177001953125,0.005423843860626221,0.03451240062713623,0,1,INCORRECT
bge,aops,aops_2022_AIME_I_Problems/Problem_11,0.8277948498725891,0.02376943826675415,0.05857425928115845,0,1,INCORRECT
bge,aops,aops_1998_AIME_Problems/Problem_2,0.8197503685951233,0.03485149145126343,0.07768005132675171,0,0,INCORRECT
bge,aops,aops_2016_AIME_I_Problems/Problem_15,0.8087784051895142,0.05220067501068115,0.07428890466690063,1,1,INCORRECT
bge,aops,math_train_geometry_6105,0.7558239698410034,0.02990853786468506,0.0500258207321167,0,0,INCORRECT
bge,aops,math_train_geometry_6112,0.8092200756072998,0.06494426727294922,0.08485865592956543,0,0,INCORRECT
bge,aops,aops_2015_AIME_I_Problems/Problem_4,0.829993486404419,0.02489626407623291,0.05416816473007202,0,0,INCORRECT
bge,aops,aops_2013_AMC_12A_Problems/Problem_13,0.815243124961853,0.0222775936126709,0.04665267467498779,0,0,INCORRECT
bge,aops,aops_2024_AIME_I_Problems/Problem_10,0.8308366537094116,0.040665507316589355,0.07136154174804688,1,1,INCORRECT
bge,earth_science,1,0.8001817464828491,0.04116630554199219,0.06801438331604004,0,1,CORRECT
bge,earth_science,3,0.8627415895462036,0.06961309909820557,0.11008250713348389,1,1,CORRECT
bge,aops,aops_2002_AIME_I_Problems/Problem_10,0.7820525169372559,0.010526299476623535,0.02547144889831543,0,0,INCORRECT
bge,earth_science,4,0.7775419354438782,0.042643964290618896,0.07956540584564209,1,1,CORRECT
bge,aops,aops_2019_AIME_I_Problems/Problem_3,0.8070281744003296,0.011369049549102783,0.04064309597015381,0,1,INCORRECT
bge,aops,math_train_geometry_6051,0.7864052057266235,0.02831888198852539,0.051447927951812744,0,0,INCORRECT
bge,aops,math_train_geometry_6078,0.7723994255065918,0.02014338970184326,0.049590349197387695,0,0,INCORRECT
bge,earth_science,2,0.7856469750404358,0.024469852447509766,0.08842456340789795,1,1,CORRECT
bge,earth_science,0,0.7635616064071655,0.045360028743743896,0.07869172096252441,0,1,CORRECT
bge,aops,aops_2017_AIME_II_Problems/Problem_3,0.8198779821395874,0.0241166353225708,0.0614396333694458,0,0,CORRECT
bge,earth_science,6,0.8300696611404419,0.05536919832229614,0.10678738355636597,1,1,CORRECT
bge,earth_science,5,0.7797761559486389,0.05071753263473511,0.11193841695785522,0,0,INCORRECT
bge,earth_science,8,0.7628294825553894,0.03657442331314087,0.10711115598678589,1,1,CORRECT
bge,earth_science,17,0.8002350330352783,0.05129706859588623,0.08927714824676514,0,0,INCORRECT
bge,earth_science,7,0.7938159704208374,0.03131520748138428,0.07299458980560303,0,0,CORRECT
bge,earth_science,9,0.7780474424362183,0.01114732027053833,0.035076260566711426,0,1,CORRECT
bge,earth_science,11,0.8315560817718506,0.047385573387145996,0.11452841758728027,0,0,CORRECT
bge,earth_science,10,0.7167242765426636,0.031459808349609375,0.05892246961593628,0,0,CORRECT
bge,earth_science,13,0.7658991813659668,0.021008431911468506,0.05250728130340576,1,1,CORRECT
bge,earth_science,14,0.7179296016693115,0.01581716537475586,0.03733295202255249,0,0,INCORRECT
bge,earth_science,19,0.8101294040679932,0.025498032569885254,0.0738409161567688,1,1,CORRECT
bge,earth_science,12,0.7706174850463867,0.025330424308776855,0.045689940452575684,1,1,INCORRECT
bge,earth_science,16,0.754728376865387,0.06886017322540283,0.1387009620666504,0,0,INCORRECT
bge,earth_science,15,0.7744278311729431,0.04417484998703003,0.0734400749206543,0,1,CORRECT
bge,earth_science,18,0.7777563333511353,0.022494137287139893,0.05150115489959717,1,1,CORRECT
bge,earth_science,20,0.7759329676628113,0.01482546329498291,0.09072154760360718,0,1,CORRECT
bge,earth_science,21,0.7471331357955933,0.04596060514450073,0.07574218511581421,0,0,INCORRECT
bge,earth_science,26,0.8031758666038513,0.04471313953399658,0.07705086469650269,0,1,INCORRECT
bge,earth_science,22,0.7850848436355591,0.03604936599731445,0.09339243173599243,0,1,CORRECT
bge,earth_science,23,0.7435856461524963,0.044938087463378906,0.07433873414993286,0,0,INCORRECT
bge,earth_science,24,0.7629452347755432,0.02791905403137207,0.0740511417388916,0,1,CORRECT
bge,earth_science,25,0.7354605197906494,0.020541906356811523,0.044283270835876465,1,1,CORRECT
bge,earth_science,32,0.7230803370475769,0.03599512577056885,0.05770885944366455,0,1,CORRECT
bge,earth_science,30,0.7750459313392639,0.010158121585845947,0.04847896099090576,0,1,INCORRECT
bge,earth_science,28,0.7699418067932129,0.06651651859283447,0.10540688037872314,1,1,CORRECT
bge,earth_science,27,0.744430661201477,0.0207211971282959,0.036418259143829346,0,1,INCORRECT
bge,earth_science,38,0.6948515176773071,0.014507651329040527,0.03526961803436279,1,1,CORRECT
bge,earth_science,31,0.7510921955108643,0.016423285007476807,0.055010199546813965,1,1,CORRECT
bge,earth_science,29,0.8140890598297119,0.03967583179473877,0.06818503141403198,0,0,CORRECT
bge,earth_science,40,0.7001391053199768,0.02975285053253174,0.05429786443710327,0,0,INCORRECT
bge,earth_science,37,0.788234293460846,0.0374639630317688,0.07906275987625122,0,1,INCORRECT
bge,earth_science,39,0.8319470882415771,0.03621172904968262,0.10474544763565063,1,1,CORRECT
bge,earth_science,35,0.7300724387168884,0.014948844909667969,0.04510653018951416,1,1,CORRECT
bge,earth_science,45,0.704779863357544,0.03285336494445801,0.05908912420272827,0,0,CORRECT
bge,earth_science,42,0.6878122091293335,0.019915878772735596,0.057807207107543945,1,1,CORRECT
bge,earth_science,43,0.6959139704704285,0.014775097370147705,0.0451694130897522,1,1,CORRECT
bge,earth_science,36,0.848069429397583,0.056674182415008545,0.1334819197654724,1,1,CORRECT
bge,earth_science,33,0.6938470005989075,0.009987890720367432,0.0256919264793396,0,0,INCORRECT
bge,earth_science,50,0.7742022275924683,0.0364079475402832,0.06540316343307495,1,1,CORRECT
bge,earth_science,34,0.755734920501709,0.02287924289703369,0.05565601587295532,0,0,INCORRECT
bge,earth_science,41,0.7835383415222168,0.054448485374450684,0.0880313515663147,1,1,CORRECT
bge,earth_science,44,0.7929391860961914,0.028064966201782227,0.07160019874572754,0,0,CORRECT
bge,earth_science,48,0.7340559363365173,0.014722287654876709,0.03668934106826782,0,0,CORRECT
bge,earth_science,46,0.8075331449508667,0.04237973690032959,0.1171332597732544,1,1,CORRECT
bge,earth_science,47,0.785898745059967,0.03168565034866333,0.09341388940811157,1,1,CORRECT
bge,earth_science,51,0.8124382495880127,0.06126779317855835,0.13994622230529785,1,1,CORRECT
bge,earth_science,49,0.8275803923606873,0.08925938606262207,0.14361846446990967,1,1,CORRECT
bge,earth_science,57,0.7587261199951172,0.038754940032958984,0.06602460145950317,1,1,CORRECT
bge,earth_science,56,0.7394750118255615,0.026343047618865967,0.06875574588775635,0,1,INCORRECT
bge,earth_science,55,0.7706465721130371,0.014764010906219482,0.08220094442367554,0,0,INCORRECT
bge,earth_science,53,0.786726713180542,0.04594910144805908,0.09783631563186646,1,1,CORRECT
bge,earth_science,52,0.7015154361724854,0.005943238735198975,0.023854434490203857,0,0,CORRECT
bge,earth_science,54,0.7865275144577026,0.06948339939117432,0.11663669347763062,1,1,CORRECT
bge,earth_science,59,0.7503650784492493,0.030347228050231934,0.05435091257095337,0,1,CORRECT
bge,earth_science,58,0.7710297107696533,0.06315302848815918,0.10504364967346191,0,0,INCORRECT
bge,earth_science,60,0.6951233148574829,0.018209338188171387,0.03827810287475586,0,1,CORRECT
bge,earth_science,63,0.8022007942199707,0.07388699054718018,0.10226696729660034,0,0,CORRECT
bge,earth_science,61,0.8074818849563599,0.046266913414001465,0.07454007863998413,0,0,INCORRECT
bge,earth_science,62,0.7867341041564941,0.0905219316482544,0.12652409076690674,1,1,CORRECT
bge,earth_science,72,0.6668802499771118,0.025768399238586426,0.04834330081939697,1,1,CORRECT
bge,earth_science,65,0.8020066022872925,0.11033099889755249,0.1372392177581787,1,1,CORRECT
bge,earth_science,64,0.7125576734542847,0.03664278984069824,0.07580161094665527,0,0,CORRECT
bge,earth_science,66,0.7136520743370056,0.012344777584075928,0.04380488395690918,1,1,CORRECT
bge,earth_science,68,0.7105574607849121,0.012121915817260742,0.03948712348937988,0,1,INCORRECT
bge,earth_science,71,0.7115521430969238,0.026514053344726562,0.062496960163116455,1,1,CORRECT
bge,earth_science,74,0.7207783460617065,0.036528587341308594,0.05833548307418823,0,1,INCORRECT
bge,earth_science,67,0.7242358922958374,0.023877739906311035,0.06610512733459473,1,1,INCORRECT
bge,earth_science,70,0.73223477602005,0.01647084951400757,0.039090514183044434,1,1,CORRECT
bge,earth_science,69,0.7589787840843201,0.03342479467391968,0.0969666838645935,1,1,CORRECT
bge,earth_science,85,0.6690390110015869,0.018877804279327393,0.03838127851486206,0,0,INCORRECT
bge,earth_science,73,0.7419262528419495,0.007938802242279053,0.04238396883010864,0,1,CORRECT
bge,earth_science,75,0.7824561595916748,0.048571884632110596,0.08626490831375122,1,1,CORRECT
bge,earth_science,77,0.7739577293395996,0.039773523807525635,0.060366153717041016,0,0,CORRECT
bge,earth_science,79,0.7939332723617554,0.04280215501785278,0.07440191507339478,0,0,CORRECT
bge,earth_science,83,0.7385987043380737,0.04123955965042114,0.084602952003479,1,1,CORRECT
bge,earth_science,84,0.7578873634338379,0.07531815767288208,0.10345488786697388,0,0,CORRECT
bge,earth_science,76,0.7078066468238831,0.007198333740234375,0.042121946811676025,0,1,CORRECT
bge,earth_science,80,0.8171210289001465,0.07799482345581055,0.11642700433731079,1,1,CORRECT
bge,earth_science,82,0.8303887844085693,0.04915046691894531,0.09225785732269287,1,1,CORRECT
bge,earth_science,81,0.8468950390815735,0.07497638463973999,0.12475252151489258,1,1,CORRECT
bge,earth_science,94,0.6888232231140137,0.009614706039428711,0.023017525672912598,0,0,INCORRECT
bge,earth_science,87,0.8181823492050171,0.055826425552368164,0.12256515026092529,1,1,CORRECT
bge,earth_science,78,0.6868138909339905,0.009350478649139404,0.022197842597961426,0,1,CORRECT
bge,earth_science,92,0.6953824162483215,0.011276841163635254,0.034207701683044434,0,0,INCORRECT
bge,earth_science,96,0.7803428173065186,0.040438055992126465,0.07559585571289062,0,1,CORRECT
bge,earth_science,91,0.7619204521179199,0.04341399669647217,0.09265577793121338,0,1,CORRECT
bge,earth_science,88,0.7693603038787842,0.06977337598800659,0.12755423784255981,1,1,CORRECT
bge,earth_science,97,0.703884482383728,0.015121221542358398,0.041213810443878174,0,1,INCORRECT
bge,earth_science,90,0.7578095197677612,0.04341554641723633,0.06598871946334839,0,1,CORRECT
bge,earth_science,89,0.7143653631210327,0.019207239151000977,0.040392398834228516,0,0,INCORRECT
bge,earth_science,101,0.8448327779769897,0.10050976276397705,0.18842238187789917,1,1,CORRECT
bge,earth_science,95,0.7646118402481079,0.006370723247528076,0.05561959743499756,0,0,INCORRECT
bge,earth_science,102,0.6953287124633789,0.025911569595336914,0.06241375207901001,0,0,CORRECT
bge,earth_science,93,0.7604833841323853,0.06251788139343262,0.08658379316329956,0,1,CORRECT
bge,earth_science,100,0.7384265661239624,0.05613887310028076,0.09918874502182007,0,0,INCORRECT
bge,earth_science,86,0.7220984697341919,0.017664670944213867,0.04571723937988281,1,1,CORRECT
bge,earth_science,99,0.7726333141326904,0.03714954853057861,0.06732404232025146,0,0,CORRECT
bge,earth_science,110,0.7347957491874695,0.026489675045013428,0.05570399761199951,0,1,CORRECT
bge,earth_science,106,0.715602457523346,0.028553128242492676,0.06266695261001587,0,1,INCORRECT
bge,earth_science,98,0.744103729724884,0.022663891315460205,0.050514280796051025,1,1,CORRECT
bge,earth_science,103,0.7745139002799988,0.027859807014465332,0.06066006422042847,0,0,CORRECT
bge,earth_science,114,0.686092734336853,0.025513887405395508,0.046483516693115234,1,1,CORRECT
bge,earth_science,104,0.7468454241752625,0.04594308137893677,0.08726459741592407,0,1,INCORRECT
bge,earth_science,111,0.7428723573684692,0.02728414535522461,0.057041287422180176,0,0,CORRECT
bge,earth_science,105,0.7371519804000854,0.025474071502685547,0.04641443490982056,0,0,CORRECT
bge,earth_science,107,0.7016890645027161,0.01579117774963379,0.03885239362716675,0,1,CORRECT
bge,earth_science,108,0.7427862882614136,0.025884687900543213,0.0782938003540039,0,0,CORRECT
bge,earth_science,109,0.762022078037262,0.01931208372116089,0.041294991970062256,0,0,CORRECT
bge,earth_science,113,0.7116143107414246,0.03972905874252319,0.06008666753768921,1,1,CORRECT
bge,earth_science,112,0.7418022155761719,0.024783670902252197,0.058129072189331055,0,0,INCORRECT
bge,earth_science,115,0.7997421622276306,0.03138279914855957,0.12656688690185547,0,0,CORRECT
bge,economics,13,0.7117544412612915,0.012406706809997559,0.05451631546020508,0,1,INCORRECT
bge,economics,1,0.7758271098136902,0.05650454759597778,0.08947020769119263,0,0,CORRECT
bge,economics,0,0.7257433533668518,0.02712041139602661,0.07724654674530029,0,0,CORRECT
bge,economics,3,0.7864407300949097,0.04357171058654785,0.09260755777359009,0,1,CORRECT
bge,economics,5,0.7690579295158386,0.04609107971191406,0.09299784898757935,0,0,CORRECT
bge,economics,4,0.7601112127304077,0.035181641578674316,0.06504106521606445,0,0,CORRECT
bge,economics,2,0.7247418165206909,0.023163795471191406,0.044326722621917725,0,0,CORRECT
bge,economics,9,0.7084534764289856,0.028665125370025635,0.05061745643615723,1,1,CORRECT
bge,economics,8,0.7713879942893982,0.01822429895401001,0.054093003273010254,0,1,CORRECT
bge,economics,6,0.7585541605949402,0.04544961452484131,0.07503283023834229,0,0,CORRECT
bge,economics,7,0.7994072437286377,0.02198934555053711,0.04628336429595947,0,0,INCORRECT
bge,economics,11,0.7698888778686523,0.057813167572021484,0.08586299419403076,0,0,CORRECT
bge,economics,10,0.7728673815727234,0.024786770343780518,0.06016945838928223,0,0,INCORRECT
bge,economics,12,0.7349073886871338,0.029294371604919434,0.054330646991729736,0,0,INCORRECT
bge,economics,15,0.8052704930305481,0.025553405284881592,0.04996734857559204,0,0,INCORRECT
bge,economics,18,0.7391136884689331,0.016417264938354492,0.0715901255607605,1,1,CORRECT
bge,economics,14,0.7889094948768616,0.021719038486480713,0.08759409189224243,0,0,CORRECT
bge,economics,17,0.8439905047416687,0.01972872018814087,0.06879770755767822,1,1,CORRECT
bge,economics,16,0.7440000772476196,0.02618575096130371,0.05838650465011597,0,0,CORRECT
bge,economics,20,0.7355637550354004,0.015231490135192871,0.04485368728637695,0,0,INCORRECT
bge,economics,19,0.7808024287223816,0.060847461223602295,0.08092409372329712,0,0,INCORRECT
bge,economics,21,0.7419407367706299,0.028853654861450195,0.05875295400619507,0,0,CORRECT
bge,economics,22,0.8055753707885742,0.05458784103393555,0.11364579200744629,0,1,INCORRECT
bge,economics,26,0.774466872215271,0.012517094612121582,0.052434563636779785,1,1,CORRECT
bge,economics,25,0.8009098768234253,0.03851807117462158,0.09159314632415771,1,1,CORRECT
bge,economics,24,0.7542433738708496,0.02941608428955078,0.06917870044708252,0,0,CORRECT
bge,economics,27,0.8302788734436035,0.02481698989868164,0.09154582023620605,1,1,CORRECT
bge,economics,23,0.7654035687446594,0.015693604946136475,0.05061537027359009,0,0,INCORRECT
bge,economics,28,0.7432904243469238,0.011591553688049316,0.03449523448944092,1,1,CORRECT
bge,economics,30,0.7696177959442139,0.03846585750579834,0.09051245450973511,0,0,INCORRECT
bge,economics,33,0.7650907039642334,0.027681827545166016,0.07930541038513184,1,1,CORRECT
bge,economics,34,0.7643948793411255,0.04883629083633423,0.09289324283599854,1,1,CORRECT
bge,economics,36,0.7269324064254761,0.0274774432182312,0.05191844701766968,1,1,CORRECT
bge,economics,32,0.7175024151802063,0.010905444622039795,0.034697890281677246,0,0,INCORRECT
bge,economics,29,0.7970007658004761,0.0559958815574646,0.11271047592163086,1,1,CORRECT
bge,economics,31,0.8192179799079895,0.05112814903259277,0.09773367643356323,0,0,INCORRECT
bge,economics,35,0.7663074135780334,0.05008941888809204,0.07735174894332886,0,0,CORRECT
bge,economics,41,0.725124716758728,0.022391200065612793,0.056322336196899414,0,1,CORRECT
bge,economics,40,0.8060685992240906,0.05213397741317749,0.10146445035934448,0,0,CORRECT
bge,economics,38,0.7433502674102783,0.0255088210105896,0.055519819259643555,0,1,CORRECT
bge,economics,39,0.7797799110412598,0.024244189262390137,0.06629478931427002,1,1,CORRECT
bge,economics,37,0.8898800611495972,0.03269505500793457,0.10669183731079102,0,0,CORRECT
bge,economics,42,0.7542991638183594,0.029331684112548828,0.06149160861968994,1,1,CORRECT
bge,economics,43,0.7332526445388794,0.017200052738189697,0.0512775182723999,0,0,CORRECT
bge,economics,44,0.7267877459526062,0.02451765537261963,0.044929563999176025,0,1,INCORRECT
bge,economics,50,0.7627698183059692,0.014089703559875488,0.05540478229522705,0,0,CORRECT
bge,economics,53,0.7854391932487488,0.04161947965621948,0.09212332963943481,0,0,INCORRECT
bge,economics,48,0.8342944383621216,0.046661972999572754,0.08957886695861816,0,0,INCORRECT
bge,economics,46,0.7387588024139404,0.04670560359954834,0.06798481941223145,1,1,CORRECT
bge,economics,45,0.7816187739372253,0.043267667293548584,0.10408395528793335,0,0,INCORRECT
bge,economics,47,0.7936564087867737,0.04431694746017456,0.07809776067733765,0,0,INCORRECT
bge,economics,55,0.7845345735549927,0.03399688005447388,0.06896054744720459,1,1,CORRECT
bge,economics,49,0.7930203676223755,0.04493504762649536,0.09217792749404907,1,1,CORRECT
bge,economics,52,0.8252495527267456,0.034152984619140625,0.0878371000289917,0,1,CORRECT
bge,economics,54,0.8257758617401123,0.029483377933502197,0.0902605652809143,0,0,CORRECT
bge,economics,58,0.8107236623764038,0.05080366134643555,0.09201878309249878,0,0,CORRECT
bge,economics,57,0.7477167844772339,0.042227089405059814,0.055245041847229004,0,1,CORRECT
bge,economics,56,0.7568720579147339,0.06079000234603882,0.0970841646194458,1,1,CORRECT
bge,economics,62,0.7480820417404175,0.02559739351272583,0.08193850517272949,0,1,CORRECT
bge,economics,59,0.7441256046295166,0.019062578678131104,0.03195089101791382,0,0,CORRECT
bge,economics,66,0.8364294767379761,0.055274128913879395,0.10106039047241211,1,1,CORRECT
bge,economics,60,0.7640079259872437,0.019877314567565918,0.051877498626708984,0,1,CORRECT
bge,economics,63,0.7427096366882324,0.02032780647277832,0.06567394733428955,0,0,INCORRECT
bge,economics,65,0.699326753616333,0.014230132102966309,0.03887820243835449,0,1,INCORRECT
bge,economics,64,0.7610501050949097,0.02512413263320923,0.05388641357421875,0,0,CORRECT
bge,economics,61,0.789484441280365,0.04210376739501953,0.0954555869102478,0,0,CORRECT
bge,economics,69,0.7728844881057739,0.022957444190979004,0.07371467351913452,0,1,INCORRECT
bge,economics,71,0.7284014821052551,0.08027809858322144,0.09284800291061401,0,0,INCORRECT
bge,economics,68,0.7786795496940613,0.057480692863464355,0.10391825437545776,0,0,INCORRECT
bge,economics,70,0.8197957277297974,0.12447106838226318,0.14870822429656982,0,1,CORRECT
bge,economics,67,0.8428153991699219,0.030476748943328857,0.07502734661102295,0,0,CORRECT
bge,economics,72,0.7098879218101501,0.041552186012268066,0.06727969646453857,0,0,CORRECT
bge,economics,74,0.7680368423461914,0.03787124156951904,0.06727254390716553,0,0,CORRECT
bge,economics,73,0.7615353465080261,0.008348047733306885,0.048959195613861084,1,1,CORRECT
bge,economics,80,0.846752405166626,0.10081815719604492,0.1842564344406128,0,0,CORRECT
bge,economics,77,0.7517596483230591,0.015817880630493164,0.046342670917510986,0,0,INCORRECT
bge,economics,78,0.7422208189964294,0.020670175552368164,0.052415311336517334,0,0,INCORRECT
bge,economics,75,0.7267478704452515,0.012170851230621338,0.052464842796325684,0,1,CORRECT
bge,economics,76,0.8453343510627747,0.10801821947097778,0.15097755193710327,0,0,INCORRECT
bge,economics,79,0.7871685028076172,0.015576601028442383,0.06127488613128662,1,1,CORRECT
bge,economics,81,0.7758963108062744,0.03704428672790527,0.057309508323669434,0,0,CORRECT
bge,economics,87,0.7204538583755493,0.027928709983825684,0.06508910655975342,0,0,CORRECT
bge,economics,83,0.7492319941520691,0.009794890880584717,0.033705294132232666,1,1,CORRECT
bge,economics,82,0.7404309511184692,0.03426539897918701,0.06373417377471924,0,0,CORRECT
bge,economics,84,0.8494887351989746,0.11175322532653809,0.14490294456481934,1,1,CORRECT
bge,economics,85,0.7591348886489868,0.04885685443878174,0.10692954063415527,1,1,CORRECT
bge,economics,90,0.7610260248184204,0.00917273759841919,0.04780745506286621,0,0,INCORRECT
bge,economics,86,0.8161550760269165,0.04356807470321655,0.08846449851989746,0,1,INCORRECT
bge,economics,88,0.7282747030258179,0.033039212226867676,0.0832865834236145,1,1,CORRECT
bge,economics,89,0.7386070489883423,0.06377017498016357,0.10104912519454956,1,1,INCORRECT
bge,economics,100,0.7294335961341858,0.028908073902130127,0.053838908672332764,0,0,INCORRECT
bge,economics,93,0.7070387005805969,0.01955169439315796,0.06445205211639404,1,1,CORRECT
bge,economics,94,0.7580443620681763,0.034612059593200684,0.07996559143066406,0,0,CORRECT
bge,economics,92,0.7419705986976624,0.07447320222854614,0.11019796133041382,1,1,INCORRECT
bge,economics,91,0.7554013729095459,0.019017338752746582,0.05939871072769165,0,0,INCORRECT
bge,economics,95,0.8008301258087158,0.034555673599243164,0.06921571493148804,0,1,CORRECT
bge,economics,101,0.7896403074264526,0.026862144470214844,0.09067904949188232,0,0,INCORRECT
bge,economics,96,0.7369848489761353,0.018707454204559326,0.06313478946685791,1,1,CORRECT
bge,economics,97,0.7176100015640259,0.029971957206726074,0.07168614864349365,0,0,CORRECT
bge,economics,99,0.7427673935890198,0.00953751802444458,0.03885090351104736,0,0,CORRECT
bge,economics,98,0.8365077972412109,0.062140822410583496,0.12586289644241333,0,1,CORRECT
bge,economics,102,0.7722037434577942,0.024847805500030518,0.07427114248275757,0,0,INCORRECT
bge,leetcode,0,0.8412853479385376,0.08575940132141113,0.11892867088317871,1,1,CORRECT
bge,leetcode,1,0.8623213768005371,0.1363919973373413,0.17695051431655884,1,1,INCORRECT
bge,leetcode,2,0.9174150228500366,0.17425870895385742,0.2147054672241211,1,1,CORRECT
bge,leetcode,5,0.9311003684997559,0.18797004222869873,0.20589280128479004,1,1,CORRECT
bge,leetcode,3,0.8148123025894165,0.06066471338272095,0.09954965114593506,1,1,CORRECT
bge,leetcode,4,0.8336910009384155,0.11118227243423462,0.1402483582496643,0,0,CORRECT
bge,leetcode,6,0.8993816375732422,0.15177810192108154,0.18059849739074707,1,1,CORRECT
bge,leetcode,9,0.8745874166488647,0.2015763521194458,0.2161077857017517,1,1,CORRECT
bge,leetcode,8,0.806628942489624,0.03240931034088135,0.06567823886871338,0,1,INCORRECT
bge,leetcode,7,0.7856037616729736,0.06483858823776245,0.08699750900268555,0,1,INCORRECT
bge,leetcode,10,0.7253792881965637,0.007735311985015869,0.023523926734924316,0,0,CORRECT
bge,leetcode,11,0.8013162612915039,0.07141542434692383,0.12880778312683105,0,0,CORRECT
bge,leetcode,12,0.7313404083251953,0.032526254653930664,0.04948079586029053,0,0,INCORRECT
bge,leetcode,13,0.7831885814666748,0.018042027950286865,0.05934250354766846,0,0,CORRECT
bge,leetcode,14,0.7943969964981079,0.08391988277435303,0.10864651203155518,1,1,CORRECT
bge,leetcode,15,0.8095358610153198,0.023879170417785645,0.07118159532546997,1,1,CORRECT
bge,leetcode,16,0.7492822408676147,0.030644893646240234,0.05568063259124756,0,0,CORRECT
bge,leetcode,17,0.7813915014266968,0.034188151359558105,0.05455827713012695,1,1,CORRECT
bge,leetcode,18,0.8473926782608032,0.11560726165771484,0.13465619087219238,1,1,CORRECT
bge,leetcode,19,0.7842574119567871,0.05830150842666626,0.07573533058166504,0,0,CORRECT
bge,leetcode,20,0.7890886068344116,0.058651864528656006,0.08543968200683594,0,0,CORRECT
bge,leetcode,22,0.8165550231933594,0.07039821147918701,0.10317730903625488,1,1,CORRECT
bge,leetcode,26,0.8322118520736694,0.050908684730529785,0.12606585025787354,0,1,CORRECT
bge,leetcode,24,0.824461817741394,0.03145498037338257,0.06515491008758545,1,1,INCORRECT
bge,leetcode,21,0.8344902992248535,0.11132621765136719,0.1469389796257019,1,1,CORRECT
bge,leetcode,23,0.7779527306556702,0.0309981107711792,0.05461472272872925,0,0,CORRECT
bge,leetcode,25,0.7773147225379944,0.02741461992263794,0.08854353427886963,0,0,CORRECT
bge,leetcode,27,0.7835464477539062,0.018910586833953857,0.042586684226989746,0,1,CORRECT
bge,leetcode,28,0.6973322629928589,0.02981775999069214,0.04587811231613159,0,0,CORRECT
bge,leetcode,29,0.7437372803688049,0.008499443531036377,0.042816340923309326,1,1,CORRECT
bge,leetcode,30,0.7616065740585327,0.02511608600616455,0.0426030158996582,1,1,CORRECT
bge,leetcode,31,0.8020837306976318,0.06348687410354614,0.08130049705505371,1,1,INCORRECT
bge,leetcode,32,0.7664481401443481,0.007299661636352539,0.03166317939758301,0,0,CORRECT
bge,leetcode,39,0.8158049583435059,0.0510021448135376,0.08332175016403198,0,0,INCORRECT
bge,leetcode,33,0.8560147881507874,0.08055382966995239,0.12404555082321167,1,1,CORRECT
bge,leetcode,34,0.8459576368331909,0.1084585189819336,0.13911712169647217,1,1,CORRECT
bge,leetcode,35,0.7530295252799988,0.01624685525894165,0.04794818162918091,1,1,CORRECT
bge,leetcode,37,0.8336179256439209,0.0272100567817688,0.07562178373336792,1,1,INCORRECT
bge,leetcode,38,0.7738288640975952,0.01412498950958252,0.03661549091339111,0,0,INCORRECT
bge,leetcode,36,0.7396237850189209,0.0033405423164367676,0.023513495922088623,0,0,CORRECT
bge,leetcode,40,0.8050229549407959,0.06544721126556396,0.09380006790161133,1,1,CORRECT
bge,leetcode,41,0.8062177896499634,0.02543354034423828,0.07346594333648682,0,1,INCORRECT
bge,leetcode,43,0.8637346625328064,0.0893450379371643,0.1434209942817688,1,1,CORRECT
bge,leetcode,42,0.8274198770523071,0.026867926120758057,0.06803715229034424,1,1,CORRECT
bge,leetcode,46,0.7959384918212891,0.04064631462097168,0.06084465980529785,0,1,CORRECT
bge,leetcode,44,0.7507696151733398,0.03247720003128052,0.05359482765197754,0,0,CORRECT
bge,leetcode,45,0.8323682546615601,0.04179954528808594,0.09770184755325317,0,0,INCORRECT
bge,leetcode,47,0.7803245782852173,0.03167462348937988,0.06311869621276855,0,0,CORRECT
bge,leetcode,54,0.7521803975105286,0.018143773078918457,0.04408061504364014,1,1,CORRECT
bge,leetcode,49,0.8153603076934814,0.03700673580169678,0.06497079133987427,0,0,CORRECT
bge,leetcode,52,0.8659137487411499,0.10162484645843506,0.14438951015472412,0,0,INCORRECT
bge,leetcode,48,0.8381935358047485,0.07918894290924072,0.12353944778442383,1,1,INCORRECT
bge,leetcode,50,0.7887415289878845,0.027935564517974854,0.0701742172241211,1,1,CORRECT
bge,leetcode,51,0.7608419060707092,0.014567852020263672,0.03158104419708252,0,0,INCORRECT
bge,leetcode,53,0.7925993204116821,0.022055983543395996,0.05881786346435547,1,1,CORRECT
bge,leetcode,55,0.8253677487373352,0.05486929416656494,0.08688467741012573,0,0,INCORRECT
bge,leetcode,58,0.8608514666557312,0.027241408824920654,0.11339253187179565,1,1,CORRECT
bge,leetcode,57,0.7672650218009949,0.020967304706573486,0.04336118698120117,0,0,INCORRECT
bge,leetcode,63,0.8288227319717407,0.10804206132888794,0.14498400688171387,0,0,INCORRECT
bge,leetcode,61,0.8122289180755615,0.04369699954986572,0.07577872276306152,0,1,INCORRECT
bge,leetcode,59,0.8080506324768066,0.05477827787399292,0.1085808277130127,0,0,CORRECT
bge,leetcode,64,0.7879365682601929,0.052266597747802734,0.07534313201904297,0,1,CORRECT
bge,leetcode,66,0.7577362060546875,0.014863014221191406,0.05113506317138672,0,0,CORRECT
bge,leetcode,62,0.9010396599769592,0.08038026094436646,0.15646874904632568,1,1,CORRECT
bge,leetcode,67,0.8583419322967529,0.0574263334274292,0.10544627904891968,1,1,CORRECT
bge,leetcode,56,0.8688653707504272,0.09101998805999756,0.13944005966186523,0,0,INCORRECT
bge,leetcode,60,0.8274188041687012,0.05179250240325928,0.09889751672744751,1,1,INCORRECT
bge,leetcode,68,0.7753275632858276,0.0411907434463501,0.06452900171279907,0,0,CORRECT
bge,leetcode,69,0.7834983468055725,0.0674390196800232,0.08247053623199463,0,0,CORRECT
bge,leetcode,65,0.7614736557006836,0.031328797340393066,0.05295538902282715,1,1,CORRECT
bge,leetcode,70,0.7556416988372803,0.028231322765350342,0.055448174476623535,1,1,CORRECT
bge,leetcode,71,0.7816884517669678,0.051510393619537354,0.09228098392486572,0,1,CORRECT
bge,leetcode,72,0.7315765023231506,0.01876354217529297,0.030671417713165283,0,0,CORRECT
bge,leetcode,74,0.7899461984634399,0.018439412117004395,0.04444432258605957,0,0,INCORRECT
bge,leetcode,77,0.8242300152778625,0.07587385177612305,0.09211033582687378,0,0,CORRECT
bge,leetcode,78,0.8019629120826721,0.026712119579315186,0.07943087816238403,1,1,CORRECT
bge,leetcode,75,0.746711015701294,0.031167209148406982,0.04444706439971924,0,0,CORRECT
bge,leetcode,76,0.7629415988922119,0.023143291473388672,0.052930474281311035,1,1,INCORRECT
bge,leetcode,79,0.8371042013168335,0.08253657817840576,0.12118613719940186,1,1,CORRECT
bge,leetcode,73,0.8000612258911133,0.026979446411132812,0.04515957832336426,0,1,CORRECT
bge,leetcode,80,0.8560856580734253,0.09501540660858154,0.12650370597839355,1,1,CORRECT
bge,leetcode,82,0.8202271461486816,0.03377503156661987,0.084617018699646,0,0,INCORRECT
bge,leetcode,81,0.8154592514038086,0.04719078540802002,0.09657478332519531,1,1,CORRECT
bge,leetcode,83,0.792439877986908,0.06056380271911621,0.09476453065872192,1,1,INCORRECT
bge,leetcode,86,0.7650012373924255,0.016360700130462646,0.05579859018325806,0,0,CORRECT
bge,leetcode,84,0.7231048345565796,0.01638585329055786,0.03586703538894653,0,0,CORRECT
bge,leetcode,85,0.8090893030166626,0.06198883056640625,0.09302270412445068,1,1,INCORRECT
bge,leetcode,91,0.8433054685592651,0.028084754943847656,0.07347822189331055,0,0,CORRECT
bge,leetcode,88,0.8039000034332275,0.054215073585510254,0.09200936555862427,0,1,CORRECT
bge,leetcode,89,0.80109703540802,0.025190353393554688,0.050953805446624756,0,1,CORRECT
bge,leetcode,90,0.8515341877937317,0.043949127197265625,0.09941238164901733,1,1,CORRECT
bge,leetcode,92,0.809076189994812,0.03577929735183716,0.09391355514526367,0,1,INCORRECT
bge,leetcode,94,0.8059415817260742,0.021843791007995605,0.07342076301574707,0,1,CORRECT
bge,leetcode,87,0.8799347877502441,0.1033790111541748,0.14093059301376343,0,0,CORRECT
bge,leetcode,93,0.748415470123291,0.02130734920501709,0.03945159912109375,0,0,CORRECT
bge,leetcode,95,0.787158727645874,0.0353163480758667,0.07078027725219727,1,1,CORRECT
bge,leetcode,97,0.8225116729736328,0.04057490825653076,0.07511824369430542,0,0,INCORRECT
bge,leetcode,96,0.8116557598114014,0.04872548580169678,0.08506780862808228,1,1,CORRECT
bge,leetcode,99,0.878671407699585,0.18202191591262817,0.21161973476409912,1,1,CORRECT
bge,leetcode,98,0.807105541229248,0.07032454013824463,0.09833765029907227,1,1,CORRECT
bge,leetcode,100,0.7608590126037598,0.009180903434753418,0.03305172920227051,1,1,CORRECT
bge,leetcode,108,0.760168194770813,0.0270235538482666,0.0482100248336792,0,0,CORRECT
bge,leetcode,102,0.801762580871582,0.07120633125305176,0.09229964017868042,0,0,CORRECT
bge,leetcode,106,0.7634650468826294,0.031376779079437256,0.050449371337890625,0,0,CORRECT
bge,leetcode,107,0.7844980359077454,0.014998137950897217,0.04449039697647095,0,0,CORRECT
bge,leetcode,104,0.7941519618034363,0.026162922382354736,0.051083147525787354,0,0,INCORRECT
bge,leetcode,105,0.8348289728164673,0.10942399501800537,0.13509070873260498,0,0,CORRECT
bge,leetcode,101,0.781030535697937,0.06617701053619385,0.08925408124923706,0,0,CORRECT
bge,leetcode,103,0.9157902598381042,0.1612340211868286,0.20986276865005493,1,1,CORRECT
bge,leetcode,109,0.6946898698806763,0.012112140655517578,0.026168227195739746,0,0,INCORRECT
bge,leetcode,110,0.821304202079773,0.08455836772918701,0.10334408283233643,0,0,CORRECT
bge,leetcode,111,0.7918869853019714,0.022123634815216064,0.050492048263549805,0,0,INCORRECT
bge,leetcode,113,0.7563998699188232,0.040105342864990234,0.057178378105163574,0,0,CORRECT
bge,leetcode,115,0.828528642654419,0.049246132373809814,0.08547616004943848,0,1,CORRECT
bge,leetcode,119,0.7715551853179932,0.00976705551147461,0.04418766498565674,0,1,INCORRECT
bge,leetcode,112,0.7900103330612183,0.028510749340057373,0.06763774156570435,0,0,INCORRECT
bge,leetcode,120,0.83844393491745,0.10011643171310425,0.12490415573120117,0,0,INCORRECT
bge,leetcode,117,0.7696263790130615,0.020608901977539062,0.050809383392333984,1,1,CORRECT
bge,leetcode,116,0.7730166912078857,0.05593472719192505,0.08257132768630981,1,1,CORRECT
bge,leetcode,118,0.7893618941307068,0.026676595211029053,0.059671640396118164,0,0,CORRECT
bge,leetcode,114,0.7637448310852051,0.042925238609313965,0.07554131746292114,0,0,CORRECT
bge,leetcode,121,0.7445337772369385,0.02242821455001831,0.03891861438751221,0,1,CORRECT
bge,leetcode,122,0.7398279309272766,0.01673179864883423,0.042448997497558594,0,0,CORRECT
bge,leetcode,123,0.9008123874664307,0.0962977409362793,0.1423865556716919,1,1,CORRECT
bge,leetcode,124,0.8057737350463867,0.05358541011810303,0.08278512954711914,0,0,CORRECT
bge,leetcode,125,0.8143635392189026,0.06934618949890137,0.09630775451660156,1,1,INCORRECT
bge,economics,51,0.783207893371582,0.01945328712463379,0.07125741243362427,0,1,INCORRECT
bge,leetcode,129,0.7524778246879578,0.023148715496063232,0.049133479595184326,1,1,CORRECT
bge,leetcode,127,0.7864637970924377,0.031026124954223633,0.0835411548614502,0,0,CORRECT
bge,leetcode,128,0.819131076335907,0.03265267610549927,0.07991862297058105,1,1,CORRECT
bge,leetcode,133,0.8079680800437927,0.03469735383987427,0.08538883924484253,0,0,INCORRECT
bge,leetcode,134,0.6976988911628723,0.010141909122467041,0.03574031591415405,0,0,CORRECT
bge,leetcode,130,0.7676321268081665,0.012836277484893799,0.03346562385559082,0,0,CORRECT
bge,leetcode,126,0.8488607406616211,0.01260465383529663,0.0927654504776001,1,1,CORRECT
bge,leetcode,135,0.8258465528488159,0.023635506629943848,0.0973813533782959,0,1,CORRECT
bge,leetcode,131,0.7178865075111389,0.007974565029144287,0.028641462326049805,0,0,CORRECT
bge,leetcode,132,0.833358645439148,0.08323955535888672,0.12098497152328491,1,1,CORRECT
bge,leetcode,136,0.7664468884468079,0.025747716426849365,0.06166279315948486,0,1,CORRECT
bge,leetcode,138,0.7289832830429077,0.014252126216888428,0.035075247287750244,0,0,INCORRECT
bge,leetcode,137,0.7262147068977356,0.004724264144897461,0.03257489204406738,0,1,INCORRECT
bge,pony,0,0.7551533579826355,0.024108707904815674,0.049386441707611084,1,1,CORRECT
bge,leetcode,139,0.7903628945350647,0.020463526248931885,0.04191470146179199,0,0,INCORRECT
bge,leetcode,140,0.8160136938095093,0.03217458724975586,0.0768851637840271,0,1,CORRECT
bge,pony,1,0.7604758739471436,0.019259393215179443,0.048620641231536865,0,0,CORRECT
bge,leetcode,141,0.7990487813949585,0.045148491859436035,0.07015305757522583,0,0,INCORRECT
bge,pony,9,0.7383452653884888,0.01640903949737549,0.03541886806488037,1,1,CORRECT
bge,pony,6,0.7333389520645142,0.02636706829071045,0.04484069347381592,0,0,INCORRECT
bge,pony,2,0.7944307327270508,0.026601850986480713,0.06154656410217285,0,1,INCORRECT
bge,pony,3,0.7340582609176636,0.017939090728759766,0.04861104488372803,0,1,INCORRECT
bge,pony,4,0.7748463749885559,0.045326054096221924,0.06295531988143921,0,0,INCORRECT
bge,pony,7,0.7419530153274536,0.012115716934204102,0.026825666427612305,0,0,CORRECT
bge,pony,8,0.7214025855064392,0.012122690677642822,0.048593223094940186,0,1,CORRECT
bge,pony,5,0.705181360244751,0.011543989181518555,0.023907721042633057,0,1,CORRECT
bge,pony,11,0.6930723190307617,0.03392171859741211,0.05062133073806763,0,1,CORRECT
bge,pony,10,0.7646927833557129,0.032015442848205566,0.050511300563812256,0,0,INCORRECT
bge,pony,12,0.752982497215271,0.008873939514160156,0.03529775142669678,1,1,CORRECT
bge,pony,20,0.7714775800704956,0.009955763816833496,0.03882807493209839,1,1,CORRECT
bge,pony,26,0.7794500589370728,0.008642852306365967,0.03642261028289795,0,1,CORRECT
bge,pony,13,0.7392085790634155,0.00835573673248291,0.02622145414352417,1,1,CORRECT
bge,pony,25,0.7653837203979492,0.03899550437927246,0.05623215436935425,0,0,CORRECT
bge,pony,14,0.756037175655365,0.03212660551071167,0.053382694721221924,0,0,INCORRECT
bge,pony,16,0.7117952108383179,0.016082823276519775,0.05052918195724487,0,0,INCORRECT
bge,pony,18,0.8078266382217407,0.06438624858856201,0.09456610679626465,0,1,CORRECT
bge,pony,17,0.7734909653663635,0.013698160648345947,0.02810847759246826,0,1,CORRECT
bge,pony,15,0.699970543384552,0.005768716335296631,0.023870408535003662,0,1,CORRECT
bge,pony,22,0.758309006690979,0.016098976135253906,0.03275275230407715,0,1,CORRECT
bge,pony,23,0.769496738910675,0.01825118064880371,0.04895669221878052,0,1,INCORRECT
bge,pony,21,0.7628917098045349,0.005195975303649902,0.032273054122924805,0,1,CORRECT
bge,pony,24,0.7477977871894836,0.015083909034729004,0.04695981740951538,0,1,CORRECT
bge,pony,19,0.7697094678878784,0.023482143878936768,0.041953206062316895,0,0,CORRECT
bge,pony,27,0.7847474813461304,0.00680232048034668,0.0313572883605957,0,1,INCORRECT
bge,pony,38,0.7929204702377319,0.02390885353088379,0.041369080543518066,1,1,CORRECT
bge,pony,34,0.7775903940200806,0.027376294136047363,0.052379727363586426,0,0,CORRECT
bge,pony,29,0.791563868522644,0.033288419246673584,0.05780512094497681,0,1,CORRECT
bge,pony,28,0.7350398302078247,0.030820906162261963,0.04689037799835205,0,1,INCORRECT
bge,pony,30,0.7668286561965942,0.011461615562438965,0.02816075086593628,0,1,CORRECT
bge,pony,32,0.7681206464767456,0.013501524925231934,0.04095679521560669,0,0,CORRECT
bge,pony,31,0.7476092576980591,0.009273886680603027,0.041417717933654785,0,1,INCORRECT
bge,pony,33,0.760841429233551,0.020526230335235596,0.05936634540557861,0,1,INCORRECT
bge,pony,35,0.7677760124206543,0.019758880138397217,0.0400923490524292,1,1,INCORRECT
bge,pony,41,0.7235338687896729,0.012976884841918945,0.03385114669799805,0,1,CORRECT
bge,pony,36,0.7585867643356323,0.008383572101593018,0.022800981998443604,0,0,CORRECT
bge,pony,39,0.7450625896453857,0.032765746116638184,0.06109189987182617,0,1,INCORRECT
bge,pony,40,0.7704099416732788,0.023134350776672363,0.055364251136779785,0,0,INCORRECT
bge,pony,37,0.7846933603286743,0.038466691970825195,0.06425607204437256,0,1,INCORRECT
bge,pony,44,0.7973836660385132,0.028382301330566406,0.0451735258102417,0,0,CORRECT
bge,pony,42,0.7877417802810669,0.01074373722076416,0.03352463245391846,0,1,CORRECT
bge,pony,43,0.7846441268920898,0.05197310447692871,0.07676994800567627,0,1,INCORRECT
bge,pony,46,0.7525798678398132,0.013086974620819092,0.04317551851272583,1,1,CORRECT
bge,pony,45,0.802078366279602,0.025558769702911377,0.04126167297363281,0,1,INCORRECT
bge,pony,47,0.7400460243225098,0.046418726444244385,0.0774121880531311,0,1,CORRECT
bge,pony,48,0.8262721300125122,0.014999449253082275,0.04435372352600098,1,1,CORRECT
bge,pony,54,0.7763782739639282,0.010979652404785156,0.03327047824859619,1,1,INCORRECT
bge,pony,52,0.7975621223449707,0.030304908752441406,0.05197781324386597,0,1,INCORRECT
bge,pony,49,0.733237087726593,0.029474973678588867,0.04515260457992554,1,1,INCORRECT
bge,pony,51,0.7571992874145508,0.005114614963531494,0.03229653835296631,1,1,CORRECT
bge,pony,50,0.7756527662277222,0.01841217279434204,0.035552024841308594,0,1,INCORRECT
bge,pony,59,0.7717307209968567,0.030226051807403564,0.057696640491485596,0,1,CORRECT
bge,pony,55,0.7610385417938232,0.013408660888671875,0.0341259241104126,0,0,CORRECT
bge,pony,53,0.7551493644714355,0.006486177444458008,0.028778493404388428,0,1,INCORRECT
bge,pony,56,0.7739289999008179,0.005741715431213379,0.035835206508636475,1,1,INCORRECT
bge,pony,57,0.7166827917098999,0.016937971115112305,0.03860044479370117,1,1,CORRECT
bge,pony,60,0.7565805912017822,0.015840768814086914,0.033382952213287354,0,1,CORRECT
bge,pony,63,0.7743028402328491,0.022423923015594482,0.060776352882385254,0,1,INCORRECT
bge,pony,58,0.785513162612915,0.012475252151489258,0.033368587493896484,0,1,CORRECT
bge,pony,61,0.7824398279190063,0.025779247283935547,0.042417049407958984,1,1,CORRECT
bge,pony,62,0.724128007888794,0.011530756950378418,0.0320432186126709,1,1,CORRECT
bge,pony,66,0.7742481231689453,0.028867125511169434,0.0467839241027832,0,0,CORRECT
bge,pony,67,0.7498244047164917,0.02283114194869995,0.044832706451416016,0,1,INCORRECT
bge,pony,68,0.7552178502082825,0.015209197998046875,0.03241235017776489,0,0,INCORRECT
bge,pony,65,0.7631451487541199,0.06266385316848755,0.08277642726898193,0,1,INCORRECT
bge,pony,71,0.7525216341018677,0.01701366901397705,0.03436243534088135,0,1,INCORRECT
bge,pony,69,0.8441197276115417,0.06799942255020142,0.09663689136505127,0,1,CORRECT
bge,pony,73,0.7637419700622559,0.004052639007568359,0.019487857818603516,0,0,CORRECT
bge,pony,72,0.7606426477432251,0.02407175302505493,0.04044824838638306,0,0,INCORRECT
bge,pony,70,0.7281917333602905,0.0046656131744384766,0.03772127628326416,0,1,CORRECT
bge,pony,77,0.7821459770202637,0.0225713849067688,0.050762951374053955,0,0,CORRECT
bge,pony,74,0.7548713684082031,0.023138225078582764,0.04143792390823364,0,1,CORRECT
bge,pony,76,0.76726233959198,0.016144394874572754,0.03253042697906494,0,1,INCORRECT
bge,pony,75,0.7810218334197998,0.01348412036895752,0.03832876682281494,0,0,INCORRECT
bge,pony,82,0.7431819438934326,0.023165345191955566,0.04408824443817139,0,0,CORRECT
bge,pony,78,0.7503623366355896,0.008011877536773682,0.02244466543197632,0,1,INCORRECT
bge,pony,83,0.7430802583694458,0.015541434288024902,0.03679490089416504,1,1,CORRECT
bge,pony,80,0.7718799710273743,0.049994826316833496,0.06427305936813354,1,1,INCORRECT
bge,pony,81,0.7678626775741577,0.015639305114746094,0.040715932846069336,1,1,CORRECT
bge,pony,84,0.731019139289856,0.015044927597045898,0.02994173765182495,0,1,INCORRECT
bge,pony,79,0.7691206932067871,0.04083353281021118,0.0632246732711792,0,1,CORRECT
bge,pony,86,0.7846534848213196,0.043408751487731934,0.061383068561553955,0,1,INCORRECT
bge,pony,85,0.7595705986022949,0.006506145000457764,0.02805161476135254,0,1,CORRECT
bge,pony,87,0.777779221534729,0.027799487113952637,0.04378867149353027,0,1,INCORRECT
bge,pony,88,0.7876267433166504,0.02289479970932007,0.05018019676208496,0,0,CORRECT
bge,pony,90,0.754976749420166,0.008317768573760986,0.03971296548843384,0,1,CORRECT
bge,pony,91,0.7861465215682983,0.013342320919036865,0.05081653594970703,0,0,INCORRECT
bge,pony,89,0.7543772459030151,0.009927630424499512,0.030161142349243164,0,1,CORRECT
bge,pony,92,0.7807317972183228,0.007592320442199707,0.030950188636779785,1,1,CORRECT
bge,pony,64,0.7192468047142029,0.02546912431716919,0.04243266582489014,1,1,INCORRECT
bge,pony,97,0.7604752779006958,0.006760358810424805,0.03116440773010254,0,1,CORRECT
bge,pony,95,0.7545092701911926,0.04309731721878052,0.05675160884857178,0,1,CORRECT
bge,pony,94,0.7399567365646362,0.02196449041366577,0.033169567584991455,0,0,CORRECT
bge,pony,93,0.7950925827026367,0.02176511287689209,0.05333000421524048,0,0,CORRECT
bge,pony,100,0.7716859579086304,0.018716752529144287,0.0384787917137146,0,1,CORRECT
bge,pony,99,0.7402459383010864,0.014144599437713623,0.03751480579376221,0,0,INCORRECT
bge,pony,96,0.7241745591163635,0.01974719762802124,0.03906083106994629,0,1,CORRECT
bge,pony,98,0.7652914524078369,0.008208632469177246,0.020231127738952637,0,0,CORRECT
bge,pony,101,0.7640129327774048,0.014054417610168457,0.034738361835479736,1,1,CORRECT
bge,pony,102,0.7251251935958862,0.021702826023101807,0.046942174434661865,1,1,CORRECT
bge,pony,103,0.7608203887939453,0.009259939193725586,0.03709834814071655,0,1,CORRECT
bge,pony,105,0.7724671363830566,0.023318886756896973,0.04460442066192627,0,1,INCORRECT
bge,pony,106,0.725098192691803,0.014225602149963379,0.037653982639312744,1,1,INCORRECT
bge,pony,104,0.7566217184066772,0.02406531572341919,0.04487365484237671,0,1,CORRECT
bge,psychology,1,0.7125034332275391,0.009959101676940918,0.055000901222229004,1,1,CORRECT
bge,pony,107,0.758881688117981,0.009043693542480469,0.04462325572967529,0,1,CORRECT
bge,pony,108,0.7313293218612671,0.005695462226867676,0.02642357349395752,0,0,INCORRECT
bge,pony,111,0.7337664365768433,0.008744120597839355,0.021540701389312744,0,1,CORRECT
bge,pony,110,0.7578564882278442,0.01335221529006958,0.029634714126586914,0,1,INCORRECT
bge,psychology,0,0.7221816778182983,0.02498173713684082,0.04479992389678955,0,1,CORRECT
bge,pony,109,0.7319643497467041,0.012927711009979248,0.03782665729522705,0,0,CORRECT
bge,psychology,2,0.7937057018280029,0.02205413579940796,0.04705500602722168,0,0,CORRECT
bge,psychology,9,0.7268775105476379,0.010376334190368652,0.047692716121673584,1,1,CORRECT
bge,psychology,3,0.7353313565254211,0.039659976959228516,0.07890933752059937,0,0,CORRECT
bge,psychology,12,0.7195128202438354,0.007929325103759766,0.038793981075286865,0,1,INCORRECT
bge,psychology,5,0.8147908449172974,0.06407046318054199,0.12660223245620728,0,0,CORRECT
bge,psychology,6,0.7467488050460815,0.06298136711120605,0.0811910629272461,0,1,CORRECT
bge,psychology,8,0.7905901074409485,0.07437115907669067,0.1312764286994934,0,0,CORRECT
bge,psychology,7,0.739833414554596,0.02536672353744507,0.048278093338012695,0,0,INCORRECT
bge,psychology,10,0.7670502662658691,0.017745256423950195,0.061995506286621094,1,1,CORRECT
bge,psychology,17,0.6925873756408691,0.002778768539428711,0.021763205528259277,0,0,INCORRECT
bge,psychology,18,0.8202698230743408,0.011364102363586426,0.08476078510284424,0,1,CORRECT
bge,psychology,11,0.7013944983482361,0.013622105121612549,0.031198203563690186,1,1,CORRECT
bge,psychology,15,0.7138683795928955,0.012736737728118896,0.02935612201690674,0,0,CORRECT
bge,psychology,14,0.7338826656341553,0.014985203742980957,0.04122912883758545,0,0,CORRECT
bge,psychology,19,0.7790560126304626,0.08498966693878174,0.1333686113357544,1,1,CORRECT
bge,psychology,16,0.765096127986908,0.03986644744873047,0.0888512134552002,0,1,CORRECT
bge,psychology,13,0.7686640024185181,0.059027671813964844,0.09900975227355957,0,1,INCORRECT
bge,psychology,20,0.703615665435791,0.03520643711090088,0.05778670310974121,0,0,CORRECT
bge,psychology,23,0.8400665521621704,0.09328317642211914,0.1224985122680664,0,0,INCORRECT
bge,psychology,21,0.7191570401191711,0.01723569631576538,0.04164189100265503,0,0,INCORRECT
bge,psychology,27,0.7721785306930542,0.030498862266540527,0.057845473289489746,0,0,INCORRECT
bge,psychology,33,0.740721583366394,0.01476895809173584,0.036628782749176025,0,0,CORRECT
bge,psychology,22,0.8402568101882935,0.022858858108520508,0.08874338865280151,0,0,CORRECT
bge,psychology,25,0.7134575247764587,0.032953739166259766,0.05891215801239014,0,1,CORRECT
bge,psychology,24,0.7549622654914856,0.028685033321380615,0.0751999020576477,0,0,CORRECT
bge,psychology,31,0.7174564599990845,0.07950067520141602,0.10195404291152954,1,1,CORRECT
bge,psychology,26,0.7496822476387024,0.05419844388961792,0.10583192110061646,0,0,CORRECT
bge,psychology,29,0.7161656618118286,0.019437313079833984,0.03869330883026123,0,0,CORRECT
bge,psychology,32,0.7668008804321289,0.05224740505218506,0.07611852884292603,0,0,CORRECT
bge,psychology,30,0.7487711906433105,0.03683573007583618,0.07535415887832642,1,1,CORRECT
bge,psychology,28,0.7800791263580322,0.04245138168334961,0.06690925359725952,1,1,CORRECT
bge,psychology,40,0.7640970945358276,0.025024116039276123,0.1093524694442749,0,0,CORRECT
bge,psychology,43,0.7144690155982971,0.01755315065383911,0.04061305522918701,0,1,CORRECT
bge,psychology,34,0.7936302423477173,0.04029548168182373,0.08550882339477539,0,0,CORRECT
bge,psychology,4,0.7115063667297363,0.019571900367736816,0.03102123737335205,0,0,INCORRECT
bge,psychology,42,0.8173142075538635,0.014303803443908691,0.0526503324508667,0,1,INCORRECT
bge,psychology,38,0.7231616377830505,0.024938881397247314,0.05421417951583862,0,0,CORRECT
bge,psychology,36,0.7352580428123474,0.007927358150482178,0.04241955280303955,0,0,CORRECT
bge,psychology,35,0.7831981182098389,0.041103363037109375,0.14848655462265015,1,1,CORRECT
bge,psychology,39,0.6947341561317444,0.0172843337059021,0.04127722978591919,0,0,INCORRECT
bge,psychology,37,0.758834719657898,0.03265559673309326,0.05208754539489746,1,1,INCORRECT
bge,psychology,41,0.7359180450439453,0.06592851877212524,0.11386233568191528,1,1,CORRECT
bge,psychology,44,0.7390711307525635,0.019650936126708984,0.0481414794921875,0,0,INCORRECT
bge,psychology,48,0.7093684673309326,0.026035666465759277,0.048921167850494385,0,0,INCORRECT
bge,psychology,53,0.7094236016273499,0.030466198921203613,0.0619620680809021,0,0,INCORRECT
bge,psychology,51,0.7232120037078857,0.0507204532623291,0.0867924690246582,1,1,CORRECT
bge,psychology,45,0.7651995420455933,0.03265255689620972,0.05844438076019287,0,0,CORRECT
bge,psychology,49,0.7532416582107544,0.03399503231048584,0.07390427589416504,0,0,INCORRECT
bge,psychology,46,0.8017838001251221,0.03466391563415527,0.06369787454605103,0,0,CORRECT
bge,psychology,47,0.7497413158416748,0.045545995235443115,0.06756138801574707,1,1,CORRECT
bge,psychology,55,0.7070451378822327,0.02438122034072876,0.0639905333518982,0,0,INCORRECT
bge,psychology,50,0.7066659927368164,0.010366499423980713,0.02919912338256836,1,1,CORRECT
bge,psychology,52,0.7347512245178223,0.0369604229927063,0.05652356147766113,0,0,INCORRECT
bge,psychology,64,0.655756950378418,0.01979207992553711,0.032704949378967285,0,0,INCORRECT
bge,psychology,58,0.7372817397117615,0.01952338218688965,0.03873491287231445,0,0,CORRECT
bge,psychology,61,0.7033293843269348,0.013697683811187744,0.04786121845245361,1,1,CORRECT
bge,psychology,57,0.7324786186218262,0.0203094482421875,0.054727375507354736,1,1,CORRECT
bge,psychology,67,0.7523642182350159,0.06409400701522827,0.10871022939682007,1,1,CORRECT
bge,psychology,59,0.8231192827224731,0.036557674407958984,0.08876681327819824,0,0,CORRECT
bge,psychology,56,0.7368115186691284,0.056379079818725586,0.08638888597488403,0,0,CORRECT
bge,psychology,54,0.7627033591270447,0.040959060192108154,0.06833136081695557,0,0,CORRECT
bge,psychology,62,0.7334120273590088,0.014656782150268555,0.047625601291656494,0,0,CORRECT
bge,psychology,60,0.7630273103713989,0.020200014114379883,0.05812978744506836,0,0,CORRECT
bge,psychology,63,0.7305494546890259,0.023990333080291748,0.04985547065734863,0,0,INCORRECT
bge,psychology,66,0.823642373085022,0.05820387601852417,0.10777682065963745,0,0,CORRECT
bge,psychology,65,0.7358688116073608,0.02406865358352661,0.05531567335128784,1,1,CORRECT
bge,psychology,68,0.7678526639938354,0.059327781200408936,0.09410256147384644,1,1,CORRECT
bge,psychology,70,0.7558950781822205,0.01770097017288208,0.048585474491119385,0,0,INCORRECT
bge,psychology,69,0.7402888536453247,0.03428220748901367,0.05761498212814331,0,0,INCORRECT
bge,psychology,73,0.7636286020278931,0.0075536370277404785,0.028232216835021973,0,0,CORRECT
bge,psychology,71,0.7666399478912354,0.05077284574508667,0.08504855632781982,1,1,CORRECT
bge,psychology,79,0.7682322263717651,0.047582268714904785,0.09657621383666992,1,1,CORRECT
bge,psychology,72,0.8033511638641357,0.03872913122177124,0.0889359712600708,1,1,CORRECT
bge,psychology,78,0.7457354068756104,0.0120011568069458,0.04129672050476074,0,0,INCORRECT
bge,psychology,75,0.8382561802864075,0.06307965517044067,0.12183821201324463,0,0,CORRECT
bge,psychology,77,0.7227986454963684,0.05081665515899658,0.06543034315109253,0,0,INCORRECT
bge,psychology,74,0.7272082567214966,0.025571584701538086,0.04853808879852295,0,1,CORRECT
bge,psychology,76,0.7654565572738647,0.008037209510803223,0.05337369441986084,1,1,CORRECT
bge,psychology,80,0.7809466123580933,0.012315630912780762,0.03434741497039795,0,1,CORRECT
bge,psychology,83,0.7528363466262817,0.03999817371368408,0.06928831338882446,0,0,INCORRECT
bge,psychology,81,0.7263580560684204,0.04213649034500122,0.06451350450515747,0,0,INCORRECT
bge,psychology,82,0.7718256711959839,0.050532400608062744,0.06774324178695679,1,1,CORRECT
bge,psychology,84,0.7716587781906128,0.018892407417297363,0.08497470617294312,1,1,CORRECT
bge,psychology,89,0.7352682948112488,0.016485154628753662,0.04987442493438721,0,0,INCORRECT
bge,psychology,85,0.7717220187187195,0.0590328574180603,0.11292535066604614,0,0,CORRECT
bge,psychology,87,0.6910209059715271,0.012584686279296875,0.03736424446105957,1,1,CORRECT
bge,psychology,88,0.7438220977783203,0.034577250480651855,0.05476200580596924,1,1,CORRECT
bge,psychology,90,0.808838427066803,0.017629683017730713,0.047890424728393555,1,1,INCORRECT
bge,psychology,94,0.7290300726890564,0.033644020557403564,0.061827003955841064,0,0,CORRECT
bge,psychology,91,0.7250339984893799,0.019444704055786133,0.0739755630493164,1,1,CORRECT
bge,psychology,86,0.7088662385940552,0.056783318519592285,0.08766907453536987,1,1,CORRECT
bge,psychology,93,0.7021304368972778,0.025437355041503906,0.05685114860534668,0,0,INCORRECT
bge,psychology,92,0.7182114124298096,0.02658933401107788,0.04695630073547363,1,1,CORRECT
bge,psychology,95,0.7360836267471313,0.010915994644165039,0.041972219944000244,0,0,INCORRECT
bge,psychology,98,0.7143137454986572,0.007565021514892578,0.03278452157974243,0,0,CORRECT
bge,psychology,99,0.8034364581108093,0.10963219404220581,0.16378790140151978,0,0,CORRECT
bge,psychology,97,0.7492240071296692,0.018691718578338623,0.06789201498031616,0,1,CORRECT
bge,psychology,96,0.6924599409103394,0.014625191688537598,0.027320683002471924,0,0,INCORRECT
bge,psychology,100,0.7623899579048157,0.017538368701934814,0.06851249933242798,0,0,CORRECT
bge,robotics,0,0.7461657524108887,0.020092785358428955,0.05381810665130615,0,0,INCORRECT
bge,robotics,1,0.7573261260986328,0.027994394302368164,0.047783732414245605,0,0,CORRECT
bge,robotics,5,0.7995944023132324,0.06658154726028442,0.11127209663391113,0,0,CORRECT
bge,robotics,2,0.8459326028823853,0.029557108879089355,0.06148636341094971,1,1,CORRECT
bge,robotics,6,0.7959768176078796,0.020060360431671143,0.06288367509841919,0,0,CORRECT
bge,robotics,4,0.7474089860916138,0.011944770812988281,0.041062355041503906,0,0,CORRECT
bge,robotics,8,0.8017938137054443,0.050923287868499756,0.08418989181518555,0,1,CORRECT
bge,robotics,7,0.7911062836647034,0.006430327892303467,0.0396580696105957,1,1,CORRECT
bge,robotics,10,0.7565568685531616,0.0157850980758667,0.04069298505783081,0,0,INCORRECT
bge,robotics,9,0.8254320025444031,0.02355891466140747,0.06663477420806885,0,0,INCORRECT
bge,robotics,3,0.8102574348449707,0.0342060923576355,0.06857472658157349,0,0,INCORRECT
bge,robotics,11,0.8311982154846191,0.035939037799835205,0.078532874584198,0,0,CORRECT
bge,robotics,13,0.7983392477035522,0.0266304612159729,0.048465073108673096,0,0,CORRECT
bge,robotics,19,0.8042328357696533,0.037705302238464355,0.06428945064544678,0,0,INCORRECT
bge,robotics,15,0.8147605657577515,0.0211026668548584,0.05298757553100586,0,1,INCORRECT
bge,robotics,14,0.7613109946250916,0.016319572925567627,0.044850289821624756,0,0,CORRECT
bge,robotics,16,0.7862938642501831,0.01743483543395996,0.03952425718307495,0,1,INCORRECT
bge,robotics,12,0.8188076019287109,0.044495224952697754,0.059415221214294434,0,0,CORRECT
bge,robotics,18,0.8361389636993408,0.04726153612136841,0.07097750902175903,1,1,CORRECT
bge,robotics,17,0.8288138508796692,0.0365789532661438,0.07748347520828247,0,0,CORRECT
bge,robotics,20,0.8220821619033813,0.019469499588012695,0.06960403919219971,0,1,CORRECT
bge,robotics,22,0.7413254976272583,0.01766204833984375,0.06525981426239014,0,0,CORRECT
bge,robotics,21,0.8240907192230225,0.08013856410980225,0.13800477981567383,0,0,INCORRECT
bge,robotics,25,0.7786145806312561,0.03060382604598999,0.06146019697189331,0,0,INCORRECT
bge,robotics,23,0.8064253330230713,0.018000483512878418,0.04577064514160156,0,0,CORRECT
bge,robotics,24,0.7404608130455017,0.013423621654510498,0.034083664417266846,1,1,CORRECT
bge,robotics,26,0.8529917001724243,0.05791521072387695,0.08799207210540771,0,1,CORRECT
bge,robotics,29,0.8404552340507507,0.053538501262664795,0.07373392581939697,0,0,CORRECT
bge,robotics,27,0.843170166015625,0.051667094230651855,0.12301737070083618,1,1,CORRECT
bge,robotics,31,0.780455470085144,0.008179843425750732,0.026750922203063965,0,0,CORRECT
bge,robotics,30,0.8300751447677612,0.02034515142440796,0.0443035364151001,0,0,INCORRECT
bge,robotics,28,0.8166208267211914,0.0033000707626342773,0.05807650089263916,0,0,INCORRECT
bge,robotics,34,0.7705278396606445,0.02683711051940918,0.055498361587524414,0,0,INCORRECT
bge,robotics,32,0.8188298940658569,0.049335360527038574,0.07967710494995117,0,0,CORRECT
bge,robotics,33,0.7661193013191223,0.016380667686462402,0.04805111885070801,0,0,CORRECT
bge,robotics,35,0.762138307094574,0.00139617919921875,0.020623981952667236,0,0,CORRECT
bge,robotics,36,0.7807852029800415,0.020887017250061035,0.043710172176361084,1,1,CORRECT
bge,robotics,37,0.8313446640968323,0.017900407314300537,0.07943481206893921,0,0,CORRECT
bge,robotics,38,0.897587776184082,0.11313754320144653,0.16248869895935059,1,1,CORRECT
bge,robotics,39,0.8102430105209351,0.04531121253967285,0.08258140087127686,1,1,CORRECT
bge,robotics,40,0.8264662623405457,0.03826981782913208,0.07150250673294067,1,1,CORRECT
bge,robotics,46,0.8012987375259399,0.04889178276062012,0.08161401748657227,0,1,CORRECT
bge,robotics,41,0.8380972146987915,0.008953273296356201,0.04301095008850098,0,0,CORRECT
bge,robotics,42,0.7887080907821655,0.029319047927856445,0.06114625930786133,0,0,CORRECT
bge,robotics,44,0.7943838834762573,0.02500474452972412,0.03921729326248169,0,0,INCORRECT
bge,robotics,43,0.7835454344749451,0.015966475009918213,0.046317338943481445,1,1,CORRECT
bge,robotics,45,0.8085275888442993,0.03138589859008789,0.07246679067611694,1,1,CORRECT
bge,robotics,49,0.858672559261322,0.04225713014602661,0.07647806406021118,1,1,CORRECT
bge,robotics,50,0.7661557197570801,0.023398876190185547,0.06246495246887207,1,1,INCORRECT
bge,robotics,51,0.8163511753082275,0.04539930820465088,0.07205957174301147,0,0,CORRECT
bge,robotics,52,0.8118315935134888,0.010237812995910645,0.05102801322937012,0,0,CORRECT
bge,robotics,47,0.7676572799682617,0.014514565467834473,0.029465079307556152,1,1,CORRECT
bge,robotics,53,0.7386666536331177,0.01666700839996338,0.03661298751831055,0,0,INCORRECT
bge,robotics,48,0.7858016490936279,0.0433884859085083,0.05792343616485596,0,0,CORRECT
bge,robotics,54,0.780893087387085,0.0691341757774353,0.08422315120697021,0,1,CORRECT
bge,robotics,60,0.7989320158958435,0.04556363821029663,0.06995195150375366,0,0,CORRECT
bge,robotics,59,0.762864351272583,0.0184212327003479,0.039423465728759766,0,0,CORRECT
bge,robotics,56,0.770668089389801,0.02406919002532959,0.05321377515792847,0,0,CORRECT
bge,robotics,55,0.7878644466400146,0.012023210525512695,0.02310001850128174,0,0,CORRECT
bge,robotics,57,0.7989113330841064,0.03905129432678223,0.07519638538360596,0,0,CORRECT
bge,robotics,58,0.869433581829071,0.05687206983566284,0.11156260967254639,0,0,CORRECT
bge,robotics,61,0.8564237356185913,0.05691981315612793,0.1366286277770996,0,0,INCORRECT
bge,robotics,67,0.7800403833389282,0.04893147945404053,0.07063186168670654,0,0,CORRECT
bge,robotics,63,0.8643572330474854,0.06124192476272583,0.10621678829193115,1,1,CORRECT
bge,robotics,62,0.868593156337738,0.058383047580718994,0.10054075717926025,0,0,CORRECT
bge,robotics,66,0.7977088689804077,0.007065951824188232,0.04233193397521973,0,1,CORRECT
bge,robotics,68,0.800707221031189,0.04609626531600952,0.07126474380493164,1,1,CORRECT
bge,robotics,65,0.7962493896484375,0.010904908180236816,0.0333329439163208,0,1,INCORRECT
bge,robotics,64,0.8340239524841309,0.038597166538238525,0.0911557674407959,0,1,CORRECT
bge,robotics,72,0.8133362531661987,0.03337812423706055,0.05984699726104736,0,0,CORRECT
bge,robotics,73,0.7542812824249268,0.037747979164123535,0.05074477195739746,1,1,INCORRECT
bge,robotics,75,0.7685991525650024,0.01788640022277832,0.06291675567626953,0,1,CORRECT
bge,robotics,74,0.8235902786254883,0.04179978370666504,0.10887598991394043,0,0,CORRECT
bge,robotics,71,0.7922145128250122,0.02804553508758545,0.052187323570251465,0,1,CORRECT
bge,robotics,70,0.8123856782913208,0.04806387424468994,0.06953573226928711,1,1,CORRECT
bge,robotics,69,0.8054512739181519,0.034478962421417236,0.06196779012680054,1,1,CORRECT
bge,robotics,76,0.8349921107292175,0.05547565221786499,0.0871616005897522,0,0,CORRECT
bge,robotics,77,0.770820140838623,0.020108699798583984,0.050854265689849854,0,0,INCORRECT
bge,robotics,78,0.8554500937461853,0.08019453287124634,0.11353045701980591,1,1,CORRECT
bge,robotics,79,0.7813671827316284,0.03106105327606201,0.04416424036026001,0,0,CORRECT
bge,robotics,82,0.8213297128677368,0.023231327533721924,0.06318134069442749,0,0,CORRECT
bge,robotics,80,0.7562081813812256,0.013942480087280273,0.03456401824951172,0,0,CORRECT
bge,robotics,81,0.809267520904541,0.028049945831298828,0.05472981929779053,0,0,CORRECT
bge,robotics,83,0.8181736469268799,0.03551054000854492,0.06329882144927979,0,0,CORRECT
bge,robotics,88,0.8037716746330261,0.022785425186157227,0.06670814752578735,0,0,CORRECT
bge,robotics,92,0.7412772178649902,0.04888653755187988,0.07112866640090942,1,1,CORRECT
bge,robotics,90,0.7849504947662354,0.013465464115142822,0.04588150978088379,0,0,CORRECT
bge,robotics,84,0.7925349473953247,0.03860282897949219,0.09012067317962646,1,1,CORRECT
bge,robotics,87,0.846509575843811,0.07834768295288086,0.11438858509063721,0,0,INCORRECT
bge,robotics,89,0.8055144548416138,0.034047842025756836,0.060939788818359375,0,1,CORRECT
bge,robotics,85,0.8100783824920654,0.021425843238830566,0.05561959743499756,0,1,CORRECT
bge,robotics,86,0.7873506546020508,0.010072112083435059,0.05565774440765381,0,1,CORRECT
bge,robotics,91,0.818168580532074,0.06247556209564209,0.10828036069869995,1,1,CORRECT
bge,robotics,98,0.758262038230896,0.0072934627532958984,0.046640098094940186,0,0,INCORRECT
bge,robotics,93,0.9048441648483276,0.16708242893218994,0.18779587745666504,1,1,CORRECT
bge,robotics,96,0.792478084564209,0.037994325160980225,0.0801008939743042,0,0,INCORRECT
bge,robotics,95,0.8126806616783142,0.05032336711883545,0.10104507207870483,0,0,CORRECT
bge,robotics,97,0.7790287733078003,0.01774376630783081,0.04504406452178955,0,0,INCORRECT
bge,robotics,94,0.847650408744812,0.057721614837646484,0.09334230422973633,1,1,CORRECT
bge,robotics,99,0.8108579516410828,0.017307400703430176,0.06656128168106079,0,0,CORRECT
bge,stackoverflow,0,0.763710618019104,0.042374372482299805,0.05538952350616455,0,0,CORRECT
bge,robotics,100,0.8030656576156616,0.040738701820373535,0.059142231941223145,0,0,CORRECT
bge,stackoverflow,5,0.7496247887611389,0.0233536958694458,0.0233536958694458,0,0,CORRECT
bge,stackoverflow,4,0.7938593626022339,0.05204153060913086,0.07873344421386719,0,0,CORRECT
bge,stackoverflow,1,0.7257547378540039,0.013244271278381348,0.033147454261779785,0,0,CORRECT
bge,stackoverflow,2,0.7599645853042603,0.021896183490753174,0.052947402000427246,0,0,CORRECT
bge,stackoverflow,3,0.766186535358429,0.004619419574737549,0.05171769857406616,1,1,CORRECT
bge,stackoverflow,9,0.786575436592102,0.03466081619262695,0.06408917903900146,0,0,CORRECT
bge,stackoverflow,6,0.7360528707504272,0.023279249668121338,0.04263293743133545,0,0,CORRECT
bge,stackoverflow,7,0.7589477896690369,0.06237161159515381,0.08710378408432007,0,0,CORRECT
bge,stackoverflow,11,0.7657812833786011,0.030881643295288086,0.04920828342437744,0,0,CORRECT
bge,stackoverflow,8,0.732560932636261,0.023501038551330566,0.06555938720703125,0,1,CORRECT
bge,stackoverflow,12,0.7373654842376709,0.05239260196685791,0.09324014186859131,1,1,INCORRECT
bge,stackoverflow,10,0.8221021294593811,0.020856797695159912,0.07981359958648682,0,1,CORRECT
bge,stackoverflow,13,0.7736090421676636,0.030874550342559814,0.04168426990509033,1,1,CORRECT
bge,stackoverflow,14,0.7843108773231506,0.050831139087677,0.09457451105117798,0,1,CORRECT
bge,stackoverflow,15,0.7597160339355469,0.020375728607177734,0.03681367635726929,0,0,CORRECT
bge,stackoverflow,16,0.7387542724609375,0.02432096004486084,0.05307161808013916,0,1,INCORRECT
bge,stackoverflow,19,0.7159531712532043,0.004439175128936768,0.025897443294525146,0,0,CORRECT
bge,stackoverflow,18,0.7738752961158752,0.02278214693069458,0.05995279550552368,0,0,CORRECT
bge,stackoverflow,17,0.7199098467826843,0.012278735637664795,0.034756600856781006,0,0,CORRECT
bge,stackoverflow,20,0.789311408996582,0.0296705961227417,0.06272947788238525,0,0,CORRECT
bge,stackoverflow,25,0.8278999328613281,0.03885829448699951,0.08110511302947998,0,0,CORRECT
bge,stackoverflow,26,0.7405532598495483,0.038295209407806396,0.06676298379898071,0,0,CORRECT
bge,stackoverflow,23,0.8475894927978516,0.12288713455200195,0.1759357452392578,1,1,CORRECT
bge,stackoverflow,24,0.7935205698013306,0.013066530227661133,0.07550930976867676,0,0,CORRECT
bge,stackoverflow,27,0.8637540936470032,0.06530332565307617,0.14682841300964355,0,0,INCORRECT
bge,stackoverflow,21,0.6953400373458862,0.012414813041687012,0.03653395175933838,0,0,CORRECT
bge,stackoverflow,22,0.9161084890365601,0.034094274044036865,0.19645965099334717,0,0,INCORRECT
bge,stackoverflow,30,0.7600339651107788,0.00861901044845581,0.026866436004638672,0,0,INCORRECT
bge,stackoverflow,31,0.7711728811264038,0.04823726415634155,0.08989304304122925,1,1,CORRECT
bge,stackoverflow,28,0.7424370646476746,0.01271820068359375,0.03569227457046509,0,0,CORRECT
bge,stackoverflow,29,0.8113769292831421,0.03511554002761841,0.08394908905029297,0,0,INCORRECT
bge,stackoverflow,32,0.7390350699424744,0.046933114528656006,0.0837509036064148,0,1,CORRECT
bge,stackoverflow,34,0.8173832297325134,0.05406695604324341,0.12927234172821045,1,1,CORRECT
bge,stackoverflow,33,0.7420351505279541,0.017200827598571777,0.03149920701980591,0,1,CORRECT
bge,stackoverflow,35,0.762395977973938,0.02237725257873535,0.05151486396789551,0,0,CORRECT
bge,stackoverflow,40,0.7246154546737671,0.017728149890899658,0.04279172420501709,0,0,INCORRECT
bge,stackoverflow,39,0.8215110301971436,0.022939682006835938,0.10027134418487549,0,1,CORRECT
bge,stackoverflow,38,0.7588827610015869,0.010564804077148438,0.046849966049194336,0,1,INCORRECT
bge,stackoverflow,42,0.7324256896972656,0.031692564487457275,0.07051098346710205,0,1,CORRECT
bge,stackoverflow,36,0.753786563873291,0.030867338180541992,0.11495757102966309,0,0,INCORRECT
bge,stackoverflow,37,0.7111524939537048,0.00783008337020874,0.024134337902069092,0,1,CORRECT
bge,stackoverflow,43,0.799903154373169,0.04148656129837036,0.053360819816589355,1,1,CORRECT
bge,stackoverflow,41,0.8048423528671265,0.013043522834777832,0.0549546480178833,0,1,CORRECT
bge,stackoverflow,47,0.8928930163383484,0.10304445028305054,0.20742791891098022,0,1,CORRECT
bge,stackoverflow,44,0.8009235858917236,0.05411452054977417,0.11610478162765503,1,1,INCORRECT
bge,stackoverflow,49,0.7589757442474365,0.0406947135925293,0.08366608619689941,1,1,CORRECT
bge,stackoverflow,46,0.7566468119621277,0.0836954116821289,0.10988956689834595,0,0,CORRECT
bge,stackoverflow,48,0.6920536756515503,0.039298176765441895,0.04794645309448242,0,1,CORRECT
bge,stackoverflow,45,0.7706703543663025,0.017656981945037842,0.05062001943588257,1,1,INCORRECT
bge,stackoverflow,50,0.773908793926239,0.0508154034614563,0.10204190015792847,0,0,CORRECT
bge,stackoverflow,51,0.7164709568023682,0.02162754535675049,0.0330580472946167,0,0,CORRECT
bge,stackoverflow,55,0.7198487520217896,0.0267486572265625,0.05540996789932251,0,1,CORRECT
bge,stackoverflow,53,0.8192094564437866,0.04840797185897827,0.0846099853515625,1,1,CORRECT
bge,stackoverflow,56,0.8390699625015259,0.0344119668006897,0.08288204669952393,1,1,CORRECT
bge,stackoverflow,57,0.7547012567520142,0.014686048030853271,0.03377622365951538,0,0,CORRECT
bge,stackoverflow,54,0.7656645178794861,0.04377102851867676,0.07745492458343506,1,1,CORRECT
bge,stackoverflow,58,0.735156774520874,0.025038719177246094,0.04753983020782471,0,1,CORRECT
bge,stackoverflow,52,0.7483932971954346,0.02707010507583618,0.054448068141937256,1,1,CORRECT
bge,stackoverflow,59,0.808103084564209,0.05100226402282715,0.10895490646362305,0,0,CORRECT
bge,stackoverflow,60,0.7405180931091309,0.014241337776184082,0.08091616630554199,0,1,CORRECT
bge,stackoverflow,63,0.8214177489280701,0.1138496994972229,0.13853168487548828,0,0,CORRECT
bge,stackoverflow,62,0.7879260778427124,0.03153938055038452,0.05482608079910278,1,1,CORRECT
bge,stackoverflow,61,0.7986716032028198,0.027057111263275146,0.056600213050842285,0,1,CORRECT
bge,stackoverflow,64,0.8255096673965454,0.038458168506622314,0.08109325170516968,1,1,CORRECT
bge,stackoverflow,65,0.8647304177284241,0.06673210859298706,0.14510267972946167,0,1,CORRECT
bge,stackoverflow,66,0.7940812110900879,0.03557431697845459,0.07567614316940308,0,0,CORRECT
bge,stackoverflow,70,0.8494434356689453,0.0610392689704895,0.10439306497573853,0,1,CORRECT
bge,stackoverflow,68,0.803826093673706,0.02785205841064453,0.05476802587509155,0,0,CORRECT
bge,stackoverflow,69,0.7316182255744934,0.025499045848846436,0.06387394666671753,0,0,INCORRECT
bge,stackoverflow,67,0.7061701416969299,0.01640242338180542,0.03290492296218872,0,1,CORRECT
bge,stackoverflow,71,0.7274372577667236,0.008661746978759766,0.038254618644714355,1,1,CORRECT
bge,stackoverflow,73,0.7910856008529663,0.044463157653808594,0.07118666172027588,0,0,INCORRECT
bge,stackoverflow,72,0.7453216910362244,0.04325193166732788,0.08143430948257446,1,1,CORRECT
bge,stackoverflow,74,0.8038134574890137,0.04362761974334717,0.06723618507385254,0,0,INCORRECT
bge,stackoverflow,75,0.7682766318321228,0.03950589895248413,0.05480235815048218,1,1,CORRECT
bge,stackoverflow,77,0.8397432565689087,0.02921152114868164,0.09964752197265625,0,0,INCORRECT
bge,stackoverflow,76,0.746802568435669,0.029467105865478516,0.06253963708877563,0,0,CORRECT
bge,stackoverflow,78,0.7470912933349609,0.028333187103271484,0.06706541776657104,0,0,CORRECT
bge,stackoverflow,82,0.7418637275695801,0.025301814079284668,0.06659859418869019,0,1,CORRECT
bge,stackoverflow,79,0.7865527868270874,0.0529932975769043,0.0811084508895874,0,1,CORRECT
bge,stackoverflow,81,0.8171199560165405,0.08316099643707275,0.1382555365562439,0,0,INCORRECT
bge,stackoverflow,80,0.8077893853187561,0.03244590759277344,0.09240669012069702,0,0,CORRECT
bge,stackoverflow,86,0.7951842546463013,0.033870816230773926,0.0988815426826477,0,1,INCORRECT
bge,stackoverflow,83,0.7669534683227539,0.05291855335235596,0.07902359962463379,1,1,CORRECT
bge,stackoverflow,88,0.7944781184196472,0.08551037311553955,0.15917497873306274,0,1,INCORRECT
bge,stackoverflow,89,0.6825906038284302,0.011663496494293213,0.030033588409423828,0,0,INCORRECT
bge,stackoverflow,85,0.7581965327262878,0.01121431589126587,0.04510396718978882,1,1,CORRECT
bge,stackoverflow,84,0.7532334327697754,0.04174607992172241,0.09374797344207764,1,1,CORRECT
bge,stackoverflow,90,0.7515806555747986,0.049032747745513916,0.0786290168762207,0,0,CORRECT
bge,stackoverflow,94,0.7516521215438843,0.036468565464019775,0.07274723052978516,0,0,INCORRECT
bge,stackoverflow,87,0.7887197732925415,0.03823661804199219,0.08124303817749023,0,0,CORRECT
bge,stackoverflow,91,0.7255945205688477,0.012740612030029297,0.04926806688308716,0,0,CORRECT
bge,stackoverflow,93,0.875495433807373,0.09814375638961792,0.15850293636322021,0,0,INCORRECT
bge,stackoverflow,92,0.7870730757713318,0.04247349500656128,0.06466072797775269,0,1,CORRECT
bge,stackoverflow,96,0.7245266437530518,0.03473907709121704,0.058653950691223145,0,0,CORRECT
bge,stackoverflow,95,0.812087893486023,0.06396234035491943,0.17572200298309326,0,0,CORRECT
bge,stackoverflow,97,0.6928819417953491,0.00543820858001709,0.021946370601654053,0,0,CORRECT
bge,stackoverflow,100,0.8815733194351196,0.10155677795410156,0.16532212495803833,0,1,CORRECT
bge,stackoverflow,101,0.7900904417037964,0.0,0.012333512306213379,0,0,CORRECT
bge,stackoverflow,103,0.8790017366409302,0.11104708909988403,0.1643396019935608,1,1,CORRECT
bge,stackoverflow,98,0.8818848133087158,0.04624742269515991,0.13851332664489746,0,1,CORRECT
bge,stackoverflow,102,0.8327862024307251,0.04043102264404297,0.11221432685852051,0,1,CORRECT
bge,stackoverflow,104,0.78188157081604,0.03508710861206055,0.08665037155151367,0,0,CORRECT
bge,stackoverflow,105,0.796789288520813,0.03220754861831665,0.06629788875579834,0,0,CORRECT
bge,stackoverflow,106,0.7820774912834167,0.01604408025741577,0.06257086992263794,0,0,CORRECT
bge,stackoverflow,99,0.7278680801391602,0.022684812545776367,0.050753653049468994,0,1,CORRECT
bge,stackoverflow,107,0.8382145166397095,0.04156827926635742,0.11977005004882812,0,1,CORRECT
bge,stackoverflow,108,0.7863297462463379,0.014382004737854004,0.06315606832504272,0,1,CORRECT
bge,stackoverflow,110,0.7808924913406372,0.01586049795150757,0.058229684829711914,1,1,CORRECT
bge,stackoverflow,109,0.8745031952857971,0.049400150775909424,0.11765623092651367,0,0,CORRECT
bge,sustainable_living,1,0.7364903092384338,0.02782052755355835,0.04149019718170166,0,0,INCORRECT
bge,stackoverflow,111,0.7383366823196411,0.012154817581176758,0.04025214910507202,1,1,CORRECT
bge,stackoverflow,112,0.8463486433029175,0.03663945198059082,0.07693761587142944,0,1,CORRECT
bge,stackoverflow,114,0.7972193956375122,0.046463608741760254,0.08766144514083862,0,0,CORRECT
bge,stackoverflow,116,0.8108595013618469,0.02883702516555786,0.07939159870147705,0,0,CORRECT
bge,sustainable_living,0,0.7714967727661133,0.028251826763153076,0.06656700372695923,0,1,CORRECT
bge,stackoverflow,113,0.8031692504882812,0.0429457426071167,0.07929551601409912,0,0,CORRECT
bge,sustainable_living,4,0.7158563733100891,0.010518789291381836,0.03524512052536011,0,0,INCORRECT
bge,stackoverflow,115,0.7121320962905884,0.009345948696136475,0.03333854675292969,0,0,CORRECT
bge,sustainable_living,2,0.8415592908859253,0.054290175437927246,0.1019892692565918,0,1,INCORRECT
bge,sustainable_living,8,0.7914304137229919,0.008603155612945557,0.03749150037765503,0,0,CORRECT
bge,sustainable_living,6,0.7043949365615845,0.01451265811920166,0.05856114625930786,0,1,CORRECT
bge,sustainable_living,5,0.8295769095420837,0.05783557891845703,0.11228179931640625,0,0,CORRECT
bge,sustainable_living,3,0.7538186311721802,0.03797727823257446,0.0673074722290039,1,1,INCORRECT
bge,sustainable_living,7,0.7142993211746216,0.02635103464126587,0.05401313304901123,0,1,INCORRECT
bge,sustainable_living,9,0.7612152099609375,0.07224923372268677,0.10209769010543823,0,0,INCORRECT
bge,sustainable_living,18,0.7438984513282776,0.027461111545562744,0.054934561252593994,0,0,INCORRECT
bge,sustainable_living,10,0.7167630791664124,0.04536527395248413,0.06768923997879028,0,0,CORRECT
bge,sustainable_living,11,0.7633447647094727,0.028472900390625,0.0484929084777832,0,0,INCORRECT
bge,sustainable_living,24,0.7292299866676331,0.03370845317840576,0.0804944634437561,0,1,INCORRECT
bge,sustainable_living,12,0.7966171503067017,0.06523191928863525,0.14684432744979858,0,0,CORRECT
bge,sustainable_living,13,0.7255363464355469,0.02620398998260498,0.06353497505187988,1,1,CORRECT
bge,sustainable_living,15,0.7261158227920532,0.02936720848083496,0.10245788097381592,0,1,CORRECT
bge,sustainable_living,17,0.7456120252609253,0.04998326301574707,0.07478868961334229,0,0,CORRECT
bge,sustainable_living,16,0.7688137292861938,0.016914784908294678,0.07981234788894653,0,1,CORRECT
bge,sustainable_living,14,0.7931662797927856,0.05344748497009277,0.07707047462463379,0,0,INCORRECT
bge,sustainable_living,21,0.7737364768981934,0.04013538360595703,0.08651077747344971,0,0,CORRECT
bge,sustainable_living,26,0.7400643825531006,0.02545320987701416,0.044728636741638184,0,1,INCORRECT
bge,sustainable_living,19,0.7718745470046997,0.004677116870880127,0.02183300256729126,0,1,CORRECT
bge,sustainable_living,22,0.7283943891525269,0.006135046482086182,0.030842900276184082,0,1,CORRECT
bge,sustainable_living,25,0.8130084276199341,0.05508631467819214,0.0846712589263916,0,0,CORRECT
bge,sustainable_living,20,0.7384555339813232,0.07066810131072998,0.11448752880096436,1,1,CORRECT
bge,sustainable_living,23,0.7572433948516846,0.04044759273529053,0.08021283149719238,1,1,CORRECT
bge,sustainable_living,33,0.7524553537368774,0.04953944683074951,0.09649866819381714,0,1,INCORRECT
bge,sustainable_living,30,0.7880437970161438,0.02629685401916504,0.11425769329071045,0,1,INCORRECT
bge,sustainable_living,28,0.6946970224380493,0.027431011199951172,0.05952107906341553,1,1,INCORRECT
bge,sustainable_living,35,0.7137662172317505,0.01571756601333618,0.05274629592895508,0,1,INCORRECT
bge,sustainable_living,27,0.7359306812286377,0.029654264450073242,0.05071347951889038,0,0,INCORRECT
bge,sustainable_living,37,0.7390438318252563,0.028304696083068848,0.04198688268661499,0,0,INCORRECT
bge,sustainable_living,32,0.753109872341156,0.07586777210235596,0.10630947351455688,1,1,CORRECT
bge,sustainable_living,31,0.8361393809318542,0.11700749397277832,0.15767842531204224,1,1,CORRECT
bge,sustainable_living,34,0.800516664981842,0.02365410327911377,0.03764903545379639,0,0,INCORRECT
bge,sustainable_living,29,0.7546903491020203,0.017767012119293213,0.04511153697967529,0,0,CORRECT
bge,sustainable_living,41,0.7546528577804565,0.059393882751464844,0.0797775387763977,0,1,INCORRECT
bge,sustainable_living,36,0.7595604062080383,0.010093927383422852,0.042535603046417236,0,0,CORRECT
bge,sustainable_living,44,0.774039626121521,0.013519644737243652,0.042539119720458984,0,0,INCORRECT
bge,sustainable_living,50,0.7738794684410095,0.029230833053588867,0.07908827066421509,0,1,INCORRECT
bge,sustainable_living,39,0.8181113004684448,0.0323336124420166,0.08538663387298584,1,1,CORRECT
bge,sustainable_living,40,0.8325111865997314,0.09920322895050049,0.1590009331703186,1,1,CORRECT
bge,sustainable_living,38,0.7375274896621704,0.022249937057495117,0.048476576805114746,0,1,CORRECT
bge,sustainable_living,42,0.7796686887741089,0.03452569246292114,0.06855440139770508,1,1,CORRECT
bge,sustainable_living,47,0.7074822187423706,0.010290145874023438,0.03666484355926514,0,0,INCORRECT
bge,sustainable_living,43,0.7189878821372986,0.022128582000732422,0.07101517915725708,0,1,CORRECT
bge,sustainable_living,46,0.7452175617218018,0.02210986614227295,0.0543980598449707,0,0,CORRECT
bge,sustainable_living,48,0.7673747539520264,0.017644882202148438,0.06195783615112305,1,1,INCORRECT
bge,sustainable_living,45,0.8010053634643555,0.04419100284576416,0.09651857614517212,1,1,CORRECT
bge,sustainable_living,49,0.8384003639221191,0.026742756366729736,0.09175330400466919,0,1,CORRECT
bge,sustainable_living,60,0.7958558797836304,0.03669553995132446,0.10629898309707642,0,0,INCORRECT
bge,sustainable_living,51,0.7830207347869873,0.02094370126724243,0.09716677665710449,0,1,CORRECT
bge,sustainable_living,52,0.7396547794342041,0.024551808834075928,0.04436701536178589,0,1,CORRECT
bge,sustainable_living,55,0.7994822263717651,0.0730026364326477,0.10559719800949097,0,1,INCORRECT
bge,sustainable_living,61,0.7502737045288086,0.019556879997253418,0.06097877025604248,0,1,INCORRECT
bge,sustainable_living,54,0.8717122077941895,0.07211101055145264,0.1801469326019287,0,1,INCORRECT
bge,sustainable_living,53,0.7923879027366638,0.03769785165786743,0.07439404726028442,0,0,INCORRECT
bge,sustainable_living,59,0.7350023984909058,0.037393808364868164,0.056487202644348145,0,0,CORRECT
bge,sustainable_living,66,0.7064842581748962,0.006842851638793945,0.04434281587600708,0,0,INCORRECT
bge,sustainable_living,67,0.7612189650535583,0.02164900302886963,0.06509023904800415,0,1,CORRECT
bge,sustainable_living,63,0.7556331157684326,0.02451157569885254,0.05005592107772827,0,0,CORRECT
bge,sustainable_living,58,0.7413358688354492,0.032618701457977295,0.07447421550750732,1,1,CORRECT
bge,sustainable_living,56,0.8136422038078308,0.026818692684173584,0.07366377115249634,0,0,CORRECT
bge,sustainable_living,57,0.7846391797065735,0.04964977502822876,0.09478193521499634,0,1,CORRECT
bge,sustainable_living,64,0.7304679155349731,0.02048105001449585,0.06023383140563965,0,0,CORRECT
bge,sustainable_living,69,0.7885087728500366,0.0544050931930542,0.08519476652145386,1,1,CORRECT
bge,sustainable_living,73,0.7735762000083923,0.03275346755981445,0.08107119798660278,1,1,CORRECT
bge,sustainable_living,62,0.6978079676628113,0.024349212646484375,0.044230759143829346,0,0,CORRECT
bge,sustainable_living,65,0.7770625948905945,0.048805296421051025,0.08653074502944946,1,1,INCORRECT
bge,sustainable_living,68,0.7149668335914612,0.028397977352142334,0.04003053903579712,0,0,INCORRECT
bge,sustainable_living,71,0.7991524934768677,0.04372298717498779,0.0748293399810791,0,0,INCORRECT
bge,sustainable_living,70,0.7370350360870361,0.008274197578430176,0.044640958309173584,1,1,CORRECT
bge,sustainable_living,77,0.7453728318214417,0.04142355918884277,0.08678579330444336,0,1,INCORRECT
bge,sustainable_living,74,0.730616569519043,0.012502670288085938,0.030086815357208252,0,0,INCORRECT
bge,sustainable_living,72,0.7903629541397095,0.04270803928375244,0.08713799715042114,1,1,CORRECT
bge,sustainable_living,79,0.7775754928588867,0.06883108615875244,0.10882329940795898,0,0,INCORRECT
bge,sustainable_living,75,0.8129241466522217,0.047009944915771484,0.11760866641998291,0,0,INCORRECT
bge,sustainable_living,80,0.7047390341758728,0.02716153860092163,0.06241202354431152,0,0,INCORRECT
bge,sustainable_living,84,0.7583719491958618,0.018263518810272217,0.09561848640441895,0,1,INCORRECT
bge,sustainable_living,76,0.7528095245361328,0.050095438957214355,0.09257251024246216,0,0,INCORRECT
bge,sustainable_living,78,0.7614592909812927,0.01658385992050171,0.05250757932662964,0,1,CORRECT
bge,sustainable_living,83,0.7657159566879272,0.00814807415008545,0.040486156940460205,0,1,INCORRECT
bge,sustainable_living,81,0.7820073366165161,0.05045586824417114,0.09252673387527466,0,0,CORRECT
bge,sustainable_living,82,0.824804425239563,0.04913681745529175,0.123562753200531,1,1,CORRECT
bge,sustainable_living,91,0.7649131417274475,0.05113762617111206,0.10701632499694824,0,0,INCORRECT
bge,sustainable_living,87,0.8200018405914307,0.05927151441574097,0.10426783561706543,0,1,CORRECT
bge,sustainable_living,95,0.723512589931488,0.043505311012268066,0.06372946500778198,1,1,CORRECT
bge,sustainable_living,90,0.7916364669799805,0.05708986520767212,0.0872795581817627,0,0,INCORRECT
bge,sustainable_living,85,0.7720134258270264,0.06364214420318604,0.10568088293075562,0,0,CORRECT
bge,sustainable_living,88,0.7347564697265625,0.03033536672592163,0.09007465839385986,0,1,INCORRECT
bge,sustainable_living,86,0.8349364995956421,0.043511927127838135,0.13876038789749146,0,0,CORRECT
bge,sustainable_living,89,0.7476367950439453,0.026610851287841797,0.05115818977355957,1,1,CORRECT
bge,sustainable_living,92,0.7011606693267822,0.03992295265197754,0.06744807958602905,0,0,INCORRECT
bge,sustainable_living,94,0.7918559312820435,0.06765848398208618,0.0878293514251709,0,0,CORRECT
bge,sustainable_living,93,0.7509332895278931,0.02372431755065918,0.05294692516326904,0,0,CORRECT
bge,sustainable_living,96,0.7951099872589111,0.031656861305236816,0.09653949737548828,1,1,CORRECT
bge,sustainable_living,97,0.7661299705505371,0.03367817401885986,0.0815853476524353,0,0,INCORRECT
bge,sustainable_living,98,0.7689675092697144,0.04428541660308838,0.08360707759857178,0,1,INCORRECT
bge,sustainable_living,106,0.7484786510467529,0.009623289108276367,0.038599252700805664,0,0,INCORRECT
bge,sustainable_living,101,0.8027635812759399,0.03291451930999756,0.09129929542541504,0,1,INCORRECT
bge,sustainable_living,102,0.7198033332824707,0.017811179161071777,0.03929823637008667,0,0,INCORRECT
bge,sustainable_living,99,0.7530301809310913,0.021908104419708252,0.06802856922149658,0,0,INCORRECT
bge,sustainable_living,100,0.7634447813034058,0.04425013065338135,0.06675511598587036,0,1,CORRECT
bge,sustainable_living,105,0.7260996699333191,0.021874427795410156,0.052717506885528564,0,0,CORRECT
bge,sustainable_living,104,0.7801384329795837,0.03540009260177612,0.052791059017181396,0,0,INCORRECT
bge,sustainable_living,103,0.7999630570411682,0.015790045261383057,0.06467878818511963,1,1,CORRECT
bge,theoremqa_questions,TheoremQA_jianyu_xu/pigeonhole_3.json,0.7777062654495239,0.0037533044815063477,0.027345657348632812,0,0,CORRECT
bge,theoremqa_questions,TheoremQA_elainewan/math_calculus_5_2.json,0.7934861183166504,0.005741119384765625,0.08367210626602173,0,0,INCORRECT
bge,theoremqa_questions,TheoremQA_elainewan/math_algebra_1.json,0.8228976130485535,0.017097949981689453,0.03716152906417847,0,0,INCORRECT
bge,theoremqa_questions,TheoremQA_maxku/cv-imageprocessing6-histogram.json,0.7271477580070496,0.0030648112297058105,0.025116264820098877,0,0,INCORRECT
bge,theoremqa_questions,TheoremQA_jianyu_xu/pigeonhole_2.json,0.7468386888504028,0.013186812400817871,0.04214674234390259,0,0,CORRECT
bge,theoremqa_questions,TheoremQA_wenhuchen/eigen_value1.json,0.7311946153640747,0.010950028896331787,0.03285551071166992,0,0,CORRECT
bge,theoremqa_questions,TheoremQA_elainewan/math_algebra_1_2.json,0.7325291633605957,0.015142858028411865,0.03327679634094238,0,0,CORRECT
bge,theoremqa_questions,TheoremQA_xueguangma/future_value_2.json,0.8069384098052979,0.01594674587249756,0.03176438808441162,0,0,INCORRECT
bge,theoremqa_questions,TheoremQA_wenhuchen/definite_matrix1.json,0.682559072971344,0.022867023944854736,0.03847914934158325,1,1,CORRECT
bge,theoremqa_questions,TheoremQA_xinyi/rotation.json,0.7806496620178223,0.001782536506652832,0.04457443952560425,0,0,INCORRECT
bge,theoremqa_questions,TheoremQA_wenhuchen/optics2.json,0.7533226013183594,0.009493589401245117,0.04860854148864746,1,1,INCORRECT
bge,theoremqa_questions,TheoremQA_wenhuchen/L'Hôpital_rule1.json,0.7534432411193848,0.012917160987854004,0.0378950834274292,0,0,CORRECT
bge,theoremqa_questions,TheoremQA_elainewan/math_calculus_2_11.json,0.6882102489471436,0.005383670330047607,0.01733553409576416,0,0,CORRECT
bge,theoremqa_questions,TheoremQA_elainewan/math_algebra_4.json,0.6924651861190796,0.007348477840423584,0.023003697395324707,0,0,CORRECT
bge,theoremqa_questions,TheoremQA_wenhuchen/optics7.json,0.751410961151123,0.07259976863861084,0.09290051460266113,1,1,INCORRECT
bge,theoremqa_questions,TheoremQA_wenhuchen/gauss_lemma.json,0.7330095767974854,0.010753393173217773,0.021577537059783936,0,0,INCORRECT
bge,theoremqa_questions,TheoremQA_elainewan/math_calculus_2_5.json,0.8156576156616211,0.05085557699203491,0.07309973239898682,0,0,CORRECT
bge,theoremqa_questions,TheoremQA_panlu/similarity2.json,0.7400028109550476,0.015200793743133545,0.031987667083740234,0,0,CORRECT
bge,theoremqa_questions,TheoremQA_tonyxia/euler-graph3.json,0.765407145023346,0.01087498664855957,0.03437227010726929,1,1,CORRECT
bge,sustainable_living,107,0.6931027173995972,0.01088094711303711,0.04364275932312012,1,1,INCORRECT
bge,theoremqa_questions,TheoremQA_jianyu_xu/Stirling_number_first_kind_5.json,0.8613268136978149,0.017450451850891113,0.0350419282913208,0,1,INCORRECT
bge,theoremqa_questions,TheoremQA_maxku/cv-colorsci2-hsi.json,0.7956026792526245,0.1038103699684143,0.12536633014678955,1,1,CORRECT
bge,theoremqa_questions,TheoremQA_mingyin/stopping-time1.json,0.7047445774078369,0.0064057111740112305,0.023071587085723877,0,0,INCORRECT
bge,theoremqa_questions,TheoremQA_xinyi/maximum_entropy_2.json,0.7340804934501648,0.018496453762054443,0.034280598163604736,1,1,INCORRECT
bge,theoremqa_questions,TheoremQA_maxku/signalprocessing11-nyquist.json,0.8174614906311035,0.1045682430267334,0.1394008994102478,1,1,CORRECT
bge,theoremqa_questions,TheoremQA_maxku/ipnetwork13-hammingdist.json,0.7129894495010376,0.0020183324813842773,0.01572096347808838,0,0,INCORRECT
bge,theoremqa_questions,TheoremQA_xueguangma/forward_price_2.json,0.7651444673538208,0.031087398529052734,0.04114091396331787,0,0,INCORRECT
bge,theoremqa_questions,TheoremQA_xueguangma/dividend_discount_model_2.json,0.7365138530731201,0.005426228046417236,0.014731168746948242,0,0,INCORRECT
bge,theoremqa_questions,TheoremQA_jianyu_xu/combination_1.json,0.8098952174186707,0.00998908281326294,0.04109400510787964,0,0,INCORRECT
bge,theoremqa_questions,TheoremQA_maxku/signalprocessing15-DB.json,0.7233885526657104,0.060367465019226074,0.08818024396896362,1,1,INCORRECT
bge,theoremqa_questions,TheoremQA_xinyi/linear_projection.json,0.7327536344528198,0.010863065719604492,0.03240680694580078,0,0,CORRECT
bge,theoremqa_questions,TheoremQA_maxku/signalprocessing5-nyquist.json,0.7679294347763062,0.02261143922805786,0.12230455875396729,1,1,CORRECT
bge,theoremqa_questions,TheoremQA_mingyin/Lebesgue-measure1.json,0.7247693538665771,0.016187310218811035,0.03856492042541504,0,0,INCORRECT
bge,theoremqa_questions,TheoremQA_tonyxia/semiconductor1.json,0.7396429181098938,0.004769623279571533,0.024167239665985107,0,0,CORRECT
bge,theoremqa_questions,TheoremQA_wenhuchen/Liouville’s_theorem1.json,0.714947521686554,0.016765177249908447,0.036057233810424805,0,0,CORRECT
bge,theoremqa_questions,TheoremQA_mingyin/series2.json,0.7356339693069458,0.033818602561950684,0.048745036125183105,0,0,INCORRECT
bge,theoremqa_questions,TheoremQA_wenhuchen/ODE2.json,0.7851459980010986,0.029660701751708984,0.0636168122291565,0,0,INCORRECT
bge,theoremqa_questions,TheoremQA_panlu/rigid-body3.json,0.7006519436836243,0.010000288486480713,0.019311249256134033,0,0,CORRECT
bge,theoremqa_questions,TheoremQA_xinyi/cramer_rao_lower_bound_2.json,0.8143176436424255,0.11815893650054932,0.13938313722610474,1,1,INCORRECT
bge,theoremqa_questions,TheoremQA_xueguangma/taylors_approximation_theorem.json,0.7943016290664673,0.04320847988128662,0.07612860202789307,0,0,INCORRECT
bge,theoremqa_questions,TheoremQA_elainewan/math_algebra_5.json,0.7508093118667603,0.02610468864440918,0.04102158546447754,0,0,CORRECT
bge,theoremqa_questions,TheoremQA_elainewan/math_abstact_algebra_7_8.json,0.7289081811904907,0.020150303840637207,0.031795501708984375,0,0,CORRECT
bge,theoremqa_questions,TheoremQA_xueguangma/spot_rate.json,0.7952954769134521,0.008114457130432129,0.0424688458442688,0,0,INCORRECT
bge,theoremqa_questions,TheoremQA_xueguangma/binomial_model_2.json,0.7692263722419739,0.018392622470855713,0.030916869640350342,0,0,INCORRECT
bge,theoremqa_questions,TheoremQA_panlu/molar_heat_capacity2.json,0.6651692986488342,0.0071280598640441895,0.01665341854095459,0,0,INCORRECT
bge,theoremqa_questions,TheoremQA_tonyxia/wave2.json,0.6865098476409912,0.020562708377838135,0.038796186447143555,0,0,INCORRECT
bge,theoremqa_questions,TheoremQA_jianyu_xu/Ramsey_4.json,0.7778372764587402,0.007177889347076416,0.0470503568649292,0,0,INCORRECT
bge,theoremqa_questions,TheoremQA_elainewan/math_abstact_algebra_7_5.json,0.7544674873352051,0.013927161693572998,0.03314554691314697,0,0,INCORRECT
bge,theoremqa_questions,TheoremQA_wenhuchen/determinant1.json,0.7551525831222534,0.021474003791809082,0.04040336608886719,1,1,CORRECT
bge,theoremqa_questions,TheoremQA_wenhuchen/determinant2.json,0.6961215138435364,0.0056948065757751465,0.01781398057937622,0,0,CORRECT
bge,theoremqa_questions,TheoremQA_mingyin/cauchy-integral-theorem1.json,0.7084982395172119,0.029266834259033203,0.0421183705329895,1,1,INCORRECT
bge,theoremqa_questions,TheoremQA_wenhuchen/trapezoidal_rule2.json,0.7641668915748596,0.0027764439582824707,0.03956359624862671,0,0,CORRECT
bge,theoremqa_questions,TheoremQA_wenhuchen/ODE3.json,0.762742280960083,0.03432101011276245,0.04913240671157837,0,0,INCORRECT
bge,theoremqa_questions,TheoremQA_maxku/ipnetwork5-mac.json,0.7169737815856934,0.009047389030456543,0.013324499130249023,0,0,INCORRECT
bge,theoremqa_questions,TheoremQA_xueguangma/dividend_discount_model_5.json,0.7667416334152222,0.007544219493865967,0.01834040880203247,0,0,INCORRECT
bge,theoremqa_questions,TheoremQA_maxku/graphtheory5-vertexcover.json,0.7214099168777466,0.001853346824645996,0.02582329511642456,0,0,INCORRECT
bge,theoremqa_questions,TheoremQA_xinyi/huffman_code_1.json,0.7175790071487427,0.025998950004577637,0.03630787134170532,1,1,CORRECT
bge,theoremqa_questions,TheoremQA_maxku/ipnetwork4-mac.json,0.7528415322303772,0.014855563640594482,0.022614598274230957,0,0,INCORRECT
bge,theoremqa_questions,TheoremQA_maxku/signalprocessing6-Ztransform.json,0.677956223487854,0.014807939529418945,0.028032541275024414,0,0,CORRECT
bge,theoremqa_questions,TheoremQA_wenhuchen/optics8.json,0.7709592580795288,0.09335863590240479,0.11510151624679565,1,1,CORRECT
bge,theoremqa_questions,TheoremQA_wenhuchen/t_test1.json,0.7329545021057129,0.054889798164367676,0.06359332799911499,0,0,INCORRECT
bge,theoremqa_questions,TheoremQA_jianyu_xu/Ramsey_2.json,0.7481421828269958,0.021826982498168945,0.040820181369781494,0,0,INCORRECT
bge,theoremqa_questions,TheoremQA_maxku/ipnetwork14-hammingdist.json,0.7192923426628113,0.01784759759902954,0.031304776668548584,0,0,INCORRECT
bge,theoremqa_questions,TheoremQA_tonyxia/semiconductor5.json,0.6550813913345337,0.0065680742263793945,0.03940856456756592,0,0,INCORRECT
bge,theoremqa_questions,TheoremQA_wenhuchen/viterbi2.json,0.8455979824066162,0.06741726398468018,0.08422470092773438,1,1,CORRECT
bge,theoremqa_questions,TheoremQA_panlu/molar_heat_capacity1.json,0.7444497346878052,0.019000113010406494,0.06789648532867432,0,0,INCORRECT
bge,theoremqa_questions,TheoremQA_xinyi/channel_capacity_1.json,0.6593488454818726,0.021740078926086426,0.04001563787460327,0,0,INCORRECT
bge,theoremqa_questions,TheoremQA_tonyxia/semiconductor3.json,0.7773449420928955,0.11291062831878662,0.13504242897033691,1,1,INCORRECT
bge,theoremqa_questions,TheoremQA_elainewan/math_algebra_3_2.json,0.7007578015327454,0.012670636177062988,0.029736578464508057,0,0,CORRECT
bge,theoremqa_questions,TheoremQA_maxku/graphtheory7-shortestpath.json,0.7479838728904724,0.02872389554977417,0.05547219514846802,0,0,CORRECT
bge,theoremqa_questions,TheoremQA_xinyi/dag_2.json,0.6693083643913269,0.025110602378845215,0.04876971244812012,0,1,CORRECT
bge,theoremqa_questions,TheoremQA_elainewan/econ_micro_7.json,0.747724175453186,0.015708446502685547,0.03994864225387573,1,1,INCORRECT
bge,theoremqa_questions,TheoremQA_elainewan/math_calculus_12.json,0.8080573081970215,0.012495279312133789,0.0572512149810791,0,0,INCORRECT
bge,theoremqa_questions,TheoremQA_tonyxia/particle6.json,0.7342084050178528,0.06713873147964478,0.08382564783096313,1,1,INCORRECT
bge,theoremqa_questions,TheoremQA_tonyxia/statisticalphysics2.json,0.6951724886894226,0.028555572032928467,0.0489615797996521,0,0,CORRECT
bge,theoremqa_questions,TheoremQA_panlu/trapezoid1.json,0.7422791719436646,0.00959467887878418,0.01876044273376465,0,0,INCORRECT
bge,theoremqa_questions,TheoremQA_wenhuchen/gauss_lemma2.json,0.7352839708328247,0.00946420431137085,0.030653834342956543,0,0,CORRECT
bge,theoremqa_questions,TheoremQA_wenhuchen/Rolle's_theorem.json,0.7267967462539673,0.021355092525482178,0.035483717918395996,0,0,CORRECT
bge,theoremqa_questions,TheoremQA_wenhuchen/t_test2.json,0.7318212389945984,0.005906879901885986,0.03613466024398804,0,0,INCORRECT
bge,theoremqa_questions,TheoremQA_maxku/cv-cnn4.json,0.7566236257553101,0.04395890235900879,0.062311530113220215,0,0,CORRECT
bge,theoremqa_questions,TheoremQA_panlu/angular_frequency3.json,0.7209500670433044,0.01222074031829834,0.02617543935775757,0,0,CORRECT
bge,theoremqa_questions,TheoremQA_jianyu_xu/Stirling_number_second_kind_3.json,0.8026489019393921,0.010482430458068848,0.03352820873260498,0,0,INCORRECT
bge,theoremqa_questions,TheoremQA_elainewan/econ_micro_14_3.json,0.8300971984863281,0.04764151573181152,0.06387209892272949,0,0,INCORRECT
bge,theoremqa_questions,TheoremQA_maxku/graphtheory3-vertexcover.json,0.6993658542633057,0.006178498268127441,0.02592933177947998,0,0,CORRECT
bge,theoremqa_questions,TheoremQA_maxku/graphtheory10-shortestpath.json,0.7511770129203796,0.021104514598846436,0.038464367389678955,0,0,INCORRECT
bge,theoremqa_questions,TheoremQA_jianyu_xu/Stirling_number_second_kind_6.json,0.7872169017791748,0.02192211151123047,0.03887319564819336,0,0,INCORRECT
bge,theoremqa_questions,TheoremQA_wenhuchen/euler's_method1.json,0.6829299926757812,0.003502488136291504,0.013532042503356934,0,0,INCORRECT
bge,theoremqa_questions,TheoremQA_jianyu_xu/Catalan_2.json,0.8156368732452393,0.05106925964355469,0.11739081144332886,0,0,CORRECT
bge,theoremqa_questions,TheoremQA_wenhuchen/euler's_method2.json,0.6958969235420227,0.005451023578643799,0.013718485832214355,0,0,INCORRECT
bge,theoremqa_questions,TheoremQA_wenhuchen/double_integral2.json,0.7767245173454285,0.013443708419799805,0.0696336030960083,0,0,INCORRECT
bge,theoremqa_questions,TheoremQA_wenhuchen/cauchy_integral1.json,0.7296348810195923,0.017523765563964844,0.041065096855163574,0,0,INCORRECT
bge,theoremqa_questions,TheoremQA_jianyu_xu/Multinomial_2.json,0.8189637064933777,0.022168099880218506,0.0495295524597168,0,0,CORRECT
bge,theoremqa_questions,TheoremQA_xueguangma/forward_price_1.json,0.7680635452270508,0.015519201755523682,0.0289800763130188,0,0,CORRECT
bge,theoremqa_questions,TheoremQA_panlu/gravitational_force1.json,0.7499684691429138,0.04923301935195923,0.07791602611541748,1,1,CORRECT
bge,theoremqa_questions,TheoremQA_maxku/signalprocessing13-Ztransform.json,0.7226514220237732,0.056712806224823,0.08154433965682983,1,1,CORRECT
bge,theoremqa_questions,TheoremQA_maxku/ipnetwork21-ip-2.json,0.6938306093215942,0.008799433708190918,0.030071675777435303,0,0,INCORRECT
bge,theoremqa_questions,TheoremQA_wenhuchen/kepler's_law1.json,0.8212029337882996,0.0033087730407714844,0.06391012668609619,0,0,CORRECT
bge,theoremqa_questions,TheoremQA_tonyxia/euler-graph2.json,0.7382447719573975,0.004053950309753418,0.01717960834503174,0,0,CORRECT
bge,theoremqa_questions,TheoremQA_jianyu_xu/Stirling_number_first_kind_6.json,0.8687491416931152,0.007907748222351074,0.02431023120880127,0,0,CORRECT
bge,theoremqa_questions,TheoremQA_xinyi/dag_3.json,0.7453274726867676,0.016260266304016113,0.04081261157989502,0,0,CORRECT
bge,theoremqa_questions,TheoremQA_maxku/signalprocessing19-period.json,0.6778881549835205,0.01094120740890503,0.02897721529006958,0,0,CORRECT
bge,theoremqa_questions,TheoremQA_jianyu_xu/Stirling_number_second_kind_5.json,0.7906213998794556,0.019046902656555176,0.04196178913116455,0,0,INCORRECT
bge,theoremqa_questions,TheoremQA_jianyu_xu/Graph_2.json,0.7591123580932617,0.009950339794158936,0.05973076820373535,0,0,CORRECT
bge,theoremqa_questions,TheoremQA_jianyu_xu/pigeonhole_4.json,0.7577247023582458,0.03504061698913574,0.07058113813400269,1,1,CORRECT
bge,theoremqa_questions,TheoremQA_maxku/cv-imageprocessing9-digital-image.json,0.820471465587616,0.13801175355911255,0.16358166933059692,1,1,CORRECT
bge,theoremqa_questions,TheoremQA_elainewan/math_calculus_5.json,0.804834246635437,0.03783869743347168,0.04406142234802246,0,0,CORRECT
bge,theoremqa_questions,TheoremQA_maxku/signalprocessing9-signalrep.json,0.7105640172958374,0.005736708641052246,0.025498151779174805,0,0,CORRECT
bge,theoremqa_questions,TheoremQA_jianyu_xu/Cayley_3.json,0.7441065907478333,0.02586829662322998,0.0565832257270813,0,0,CORRECT
bge,theoremqa_questions,TheoremQA_jianyu_xu/Multinomial_1.json,0.8148602247238159,0.0054967403411865234,0.030685245990753174,0,0,CORRECT
bge,theoremqa_questions,TheoremQA_xueguangma/present_value_1.json,0.8065731525421143,0.016920089721679688,0.03943181037902832,0,0,CORRECT
bge,theoremqa_questions,TheoremQA_maxku/graphtheory4-vertexcover.json,0.6938630938529968,0.01873070001602173,0.03521448373794556,0,0,CORRECT
bge,theoremqa_questions,TheoremQA_xueguangma/dividend_discount_model_4.json,0.7966841459274292,0.020961642265319824,0.03153151273727417,0,0,CORRECT
bge,theoremqa_questions,TheoremQA_panlu/similarity3.json,0.7838420867919922,0.03129756450653076,0.05881762504577637,0,0,CORRECT
bge,theoremqa_questions,TheoremQA_wenhuchen/infinite_series_sum3.json,0.7240161895751953,0.01776784658432007,0.0392264723777771,0,0,CORRECT
bge,theoremqa_questions,TheoremQA_maxku/cv-colorsci3-rgb.json,0.7532683610916138,0.023255646228790283,0.050209879875183105,0,0,CORRECT
bge,theoremqa_questions,TheoremQA_wenhuchen/trapezoidal_rule3.json,0.7497765421867371,0.026949703693389893,0.03425943851470947,1,1,INCORRECT
bge,theoremqa_questions,TheoremQA_elainewan/math_calculus_3_8.json,0.7219202518463135,0.018403708934783936,0.03404200077056885,0,0,INCORRECT
bge,theoremqa_questions,TheoremQA_elainewan/econ_micro_7_2.json,0.7094258069992065,0.035713791847229004,0.05460989475250244,0,1,CORRECT
bge,theoremqa_questions,TheoremQA_jianyu_xu/Binomial_5.json,0.7977969646453857,0.0065996646881103516,0.03413283824920654,0,1,INCORRECT
bge,theoremqa_questions,TheoremQA_xueguangma/effective_rates_1.json,0.7974221110343933,0.014065921306610107,0.024052739143371582,0,0,CORRECT
bge,theoremqa_questions,TheoremQA_maxku/cv-colorsci1-rgb.json,0.7080295085906982,0.01113283634185791,0.029740631580352783,0,0,CORRECT
bge,theoremqa_questions,TheoremQA_jianyu_xu/Multinomial_4.json,0.8150979280471802,0.025447845458984375,0.05440479516983032,0,0,CORRECT
bge,theoremqa_questions,TheoremQA_maxku/fourier6-FT.json,0.7029837369918823,0.03954517841339111,0.06177562475204468,0,0,CORRECT
bge,theoremqa_questions,TheoremQA_xinyi/kernel_1.json,0.6842103004455566,0.01903456449508667,0.03399991989135742,0,0,CORRECT
bge,theoremqa_questions,TheoremQA_jianyu_xu/Binomial_4.json,0.8297111988067627,0.03397190570831299,0.048051655292510986,0,0,CORRECT
bge,theoremqa_questions,TheoremQA_xinyi/sum_product_algorithm.json,0.6844270825386047,0.02443474531173706,0.04180055856704712,0,1,CORRECT
bge,theoremqa_questions,TheoremQA_wenhuchen/t_test3.json,0.704455554485321,0.004446625709533691,0.01304084062576294,0,1,INCORRECT
bge,theoremqa_questions,TheoremQA_maxku/signalprocessing7-phaseshift.json,0.7580642700195312,0.009652137756347656,0.03718298673629761,0,0,CORRECT
bge,theoremqa_questions,TheoremQA_maxku/cv-cnn1.json,0.7266075015068054,0.013488948345184326,0.0359463095664978,0,0,CORRECT
bge,theoremqa_questions,TheoremQA_jianyu_xu/Ramsey_3.json,0.7487703561782837,0.003927469253540039,0.03796744346618652,0,1,CORRECT
bge,theoremqa_questions,TheoremQA_xueguangma/future_value_1.json,0.8272532820701599,0.0065267086029052734,0.023480534553527832,0,0,INCORRECT
bge,theoremqa_questions,TheoremQA_wenhuchen/viterbi1.json,0.7563261985778809,0.023249328136444092,0.04186183214187622,1,1,CORRECT
bge,theoremqa_questions,TheoremQA_xinyi/neural_networks.json,0.6491905450820923,0.00818401575088501,0.021217405796051025,0,1,CORRECT
bge,theoremqa_questions,TheoremQA_jianyu_xu/pigeonhole_1.json,0.7335146069526672,0.013682961463928223,0.046779096126556396,0,1,CORRECT
bge,theoremqa_questions,TheoremQA_wenhuchen/L'Hôpital_rule2.json,0.6962733864784241,0.012791037559509277,0.03288513422012329,0,0,INCORRECT
bge,theoremqa_questions,TheoremQA_elainewan/math_calculus_2_6.json,0.7608412504196167,0.011641263961791992,0.02205890417098999,0,0,INCORRECT
bge,theoremqa_questions,TheoremQA_wenhuchen/Poisson_process2.json,0.6964920163154602,0.0014150142669677734,0.027989864349365234,0,0,INCORRECT
bge,theoremqa_questions,TheoremQA_xueguangma/binomial_model_1.json,0.8061256408691406,0.01041412353515625,0.026175737380981445,0,0,CORRECT
bge,theoremqa_questions,TheoremQA_elainewan/econ_micro_11.json,0.7682758569717407,0.004110217094421387,0.013701319694519043,0,0,CORRECT
bge,theoremqa_questions,TheoremQA_wenhuchen/kepler's_law3.json,0.7425589561462402,0.02865731716156006,0.07568228244781494,0,1,INCORRECT
bge,theoremqa_questions,TheoremQA_jianyu_xu/Binomial_3.json,0.8789781928062439,0.064913809299469,0.09316104650497437,0,0,CORRECT
bge,theoremqa_questions,TheoremQA_wenhuchen/jensen2.json,0.7042438387870789,0.014123260974884033,0.02896672487258911,0,0,CORRECT
bge,theoremqa_questions,TheoremQA_jianyu_xu/Catalan_1.json,0.7730528712272644,0.015197813510894775,0.0364719033241272,0,0,INCORRECT
bge,theoremqa_questions,TheoremQA_elainewan/econ_micro_18.json,0.7592146396636963,0.027074337005615234,0.057970523834228516,1,1,CORRECT
bge,theoremqa_questions,TheoremQA_wenhuchen/newton2.json,0.7286693453788757,0.01531749963760376,0.02408522367477417,0,0,INCORRECT
bge,theoremqa_questions,TheoremQA_xueguangma/present_value_2.json,0.7860555052757263,0.014050126075744629,0.026249587535858154,0,0,CORRECT
bge,theoremqa_questions,TheoremQA_tonyxia/semiconductor2.json,0.736181378364563,0.05129873752593994,0.08555370569229126,1,1,INCORRECT
bge,theoremqa_questions,TheoremQA_elainewan/math_abstact_algebra_7.json,0.8367757797241211,0.007060050964355469,0.03110361099243164,0,0,CORRECT
bge,theoremqa_questions,TheoremQA_xueguangma/dividend_discount_model_1.json,0.7996505498886108,0.008629083633422852,0.029662013053894043,0,0,CORRECT
bge,theoremqa_questions,TheoremQA_jianyu_xu/Multinomial_3.json,0.7994251847267151,0.01935875415802002,0.046072423458099365,0,0,CORRECT
bge,theoremqa_questions,TheoremQA_maxku/graphtheory11-shortestpath-hard.json,0.7664473056793213,0.004911065101623535,0.03851133584976196,0,0,INCORRECT
bge,theoremqa_questions,TheoremQA_xinyi/rate_distortion_function_2.json,0.6783923506736755,0.018330276012420654,0.06960594654083252,1,1,CORRECT
bge,theoremqa_questions,TheoremQA_wenhuchen/p_value2.json,0.814357340335846,0.03901761770248413,0.051289379596710205,1,1,CORRECT
bge,theoremqa_questions,TheoremQA_maxku/signalprocessing2-DB.json,0.6707802414894104,0.008975803852081299,0.03307533264160156,0,0,CORRECT
bge,theoremqa_questions,TheoremQA_wenhuchen/Liouville’s_theorem2.json,0.7431866526603699,0.04873859882354736,0.07106637954711914,0,0,CORRECT
bge,theoremqa_questions,TheoremQA_maxku/signalprocessing14-Ztransform.json,0.6992607712745667,0.05090266466140747,0.07258343696594238,1,1,CORRECT
bge,theoremqa_questions,TheoremQA_panlu/gravitational_force2.json,0.7078773975372314,0.004256308078765869,0.04603785276412964,0,0,INCORRECT
bge,theoremqa_questions,TheoremQA_wenhuchen/jensen1.json,0.6917456388473511,0.0036749839782714844,0.01705753803253174,0,0,CORRECT
bge,theoremqa_questions,TheoremQA_maxku/cv-imageprocessing8-fourier2.json,0.7958980202674866,0.12672454118728638,0.1492031216621399,1,1,INCORRECT
bge,theoremqa_questions,TheoremQA_elainewan/math_calculus_11.json,0.7478897571563721,0.013199150562286377,0.022594451904296875,0,0,INCORRECT
bge,theoremqa_questions,TheoremQA_mingyin/Fundamental-Theorem-of-Calculus3.json,0.7090227007865906,0.03244513273239136,0.05295819044113159,0,0,INCORRECT
bge,theoremqa_questions,TheoremQA_xueguangma/forward_rate_1.json,0.7969059944152832,0.007680773735046387,0.019360721111297607,0,0,INCORRECT
bge,theoremqa_questions,TheoremQA_wenhuchen/series_convergen3.json,0.7359374165534973,0.026057779788970947,0.03858309984207153,0,0,CORRECT
bge,theoremqa_questions,TheoremQA_jianyu_xu/Binomial_6.json,0.8451221585273743,0.031439781188964844,0.060704052448272705,0,0,CORRECT
bge,theoremqa_questions,TheoremQA_jianyu_xu/Binomial_1.json,0.794346809387207,0.004780888557434082,0.0325583815574646,0,0,INCORRECT
bge,theoremqa_questions,TheoremQA_mingyin/convexity1.json,0.6860383749008179,0.015470564365386963,0.02437746524810791,0,0,CORRECT
bge,theoremqa_questions,TheoremQA_tonyxia/maxplanar3.json,0.7459537982940674,0.018005073070526123,0.06014746427536011,0,0,INCORRECT
bge,theoremqa_questions,TheoremQA_elainewan/math_algebra_4_3.json,0.7138682007789612,0.022116243839263916,0.038980305194854736,0,0,CORRECT
bge,theoremqa_questions,TheoremQA_elainewan/math_calculus_2_7.json,0.6632486581802368,0.016441643238067627,0.029658079147338867,0,0,CORRECT
bge,theoremqa_questions,TheoremQA_mingyin/Limit-of-sequence2.json,0.7409999966621399,0.0196533203125,0.04294317960739136,0,0,INCORRECT
bge,theoremqa_questions,TheoremQA_elainewan/math_algebra_7_2.json,0.6639097929000854,0.006556153297424316,0.019372642040252686,0,0,INCORRECT
bge,theoremqa_questions,TheoremQA_tonyxia/maxplanar1.json,0.7631682753562927,0.02501124143600464,0.06883054971694946,0,0,CORRECT
bge,theoremqa_questions,TheoremQA_xueguangma/intermediate_value_theorem.json,0.698983371257782,0.010296344757080078,0.03199034929275513,0,0,CORRECT
bge,theoremqa_questions,TheoremQA_elainewan/math_abstact_algebra_7_3.json,0.7267235517501831,0.016030430793762207,0.03514677286148071,1,1,CORRECT
bge,theoremqa_questions,TheoremQA_maxku/fourier1-FS.json,0.7825647592544556,0.018687546253204346,0.03442603349685669,0,0,CORRECT
bge,theoremqa_questions,TheoremQA_xueguangma/forward_price_3.json,0.7661424875259399,0.0142899751663208,0.03172564506530762,0,0,INCORRECT
bge,theoremqa_questions,TheoremQA_jianyu_xu/Multinomial_6.json,0.7814733982086182,0.0034737586975097656,0.01496344804763794,0,0,INCORRECT
bge,theoremqa_questions,TheoremQA_wenhuchen/Poisson_process3.json,0.733867347240448,0.004230678081512451,0.02148526906967163,0,0,INCORRECT
bge,theoremqa_questions,TheoremQA_panlu/wave_length1.json,0.7360994815826416,0.021692872047424316,0.04393893480300903,0,0,CORRECT
bge,theoremqa_questions,TheoremQA_wenhuchen/optics3.json,0.7574785947799683,0.02059704065322876,0.08780252933502197,1,1,CORRECT
bge,theoremqa_questions,TheoremQA_maxku/graphtheory6-shortestpath.json,0.7618945837020874,0.023106276988983154,0.048565804958343506,0,0,CORRECT
bge,theoremqa_questions,TheoremQA_xinyi/dag_1.json,0.7442119121551514,0.031027674674987793,0.05424565076828003,0,0,CORRECT
bge,theoremqa_questions,TheoremQA_mingyin/Limit-of-sequence3.json,0.7801427841186523,0.005770564079284668,0.04108870029449463,0,0,CORRECT
bge,theoremqa_questions,TheoremQA_xinyi/distortion_rate_function_2.json,0.6862323880195618,0.018172085285186768,0.042990684509277344,1,1,CORRECT
bge,theoremqa_questions,TheoremQA_xueguangma/geometric_brownian_motion.json,0.7458868622779846,0.013767778873443604,0.031272947788238525,0,0,INCORRECT
bge,theoremqa_questions,TheoremQA_maxku/graphtheory2-vertexcover.json,0.7276884913444519,0.007212817668914795,0.028980016708374023,0,0,CORRECT
bge,theoremqa_questions,TheoremQA_maxku/cv-imageprocessing2-morphology.json,0.7565498352050781,0.09613204002380371,0.1217341423034668,1,1,CORRECT
bge,theoremqa_questions,TheoremQA_jianyu_xu/Ramsey_5.json,0.7685352563858032,0.0046120285987854,0.03634518384933472,0,0,CORRECT
bge,theoremqa_questions,TheoremQA_xinyi/rate_distortion_function_1.json,0.7205010652542114,0.019114255905151367,0.048135995864868164,1,1,CORRECT
bge,theoremqa_questions,TheoremQA_tonyxia/particle4.json,0.790556013584137,0.11675649881362915,0.15344947576522827,1,1,CORRECT
bge,theoremqa_questions,TheoremQA_jianyu_xu/Binomial_2.json,0.817575216293335,0.056828200817108154,0.07744818925857544,0,0,CORRECT
bge,theoremqa_questions,TheoremQA_jianyu_xu/Ramsey_6.json,0.7475355863571167,0.011643648147583008,0.02860969305038452,0,0,CORRECT
bge,theoremqa_theorems,TheoremQA_wenhuchen/eigen_value1.json,0.7384687066078186,0.02135336399078369,0.042811691761016846,1,1,CORRECT
bge,theoremqa_theorems,TheoremQA_jianyu_xu/pigeonhole_2.json,0.6872733235359192,0.027641117572784424,0.049099743366241455,0,1,CORRECT
bge,theoremqa_questions,TheoremQA_xinyi/huffman_code_3.json,0.8187321424484253,0.02320021390914917,0.0355755090713501,0,0,CORRECT
bge,theoremqa_theorems,TheoremQA_jianyu_xu/pigeonhole_3.json,0.6686823964118958,0.014788269996643066,0.02854597568511963,0,0,CORRECT
bge,theoremqa_questions,TheoremQA_xinyi/channel_capacity_3.json,0.7056615352630615,0.024257540702819824,0.04319119453430176,0,0,INCORRECT
bge,theoremqa_theorems,TheoremQA_elainewan/math_algebra_1.json,0.7121162414550781,0.025089681148529053,0.056336939334869385,0,0,INCORRECT
bge,theoremqa_questions,TheoremQA_wenhuchen/series_convergen2.json,0.7370939254760742,0.019544124603271484,0.03766584396362305,0,0,INCORRECT
bge,theoremqa_theorems,TheoremQA_elainewan/math_algebra_1_2.json,0.7002225518226624,0.02210026979446411,0.04647284746170044,0,0,CORRECT
bge,theoremqa_theorems,TheoremQA_xinyi/maximum_entropy_2.json,0.7208759188652039,0.02924901247024536,0.055078089237213135,0,0,INCORRECT
bge,theoremqa_theorems,TheoremQA_wenhuchen/L'Hôpital_rule1.json,0.6882739067077637,0.02457195520401001,0.06784272193908691,0,0,CORRECT
bge,theoremqa_theorems,TheoremQA_elainewan/math_algebra_4.json,0.7698087692260742,0.046373605728149414,0.09400415420532227,0,0,CORRECT
bge,theoremqa_theorems,TheoremQA_panlu/similarity2.json,0.679028332233429,0.008287310600280762,0.034899771213531494,0,0,CORRECT
bge,theoremqa_theorems,TheoremQA_elainewan/math_calculus_2_11.json,0.7123749256134033,0.009916961193084717,0.030494391918182373,0,0,CORRECT
bge,theoremqa_theorems,TheoremQA_maxku/signalprocessing11-nyquist.json,0.6355980634689331,0.015743553638458252,0.036010563373565674,0,1,CORRECT
bge,theoremqa_theorems,TheoremQA_wenhuchen/definite_matrix1.json,0.7346077561378479,0.049452245235443115,0.07637065649032593,0,1,CORRECT
bge,aops,aops_2020_AMC_10A_Problems/Problem_24,0.789231538772583,0.024303913116455078,0.04385346174240112,0,0,INCORRECT
bge,theoremqa_theorems,TheoremQA_wenhuchen/Liouville’s_theorem1.json,0.6809248328208923,0.016299307346343994,0.03179532289505005,1,1,CORRECT
bge,theoremqa_theorems,TheoremQA_jianyu_xu/Stirling_number_first_kind_5.json,0.7005722522735596,0.03447103500366211,0.0586773157119751,0,0,INCORRECT
bge,theoremqa_theorems,TheoremQA_xinyi/linear_projection.json,0.737589418888092,0.01945561170578003,0.042511165142059326,0,0,CORRECT
bge,theoremqa_theorems,TheoremQA_wenhuchen/ODE2.json,0.7070266008377075,0.01693958044052124,0.04708772897720337,0,0,CORRECT
bge,theoremqa_theorems,TheoremQA_mingyin/Lebesgue-measure1.json,0.6773558855056763,0.019466161727905273,0.03273528814315796,0,0,CORRECT
bge,theoremqa_theorems,TheoremQA_maxku/ipnetwork13-hammingdist.json,0.6499330401420593,0.007275283336639404,0.02160888910293579,0,0,CORRECT
bge,theoremqa_theorems,TheoremQA_mingyin/series2.json,0.7126089334487915,0.03125131130218506,0.04513752460479736,0,0,INCORRECT
bge,theoremqa_theorems,TheoremQA_mingyin/cauchy-integral-theorem1.json,0.696347713470459,0.014562487602233887,0.03450024127960205,0,0,INCORRECT
bge,theoremqa_theorems,TheoremQA_panlu/rigid-body3.json,0.6717593669891357,0.012994170188903809,0.03457903861999512,0,1,CORRECT
bge,theoremqa_theorems,TheoremQA_jianyu_xu/Ramsey_4.json,0.6600934863090515,0.007091045379638672,0.023517727851867676,0,1,CORRECT
bge,theoremqa_theorems,TheoremQA_wenhuchen/t_test1.json,0.6256459951400757,0.012855172157287598,0.030217409133911133,0,0,INCORRECT
bge,theoremqa_theorems,TheoremQA_elainewan/math_algebra_5.json,0.7435577511787415,0.029822230339050293,0.07068884372711182,0,1,INCORRECT
bge,theoremqa_theorems,TheoremQA_xueguangma/taylors_approximation_theorem.json,0.6595296859741211,0.007242798805236816,0.03958404064178467,0,0,CORRECT
bge,theoremqa_theorems,TheoremQA_jianyu_xu/Ramsey_2.json,0.6733614206314087,0.04196798801422119,0.06912428140640259,0,0,INCORRECT
bge,theoremqa_theorems,TheoremQA_wenhuchen/viterbi2.json,0.6296433210372925,0.01319420337677002,0.031265318393707275,0,0,INCORRECT
bge,theoremqa_theorems,TheoremQA_xinyi/dag_2.json,0.6870558857917786,0.03095555305480957,0.05353742837905884,0,0,CORRECT
bge,theoremqa_theorems,TheoremQA_wenhuchen/ODE3.json,0.7132613658905029,0.022928178310394287,0.06017112731933594,0,0,INCORRECT
bge,theoremqa_theorems,TheoremQA_elainewan/math_algebra_3_2.json,0.6761128306388855,0.02390962839126587,0.050416648387908936,0,0,CORRECT
bge,theoremqa_theorems,TheoremQA_elainewan/econ_micro_7.json,0.680372416973114,0.02615988254547119,0.05951410531997681,0,1,CORRECT
bge,theoremqa_theorems,TheoremQA_jianyu_xu/Stirling_number_second_kind_3.json,0.6875718235969543,0.014886856079101562,0.033847033977508545,0,1,CORRECT
bge,theoremqa_theorems,TheoremQA_elainewan/math_calculus_12.json,0.7025390863418579,0.057877302169799805,0.07903605699539185,0,0,INCORRECT
bge,theoremqa_theorems,TheoremQA_wenhuchen/t_test2.json,0.6553480625152588,0.023463726043701172,0.045278847217559814,0,0,INCORRECT
bge,theoremqa_theorems,TheoremQA_wenhuchen/Rolle's_theorem.json,0.6867432594299316,0.01693946123123169,0.03373396396636963,0,0,CORRECT
bge,theoremqa_theorems,TheoremQA_jianyu_xu/Stirling_number_second_kind_5.json,0.6990458369255066,0.024742603302001953,0.03812915086746216,0,0,INCORRECT
bge,theoremqa_theorems,TheoremQA_jianyu_xu/pigeonhole_4.json,0.7406537532806396,0.09623587131500244,0.14252066612243652,0,1,CORRECT
bge,theoremqa_theorems,TheoremQA_jianyu_xu/Catalan_2.json,0.7045333981513977,0.028027236461639404,0.05289769172668457,0,0,CORRECT
bge,theoremqa_theorems,TheoremQA_wenhuchen/cauchy_integral1.json,0.691922128200531,0.016205132007598877,0.04258304834365845,0,0,CORRECT
bge,theoremqa_theorems,TheoremQA_wenhuchen/kepler's_law1.json,0.671266496181488,0.015653789043426514,0.053138136863708496,1,1,CORRECT
bge,theoremqa_theorems,TheoremQA_jianyu_xu/Multinomial_2.json,0.6938689947128296,0.03718841075897217,0.05706685781478882,0,0,INCORRECT
bge,theoremqa_theorems,TheoremQA_xinyi/dag_3.json,0.7191804647445679,0.04924297332763672,0.07125961780548096,0,0,CORRECT
bge,theoremqa_theorems,TheoremQA_jianyu_xu/Graph_2.json,0.7182630300521851,0.050773024559020996,0.07614082098007202,0,0,CORRECT
bge,theoremqa_theorems,TheoremQA_jianyu_xu/Multinomial_1.json,0.6737465858459473,0.006599307060241699,0.030336380004882812,1,1,CORRECT
bge,theoremqa_theorems,TheoremQA_wenhuchen/trapezoidal_rule3.json,0.6790691614151001,0.028228580951690674,0.05140542984008789,1,1,INCORRECT
bge,theoremqa_theorems,TheoremQA_jianyu_xu/Cayley_3.json,0.6863211989402771,0.02164614200592041,0.04570823907852173,0,0,CORRECT
bge,theoremqa_theorems,TheoremQA_panlu/similarity3.json,0.7143418788909912,0.02384936809539795,0.044118285179138184,0,0,CORRECT
bge,theoremqa_theorems,TheoremQA_wenhuchen/t_test3.json,0.6125142574310303,0.01590573787689209,0.03106212615966797,0,0,INCORRECT
bge,theoremqa_theorems,TheoremQA_elainewan/math_calculus_3_8.json,0.7145299315452576,0.03836238384246826,0.08160734176635742,0,0,INCORRECT
bge,theoremqa_theorems,TheoremQA_jianyu_xu/Multinomial_4.json,0.7007390856742859,0.028327345848083496,0.044007837772369385,0,0,CORRECT
bge,theoremqa_theorems,TheoremQA_jianyu_xu/Binomial_5.json,0.6816338300704956,0.02428758144378662,0.04643350839614868,1,1,CORRECT
bge,theoremqa_theorems,TheoremQA_jianyu_xu/Ramsey_3.json,0.7233644127845764,0.0887555480003357,0.1152525544166565,0,0,INCORRECT
bge,theoremqa_theorems,TheoremQA_jianyu_xu/pigeonhole_1.json,0.6869767308235168,0.04498165845870972,0.06942909955978394,0,1,CORRECT
bge,theoremqa_theorems,TheoremQA_jianyu_xu/Binomial_4.json,0.6781030893325806,0.010766744613647461,0.040467023849487305,0,0,CORRECT
bge,theoremqa_theorems,TheoremQA_jianyu_xu/Binomial_3.json,0.6588313579559326,0.018113374710083008,0.03789699077606201,0,1,CORRECT
bge,theoremqa_theorems,TheoremQA_wenhuchen/kepler's_law3.json,0.751358151435852,0.106137216091156,0.16308140754699707,1,1,CORRECT
bge,theoremqa_theorems,TheoremQA_panlu/gravitational_force2.json,0.6905940771102905,0.05036818981170654,0.10076040029525757,0,1,INCORRECT
bge,theoremqa_theorems,TheoremQA_jianyu_xu/Catalan_1.json,0.6788979768753052,0.01192253828048706,0.02887016534805298,0,0,CORRECT
bge,theoremqa_theorems,TheoremQA_mingyin/Fundamental-Theorem-of-Calculus3.json,0.6786698698997498,0.005823612213134766,0.01842057704925537,0,0,INCORRECT
bge,theoremqa_theorems,TheoremQA_jianyu_xu/Multinomial_3.json,0.685359001159668,0.016161978244781494,0.033109068870544434,0,0,CORRECT
bge,theoremqa_theorems,TheoremQA_wenhuchen/jensen1.json,0.6865326166152954,0.02967756986618042,0.050456345081329346,0,0,CORRECT
bge,theoremqa_theorems,TheoremQA_wenhuchen/Liouville’s_theorem2.json,0.6917608380317688,0.017887413501739502,0.0601118803024292,0,0,INCORRECT
bge,theoremqa_theorems,TheoremQA_jianyu_xu/Binomial_6.json,0.6863471269607544,0.024155855178833008,0.04015845060348511,0,1,CORRECT
bge,theoremqa_theorems,TheoremQA_xueguangma/intermediate_value_theorem.json,0.6661537885665894,0.012281656265258789,0.02862679958343506,0,0,CORRECT
bge,theoremqa_theorems,TheoremQA_mingyin/convexity1.json,0.7004142999649048,0.028990983963012695,0.047635674476623535,0,0,CORRECT
bge,theoremqa_theorems,TheoremQA_tonyxia/maxplanar3.json,0.7136600613594055,0.04067528247833252,0.06679701805114746,0,0,CORRECT
bge,theoremqa_theorems,TheoremQA_elainewan/math_algebra_7_2.json,0.6788332462310791,0.025330841541290283,0.039116859436035156,0,0,INCORRECT
bge,theoremqa_theorems,TheoremQA_elainewan/math_algebra_4_3.json,0.6841106414794922,0.01145404577255249,0.02904224395751953,0,0,CORRECT
bge,theoremqa_theorems,TheoremQA_elainewan/math_calculus_2_7.json,0.6189366579055786,0.0031425952911376953,0.017130672931671143,0,0,CORRECT
bge,theoremqa_theorems,TheoremQA_wenhuchen/series_convergen2.json,0.6873281002044678,0.006805479526519775,0.026594877243041992,0,0,CORRECT
bge,theoremqa_theorems,TheoremQA_jianyu_xu/Binomial_2.json,0.66063392162323,0.014351963996887207,0.031728506088256836,0,0,CORRECT
bge,theoremqa_theorems,TheoremQA_jianyu_xu/Ramsey_5.json,0.6420671939849854,0.011319279670715332,0.02744925022125244,0,1,CORRECT
bge,theoremqa_theorems,TheoremQA_jianyu_xu/Multinomial_6.json,0.7107672691345215,0.015182733535766602,0.04318702220916748,0,0,CORRECT
bge,theoremqa_theorems,TheoremQA_jianyu_xu/Ramsey_6.json,0.6910180449485779,0.026323556900024414,0.04624837636947632,0,1,CORRECT
bge,theoremqa_theorems,TheoremQA_tonyxia/maxplanar1.json,0.6919689178466797,0.028920292854309082,0.06301987171173096,0,0,INCORRECT
bge,theoremqa_theorems,TheoremQA_xinyi/dag_1.json,0.6509037017822266,0.027580618858337402,0.042144179344177246,0,0,CORRECT
