Coverage_%,Accuracy_ScoreGap,Accuracy_MaxScore,Accuracy_Random
0.0722543352601156,0.0,0.0,0.0
0.1445086705202312,50.0,50.0,50.0
0.2167630057803468,66.66666666666666,33.33333333333333,66.66666666666666
0.2890173410404624,50.0,25.0,50.0
0.36127167630057805,40.0,20.0,40.0
0.4335260115606936,33.33333333333333,33.33333333333333,33.33333333333333
0.5057803468208093,28.57142857142857,28.57142857142857,28.57142857142857
0.5780346820809248,37.5,25.0,37.5
0.6502890173410405,33.33333333333333,33.33333333333333,33.33333333333333
0.7225433526011561,30.0,30.0,30.0
0.7947976878612716,27.27272727272727,36.36363636363637,27.27272727272727
0.8670520231213872,33.33333333333333,33.33333333333333,33.33333333333333
0.9393063583815029,30.76923076923077,30.76923076923077,30.76923076923077
1.0115606936416186,35.714285714285715,28.57142857142857,35.714285714285715
1.083815028901734,40.0,26.666666666666668,40.0
1.1560693641618496,37.5,25.0,37.5
1.2283236994219653,35.294117647058826,23.52941176470588,35.294117647058826
1.300578034682081,33.33333333333333,22.22222222222222,33.33333333333333
1.3728323699421965,31.57894736842105,21.052631578947366,31.57894736842105
1.4450867052023122,30.0,20.0,30.0
1.5173410404624277,28.57142857142857,19.047619047619047,28.57142857142857
1.5895953757225432,27.27272727272727,18.181818181818183,27.27272727272727
1.6618497109826589,30.434782608695656,17.391304347826086,30.434782608695656
1.7341040462427744,29.166666666666668,20.833333333333336,29.166666666666668
1.8063583815028903,28.000000000000004,20.0,28.000000000000004
1.8786127167630058,26.923076923076923,19.230769230769234,26.923076923076923
1.9508670520231215,25.925925925925924,18.51851851851852,25.925925925925924
2.023121387283237,25.0,17.857142857142858,25.0
2.0953757225433525,24.137931034482758,17.24137931034483,24.137931034482758
2.167630057803468,23.333333333333332,16.666666666666664,23.333333333333332
2.239884393063584,22.58064516129032,19.35483870967742,22.58064516129032
2.312138728323699,21.875,21.875,21.875
2.384393063583815,21.21212121212121,24.242424242424242,21.21212121212121
2.4566473988439306,23.52941176470588,23.52941176470588,23.52941176470588
2.5289017341040463,22.857142857142858,22.857142857142858,22.857142857142858
2.601156069364162,22.22222222222222,22.22222222222222,22.22222222222222
2.6734104046242777,21.62162162162162,21.62162162162162,21.62162162162162
2.745664739884393,21.052631578947366,21.052631578947366,21.052631578947366
2.8179190751445087,20.51282051282051,20.51282051282051,20.51282051282051
2.8901734104046244,20.0,20.0,20.0
2.9624277456647397,19.51219512195122,19.51219512195122,19.51219512195122
3.0346820809248554,19.047619047619047,21.428571428571427,19.047619047619047
3.106936416184971,18.6046511627907,20.930232558139537,18.6046511627907
3.1791907514450863,18.181818181818183,20.454545454545457,18.181818181818183
3.251445086705202,20.0,20.0,20.0
3.3236994219653178,19.565217391304348,19.565217391304348,19.565217391304348
3.395953757225433,19.148936170212767,19.148936170212767,19.148936170212767
3.4682080924855487,18.75,18.75,18.75
3.540462427745665,20.408163265306122,20.408163265306122,20.408163265306122
3.6127167630057806,22.0,20.0,22.0
3.6849710982658963,21.568627450980394,19.607843137254903,21.568627450980394
3.7572254335260116,21.153846153846153,19.230769230769234,21.153846153846153
3.8294797687861273,20.754716981132077,18.867924528301888,20.754716981132077
3.901734104046243,20.37037037037037,18.51851851851852,20.37037037037037
3.9739884393063587,20.0,18.181818181818183,20.0
4.046242774566474,19.642857142857142,17.857142857142858,19.642857142857142
4.118497109826589,19.298245614035086,17.543859649122805,19.298245614035086
4.190751445086705,20.689655172413794,18.96551724137931,20.689655172413794
4.263005780346821,20.33898305084746,18.64406779661017,20.33898305084746
4.335260115606936,20.0,20.0,20.0
4.407514450867052,19.672131147540984,21.311475409836063,19.672131147540984
4.479768786127168,19.35483870967742,20.967741935483872,19.35483870967742
4.552023121387283,19.047619047619047,20.634920634920633,19.047619047619047
4.624277456647398,20.3125,20.3125,20.3125
4.696531791907514,20.0,21.53846153846154,20.0
4.76878612716763,21.21212121212121,21.21212121212121,21.21212121212121
4.841040462427745,20.8955223880597,20.8955223880597,20.8955223880597
4.913294797687861,20.588235294117645,20.588235294117645,20.588235294117645
4.985549132947977,21.73913043478261,20.28985507246377,21.73913043478261
5.057803468208093,21.428571428571427,20.0,21.428571428571427
5.130057803468208,21.12676056338028,21.12676056338028,21.12676056338028
5.202312138728324,20.833333333333336,20.833333333333336,20.833333333333336
5.27456647398844,20.54794520547945,20.54794520547945,20.54794520547945
5.346820809248555,21.62162162162162,20.27027027027027,21.62162162162162
5.41907514450867,21.333333333333336,20.0,21.333333333333336
5.491329479768786,22.36842105263158,19.736842105263158,22.36842105263158
5.563583815028902,23.376623376623375,19.480519480519483,23.376623376623375
5.635838150289017,24.358974358974358,19.230769230769234,24.358974358974358
5.708092485549133,25.31645569620253,18.9873417721519,25.31645569620253
5.780346820809249,25.0,18.75,25.0
5.852601156069364,25.925925925925924,19.753086419753085,25.925925925925924
5.924855491329479,25.609756097560975,19.51219512195122,25.609756097560975
5.997109826589595,25.301204819277107,19.27710843373494,25.301204819277107
6.069364161849711,26.190476190476193,19.047619047619047,26.190476190476193
6.141618497109826,25.882352941176475,18.823529411764707,25.882352941176475
6.213872832369942,25.581395348837212,18.6046511627907,25.581395348837212
6.286127167630058,25.287356321839084,18.39080459770115,25.287356321839084
6.358381502890173,25.0,18.181818181818183,25.0
6.430635838150289,25.842696629213485,19.101123595505616,25.842696629213485
6.502890173410404,25.555555555555554,20.0,25.555555555555554
6.575144508670521,26.373626373626376,20.87912087912088,26.373626373626376
6.6473988439306355,27.173913043478258,20.652173913043477,27.173913043478258
6.719653179190751,26.881720430107524,20.43010752688172,26.881720430107524
6.791907514450866,27.659574468085108,20.212765957446805,27.659574468085108
6.864161849710983,27.368421052631582,20.0,27.368421052631582
6.9364161849710975,27.083333333333332,19.791666666666664,27.083333333333332
7.008670520231214,26.804123711340207,19.587628865979383,26.804123711340207
7.08092485549133,27.55102040816326,19.387755102040817,27.55102040816326
7.153179190751445,27.27272727272727,19.19191919191919,27.27272727272727
7.225433526011561,28.000000000000004,19.0,28.000000000000004
7.297687861271676,27.722772277227726,18.81188118811881,27.722772277227726
7.369942196531793,28.431372549019606,18.627450980392158,28.431372549019606
7.442196531791907,28.155339805825243,18.446601941747574,28.155339805825243
7.514450867052023,27.884615384615387,18.269230769230766,27.884615384615387
7.586705202312139,27.61904761904762,19.047619047619047,27.61904761904762
7.658959537572255,27.358490566037734,18.867924528301888,27.358490566037734
7.731213872832369,27.102803738317753,18.69158878504673,27.102803738317753
7.803468208092486,26.851851851851855,18.51851851851852,26.851851851851855
7.875722543352601,26.605504587155966,18.34862385321101,26.605504587155966
7.947976878612717,27.27272727272727,18.181818181818183,27.27272727272727
8.020231213872831,27.027027027027028,18.01801801801802,27.027027027027028
8.092485549132949,27.67857142857143,17.857142857142858,27.67857142857143
8.164739884393063,27.43362831858407,17.699115044247787,27.43362831858407
8.236994219653178,28.07017543859649,18.421052631578945,28.07017543859649
8.309248554913294,28.695652173913043,18.26086956521739,28.695652173913043
8.38150289017341,28.448275862068968,18.103448275862068,28.448275862068968
8.453757225433527,28.205128205128204,18.803418803418804,28.205128205128204
8.526011560693641,28.8135593220339,19.491525423728813,28.8135593220339
8.598265895953757,28.57142857142857,19.327731092436977,28.57142857142857
8.670520231213873,28.333333333333332,19.166666666666668,28.333333333333332
8.742774566473988,28.09917355371901,19.00826446280992,28.09917355371901
8.815028901734104,27.86885245901639,18.852459016393443,27.86885245901639
8.88728323699422,27.64227642276423,18.69918699186992,27.64227642276423
8.959537572254336,27.419354838709676,18.548387096774192,27.419354838709676
9.031791907514451,27.200000000000003,18.4,27.200000000000003
9.104046242774565,26.984126984126984,18.253968253968253,26.984126984126984
9.176300578034683,26.77165354330709,18.11023622047244,26.77165354330709
9.248554913294797,27.34375,17.96875,27.34375
9.320809248554914,27.131782945736433,17.829457364341085,27.131782945736433
9.393063583815028,26.923076923076923,17.692307692307693,26.923076923076923
9.465317919075144,27.480916030534353,18.3206106870229,27.480916030534353
9.53757225433526,27.27272727272727,18.181818181818183,27.27272727272727
9.609826589595375,27.819548872180448,18.045112781954884,27.819548872180448
9.68208092485549,27.611940298507463,17.91044776119403,27.611940298507463
9.754335260115607,28.14814814814815,17.77777777777778,28.14814814814815
9.826589595375722,27.941176470588236,17.647058823529413,27.941176470588236
9.898843930635838,27.73722627737226,17.51824817518248,27.73722627737226
9.971098265895954,27.536231884057973,17.391304347826086,27.536231884057973
10.04335260115607,27.33812949640288,17.26618705035971,27.33812949640288
10.115606936416185,27.142857142857142,17.142857142857142,27.142857142857142
10.1878612716763,26.95035460992908,17.02127659574468,26.95035460992908
10.260115606936417,26.76056338028169,16.901408450704224,26.76056338028169
10.332369942196532,27.27272727272727,17.482517482517483,27.27272727272727
10.404624277456648,27.083333333333332,17.36111111111111,27.083333333333332
10.476878612716762,26.89655172413793,17.93103448275862,26.89655172413793
10.54913294797688,26.71232876712329,17.80821917808219,26.71232876712329
10.621387283236993,26.53061224489796,17.687074829931973,26.53061224489796
10.69364161849711,27.027027027027028,17.56756756756757,27.027027027027028
10.765895953757225,27.516778523489933,17.449664429530202,27.516778523489933
10.83815028901734,27.333333333333332,17.333333333333336,27.333333333333332
10.910404624277456,27.1523178807947,17.218543046357617,27.1523178807947
10.982658959537572,26.973684210526315,17.105263157894736,26.973684210526315
11.054913294797688,26.797385620915033,16.99346405228758,26.797385620915033
11.127167630057803,27.27272727272727,16.883116883116884,27.27272727272727
11.199421965317919,27.741935483870968,16.7741935483871,27.741935483870968
11.271676300578035,28.205128205128204,16.666666666666664,28.205128205128204
11.34393063583815,28.662420382165603,16.560509554140125,28.662420382165603
11.416184971098266,28.48101265822785,17.088607594936708,28.48101265822785
11.488439306358382,28.930817610062892,16.9811320754717,28.930817610062892
11.560693641618498,28.749999999999996,16.875,28.749999999999996
11.632947976878613,28.57142857142857,16.77018633540373,28.57142857142857
11.705202312138727,29.01234567901235,16.666666666666664,29.01234567901235
11.777456647398845,29.447852760736197,16.56441717791411,29.447852760736197
11.849710982658959,29.268292682926827,16.463414634146343,29.268292682926827
11.921965317919076,29.6969696969697,16.363636363636363,29.6969696969697
11.99421965317919,30.120481927710845,16.867469879518072,30.120481927710845
12.066473988439306,29.94011976047904,17.365269461077844,29.94011976047904
12.138728323699421,29.761904761904763,17.261904761904763,29.761904761904763
12.210982658959537,29.585798816568047,17.159763313609467,29.585798816568047
12.283236994219653,29.411764705882355,17.058823529411764,29.411764705882355
12.355491329479769,29.239766081871345,16.95906432748538,29.239766081871345
12.427745664739884,29.069767441860467,16.86046511627907,29.069767441860467
12.5,28.901734104046245,17.341040462427745,28.901734104046245
12.572254335260116,28.735632183908045,17.24137931034483,28.735632183908045
12.644508670520233,28.57142857142857,17.71428571428571,28.57142857142857
12.716763005780345,28.40909090909091,18.181818181818183,28.40909090909091
12.789017341040463,28.24858757062147,18.07909604519774,28.24858757062147
12.861271676300579,28.651685393258425,17.97752808988764,28.651685393258425
12.933526011560694,28.49162011173184,17.877094972067038,28.49162011173184
13.005780346820808,28.333333333333332,17.77777777777778,28.333333333333332
13.078034682080924,28.176795580110497,17.67955801104972,28.176795580110497
13.150289017341041,28.021978021978022,17.582417582417584,28.021978021978022
13.222543352601157,27.86885245901639,17.48633879781421,27.86885245901639
13.294797687861271,28.26086956521739,17.391304347826086,28.26086956521739
13.367052023121387,28.64864864864865,17.2972972972973,28.64864864864865
13.439306358381502,28.49462365591398,17.20430107526882,28.49462365591398
13.51156069364162,28.342245989304814,17.647058823529413,28.342245989304814
13.583815028901732,28.191489361702125,17.5531914893617,28.191489361702125
13.65606936416185,28.04232804232804,17.46031746031746,28.04232804232804
13.728323699421965,27.89473684210526,17.36842105263158,27.89473684210526
13.800578034682081,27.748691099476442,17.277486910994764,27.748691099476442
13.872832369942195,27.604166666666668,17.1875,27.604166666666668
13.94508670520231,27.979274611398964,17.098445595854923,27.979274611398964
14.017341040462428,27.835051546391753,17.010309278350515,27.835051546391753
14.089595375722544,27.692307692307693,16.923076923076923,27.692307692307693
14.16184971098266,27.55102040816326,17.346938775510203,27.55102040816326
14.234104046242773,27.918781725888326,17.258883248730964,27.918781725888326
14.30635838150289,27.77777777777778,17.17171717171717,27.77777777777778
14.378612716763007,27.63819095477387,17.08542713567839,27.63819095477387
14.450867052023122,27.500000000000004,17.0,27.500000000000004
14.523121387283236,27.363184079601986,16.91542288557214,27.363184079601986
14.595375722543352,27.22772277227723,16.831683168316832,27.22772277227723
14.667630057803468,27.093596059113302,16.748768472906402,27.093596059113302
14.739884393063585,27.450980392156865,16.666666666666664,27.450980392156865
14.8121387283237,27.31707317073171,17.073170731707318,27.31707317073171
14.884393063583815,27.669902912621357,16.990291262135923,27.669902912621357
14.95664739884393,27.536231884057973,16.908212560386474,27.536231884057973
15.028901734104046,27.403846153846157,16.826923076923077,27.403846153846157
15.10115606936416,27.27272727272727,16.74641148325359,27.27272727272727
15.173410404624278,27.61904761904762,16.666666666666664,27.61904761904762
15.245664739884393,27.488151658767773,16.587677725118482,27.488151658767773
15.31791907514451,27.830188679245282,16.50943396226415,27.830188679245282
15.390173410404625,27.699530516431924,16.431924882629108,27.699530516431924
15.462427745664739,27.570093457943923,16.355140186915886,27.570093457943923
15.534682080924856,27.44186046511628,16.74418604651163,27.44186046511628
15.606936416184972,27.314814814814813,16.666666666666664,27.314814814814813
15.679190751445088,27.64976958525346,16.589861751152075,27.64976958525346
15.751445086705202,27.522935779816514,16.51376146788991,27.522935779816514
15.823699421965317,27.397260273972602,16.43835616438356,27.397260273972602
15.895953757225435,27.727272727272727,16.363636363636363,27.727272727272727
15.96820809248555,28.054298642533936,16.289592760180994,28.054298642533936
16.040462427745663,28.37837837837838,16.216216216216218,28.37837837837838
16.11271676300578,28.251121076233183,16.143497757847534,28.251121076233183
16.184971098265898,28.125,16.071428571428573,28.125
16.257225433526013,28.444444444444443,16.444444444444446,28.444444444444443
16.329479768786126,28.31858407079646,16.8141592920354,28.31858407079646
16.40173410404624,28.634361233480178,16.740088105726873,28.634361233480178
16.473988439306357,28.50877192982456,17.105263157894736,28.50877192982456
16.546242774566476,28.82096069868996,17.46724890829694,28.82096069868996
16.61849710982659,28.695652173913043,17.82608695652174,28.695652173913043
16.690751445086704,29.004329004329005,18.181818181818183,29.004329004329005
16.76300578034682,29.310344827586203,18.53448275862069,29.310344827586203
16.835260115606935,29.613733905579398,18.4549356223176,29.613733905579398
16.907514450867055,29.48717948717949,18.37606837606838,29.48717948717949
16.979768786127167,29.78723404255319,18.29787234042553,29.78723404255319
17.052023121387283,29.66101694915254,18.220338983050848,29.66101694915254
17.1242774566474,29.535864978902953,18.143459915611814,29.535864978902953
17.196531791907514,29.411764705882355,18.487394957983195,29.411764705882355
17.26878612716763,29.707112970711297,18.410041841004183,29.707112970711297
17.341040462427745,29.583333333333332,18.333333333333332,29.583333333333332
17.41329479768786,29.460580912863072,18.25726141078838,29.460580912863072
17.485549132947977,29.338842975206614,18.181818181818183,29.338842975206614
17.557803468208093,29.218106995884774,18.51851851851852,29.218106995884774
17.63005780346821,29.508196721311474,18.852459016393443,29.508196721311474
17.702312138728324,29.795918367346943,18.775510204081634,29.795918367346943
17.77456647398844,29.67479674796748,18.69918699186992,29.67479674796748
17.846820809248555,29.554655870445345,18.62348178137652,29.554655870445345
17.91907514450867,29.435483870967744,18.548387096774192,29.435483870967744
17.991329479768787,29.71887550200803,18.473895582329316,29.71887550200803
18.063583815028903,29.599999999999998,18.4,29.599999999999998
18.13583815028902,29.482071713147413,18.326693227091635,29.482071713147413
18.20809248554913,29.761904761904763,18.253968253968253,29.761904761904763
18.28034682080925,29.64426877470356,18.181818181818183,29.64426877470356
18.352601156069365,29.527559055118108,18.503937007874015,29.527559055118108
18.42485549132948,29.411764705882355,18.823529411764707,29.411764705882355
18.497109826589593,29.296875,18.75,29.296875
18.569364161849713,29.18287937743191,18.67704280155642,29.18287937743191
18.641618497109828,29.069767441860467,18.6046511627907,29.069767441860467
18.713872832369944,28.957528957528954,18.53281853281853,28.957528957528954
18.786127167630056,28.846153846153843,18.846153846153847,28.846153846153843
18.858381502890172,29.118773946360154,18.773946360153257,29.118773946360154
18.930635838150287,29.00763358778626,19.083969465648856,29.00763358778626
19.002890173410407,29.277566539923956,19.011406844106464,29.277566539923956
19.07514450867052,29.166666666666668,18.939393939393938,29.166666666666668
19.147398843930635,29.056603773584904,18.867924528301888,29.056603773584904
19.21965317919075,29.32330827067669,18.796992481203006,29.32330827067669
19.29190751445087,29.213483146067414,18.726591760299627,29.213483146067414
19.36416184971098,29.47761194029851,19.029850746268657,29.47761194029851
19.436416184971097,29.36802973977695,19.33085501858736,29.36802973977695
19.508670520231213,29.259259259259256,19.25925925925926,29.259259259259256
19.58092485549133,29.15129151291513,19.557195571955717,29.15129151291513
19.653179190751445,29.044117647058826,19.485294117647058,29.044117647058826
19.72543352601156,28.93772893772894,19.413919413919416,28.93772893772894
19.797687861271676,28.832116788321166,19.34306569343066,28.832116788321166
19.86994219653179,28.72727272727273,19.272727272727273,28.72727272727273
19.942196531791907,28.985507246376812,19.565217391304348,28.985507246376812
20.014450867052023,28.880866425992778,19.855595667870034,28.880866425992778
20.08670520231214,28.776978417266186,19.784172661870503,28.776978417266186
20.158959537572255,28.673835125448026,20.07168458781362,28.673835125448026
20.23121387283237,28.57142857142857,20.357142857142858,28.57142857142857
20.303468208092486,28.46975088967972,20.284697508896798,28.46975088967972
20.3757225433526,28.368794326241137,20.212765957446805,28.368794326241137
20.447976878612717,28.26855123674912,20.49469964664311,28.26855123674912
20.520231213872833,28.52112676056338,20.422535211267608,28.52112676056338
20.592485549132945,28.421052631578945,20.701754385964914,28.421052631578945
20.664739884393065,28.671328671328673,20.97902097902098,28.671328671328673
20.73699421965318,28.57142857142857,20.905923344947734,28.57142857142857
20.809248554913296,28.819444444444443,20.833333333333336,28.819444444444443
20.88150289017341,28.719723183391004,20.761245674740483,28.719723183391004
20.953757225433524,28.620689655172416,20.689655172413794,28.620689655172416
21.026011560693643,28.52233676975945,20.618556701030926,28.52233676975945
21.09826589595376,28.424657534246577,20.54794520547945,28.424657534246577
21.170520231213874,28.327645051194537,20.819112627986346,28.327645051194537
21.242774566473987,28.2312925170068,20.74829931972789,28.2312925170068
21.315028901734102,28.135593220338983,20.677966101694913,28.135593220338983
21.38728323699422,28.040540540540544,20.60810810810811,28.040540540540544
21.459537572254337,27.946127946127948,20.875420875420875,27.946127946127948
21.53179190751445,27.85234899328859,21.140939597315437,27.85234899328859
21.604046242774565,28.093645484949832,21.40468227424749,28.093645484949832
21.67630057803468,28.000000000000004,21.666666666666668,28.000000000000004
21.7485549132948,28.23920265780731,21.59468438538206,28.23920265780731
21.820809248554912,28.14569536423841,21.52317880794702,28.14569536423841
21.893063583815028,28.052805280528055,21.45214521452145,28.052805280528055
21.965317919075144,27.960526315789476,21.38157894736842,27.960526315789476
22.03757225433526,27.86885245901639,21.311475409836063,27.86885245901639
22.109826589595375,27.77777777777778,21.241830065359476,27.77777777777778
22.18208092485549,27.68729641693811,21.49837133550489,27.68729641693811
22.254335260115607,27.5974025974026,21.753246753246753,27.5974025974026
22.326589595375722,27.831715210355988,21.68284789644013,27.831715210355988
22.398843930635838,28.064516129032256,21.612903225806452,28.064516129032256
22.471098265895954,27.974276527331188,21.864951768488748,27.974276527331188
22.54335260115607,27.884615384615387,21.794871794871796,27.884615384615387
22.615606936416185,28.115015974440894,21.72523961661342,28.115015974440894
22.6878612716763,28.343949044585987,21.97452229299363,28.343949044585987
22.760115606936417,28.253968253968253,21.904761904761905,28.253968253968253
22.832369942196532,28.48101265822785,22.151898734177212,28.48101265822785
22.904624277456648,28.706624605678233,22.397476340694006,28.706624605678233
22.976878612716764,28.61635220125786,22.32704402515723,28.61635220125786
23.049132947976876,28.84012539184953,22.25705329153605,28.84012539184953
23.121387283236995,28.749999999999996,22.5,28.749999999999996
23.19364161849711,28.66043613707165,22.429906542056074,28.66043613707165
23.265895953757227,28.57142857142857,22.36024844720497,28.57142857142857
23.33815028901734,28.482972136222912,22.60061919504644,28.482972136222912
23.410404624277454,28.39506172839506,22.530864197530864,28.39506172839506
23.482658959537574,28.307692307692307,22.76923076923077,28.307692307692307
23.55491329479769,28.22085889570552,23.006134969325153,28.22085889570552
23.627167630057805,28.134556574923547,23.24159021406728,28.134556574923547
23.699421965317917,28.353658536585364,23.170731707317074,28.353658536585364
23.771676300578033,28.57142857142857,23.10030395136778,28.57142857142857
23.843930635838152,28.484848484848484,23.03030303030303,28.484848484848484
23.916184971098268,28.3987915407855,22.9607250755287,28.3987915407855
23.98843930635838,28.313253012048197,22.89156626506024,28.313253012048197
24.060693641618496,28.22822822822823,22.822822822822822,28.22822822822823
24.13294797687861,28.443113772455092,23.053892215568865,28.443113772455092
24.20520231213873,28.35820895522388,22.98507462686567,28.35820895522388
24.277456647398843,28.57142857142857,22.916666666666664,28.57142857142857
24.34971098265896,28.783382789317507,22.8486646884273,28.783382789317507
24.421965317919074,28.698224852071007,22.781065088757398,28.698224852071007
24.49421965317919,28.613569321533923,23.008849557522122,28.613569321533923
24.566473988439306,28.52941176470588,22.941176470588236,28.52941176470588
24.63872832369942,28.739002932551323,23.16715542521994,28.739002932551323
24.710982658959537,28.654970760233915,23.391812865497073,28.654970760233915
24.783236994219653,28.57142857142857,23.323615160349853,28.57142857142857
24.85549132947977,28.488372093023255,23.25581395348837,28.488372093023255
24.927745664739884,28.405797101449277,23.18840579710145,28.405797101449277
25.0,28.32369942196532,23.410404624277454,28.32369942196532
25.072254335260112,28.24207492795389,23.34293948126801,28.24207492795389
25.14450867052023,28.160919540229884,23.275862068965516,28.160919540229884
25.216763005780347,28.08022922636103,23.20916905444126,28.08022922636103
25.289017341040466,28.000000000000004,23.42857142857143,28.000000000000004
25.36127167630058,28.205128205128204,23.646723646723647,28.205128205128204
25.43352601156069,28.40909090909091,23.579545454545457,28.40909090909091
25.50578034682081,28.611898016997166,23.79603399433428,28.611898016997166
25.578034682080926,28.53107344632768,24.01129943502825,28.53107344632768
25.650289017341038,28.732394366197184,23.943661971830984,28.732394366197184
25.722543352601157,28.651685393258425,23.876404494382022,28.651685393258425
25.79479768786127,28.57142857142857,23.809523809523807,28.57142857142857
25.86705202312139,28.77094972067039,24.022346368715084,28.77094972067039
25.939306358381504,28.690807799442897,24.233983286908078,28.690807799442897
26.011560693641616,28.61111111111111,24.166666666666668,28.61111111111111
26.083815028901736,28.53185595567867,24.099722991689752,28.53185595567867
26.156069364161848,28.45303867403315,24.30939226519337,28.45303867403315
26.228323699421964,28.37465564738292,24.242424242424242,28.37465564738292
26.300578034682083,28.296703296703296,24.45054945054945,28.296703296703296
26.372832369942195,28.21917808219178,24.383561643835616,28.21917808219178
26.445086705202314,28.415300546448087,24.59016393442623,28.415300546448087
26.517341040462426,28.337874659400548,24.52316076294278,28.337874659400548
26.589595375722542,28.532608695652172,24.456521739130434,28.532608695652172
26.66184971098266,28.72628726287263,24.390243902439025,28.72628726287263
26.734104046242773,28.64864864864865,24.594594594594597,28.64864864864865
26.806358381502893,28.84097035040431,24.797843665768195,28.84097035040431
26.878612716763005,28.763440860215056,25.0,28.763440860215056
26.95086705202312,28.686327077747993,24.932975871313673,28.686327077747993
27.02312138728324,28.609625668449194,24.86631016042781,28.609625668449194
27.095375722543352,28.799999999999997,24.8,28.799999999999997
27.167630057803464,28.723404255319153,25.0,28.723404255319153
27.239884393063583,28.912466843501328,24.93368700265252,28.912466843501328
27.3121387283237,28.835978835978835,24.867724867724867,28.835978835978835
27.38439306358382,28.759894459102902,24.80211081794195,28.759894459102902
27.45664739884393,28.947368421052634,24.736842105263158,28.947368421052634
27.528901734104043,28.871391076115486,24.671916010498688,28.871391076115486
27.601156069364162,28.79581151832461,24.60732984293194,28.79581151832461
27.673410404624278,28.720626631853786,24.804177545691903,28.720626631853786
27.74566473988439,28.645833333333332,24.739583333333336,28.645833333333332
27.81791907514451,28.57142857142857,24.935064935064936,28.57142857142857
27.89017341040462,28.497409326424872,24.870466321243523,28.497409326424872
27.96242774566474,28.42377260981912,24.8062015503876,28.42377260981912
28.034682080924856,28.350515463917525,24.742268041237114,28.350515463917525
28.10693641618497,28.53470437017995,24.67866323907455,28.53470437017995
28.179190751445088,28.46153846153846,24.615384615384617,28.46153846153846
28.2514450867052,28.388746803069054,24.55242966751918,28.388746803069054
28.32369942196532,28.316326530612244,24.489795918367346,28.316326530612244
28.395953757225435,28.498727735368956,24.427480916030532,28.498727735368956
28.468208092485547,28.426395939086298,24.36548223350254,28.426395939086298
28.540462427745666,28.607594936708864,24.30379746835443,28.607594936708864
28.61271676300578,28.535353535353536,24.242424242424242,28.535353535353536
28.684971098265894,28.463476070528966,24.43324937027708,28.463476070528966
28.757225433526013,28.391959798994975,24.371859296482413,28.391959798994975
28.829479768786126,28.32080200501253,24.31077694235589,28.32080200501253
28.901734104046245,28.249999999999996,24.25,28.249999999999996
28.973988439306357,28.179551122194514,24.189526184538654,28.179551122194514
29.046242774566473,28.109452736318406,24.378109452736318,28.109452736318406
29.118497109826592,28.03970223325062,24.56575682382134,28.03970223325062
29.190751445086704,28.217821782178216,24.504950495049506,28.217821782178216
29.263005780346823,28.14814814814815,24.444444444444443,28.14814814814815
29.335260115606935,28.078817733990146,24.38423645320197,28.078817733990146
29.40751445086705,28.00982800982801,24.57002457002457,28.00982800982801
29.47976878612717,28.186274509803923,24.509803921568626,28.186274509803923
29.552023121387283,28.361858190709043,24.449877750611247,28.361858190709043
29.6242774566474,28.292682926829265,24.634146341463413,28.292682926829265
29.696531791907514,28.223844282238442,24.817518248175183,28.223844282238442
29.76878612716763,28.155339805825243,24.75728155339806,28.155339805825243
29.84104046242775,28.329297820823246,24.69733656174334,28.329297820823246
29.91329479768786,28.26086956521739,24.637681159420293,28.26086956521739
29.985549132947973,28.19277108433735,24.57831325301205,28.19277108433735
30.057803468208093,28.365384615384613,24.519230769230766,28.365384615384613
30.13005780346821,28.297362110311752,24.46043165467626,28.297362110311752
30.20231213872832,28.22966507177033,24.641148325358852,28.22966507177033
30.27456647398844,28.400954653937948,24.821002386634845,28.400954653937948
30.346820809248555,28.333333333333332,24.761904761904763,28.333333333333332
30.41907514450867,28.50356294536817,24.70308788598575,28.50356294536817
30.491329479768787,28.436018957345972,24.644549763033176,28.436018957345972
30.5635838150289,28.368794326241137,24.58628841607565,28.368794326241137
30.63583815028902,28.30188679245283,24.528301886792452,28.30188679245283
30.70809248554913,28.235294117647058,24.705882352941178,28.235294117647058
30.78034682080925,28.4037558685446,24.647887323943664,28.4037558685446
30.852601156069365,28.337236533957842,24.59016393442623,28.337236533957842
30.924855491329478,28.27102803738318,24.53271028037383,28.27102803738318
30.997109826589597,28.205128205128204,24.475524475524477,28.205128205128204
31.069364161849713,28.37209302325581,24.418604651162788,28.37209302325581
31.141618497109825,28.306264501160094,24.361948955916475,28.306264501160094
31.213872832369944,28.240740740740737,24.305555555555554,28.240740740740737
31.286127167630056,28.17551963048499,24.249422632794456,28.17551963048499
31.358381502890175,28.110599078341014,24.193548387096776,28.110599078341014
31.430635838150287,28.045977011494255,24.137931034482758,28.045977011494255
31.502890173410403,28.211009174311926,24.08256880733945,28.211009174311926
31.575144508670522,28.14645308924485,24.02745995423341,28.14645308924485
31.647398843930635,28.08219178082192,23.972602739726025,28.08219178082192
31.71965317919075,28.018223234624145,23.917995444191344,28.018223234624145
31.79190751445087,27.954545454545453,23.863636363636363,27.954545454545453
31.86416184971098,27.89115646258503,23.809523809523807,27.89115646258503
31.9364161849711,28.054298642533936,23.755656108597282,28.054298642533936
32.00867052023121,27.99097065462754,23.702031602708804,27.99097065462754
32.080924855491325,27.927927927927925,23.64864864864865,27.927927927927925
32.153179190751445,27.86516853932584,23.595505617977526,27.86516853932584
32.22543352601156,28.02690582959641,23.54260089686099,28.02690582959641
32.297687861271676,27.96420581655481,23.48993288590604,27.96420581655481
32.369942196531795,27.901785714285715,23.4375,27.901785714285715
32.44219653179191,27.839643652561247,23.385300668151448,27.839643652561247
32.51445086705203,27.77777777777778,23.333333333333332,27.77777777777778
32.58670520231214,27.716186252771617,23.28159645232816,27.716186252771617
32.65895953757225,27.654867256637168,23.451327433628318,27.654867256637168
32.73121387283237,27.593818984547465,23.399558498896248,27.593818984547465
32.80346820809248,27.53303964757709,23.348017621145374,27.53303964757709
32.8757225433526,27.472527472527474,23.516483516483515,27.472527472527474
32.947976878612714,27.412280701754387,23.464912280701753,27.412280701754387
33.02023121387283,27.35229759299781,23.413566739606125,27.35229759299781
33.09248554913295,27.292576419213976,23.362445414847162,27.292576419213976
33.164739884393065,27.233115468409586,23.311546840958606,27.233115468409586
33.23699421965318,27.173913043478258,23.26086956521739,27.173913043478258
33.309248554913296,27.114967462039047,23.210412147505423,27.114967462039047
33.38150289017341,27.27272727272727,23.160173160173162,27.27272727272727
33.45375722543353,27.213822894168466,23.110151187904968,27.213822894168466
33.52601156069364,27.370689655172413,23.275862068965516,27.370689655172413
33.59826589595375,27.526881720430108,23.225806451612904,27.526881720430108
33.67052023121387,27.467811158798284,23.17596566523605,27.467811158798284
33.74277456647399,27.62312633832976,23.340471092077088,27.62312633832976
33.81502890173411,27.564102564102566,23.29059829059829,27.564102564102566
33.88728323699422,27.505330490405118,23.240938166311302,27.505330490405118
33.959537572254334,27.4468085106383,23.19148936170213,27.4468085106383
34.03179190751445,27.388535031847134,23.142250530785564,27.388535031847134
34.104046242774565,27.54237288135593,23.093220338983052,27.54237288135593
34.17630057803468,27.48414376321353,23.25581395348837,27.48414376321353
34.2485549132948,27.637130801687764,23.20675105485232,27.637130801687764
34.32080924855491,27.57894736842105,23.157894736842106,27.57894736842105
34.39306358381503,27.521008403361346,23.10924369747899,27.521008403361346
34.46531791907515,27.463312368972748,23.060796645702304,27.463312368972748
34.53757225433526,27.405857740585777,23.01255230125523,27.405857740585777
34.60982658959538,27.348643006263046,23.173277661795407,27.348643006263046
34.68208092485549,27.291666666666664,23.125,27.291666666666664
34.75433526011561,27.234927234927238,23.076923076923077,27.234927234927238
34.82658959537572,27.178423236514522,23.236514522821576,27.178423236514522
34.898843930635834,27.12215320910973,23.18840579710145,27.12215320910973
34.971098265895954,27.27272727272727,23.140495867768596,27.27272727272727
35.043352601156066,27.422680412371136,23.09278350515464,27.422680412371136
35.115606936416185,27.36625514403292,23.045267489711936,27.36625514403292
35.187861271676304,27.31006160164271,22.99794661190965,27.31006160164271
35.26011560693642,27.25409836065574,22.950819672131146,27.25409836065574
35.332369942196536,27.198364008179958,23.108384458077712,27.198364008179958
35.40462427745665,27.142857142857142,23.06122448979592,27.142857142857142
35.47687861271676,27.08757637474542,23.014256619144604,27.08757637474542
35.54913294797688,27.03252032520325,22.96747967479675,27.03252032520325
35.62138728323699,26.97768762677485,22.920892494929006,26.97768762677485
35.69364161849711,26.923076923076923,23.076923076923077,26.923076923076923
35.76589595375722,26.86868686868687,23.03030303030303,26.86868686868687
35.83815028901734,27.016129032258064,22.983870967741936,27.016129032258064
35.91040462427746,26.961770623742453,23.138832997987926,26.961770623742453
35.982658959537574,26.907630522088354,23.09236947791165,26.907630522088354
36.054913294797686,26.853707414829657,23.04609218436874,26.853707414829657
36.127167630057805,26.8,23.0,26.8
36.19942196531792,26.746506986027946,22.954091816367264,26.746506986027946
36.27167630057804,26.89243027888446,22.90836653386454,26.89243027888446
36.34393063583815,26.838966202783297,22.86282306163022,26.838966202783297
36.41618497109826,26.984126984126984,23.015873015873016,26.984126984126984
36.48843930635838,27.12871287128713,22.970297029702973,27.12871287128713
36.5606936416185,27.27272727272727,22.92490118577075,27.27272727272727
36.63294797687861,27.218934911242602,22.879684418145956,27.218934911242602
36.70520231213873,27.165354330708663,22.83464566929134,27.165354330708663
36.77745664739884,27.111984282907663,22.789783889980352,27.111984282907663
36.84971098265896,27.058823529411764,22.745098039215687,27.058823529411764
36.921965317919074,27.00587084148728,22.700587084148726,27.00587084148728
36.99421965317919,26.953125,22.8515625,26.953125
37.066473988439306,26.900584795321635,23.00194931773879,26.900584795321635
37.138728323699425,26.848249027237355,22.957198443579767,26.848249027237355
37.21098265895954,26.990291262135923,22.9126213592233,26.990291262135923
37.283236994219656,26.937984496124027,22.868217054263564,26.937984496124027
37.35549132947977,26.88588007736944,22.823984526112184,26.88588007736944
37.42774566473989,26.833976833976834,22.779922779922778,26.833976833976834
37.5,26.78227360308285,22.736030828516377,26.78227360308285
37.57225433526011,26.73076923076923,22.692307692307693,26.73076923076923
37.64450867052023,26.67946257197697,22.648752399232247,26.67946257197697
37.716763005780344,26.62835249042146,22.60536398467433,26.62835249042146
37.78901734104046,26.76864244741874,22.562141491395792,26.76864244741874
37.861271676300575,26.908396946564885,22.709923664122137,26.908396946564885
37.933526011560694,26.857142857142858,22.666666666666664,26.857142857142858
38.00578034682081,26.806083650190114,22.813688212927758,26.806083650190114
38.078034682080926,26.755218216318788,22.770398481973434,26.755218216318788
38.15028901734104,26.704545454545453,22.727272727272727,26.704545454545453
38.22254335260116,26.65406427221172,22.68431001890359,26.65406427221172
38.29479768786127,26.79245283018868,22.641509433962266,26.79245283018868
38.36705202312139,26.741996233521657,22.78719397363465,26.741996233521657
38.4393063583815,26.691729323308273,22.74436090225564,26.691729323308273
38.51156069364162,26.641651031894938,22.88930581613508,26.641651031894938
38.58381502890174,26.591760299625467,23.03370786516854,26.591760299625467
38.65606936416185,26.542056074766357,22.990654205607477,26.542056074766357
38.72832369942196,26.492537313432834,22.94776119402985,26.492537313432834
38.80057803468208,26.443202979515828,22.905027932960895,26.443202979515828
38.872832369942195,26.394052044609666,22.86245353159851,26.394052044609666
38.945086705202314,26.34508348794063,22.820037105751393,26.34508348794063
39.017341040462426,26.481481481481485,22.77777777777778,26.481481481481485
39.08959537572254,26.432532347504623,22.920517560073936,26.432532347504623
39.16184971098266,26.56826568265683,23.062730627306273,26.56826568265683
39.23410404624278,26.703499079189687,23.204419889502763,26.703499079189687
39.30635838150289,26.65441176470588,23.34558823529412,26.65441176470588
39.37861271676301,26.605504587155966,23.30275229357798,26.605504587155966
39.45086705202312,26.55677655677656,23.26007326007326,26.55677655677656
39.52312138728324,26.691042047531994,23.217550274223033,26.691042047531994
39.59537572254335,26.642335766423358,23.175182481751825,26.642335766423358
39.667630057803464,26.59380692167577,23.31511839708561,26.59380692167577
39.73988439306358,26.545454545454543,23.272727272727273,26.545454545454543
39.812138728323696,26.497277676950997,23.23049001814882,26.497277676950997
39.884393063583815,26.44927536231884,23.18840579710145,26.44927536231884
39.956647398843934,26.40144665461121,23.146473779385172,26.40144665461121
40.028901734104046,26.534296028880867,23.28519855595668,26.534296028880867
40.101156069364166,26.486486486486488,23.243243243243246,26.486486486486488
40.17341040462428,26.43884892086331,23.201438848920862,26.43884892086331
40.24566473988439,26.391382405745063,23.159784560143628,26.391382405745063
40.31791907514451,26.523297491039425,23.118279569892472,26.523297491039425
40.39017341040462,26.654740608228984,23.25581395348837,26.654740608228984
40.46242774566474,26.607142857142858,23.214285714285715,26.607142857142858
40.53468208092485,26.559714795008915,23.1729055258467,26.559714795008915
40.60693641618497,26.51245551601423,23.131672597864767,26.51245551601423
40.67919075144509,26.642984014209592,23.090586145648313,26.642984014209592
40.7514450867052,26.773049645390074,23.04964539007092,26.773049645390074
40.82369942196532,26.902654867256636,23.008849557522122,26.902654867256636
40.895953757225435,26.855123674911663,22.968197879858657,26.855123674911663
40.96820809248555,26.807760141093475,23.10405643738977,26.807760141093475
41.040462427745666,26.76056338028169,23.239436619718308,26.76056338028169
41.11271676300578,26.713532513181022,23.198594024604567,26.713532513181022
41.18497109826589,26.666666666666668,23.333333333333332,26.666666666666668
41.25722543352601,26.619964973730298,23.29246935201401,26.619964973730298
41.32947976878613,26.573426573426573,23.251748251748253,26.573426573426573
41.40173410404625,26.527050610820247,23.211169284467715,26.527050610820247
41.47398843930636,26.65505226480836,23.170731707317074,26.65505226480836
41.54624277456647,26.608695652173914,23.130434782608695,26.608695652173914
41.61849710982659,26.73611111111111,23.09027777777778,26.73611111111111
41.690751445086704,26.689774696707108,23.050259965337954,26.689774696707108
41.76300578034682,26.643598615916954,23.01038062283737,26.643598615916954
41.835260115606935,26.59758203799655,22.9706390328152,26.59758203799655
41.90751445086705,26.551724137931032,22.93103448275862,26.551724137931032
41.97976878612717,26.506024096385545,22.89156626506024,26.506024096385545
42.052023121387286,26.632302405498283,23.02405498281787,26.632302405498283
42.1242774566474,26.758147512864493,22.98456260720412,26.758147512864493
42.19653179190752,26.71232876712329,22.945205479452056,26.71232876712329
42.26878612716763,26.666666666666668,22.905982905982906,26.666666666666668
42.34104046242775,26.621160409556317,23.037542662116042,26.621160409556317
42.41329479768786,26.575809199318567,22.998296422487225,26.575809199318567
42.48554913294797,26.700680272108844,22.95918367346939,26.700680272108844
42.55780346820809,26.6553480475382,22.920203735144312,26.6553480475382
42.630057803468205,26.779661016949152,23.050847457627118,26.779661016949152
42.702312138728324,26.903553299492383,23.181049069373945,26.903553299492383
42.77456647398844,26.85810810810811,23.31081081081081,26.85810810810811
42.846820809248555,26.812816188870155,23.27150084317032,26.812816188870155
42.919075144508675,26.936026936026934,23.400673400673398,26.936026936026934
42.99132947976879,27.058823529411764,23.361344537815125,27.058823529411764
43.0635838150289,27.181208053691275,23.322147651006713,27.181208053691275
43.13583815028902,27.1356783919598,23.283082077051926,27.1356783919598
43.20809248554913,27.257525083612038,23.244147157190636,27.257525083612038
43.28034682080925,27.378964941569283,23.372287145242073,27.378964941569283
43.35260115606936,27.333333333333332,23.333333333333332,27.333333333333332
43.42485549132948,27.287853577371045,23.294509151414307,27.287853577371045
43.4971098265896,27.242524916943523,23.421926910299003,27.242524916943523
43.56936416184971,27.363184079601986,23.383084577114428,27.363184079601986
43.641618497109825,27.31788079470199,23.344370860927153,27.31788079470199
43.713872832369944,27.27272727272727,23.471074380165287,27.27272727272727
43.786127167630056,27.39273927392739,23.432343234323433,27.39273927392739
43.858381502890175,27.347611202635914,23.393739703459637,27.347611202635914
43.93063583815029,27.302631578947366,23.519736842105264,27.302631578947366
44.0028901734104,27.257799671592775,23.48111658456486,27.257799671592775
44.07514450867052,27.377049180327866,23.442622950819672,27.377049180327866
44.14739884393064,27.33224222585925,23.404255319148938,27.33224222585925
44.21965317919075,27.450980392156865,23.366013071895424,27.450980392156865
44.29190751445087,27.40619902120718,23.3278955954323,27.40619902120718
44.36416184971098,27.36156351791531,23.289902280130292,27.36156351791531
44.4364161849711,27.479674796747965,23.2520325203252,27.479674796747965
44.50867052023121,27.5974025974026,23.214285714285715,27.5974025974026
44.580924855491325,27.55267423014587,23.3387358184765,27.55267423014587
44.653179190751445,27.508090614886733,23.300970873786408,27.508090614886733
44.72543352601156,27.463651050080774,23.263327948303715,27.463651050080774
44.797687861271676,27.419354838709676,23.225806451612904,27.419354838709676
44.869942196531795,27.375201288244767,23.18840579710145,27.375201288244767
44.94219653179191,27.331189710610932,23.311897106109324,27.331189710610932
45.01445086705203,27.287319422150887,23.434991974317818,27.287319422150887
45.08670520231214,27.403846153846157,23.397435897435898,27.403846153846157
45.15895953757225,27.36,23.52,27.36
45.23121387283237,27.316293929712458,23.482428115015974,27.316293929712458
45.30346820809248,27.27272727272727,23.444976076555022,27.27272727272727
45.3757225433526,27.388535031847134,23.40764331210191,27.388535031847134
45.447976878612714,27.344992050874406,23.370429252782195,27.344992050874406
45.52023121387283,27.3015873015873,23.333333333333332,27.3015873015873
45.59248554913295,27.258320126782888,23.296354992076072,27.258320126782888
45.664739884393065,27.21518987341772,23.417721518987342,27.21518987341772
45.73699421965318,27.17219589257504,23.380726698262244,27.17219589257504
45.809248554913296,27.287066246056785,23.501577287066247,27.287066246056785
45.88150289017341,27.401574803149607,23.46456692913386,27.401574803149607
45.95375722543353,27.358490566037734,23.58490566037736,27.358490566037734
46.02601156069364,27.315541601255887,23.547880690737834,27.315541601255887
46.09826589595375,27.27272727272727,23.510971786833856,27.27272727272727
46.17052023121387,27.386541471048513,23.630672926447573,27.386541471048513
46.24277456647399,27.34375,23.59375,27.34375
46.31502890173411,27.301092043681745,23.556942277691107,27.301092043681745
46.38728323699422,27.258566978193144,23.5202492211838,27.258566978193144
46.459537572254334,27.216174183514774,23.48367029548989,27.216174183514774
46.53179190751445,27.173913043478258,23.4472049689441,27.173913043478258
46.604046242774565,27.131782945736433,23.410852713178297,27.131782945736433
46.67630057803468,27.089783281733748,23.52941176470588,27.089783281733748
46.7485549132948,27.04791344667697,23.64760432766615,27.04791344667697
46.82080924855491,27.160493827160494,23.61111111111111,27.160493827160494
46.89306358381503,27.11864406779661,23.728813559322035,27.11864406779661
46.96531791907515,27.23076923076923,23.846153846153847,27.23076923076923
47.03757225433526,27.188940092165897,23.809523809523807,27.188940092165897
47.10982658959538,27.300613496932513,23.773006134969325,27.300613496932513
47.18208092485549,27.258805513016842,23.736600306278714,27.258805513016842
47.25433526011561,27.217125382262996,23.853211009174313,27.217125382262996
47.32658959537572,27.175572519083968,23.81679389312977,27.175572519083968
47.398843930635834,27.134146341463417,23.78048780487805,27.134146341463417
47.471098265895954,27.09284627092846,23.74429223744292,27.09284627092846
47.543352601156066,27.0516717325228,23.70820668693009,27.0516717325228
47.615606936416185,27.010622154779966,23.672230652503792,27.010622154779966
47.687861271676304,26.969696969696972,23.78787878787879,26.969696969696972
47.76011560693642,26.928895612708022,23.751891074130103,26.928895612708022
47.832369942196536,26.888217522658607,23.867069486404834,26.888217522658607
47.90462427745665,26.84766214177979,23.83107088989442,26.84766214177979
47.97687861271676,26.80722891566265,23.795180722891565,26.80722891566265
48.04913294797688,26.917293233082706,23.759398496240603,26.917293233082706
48.12138728323699,26.876876876876878,23.723723723723726,26.876876876876878
48.19364161849711,26.986506746626688,23.68815592203898,26.986506746626688
48.26589595375722,26.94610778443114,23.652694610778443,26.94610778443114
48.33815028901734,26.905829596412556,23.61733931240658,26.905829596412556
48.41040462427746,26.865671641791046,23.582089552238806,26.865671641791046
48.482658959537574,26.825633383010434,23.69597615499255,26.825633383010434
48.554913294797686,26.785714285714285,23.809523809523807,26.785714285714285
48.627167630057805,26.74591381872214,23.922734026745914,26.74591381872214
48.69942196531792,26.706231454005934,23.887240356083087,26.706231454005934
48.77167630057804,26.666666666666668,24.0,26.666666666666668
48.84393063583815,26.627218934911244,23.964497041420117,26.627218934911244
48.91618497109826,26.73559822747415,23.929098966026586,26.73559822747415
48.98843930635838,26.696165191740413,23.893805309734514,26.696165191740413
49.0606936416185,26.804123711340207,23.85861561119293,26.804123711340207
49.13294797687861,26.764705882352942,23.823529411764703,26.764705882352942
49.20520231213873,26.725403817914835,23.788546255506606,26.725403817914835
49.27745664739884,26.68621700879765,23.75366568914956,26.68621700879765
49.34971098265896,26.647144948755493,23.865300146412885,26.647144948755493
49.421965317919074,26.75438596491228,23.976608187134502,26.75438596491228
49.49421965317919,26.86131386861314,24.087591240875913,26.86131386861314
49.566473988439306,26.82215743440233,24.05247813411079,26.82215743440233
49.638728323699425,26.78311499272198,24.017467248908297,26.78311499272198
49.71098265895954,26.889534883720927,24.12790697674419,26.889534883720927
49.783236994219656,26.850507982583455,24.092888243831638,26.850507982583455
49.85549132947977,26.811594202898554,24.20289855072464,26.811594202898554
49.92774566473989,26.91751085383502,24.167872648335745,26.91751085383502
50.0,27.02312138728324,24.277456647398843,27.02312138728324
50.07225433526011,26.984126984126984,24.242424242424242,26.984126984126984
50.144508670520224,26.945244956772335,24.207492795389047,26.945244956772335
50.21676300578035,27.050359712230215,24.316546762589926,27.050359712230215
50.28901734104046,27.011494252873565,24.42528735632184,27.011494252873565
50.361271676300575,26.97274031563845,24.390243902439025,26.97274031563845
50.433526011560694,27.07736389684814,24.355300859598856,27.07736389684814
50.505780346820806,27.038626609442062,24.320457796852647,27.038626609442062
50.57803468208093,27.0,24.285714285714285,27.0
50.650289017341045,27.10413694721826,24.251069900142653,27.10413694721826
50.72254335260116,27.065527065527068,24.358974358974358,27.065527065527068
50.79479768786127,27.027027027027028,24.324324324324326,27.027027027027028
50.86705202312138,26.988636363636363,24.289772727272727,26.988636363636363
50.9393063583815,26.95035460992908,24.25531914893617,26.95035460992908
51.01156069364162,26.912181303116146,24.22096317280453,26.912181303116146
51.08381502890174,27.015558698727016,24.186704384724187,27.015558698727016
51.15606936416185,27.11864406779661,24.152542372881356,27.11864406779661
51.22832369942196,27.080394922425953,24.259520451339917,27.080394922425953
51.300578034682076,27.042253521126757,24.225352112676056,27.042253521126757
51.3728323699422,27.004219409282697,24.19127988748242,27.004219409282697
51.445086705202314,26.96629213483146,24.15730337078652,26.96629213483146
51.517341040462426,26.928471248246844,24.1234221598878,26.928471248246844
51.58959537572254,26.89075630252101,24.2296918767507,26.89075630252101
51.66184971098266,26.853146853146853,24.195804195804197,26.853146853146853
51.73410404624278,26.81564245810056,24.162011173184357,26.81564245810056
51.80635838150289,26.917712691771268,24.267782426778243,26.917712691771268
51.87861271676301,26.880222841225628,24.233983286908078,26.880222841225628
51.95086705202312,26.842837273991655,24.200278164116828,26.842837273991655
52.02312138728323,26.805555555555554,24.166666666666668,26.805555555555554
52.09537572254336,26.768377253814148,24.133148404993065,26.768377253814148
52.16763005780347,26.73130193905817,24.099722991689752,26.73130193905817
52.23988439306358,26.832641770401107,24.066390041493776,26.832641770401107
52.312138728323696,26.795580110497237,24.03314917127072,26.795580110497237
52.384393063583815,26.75862068965517,24.0,26.75862068965517
52.45664739884393,26.72176308539945,23.96694214876033,26.72176308539945
52.52890173410405,26.822558459422286,23.93397524071527,26.822558459422286
52.601156069364166,26.785714285714285,23.9010989010989,26.785714285714285
52.67341040462428,26.74897119341564,24.005486968449933,26.74897119341564
52.74566473988439,26.71232876712329,23.972602739726025,26.71232876712329
52.8179190751445,26.67578659370725,24.076607387140903,26.67578659370725
52.89017341040463,26.775956284153008,24.043715846994534,26.775956284153008
52.96242774566474,26.73942701227831,24.01091405184175,26.73942701227831
53.03468208092485,26.83923705722071,23.978201634877383,26.83923705722071
53.10693641618497,26.802721088435373,23.945578231292515,26.802721088435373
53.179190751445084,26.766304347826086,23.91304347826087,26.766304347826086
53.2514450867052,26.72998643147897,23.88059701492537,26.72998643147897
53.32369942196532,26.693766937669377,23.983739837398375,26.693766937669377
53.395953757225435,26.65764546684709,24.08660351826793,26.65764546684709
53.46820809248555,26.62162162162162,24.054054054054056,26.62162162162162
53.54046242774566,26.58569500674764,24.021592442645073,26.58569500674764
53.612716763005785,26.549865229110516,24.12398921832884,26.549865229110516
53.6849710982659,26.648721399730825,24.09152086137281,26.648721399730825
53.75722543352601,26.61290322580645,24.059139784946236,26.61290322580645
53.82947976878613,26.57718120805369,24.026845637583893,26.57718120805369
53.90173410404624,26.541554959785525,23.994638069705093,26.541554959785525
53.97398843930635,26.506024096385545,24.096385542168676,26.506024096385545
54.04624277456648,26.47058823529412,24.197860962566846,26.47058823529412
54.11849710982659,26.43524699599466,24.16555407209613,26.43524699599466
54.190751445086704,26.400000000000002,24.133333333333333,26.400000000000002
54.263005780346816,26.364846870838882,24.234354194407455,26.364846870838882
54.33526011560693,26.329787234042552,24.335106382978726,26.329787234042552
54.407514450867055,26.294820717131472,24.302788844621514,26.294820717131472
54.47976878612717,26.392572944297083,24.40318302387268,26.392572944297083
54.552023121387286,26.35761589403974,24.370860927152318,26.35761589403974
54.6242774566474,26.322751322751326,24.47089947089947,26.322751322751326
54.69653179190751,26.420079260237785,24.438573315719946,26.420079260237785
54.76878612716764,26.385224274406333,24.538258575197887,26.385224274406333
54.84104046242775,26.35046113306983,24.637681159420293,26.35046113306983
54.91329479768786,26.31578947368421,24.736842105263158,26.31578947368421
54.98554913294797,26.412614980289096,24.704336399474375,26.412614980289096
55.057803468208085,26.509186351706038,24.671916010498688,26.509186351706038
55.13005780346821,26.474442988204455,24.770642201834864,26.474442988204455
55.202312138728324,26.439790575916227,24.73821989528796,26.439790575916227
55.27456647398844,26.405228758169937,24.836601307189543,26.405228758169937
55.346820809248555,26.370757180156655,24.934725848563968,26.370757180156655
55.41907514450867,26.336375488917863,24.902216427640155,26.336375488917863
55.49132947976878,26.432291666666668,24.869791666666664,26.432291666666668
55.563583815028906,26.527958387516254,24.83745123537061,26.527958387516254
55.63583815028902,26.49350649350649,24.805194805194805,26.49350649350649
55.70809248554913,26.588845654993516,24.77302204928664,26.588845654993516
55.78034682080924,26.55440414507772,24.740932642487046,26.55440414507772
55.85260115606936,26.52005174644243,24.838292367399742,26.52005174644243
55.92485549132948,26.614987080103358,24.935400516795866,26.614987080103358
55.9971098265896,26.580645161290324,24.903225806451612,26.580645161290324
56.06936416184971,26.54639175257732,24.871134020618555,26.54639175257732
56.141618497109825,26.512226512226512,24.967824967824967,26.512226512226512
56.21387283236994,26.47814910025707,24.93573264781491,26.47814910025707
56.28612716763006,26.44415917843389,24.90372272143774,26.44415917843389
56.358381502890175,26.410256410256412,24.871794871794872,26.410256410256412
56.43063583815029,26.376440460947503,24.839948783610755,26.376440460947503
56.5028901734104,26.342710997442452,24.93606138107417,26.342710997442452
56.57514450867052,26.309067688378036,24.904214559386972,26.309067688378036
56.64739884393064,26.27551020408163,25.0,26.27551020408163
56.71965317919076,26.24203821656051,25.095541401273884,26.24203821656051
56.79190751445087,26.208651399491096,25.190839694656486,26.208651399491096
56.86416184971098,26.17534942820839,25.158831003811944,26.17534942820839
56.936416184971094,26.269035532994923,25.12690355329949,26.269035532994923
57.00867052023122,26.23574144486692,25.09505703422053,26.23574144486692
57.08092485549133,26.329113924050635,25.063291139240505,26.329113924050635
57.153179190751445,26.295828065739567,25.031605562579013,26.295828065739567
57.22543352601156,26.262626262626267,25.0,26.262626262626267
57.297687861271676,26.229508196721312,24.968474148802017,26.229508196721312
57.36994219653179,26.19647355163728,24.937027707808564,26.19647355163728
57.442196531791915,26.163522012578618,24.90566037735849,26.163522012578618
57.51445086705203,26.13065326633166,25.0,26.13065326633166
57.58670520231214,26.097867001254706,24.968632371392722,26.097867001254706
57.65895953757225,26.190476190476193,24.93734335839599,26.190476190476193
57.73121387283236,26.157697121401753,24.90613266583229,26.157697121401753
57.80346820809249,26.125,24.875,26.125
57.8757225433526,26.092384519350816,24.84394506866417,26.092384519350816
57.947976878612714,26.059850374064837,24.81296758104738,26.059850374064837
58.02023121387283,26.027397260273972,24.78206724782067,26.027397260273972
58.092485549132945,26.119402985074625,24.75124378109453,26.119402985074625
58.16473988439307,26.08695652173913,24.720496894409937,26.08695652173913
58.236994219653184,26.054590570719604,24.68982630272953,26.054590570719604
58.309248554913296,26.14622057001239,24.65923172242875,26.14622057001239
58.38150289017341,26.113861386138616,24.628712871287128,26.113861386138616
58.45375722543352,26.20519159456119,24.598269468479607,26.20519159456119
58.52601156069365,26.296296296296294,24.567901234567902,26.296296296296294
58.59826589595376,26.263871763255242,24.537607891491987,26.263871763255242
58.67052023121387,26.231527093596057,24.63054187192118,26.231527093596057
58.74277456647399,26.199261992619927,24.600246002460025,26.199261992619927
58.8150289017341,26.16707616707617,24.57002457002457,26.16707616707617
58.887283236994215,26.134969325153374,24.539877300613497,26.134969325153374
58.95953757225434,26.10294117647059,24.509803921568626,26.10294117647059
59.03179190751445,26.070991432068542,24.60220318237454,26.070991432068542
59.104046242774565,26.03911980440098,24.5721271393643,26.03911980440098
59.17630057803468,26.00732600732601,24.54212454212454,26.00732600732601
59.2485549132948,25.975609756097562,24.51219512195122,25.975609756097562
59.320809248554916,26.065773447015832,24.482338611449453,26.065773447015832
59.39306358381503,26.034063260340634,24.45255474452555,26.034063260340634
59.46531791907515,26.00243013365735,24.4228432563791,26.00243013365735
59.53757225433526,25.970873786407765,24.393203883495147,25.970873786407765
59.60982658959537,26.060606060606062,24.363636363636363,26.060606060606062
59.6820809248555,26.02905569007264,24.455205811138015,26.02905569007264
59.75433526011561,25.997581620314392,24.425634824667473,25.997581620314392
59.82658959537572,25.966183574879224,24.396135265700483,25.966183574879224
59.898843930635834,26.05548854041013,24.36670687575392,26.05548854041013
59.97109826589595,26.024096385542165,24.337349397590362,26.024096385542165
60.04335260115607,25.992779783393498,24.30806257521059,25.992779783393498
60.115606936416185,25.961538461538463,24.278846153846153,25.961538461538463
60.187861271676304,25.930372148859544,24.24969987995198,25.930372148859544
60.26011560693642,25.899280575539567,24.34052757793765,25.899280575539567
60.33236994219653,25.868263473053894,24.311377245508982,25.868263473053894
60.40462427745664,25.837320574162682,24.2822966507177,25.837320574162682
60.47687861271677,25.806451612903224,24.253285543608126,25.806451612903224
60.54913294797688,25.775656324582343,24.22434367541766,25.775656324582343
60.62138728323699,25.744934445768774,24.195470798569726,25.744934445768774
60.69364161849711,25.71428571428571,24.166666666666668,25.71428571428571
60.76589595375722,25.68370986920333,24.137931034482758,25.68370986920333
60.83815028901734,25.653206650831358,24.109263657957243,25.653206650831358
60.91040462427746,25.622775800711743,24.080664294187425,25.622775800711743
60.982658959537574,25.59241706161137,24.0521327014218,25.59241706161137
61.054913294797686,25.680473372781066,24.023668639053255,25.680473372781066
61.1271676300578,25.65011820330969,23.995271867612296,25.65011820330969
61.199421965317924,25.6198347107438,24.08500590318772,25.6198347107438
61.27167630057804,25.707547169811324,24.056603773584907,25.707547169811324
61.34393063583815,25.677267373380445,24.02826855123675,25.677267373380445
61.41618497109826,25.76470588235294,24.0,25.76470588235294
61.48843930635838,25.851938895417153,23.971797884841365,25.851938895417153
61.5606936416185,25.821596244131456,23.943661971830984,25.821596244131456
61.63294797687862,25.791324736225086,23.91559202813599,25.791324736225086
61.70520231213873,25.76112412177986,23.88758782201405,25.76112412177986
61.77745664739884,25.84795321637427,23.976608187134502,25.84795321637427
61.849710982658955,25.817757009345794,23.948598130841123,25.817757009345794
61.92196531791907,25.78763127187865,23.920653442240372,25.78763127187865
61.994219653179194,25.757575757575758,23.892773892773892,25.757575757575758
62.066473988439306,25.84400465657741,23.981373690337602,25.84400465657741
62.138728323699425,25.813953488372093,23.953488372093023,25.813953488372093
62.21098265895954,25.78397212543554,23.925667828106853,25.78397212543554
62.28323699421965,25.870069605568446,23.897911832946637,25.870069605568446
62.355491329479776,25.840092699884128,23.986095017381228,25.840092699884128
62.42774566473989,25.810185185185187,23.958333333333336,25.810185185185187
62.5,25.780346820809246,23.930635838150287,25.780346820809246
62.57225433526011,25.75057736720554,23.90300230946882,25.75057736720554
62.644508670520224,25.720876585928487,23.990772779700116,25.720876585928487
62.71676300578035,25.691244239631338,24.078341013824886,25.691244239631338
62.78901734104046,25.776754890678944,24.165707710011507,25.776754890678944
62.861271676300575,25.74712643678161,24.137931034482758,25.74712643678161
62.933526011560694,25.83237657864523,24.110218140068888,25.83237657864523
63.005780346820806,25.80275229357798,24.19724770642202,25.80275229357798
63.07803468208093,25.773195876288657,24.169530355097365,25.773195876288657
63.150289017341045,25.74370709382151,24.14187643020595,25.74370709382151
63.22254335260116,25.82857142857143,24.114285714285714,25.82857142857143
63.29479768786127,25.91324200913242,24.200913242009133,25.91324200913242
63.36705202312138,25.883694412770808,24.173318129988598,25.883694412770808
63.4393063583815,25.968109339407746,24.25968109339408,25.968109339407746
63.51156069364162,25.938566552901023,24.2320819112628,25.938566552901023
63.58381502890174,25.90909090909091,24.204545454545453,25.90909090909091
63.65606936416185,25.879682179341657,24.177071509648126,25.879682179341657
63.72832369942196,25.850340136054424,24.149659863945576,25.850340136054424
63.800578034682076,25.934314835787088,24.23556058890147,25.934314835787088
63.8728323699422,26.018099547511316,24.20814479638009,26.018099547511316
63.945086705202314,25.98870056497175,24.18079096045198,25.98870056497175
64.01734104046243,26.072234762979683,24.266365688487586,26.072234762979683
64.08959537572254,26.042841037204056,24.23900789177001,26.042841037204056
64.16184971098265,26.013513513513516,24.21171171171171,26.013513513513516
64.23410404624278,25.984251968503933,24.184476940382453,25.984251968503933
64.30635838150289,25.955056179775283,24.15730337078652,25.955056179775283
64.378612716763,26.038159371492704,24.130190796857466,26.038159371492704
64.45086705202311,26.00896860986547,24.103139013452914,26.00896860986547
64.52312138728324,26.091825307950728,24.076147816349383,26.091825307950728
64.59537572254335,26.062639821029084,24.161073825503358,26.062639821029084
64.66763005780348,26.033519553072626,24.134078212290504,26.033519553072626
64.73988439306359,26.004464285714285,24.107142857142858,26.004464285714285
64.8121387283237,25.975473801560756,24.08026755852843,25.975473801560756
64.88439306358381,25.946547884187083,24.053452115812917,25.946547884187083
64.95664739884393,25.917686318131256,24.026696329254726,25.917686318131256
65.02890173410405,25.88888888888889,24.0,25.88888888888889
65.10115606936417,25.86015538290788,23.97336293007769,25.86015538290788
65.17341040462428,25.831485587583146,23.946784922394677,25.831485587583146
65.24566473988439,25.802879291251386,24.031007751937985,25.802879291251386
65.3179190751445,25.77433628318584,24.004424778761063,25.77433628318584
65.39017341040463,25.74585635359116,23.977900552486187,25.74585635359116
65.46242774566474,25.717439293598233,23.951434878587197,25.717439293598233
65.53468208092485,25.799338478500548,23.92502756339581,25.799338478500548
65.60693641618496,25.770925110132158,23.898678414096917,25.770925110132158
65.67919075144508,25.742574257425744,23.87238723872387,25.742574257425744
65.7514450867052,25.71428571428571,23.956043956043956,25.71428571428571
65.82369942196532,25.686059275521405,24.039517014270036,25.686059275521405
65.89595375722543,25.657894736842106,24.12280701754386,25.657894736842106
65.96820809248555,25.629791894852133,24.096385542168676,25.629791894852133
66.04046242774567,25.601750547045953,24.070021881838073,25.601750547045953
66.11271676300578,25.573770491803277,24.043715846994534,25.573770491803277
66.1849710982659,25.655021834061138,24.017467248908297,25.655021834061138
66.25722543352602,25.7360959651036,23.991275899672846,25.7360959651036
66.32947976878613,25.70806100217865,24.074074074074073,25.70806100217865
66.40173410404624,25.78890097932535,24.047878128400434,25.78890097932535
66.47398843930635,25.869565217391305,24.02173913043478,25.869565217391305
66.54624277456648,25.841476655808904,24.104234527687296,25.841476655808904
66.61849710982659,25.813449023861175,24.18655097613883,25.813449023861175
66.6907514450867,25.785482123510295,24.160346695557962,25.785482123510295
66.76300578034682,25.757575757575758,24.134199134199132,25.757575757575758
66.83526011560693,25.729729729729726,24.10810810810811,25.729729729729726
66.90751445086705,25.70194384449244,24.08207343412527,25.70194384449244
66.97976878612717,25.674217907227614,24.05609492988134,25.674217907227614
67.05202312138728,25.646551724137932,24.030172413793103,25.646551724137932
67.12427745664739,25.72658772874058,24.004305705059203,25.72658772874058
67.1965317919075,25.6989247311828,23.978494623655912,25.6989247311828
67.26878612716763,25.671321160042964,23.952738990332975,25.671321160042964
67.34104046242774,25.75107296137339,23.92703862660944,25.75107296137339
67.41329479768787,25.723472668810288,23.90139335476956,25.723472668810288
67.48554913294798,25.69593147751606,23.87580299785867,25.69593147751606
67.55780346820809,25.668449197860966,23.9572192513369,25.668449197860966
67.63005780346822,25.64102564102564,23.931623931623932,25.64102564102564
67.70231213872833,25.613660618996796,23.90608324439701,25.613660618996796
67.77456647398844,25.5863539445629,23.88059701492537,25.5863539445629
67.84682080924856,25.559105431309902,23.85516506922258,25.559105431309902
67.91907514450867,25.638297872340427,23.829787234042556,25.638297872340427
67.99132947976878,25.61105207226355,23.910733262486715,25.61105207226355
68.0635838150289,25.583864118895967,23.88535031847134,25.583864118895967
68.13583815028902,25.556733828207847,23.860021208907742,25.556733828207847
68.20809248554913,25.529661016949152,23.834745762711865,25.529661016949152
68.28034682080924,25.502645502645503,23.809523809523807,25.502645502645503
68.35260115606935,25.47568710359408,23.890063424947147,25.47568710359408
68.42485549132948,25.448785638859555,23.864836325237594,25.448785638859555
68.4971098265896,25.421940928270043,23.839662447257385,25.421940928270043
68.5693641618497,25.500526870389884,23.91991570073762,25.500526870389884
68.64161849710982,25.473684210526315,23.894736842105264,25.473684210526315
68.71387283236994,25.44689800210305,23.86961093585699,25.44689800210305
68.78612716763006,25.42016806722689,23.949579831932773,25.42016806722689
68.85838150289018,25.39349422875131,23.92444910807975,25.39349422875131
68.9306358381503,25.366876310272534,23.89937106918239,25.366876310272534
69.0028901734104,25.340314136125652,23.874345549738223,25.340314136125652
69.07514450867052,25.418410041841007,23.95397489539749,25.418410041841007
69.14739884393065,25.391849529780565,23.92894461859979,25.391849529780565
69.21965317919076,25.36534446764092,23.903966597077243,25.36534446764092
69.29190751445087,25.443169968717417,23.879040667361835,25.443169968717417
69.36416184971098,25.416666666666664,23.958333333333336,25.416666666666664
69.4364161849711,25.390218522372525,23.93340270551509,25.390218522372525
69.50867052023122,25.363825363825367,23.90852390852391,25.363825363825367
69.58092485549133,25.44132917964694,23.883696780893043,25.44132917964694
69.65317919075144,25.414937759336098,23.858921161825727,25.414937759336098
69.72543352601156,25.38860103626943,23.83419689119171,25.38860103626943
69.79768786127167,25.36231884057971,23.809523809523807,25.36231884057971
69.86994219653178,25.33609100310238,23.784901758014477,25.33609100310238
69.94219653179191,25.3099173553719,23.863636363636363,25.3099173553719
70.01445086705202,25.28379772961816,23.8390092879257,25.28379772961816
70.08670520231213,25.36082474226804,23.917525773195877,25.36082474226804
70.15895953757226,25.334706488156538,23.995880535530382,25.334706488156538
70.23121387283237,25.308641975308642,23.97119341563786,25.308641975308642
70.3034682080925,25.38540596094553,23.94655704008222,25.38540596094553
70.37572254335261,25.46201232032854,24.02464065708419,25.46201232032854
70.44797687861272,25.435897435897438,24.0,25.435897435897438
70.52023121387283,25.40983606557377,23.975409836065573,25.40983606557377
70.59248554913295,25.383828045035823,23.950870010235413,25.383828045035823
70.66473988439307,25.4601226993865,23.92638036809816,25.4601226993865
70.73699421965318,25.4341164453524,23.90194075587334,25.4341164453524
70.8092485549133,25.408163265306122,23.97959183673469,25.408163265306122
70.88150289017341,25.382262996941897,23.955147808358817,25.382262996941897
70.95375722543352,25.45824847250509,23.930753564154784,25.45824847250509
71.02601156069365,25.4323499491353,23.90640895218718,25.4323499491353
71.09826589595376,25.508130081300813,23.983739837398375,25.508130081300813
71.17052023121387,25.482233502538072,23.95939086294416,25.482233502538072
71.24277456647398,25.557809330628807,24.036511156186613,25.557809330628807
71.3150289017341,25.633232016210737,24.012158054711247,25.633232016210737
71.38728323699422,25.607287449392715,23.987854251012145,25.607287449392715
71.45953757225433,25.581395348837212,24.064711830131447,25.581395348837212
71.53179190751445,25.555555555555554,24.141414141414142,25.555555555555554
71.60404624277457,25.529767911200807,24.117053481331986,25.529767911200807
71.67630057803468,25.50403225806452,24.092741935483872,25.50403225806452
71.7485549132948,25.579053373615306,24.06847935548842,25.579053373615306
71.82080924855492,25.553319919517104,24.044265593561367,25.553319919517104
71.89306358381504,25.52763819095477,24.020100502512562,25.52763819095477
71.96531791907515,25.502008032128515,23.99598393574297,25.502008032128515
72.03757225433526,25.47642928786359,23.971915747241727,25.47642928786359
72.10982658959537,25.551102204408814,24.04809619238477,25.551102204408814
72.1820809248555,25.625625625625624,24.024024024024023,25.625625625625624
72.25433526011561,25.7,24.099999999999998,25.7
72.32658959537572,25.674325674325676,24.175824175824175,25.674325674325676
72.39884393063583,25.748502994011975,24.151696606786427,25.748502994011975
72.47109826589595,25.72283150548355,24.22731804586241,25.72283150548355
72.54335260115607,25.697211155378486,24.302788844621514,25.697211155378486
72.61560693641619,25.671641791044774,24.27860696517413,25.671641791044774
72.6878612716763,25.646123260437374,24.254473161033797,25.646123260437374
72.76011560693641,25.620655412115195,24.32969215491559,25.620655412115195
72.83236994219652,25.595238095238095,24.305555555555554,25.595238095238095
72.90462427745665,25.569871159563924,24.2814667988107,25.569871159563924
72.97687861271676,25.544554455445546,24.257425742574256,25.544554455445546
73.04913294797689,25.519287833827892,24.23343224530168,25.519287833827892
73.121387283237,25.494071146245062,24.209486166007903,25.494071146245062
73.19364161849711,25.468904244817374,24.18558736426456,25.468904244817374
73.26589595375722,25.542406311637084,24.2603550295858,25.542406311637084
73.33815028901735,25.517241379310345,24.334975369458128,25.517241379310345
73.41040462427746,25.492125984251967,24.311023622047244,25.492125984251967
73.48265895953757,25.565388397246803,24.287118977384463,25.565388397246803
73.55491329479769,25.540275049115913,24.26326129666012,25.540275049115913
73.6271676300578,25.515210991167812,24.23945044160942,25.515210991167812
73.69942196531792,25.49019607843137,24.215686274509803,25.49019607843137
73.77167630057804,25.465230166503428,24.191968658178258,25.465230166503428
73.84393063583815,25.440313111545986,24.26614481409002,25.440313111545986
73.91618497109826,25.41544477028348,24.242424242424242,25.41544477028348
73.98843930635837,25.390625,24.21875,25.390625
74.0606936416185,25.365853658536587,24.29268292682927,25.365853658536587
74.13294797687861,25.438596491228072,24.269005847953213,25.438596491228072
74.20520231213872,25.413826679649464,24.24537487828627,25.413826679649464
74.27745664739885,25.389105058365757,24.22178988326848,25.389105058365757
74.34971098265896,25.364431486880466,24.295432458697768,25.364431486880466
74.42196531791907,25.339805825242717,24.271844660194176,25.339805825242717
74.4942196531792,25.315227934044614,24.248302618816684,25.315227934044614
74.56647398843931,25.290697674418606,24.224806201550386,25.290697674418606
74.63872832369943,25.26621490803485,24.20135527589545,25.26621490803485
74.71098265895954,25.241779497098648,24.177949709864606,25.241779497098648
74.78323699421965,25.217391304347824,24.2512077294686,25.217391304347824
74.85549132947978,25.193050193050194,24.227799227799228,25.193050193050194
74.92774566473989,25.168756027000967,24.20443587270974,25.168756027000967
75.0,25.240847784200387,24.18111753371869,25.240847784200387
75.07225433526011,25.21655437921078,24.157844080846967,25.21655437921078
75.14450867052022,25.192307692307693,24.23076923076923,25.192307692307693
75.21676300578035,25.16810758885687,24.207492795389047,25.16810758885687
75.28901734104046,25.143953934740882,24.184261036468328,25.143953934740882
75.36127167630057,25.119846596356666,24.161073825503358,25.119846596356666
75.43352601156069,25.095785440613028,24.137931034482758,25.095785440613028
75.5057803468208,25.167464114832537,24.210526315789473,25.167464114832537
75.57803468208093,25.1434034416826,24.18738049713193,25.1434034416826
75.65028901734104,25.119388729703918,24.25978987583572,25.119388729703918
75.72254335260115,25.095419847328245,24.236641221374043,25.095419847328245
75.79479768786128,25.071496663489036,24.21353670162059,25.071496663489036
75.86705202312139,25.047619047619047,24.19047619047619,25.047619047619047
75.9393063583815,25.023786869647957,24.262607040913416,25.023786869647957
76.01156069364163,25.09505703422053,24.23954372623574,25.09505703422053
76.08381502890174,25.071225071225072,24.311490978157646,25.071225071225072
76.15606936416185,25.047438330170777,24.28842504743833,25.047438330170777
76.22832369942196,25.023696682464454,24.360189573459714,25.023696682464454
76.30057803468208,25.0,24.33712121212121,25.0
76.3728323699422,25.07095553453169,24.314096499526965,25.07095553453169
76.44508670520231,25.14177693761815,24.38563327032136,25.14177693761815
76.51734104046243,25.1180358829084,24.45703493862134,25.1180358829084
76.58959537572254,25.18867924528302,24.433962264150942,25.18867924528302
76.66184971098265,25.25918944392083,24.410933081998117,25.25918944392083
76.73410404624278,25.235404896421848,24.3879472693032,25.235404896421848
76.80635838150289,25.211665098777047,24.36500470366886,25.211665098777047
76.878612716763,25.281954887218046,24.43609022556391,25.281954887218046
76.95086705202311,25.258215962441316,24.413145539906104,25.258215962441316
77.02312138728324,25.234521575984992,24.390243902439025,25.234521575984992
77.09537572254335,25.21087160262418,24.36738519212746,25.21087160262418
77.16763005780348,25.187265917602996,24.344569288389515,25.187265917602996
77.23988439306359,25.257249766136574,24.321796071094482,25.257249766136574
77.3121387283237,25.233644859813083,24.299065420560748,25.233644859813083
77.38439306358381,25.210084033613445,24.369747899159663,25.210084033613445
77.45664739884393,25.186567164179102,24.44029850746269,25.186567164179102
77.52890173410405,25.16309412861137,24.417520969245107,25.16309412861137
77.60115606936417,25.139664804469277,24.39478584729981,25.139664804469277
77.67341040462428,25.116279069767444,24.372093023255815,25.116279069767444
77.74566473988439,25.185873605947958,24.349442379182157,25.185873605947958
77.8179190751445,25.162488393686168,24.326833797585888,25.162488393686168
77.89017341040463,25.231910946196663,24.304267161410017,25.231910946196663
77.96242774566474,25.301204819277107,24.28174235403151,25.301204819277107
78.03468208092485,25.27777777777778,24.25925925925926,25.27777777777778
78.10693641618496,25.254394079555965,24.236817761332098,25.254394079555965
78.17919075144508,25.231053604436227,24.214417744916823,25.231053604436227
78.2514450867052,25.20775623268698,24.284395198522624,25.20775623268698
78.32369942196532,25.276752767527675,24.261992619926197,25.276752767527675
78.39595375722543,25.253456221198157,24.23963133640553,25.253456221198157
78.46820809248555,25.32228360957643,24.30939226519337,25.32228360957643
78.54046242774567,25.29898804047838,24.28702851885925,25.29898804047838
78.61271676300578,25.275735294117645,24.264705882352942,25.275735294117645
78.6849710982659,25.252525252525253,24.242424242424242,25.252525252525253
78.75722543352602,25.229357798165136,24.220183486238533,25.229357798165136
78.82947976878613,25.20623281393217,24.197983501374885,25.20623281393217
78.90173410404624,25.274725274725274,24.267399267399266,25.274725274725274
78.97398843930635,25.251601097895698,24.2451967063129,25.251601097895698
79.04624277456648,25.22851919561243,24.223034734917732,25.22851919561243
79.11849710982659,25.205479452054796,24.292237442922374,25.205479452054796
79.1907514450867,25.18248175182482,24.27007299270073,25.18248175182482
79.26300578034682,25.159525979945307,24.339106654512307,25.159525979945307
79.33526011560693,25.22768670309654,24.316939890710383,25.22768670309654
79.40751445086705,25.204731574158323,24.29481346678799,25.204731574158323
79.47976878612717,25.181818181818183,24.272727272727273,25.181818181818183
79.55202312138728,25.24977293369664,24.250681198910083,25.24977293369664
79.62427745664739,25.317604355716878,24.228675136116152,25.317604355716878
79.6965317919075,25.294650951949226,24.206708975521305,25.294650951949226
79.76878612716763,25.271739130434785,24.184782608695652,25.271739130434785
79.84104046242774,25.339366515837103,24.16289592760181,25.339366515837103
79.91329479768787,25.31645569620253,24.141048824593128,25.31645569620253
79.98554913294798,25.293586269196027,24.119241192411923,25.293586269196027
80.05780346820809,25.361010830324908,24.187725631768952,25.361010830324908
80.13005780346822,25.33814247069432,24.165915238954014,25.33814247069432
80.20231213872833,25.315315315315317,24.144144144144146,25.315315315315317
80.27456647398844,25.292529252925295,24.122412241224122,25.292529252925295
80.34682080924856,25.26978417266187,24.190647482014388,25.26978417266187
80.41907514450867,25.247079964061097,24.258760107816713,25.247079964061097
80.49132947976878,25.224416517055655,24.236983842010773,25.224416517055655
80.5635838150289,25.201793721973093,24.2152466367713,25.201793721973093
80.63583815028902,25.179211469534053,24.193548387096776,25.179211469534053
80.70809248554913,25.246195165622204,24.171888988361683,25.246195165622204
80.78034682080924,25.223613595706617,24.15026833631485,25.223613595706617
80.85260115606935,25.201072386058982,24.128686327077748,25.201072386058982
80.92485549132948,25.178571428571427,24.107142857142858,25.178571428571427
80.9971098265896,25.245316681534348,24.08563782337199,25.245316681534348
81.0693641618497,25.22281639928699,24.06417112299465,25.22281639928699
81.14161849710982,25.289403383793413,24.04274265360641,25.289403383793413
81.21387283236994,25.26690391459075,24.02135231316726,25.26690391459075
81.28612716763006,25.333333333333336,24.08888888888889,25.333333333333336
81.35838150289018,25.399644760213143,24.067495559502664,25.399644760213143
81.4306358381503,25.465838509316768,24.04614019520852,25.465838509316768
81.5028901734104,25.53191489361702,24.02482269503546,25.53191489361702
81.57514450867052,25.50930026572188,24.00354295837024,25.50930026572188
81.64739884393065,25.57522123893805,23.98230088495575,25.57522123893805
81.71965317919076,25.552608311229,24.049513704686117,25.552608311229
81.79190751445087,25.530035335689043,24.02826855123675,25.530035335689043
81.86416184971098,25.507502206531335,24.007060900264783,25.507502206531335
81.9364161849711,25.485008818342152,23.985890652557316,25.485008818342152
82.00867052023122,25.55066079295154,24.05286343612335,25.55066079295154
82.08092485549133,25.616197183098592,24.031690140845072,25.616197183098592
82.15317919075144,25.593667546174142,24.010554089709764,25.593667546174142
82.22543352601156,25.57117750439367,24.077328646748683,25.57117750439367
82.29768786127167,25.548726953467956,24.056189640035118,25.548726953467956
82.36994219653178,25.6140350877193,24.035087719298247,25.6140350877193
82.44219653179191,25.591586327782643,24.01402278702892,25.591586327782643
82.51445086705202,25.65674255691769,23.992994746059544,25.65674255691769
82.58670520231213,25.634295713035872,23.972003499562554,25.634295713035872
82.65895953757226,25.699300699300696,24.03846153846154,25.699300699300696
82.73121387283237,25.676855895196503,24.017467248908297,25.676855895196503
82.8034682080925,25.654450261780106,23.99650959860384,25.654450261780106
82.87572254335261,25.632083696599828,24.062772449869225,25.632083696599828
82.94797687861272,25.696864111498257,24.041811846689896,25.696864111498257
83.02023121387283,25.674499564838992,24.02088772845953,25.674499564838992
83.09248554913295,25.65217391304348,24.0,25.65217391304348
83.16473988439307,25.716768027801912,23.979148566463945,25.716768027801912
83.23699421965318,25.694444444444443,23.958333333333336,25.694444444444443
83.3092485549133,25.672159583694707,23.937554206418042,25.672159583694707
83.38150289017341,25.64991334488735,23.91681109185442,25.64991334488735
83.45375722543352,25.71428571428571,23.896103896103895,25.71428571428571
83.52601156069365,25.692041522491348,23.875432525951556,25.692041522491348
83.59826589595376,25.75626620570441,23.94122731201383,25.75626620570441
83.67052023121387,25.734024179620036,24.006908462867013,25.734024179620036
83.74277456647398,25.711820534943918,23.986194995685935,25.711820534943918
83.8150289017341,25.689655172413794,23.96551724137931,25.689655172413794
83.88728323699422,25.667527993109392,23.944875107665805,25.667527993109392
83.95953757225433,25.645438898450944,23.924268502581754,25.645438898450944
84.03179190751445,25.709372312983664,23.989681857265694,25.709372312983664
84.10404624277457,25.687285223367695,23.969072164948454,25.687285223367695
84.17630057803468,25.75107296137339,23.948497854077253,25.75107296137339
84.2485549132948,25.728987993138936,23.92795883361921,25.728987993138936
84.32080924855492,25.70694087403599,23.90745501285347,25.70694087403599
84.39306358381504,25.684931506849317,23.886986301369863,25.684931506849317
84.46531791907515,25.66295979469632,23.86655260906758,25.66295979469632
84.53757225433526,25.726495726495724,23.846153846153847,25.726495726495724
84.60982658959537,25.704526046114434,23.82578992314261,25.704526046114434
84.6820809248555,25.682593856655288,23.805460750853243,25.682593856655288
84.75433526011561,25.66069906223359,23.785166240409207,25.66069906223359
84.82658959537572,25.63884156729131,23.764906303236796,25.63884156729131
84.89884393063583,25.617021276595747,23.74468085106383,25.617021276595747
84.97109826589595,25.595238095238095,23.72448979591837,25.595238095238095
85.04335260115607,25.573491928632112,23.704333050127442,25.573491928632112
85.11560693641619,25.551782682512737,23.769100169779286,25.551782682512737
85.1878612716763,25.53011026293469,23.83375742154368,25.53011026293469
85.26011560693641,25.508474576271183,23.813559322033896,25.508474576271183
85.33236994219652,25.486875529212533,23.878069432684164,25.486875529212533
85.40462427745665,25.549915397631136,23.85786802030457,25.549915397631136
85.47687861271676,25.612848689771766,23.922231614539307,25.612848689771766
85.54913294797689,25.591216216216218,23.902027027027025,25.591216216216218
85.621387283237,25.654008438818565,23.881856540084385,25.654008438818565
85.69364161849711,25.632377740303543,23.946037099494095,25.632377740303543
85.76589595375722,25.610783487784328,23.92586352148273,25.610783487784328
85.83815028901735,25.589225589225588,23.98989898989899,25.589225589225588
85.91040462427746,25.5677039529016,23.96972245584525,25.5677039529016
85.98265895953757,25.546218487394956,23.949579831932773,25.546218487394956
86.05491329479769,25.524769101595297,23.929471032745592,25.524769101595297
86.1271676300578,25.503355704697988,23.993288590604024,25.503355704697988
86.19942196531792,25.48197820620285,23.973176865046103,25.48197820620285
86.27167630057804,25.4606365159129,23.953098827470686,25.4606365159129
86.34393063583815,25.439330543933053,23.93305439330544,25.439330543933053
86.41618497109826,25.418060200668897,23.91304347826087,25.418060200668897
86.48843930635837,25.396825396825395,23.893065998329156,25.396825396825395
86.5606936416185,25.375626043405674,23.87312186978297,25.375626043405674
86.63294797687861,25.35446205170976,23.936613844870724,25.35446205170976
86.70520231213872,25.333333333333336,23.916666666666668,25.333333333333336
86.77745664739885,25.31223980016653,23.896752706078267,25.31223980016653
86.84971098265896,25.291181364392678,23.87687188019967,25.291181364392678
86.92196531791907,25.270157938487113,23.857024106400665,25.270157938487113
86.9942196531792,25.332225913621265,23.837209302325583,25.332225913621265
87.06647398843931,25.311203319502074,23.817427385892113,25.311203319502074
87.13872832369943,25.290215588723054,23.797678275290217,25.290215588723054
87.21098265895954,25.352112676056336,23.777961888980943,25.352112676056336
87.28323699421965,25.41390728476821,23.841059602649008,25.41390728476821
87.35549132947978,25.392886683209266,23.904052936311,25.392886683209266
87.42774566473989,25.371900826446282,23.884297520661157,25.371900826446282
87.5,25.350949628406276,23.947151114781175,25.350949628406276
87.57225433526011,25.33003300330033,24.00990099009901,25.33003300330033
87.64450867052022,25.309150865622428,23.990107172300082,25.309150865622428
87.71676300578035,25.28830313014827,23.97034596375618,25.28830313014827
87.78901734104046,25.349794238683128,23.950617283950617,25.349794238683128
87.86127167630057,25.32894736842105,23.93092105263158,25.32894736842105
87.93352601156069,25.30813475760066,23.99342645850452,25.30813475760066
88.0057803468208,25.36945812807882,23.973727422003286,25.36945812807882
88.07803468208093,25.34864643150123,24.036095159967186,25.34864643150123
88.15028901734104,25.40983606557377,24.016393442622952,25.40983606557377
88.22254335260115,25.470925470925472,24.078624078624077,25.470925470925472
88.29479768786128,25.53191489361702,24.14075286415712,25.53191489361702
88.36705202312139,25.511038430089943,24.1210139002453,25.511038430089943
88.4393063583815,25.49019607843137,24.18300653594771,25.49019607843137
88.51156069364163,25.551020408163268,24.16326530612245,25.551020408163268
88.58381502890174,25.530179445350733,24.143556280587276,25.530179445350733
88.65606936416185,25.590872045639774,24.205378973105134,25.590872045639774
88.72832369942196,25.570032573289904,24.185667752442995,25.570032573289904
88.80057803468208,25.549227013832382,24.165988608624897,25.549227013832382
88.8728323699422,25.609756097560975,24.227642276422763,25.609756097560975
88.94508670520231,25.670186839967506,24.20796100731113,25.670186839967506
89.01734104046243,25.649350649350648,24.269480519480517,25.649350649350648
89.08959537572254,25.70965125709651,24.249797242497973,25.70965125709651
89.16184971098265,25.68881685575365,24.230145867098866,25.68881685575365
89.23410404624278,25.668016194331983,24.210526315789473,25.668016194331983
89.30635838150289,25.64724919093851,24.190938511326863,25.64724919093851
89.378612716763,25.62651576394503,24.171382376717865,25.62651576394503
89.45086705202311,25.68659127625202,24.151857835218095,25.68659127625202
89.52312138728324,25.66585956416465,24.132364810330913,25.66585956416465
89.59537572254335,25.645161290322584,24.112903225806452,25.645161290322584
89.66763005780348,25.624496373892026,24.09347300564061,25.624496373892026
89.73988439306359,25.60386473429952,24.074074074074073,25.60386473429952
89.8121387283237,25.583266291230895,24.13515687851971,25.583266291230895
89.88439306358381,25.562700964630224,24.115755627009648,25.562700964630224
89.95664739884393,25.542168674698797,24.176706827309236,25.542168674698797
90.02890173410405,25.52166934189406,24.15730337078652,25.52166934189406
90.10115606936417,25.581395348837212,24.21812349639134,25.581395348837212
90.17341040462428,25.64102564102564,24.19871794871795,25.64102564102564
90.24566473988439,25.62049639711769,24.179343474779824,25.62049639711769
90.3179190751445,25.679999999999996,24.16,25.679999999999996
90.39017341040463,25.65947242206235,24.14068745003997,25.65947242206235
90.46242774566474,25.63897763578275,24.121405750798722,25.63897763578275
90.53468208092485,25.69832402234637,24.102154828411813,25.69832402234637
90.60693641618496,25.757575757575758,24.082934609250398,25.757575757575758
90.67919075144508,25.737051792828687,24.06374501992032,25.737051792828687
90.7514450867052,25.796178343949045,24.044585987261147,25.796178343949045
90.82369942196532,25.855210819411294,24.025457438345267,25.855210819411294
90.89595375722543,25.834658187599363,24.006359300476948,25.834658187599363
90.96820809248555,25.814138204924543,24.066719618745037,25.814138204924543
91.04046242774567,25.793650793650798,24.047619047619047,25.793650793650798
91.11271676300578,25.773195876288657,24.028548770816812,25.773195876288657
91.1849710982659,25.752773375594295,24.088748019017434,25.752773375594295
91.25722543352602,25.73238321456849,24.14885193982581,25.73238321456849
91.32947976878613,25.712025316455694,24.12974683544304,25.712025316455694
91.40173410404624,25.691699604743086,24.110671936758894,25.691699604743086
91.47398843930635,25.671406003159557,24.170616113744074,25.671406003159557
91.54624277456648,25.73007103393844,24.151539068666143,25.73007103393844
91.61849710982659,25.709779179810727,24.13249211356467,25.709779179810727
91.6907514450867,25.689519306540582,24.192277383766744,25.689519306540582
91.76300578034682,25.669291338582678,24.173228346456693,25.669291338582678
91.83526011560693,25.649095200629425,24.232887490165226,25.649095200629425
91.90751445086705,25.628930817610062,24.21383647798742,25.628930817610062
91.97976878612717,25.60879811468971,24.194815396700704,25.60879811468971
92.05202312138728,25.588697017268448,24.175824175824175,25.588697017268448
92.12427745664739,25.56862745098039,24.15686274509804,25.56862745098039
92.1965317919075,25.54858934169279,24.137931034482758,25.54858934169279
92.26878612716763,25.52858261550509,24.119028974158184,25.52858261550509
92.34104046242774,25.586854460093893,24.100156494522693,25.586854460093893
92.41329479768787,25.566849100860047,24.08131352619234,25.566849100860047
92.48554913294798,25.546875000000004,24.0625,25.546875000000004
92.55780346820809,25.526932084309134,24.043715846994534,25.526932084309134
92.63005780346822,25.585023400936034,24.024960998439937,25.585023400936034
92.70231213872833,25.64302416212003,24.084177708495712,25.64302416212003
92.77456647398844,25.623052959501557,24.065420560747665,25.623052959501557
92.84682080924856,25.603112840466924,24.04669260700389,25.603112840466924
92.91907514450867,25.58320373250389,24.10575427682737,25.58320373250389
92.99132947976878,25.563325563325563,24.164724164724163,25.563325563325563
93.0635838150289,25.543478260869566,24.22360248447205,25.543478260869566
93.13583815028902,25.601241272304108,24.204809930178435,25.601241272304108
93.20809248554913,25.581395348837212,24.26356589147287,25.581395348837212
93.28034682080924,25.561580170410537,24.244771494965143,25.561580170410537
93.35260115606935,25.541795665634677,24.226006191950464,25.541795665634677
93.42485549132948,25.52204176334107,24.2846094354215,25.52204176334107
93.4971098265896,25.50231839258114,24.343122102009275,25.50231839258114
93.5693641618497,25.482625482625483,24.324324324324326,25.482625482625483
93.64161849710982,25.540123456790127,24.305555555555554,25.540123456790127
93.71387283236994,25.520431765612955,24.363916730917502,25.520431765612955
93.78612716763006,25.500770416024654,24.345146379044685,25.500770416024654
93.85838150289018,25.481139337952268,24.32640492686682,25.481139337952268
93.9306358381503,25.461538461538463,24.307692307692307,25.461538461538463
94.0028901734104,25.441967717140663,24.28900845503459,25.441967717140663
94.07514450867052,25.42242703533026,24.270353302611365,25.42242703533026
94.14739884393065,25.47966231772832,24.328472755180353,25.47966231772832
94.21965317919076,25.536809815950924,24.309815950920246,25.536809815950924
94.29190751445087,25.517241379310345,24.291187739463602,25.517241379310345
94.36416184971098,25.497702909647778,24.272588055130168,25.497702909647778
94.4364161849711,25.554705432287683,24.33052792654935,25.554705432287683
94.50867052023122,25.535168195718654,24.31192660550459,25.535168195718654
94.58092485549133,25.515660809778456,24.293353705118413,25.515660809778456
94.65317919075144,25.49618320610687,24.35114503816794,25.49618320610687
94.72543352601156,25.47673531655225,24.332570556826848,25.47673531655225
94.79768786127167,25.45731707317073,24.3140243902439,25.45731707317073
94.86994219653178,25.437928408225435,24.371667936024373,25.437928408225435
94.94219653179191,25.41856925418569,24.3531202435312,25.41856925418569
95.01445086705202,25.475285171102662,24.4106463878327,25.475285171102662
95.08670520231213,25.455927051671733,24.39209726443769,25.455927051671733
95.15895953757226,25.436598329536825,24.449506454062263,25.436598329536825
95.23121387283237,25.493171471927162,24.430955993930198,25.493171471927162
95.3034682080925,25.473843821076574,24.412433661865048,25.473843821076574
95.37572254335261,25.454545454545453,24.393939393939394,25.454545454545453
95.44797687861272,25.510976532929597,24.37547312641938,25.510976532929597
95.52023121387283,25.56732223903177,24.357034795763994,25.56732223903177
95.59248554913295,25.547996976568406,24.33862433862434,25.547996976568406
95.66473988439307,25.604229607250755,24.395770392749245,25.604229607250755
95.73699421965318,25.58490566037736,24.452830188679243,25.58490566037736
95.8092485549133,25.565610859728505,24.43438914027149,25.565610859728505
95.88150289017341,25.546345139412207,24.415975885455914,25.546345139412207
95.95375722543352,25.52710843373494,24.397590361445783,25.52710843373494
96.02601156069365,25.58314522197141,24.37923250564334,25.58314522197141
96.09826589595376,25.563909774436087,24.43609022556391,25.563909774436087
96.17052023121387,25.544703230653642,24.417731029301276,25.544703230653642
96.24277456647398,25.525525525525527,24.3993993993994,25.525525525525527
96.3150289017341,25.506376594148538,24.456114028507127,25.506376594148538
96.38728323699422,25.487256371814095,24.43778110944528,25.487256371814095
96.45953757225433,25.468164794007492,24.419475655430713,25.468164794007492
96.53179190751445,25.523952095808383,24.40119760479042,25.523952095808383
96.60404624277457,25.50486163051608,24.3829468960359,25.50486163051608
96.67630057803468,25.485799701046336,24.43946188340807,25.485799701046336
96.7485549132948,25.466766243465273,24.495892457057504,25.466766243465273
96.82080924855492,25.44776119402985,24.47761194029851,25.44776119402985
96.89306358381504,25.428784489187173,24.53392990305742,25.428784489187173
96.96531791907515,25.40983606557377,24.59016393442623,25.40983606557377
97.03757225433526,25.46537602382725,24.57185405807893,25.46537602382725
97.10982658959537,25.44642857142857,24.553571428571427,25.44642857142857
97.1820809248555,25.427509293680295,24.609665427509295,25.427509293680295
97.25433526011561,25.40861812778603,24.591381872213965,25.40861812778603
97.32658959537572,25.389755011135858,24.647364513734225,25.389755011135858
97.39884393063583,25.370919881305635,24.629080118694365,25.370919881305635
97.47109826589595,25.42624166048925,24.610822831727205,25.42624166048925
97.54335260115607,25.407407407407405,24.592592592592595,25.407407407407405
97.61560693641619,25.38860103626943,24.57438934122872,25.38860103626943
97.6878612716763,25.3698224852071,24.6301775147929,25.3698224852071
97.76011560693641,25.4249815225425,24.68588322246859,25.4249815225425
97.83236994219652,25.406203840472674,24.66765140324963,25.406203840472674
97.90462427745665,25.387453874538746,24.649446494464943,25.387453874538746
97.97687861271676,25.442477876106196,24.705014749262535,25.442477876106196
98.04913294797689,25.423728813559322,24.68680913780398,25.423728813559322
98.121387283237,25.47864506627393,24.742268041237114,25.47864506627393
98.19364161849711,25.45989698307579,24.724061810154527,25.45989698307579
98.26589595375722,25.441176470588232,24.705882352941178,25.441176470588232
98.33815028901735,25.495958853783986,24.687729610580455,25.495958853783986
98.41040462427746,25.477239353891335,24.74302496328928,25.477239353891335
98.48265895953757,25.458547322083643,24.724871606749815,25.458547322083643
98.55491329479769,25.439882697947212,24.780058651026394,25.439882697947212
98.6271676300578,25.42124542124542,24.835164835164836,25.42124542124542
98.69942196531792,25.402635431918007,24.816983894582723,25.402635431918007
98.77167630057804,25.38405267008047,24.87198244330651,25.38405267008047
98.84393063583815,25.36549707602339,24.853801169590643,25.36549707602339
98.91618497109826,25.346968590211834,24.908692476260043,25.346968590211834
98.98843930635837,25.328467153284674,24.963503649635037,25.328467153284674
99.0606936416185,25.309992706053976,24.945295404814004,25.309992706053976
99.13294797687861,25.291545189504372,25.0,25.291545189504372
99.20520231213872,25.273124544792424,24.98179169701384,25.273124544792424
99.27745664739885,25.254730713245998,24.963609898107713,25.254730713245998
99.34971098265896,25.236363636363635,25.018181818181816,25.236363636363635
99.42196531791907,25.218023255813954,25.072674418604652,25.218023255813954
99.4942196531792,25.272331154684096,25.12708787218591,25.272331154684096
99.56647398843931,25.25399129172714,25.1088534107402,25.25399129172714
99.63872832369943,25.308194343727337,25.16316171138506,25.308194343727337
99.71098265895954,25.28985507246377,25.217391304347824,25.28985507246377
99.78323699421965,25.271542360608258,25.19913106444605,25.271542360608258
99.85549132947978,25.253256150506516,25.253256150506516,25.253256150506516
99.92774566473989,25.30730296456978,25.30730296456978,25.30730296456978
100.0,25.289017341040466,25.289017341040466,25.289017341040466
