retriever,task,query_id,max_score,gap_ctx,gap_25,retrieval_success_5,retrieval_success_25,judgment
contriever,biology,2,0.7315686941146851,0.028451085090637207,0.0590740442276001,0,0,INCORRECT
contriever,biology,8,0.8073538541793823,0.10721540451049805,0.17177820205688477,1,1,CORRECT
contriever,biology,12,0.8068591356277466,0.0019170045852661133,0.08746016025543213,0,0,INCORRECT
contriever,biology,5,0.7058495283126831,0.021100997924804688,0.053997576236724854,0,1,CORRECT
contriever,biology,1,0.7226892709732056,0.05611681938171387,0.13763248920440674,0,1,INCORRECT
contriever,biology,11,0.6082885265350342,0.02481067180633545,0.05735987424850464,1,1,CORRECT
contriever,biology,0,0.6501915454864502,0.04663717746734619,0.08301693201065063,1,1,INCORRECT
contriever,biology,15,0.6948108673095703,0.020631909370422363,0.06785207986831665,0,0,INCORRECT
contriever,biology,6,0.6988625526428223,0.029256701469421387,0.07708770036697388,0,0,INCORRECT
contriever,biology,4,0.6879376173019409,0.02365696430206299,0.09717667102813721,1,1,INCORRECT
contriever,biology,7,0.7550619840621948,0.08436107635498047,0.2481977939605713,1,1,CORRECT
contriever,biology,10,0.7181674242019653,0.05643761157989502,0.12803256511688232,1,1,CORRECT
contriever,biology,9,0.7865580916404724,0.10525023937225342,0.15803653001785278,0,0,CORRECT
contriever,biology,13,0.6652299165725708,0.062090158462524414,0.0899662971496582,0,1,INCORRECT
contriever,biology,3,0.6690148115158081,0.05285930633544922,0.10764336585998535,1,1,CORRECT
contriever,biology,14,0.6686338186264038,0.025098681449890137,0.05762588977813721,1,1,CORRECT
contriever,biology,20,0.7031906843185425,0.015199661254882812,0.07312119007110596,0,1,INCORRECT
contriever,biology,22,0.6214960217475891,0.0285646915435791,0.09107309579849243,0,0,INCORRECT
contriever,biology,16,0.7210666537284851,0.059241533279418945,0.1468067169189453,0,0,CORRECT
contriever,biology,18,0.7264306545257568,0.061601996421813965,0.11195451021194458,0,0,INCORRECT
contriever,biology,19,0.7370044589042664,0.021310150623321533,0.10096627473831177,0,0,CORRECT
contriever,biology,17,0.7936602830886841,0.0336490273475647,0.1304793357849121,1,1,CORRECT
contriever,biology,32,0.6470617651939392,0.06153017282485962,0.09864485263824463,0,0,CORRECT
contriever,biology,30,0.7503088712692261,0.03636205196380615,0.1088065505027771,0,1,CORRECT
contriever,biology,23,0.6369649171829224,0.03345155715942383,0.06823348999023438,0,0,INCORRECT
contriever,biology,26,0.6739987134933472,0.05060911178588867,0.07999944686889648,0,0,INCORRECT
contriever,biology,24,0.7011427879333496,0.10106921195983887,0.14169806241989136,1,1,CORRECT
contriever,biology,25,0.6765346527099609,0.05188274383544922,0.10458910465240479,1,1,CORRECT
contriever,biology,37,0.6509314775466919,0.05892837047576904,0.08919525146484375,0,0,INCORRECT
contriever,biology,39,0.8101381063461304,0.01723003387451172,0.0426754355430603,0,0,INCORRECT
contriever,biology,35,0.7237881422042847,0.03912782669067383,0.1314612627029419,0,1,INCORRECT
contriever,biology,27,0.6226376295089722,0.07948338985443115,0.11506223678588867,0,1,CORRECT
contriever,biology,28,0.7525414228439331,0.0711522102355957,0.1215658187866211,0,0,CORRECT
contriever,biology,31,0.7254703044891357,0.06852245330810547,0.10106337070465088,0,0,CORRECT
contriever,biology,29,0.6802041530609131,0.026188969612121582,0.047812819480895996,0,0,CORRECT
contriever,biology,33,0.6655908823013306,0.03677445650100708,0.07249999046325684,0,1,CORRECT
contriever,biology,21,0.719617486000061,0.042382895946502686,0.10954475402832031,1,1,CORRECT
contriever,biology,34,0.5856239199638367,0.015496253967285156,0.0451471209526062,0,0,CORRECT
contriever,biology,43,0.6312355995178223,0.036249399185180664,0.07430863380432129,0,0,INCORRECT
contriever,biology,42,0.7440872192382812,0.019430994987487793,0.06291455030441284,0,0,CORRECT
contriever,biology,36,0.6949392557144165,0.013469934463500977,0.03889620304107666,0,0,INCORRECT
contriever,biology,38,0.7686241865158081,0.03094172477722168,0.05483287572860718,0,0,INCORRECT
contriever,biology,48,0.5856289863586426,0.02018582820892334,0.05205953121185303,0,0,INCORRECT
contriever,biology,50,0.7533130645751953,0.0596543550491333,0.14213430881500244,0,0,CORRECT
contriever,biology,40,0.7570740580558777,0.02611076831817627,0.05994910001754761,0,0,INCORRECT
contriever,biology,47,0.7747843265533447,0.061646342277526855,0.15230345726013184,0,0,CORRECT
contriever,biology,49,0.8074420690536499,0.06358003616333008,0.11313366889953613,0,0,INCORRECT
contriever,biology,57,0.6812829971313477,0.005359172821044922,0.05047881603240967,0,1,INCORRECT
contriever,biology,44,0.6850043535232544,0.004581809043884277,0.05506241321563721,0,0,INCORRECT
contriever,biology,45,0.7023682594299316,0.0334697961807251,0.09527719020843506,0,0,INCORRECT
contriever,biology,46,0.7835507392883301,0.03807348012924194,0.11834108829498291,0,0,CORRECT
contriever,biology,41,0.7386573553085327,0.01916205883026123,0.04048788547515869,0,0,CORRECT
contriever,biology,51,0.7258642911911011,0.024695992469787598,0.08013927936553955,0,0,CORRECT
contriever,biology,54,0.7537695169448853,0.09834134578704834,0.17508691549301147,0,0,CORRECT
contriever,biology,53,0.6340094804763794,0.012459278106689453,0.03652477264404297,0,0,CORRECT
contriever,biology,52,0.8118975758552551,0.11817163228988647,0.16103321313858032,0,0,CORRECT
contriever,biology,60,0.8262004256248474,0.08588272333145142,0.20336025953292847,0,0,CORRECT
contriever,biology,64,0.731630802154541,0.01792621612548828,0.1425415277481079,0,0,CORRECT
contriever,biology,65,0.6790381073951721,0.004997670650482178,0.04524719715118408,0,0,CORRECT
contriever,biology,55,0.6760472059249878,0.10419881343841553,0.12874752283096313,0,0,CORRECT
contriever,biology,68,0.7247803211212158,0.016395986080169678,0.06492483615875244,0,0,INCORRECT
contriever,biology,58,0.7300233244895935,0.04368382692337036,0.11004692316055298,0,1,INCORRECT
contriever,biology,67,0.6562083959579468,0.05195993185043335,0.09969198703765869,0,0,INCORRECT
contriever,biology,59,0.6721963882446289,0.04962438344955444,0.08508926630020142,0,0,INCORRECT
contriever,biology,69,0.8300268650054932,0.06309819221496582,0.16138911247253418,0,1,CORRECT
contriever,biology,56,0.7402697801589966,0.04572761058807373,0.11056709289550781,0,0,CORRECT
contriever,biology,63,0.7006338834762573,0.023019492626190186,0.08116006851196289,0,0,INCORRECT
contriever,biology,75,0.6110825538635254,0.014884471893310547,0.050175487995147705,0,0,INCORRECT
contriever,biology,61,0.6159957647323608,0.014280557632446289,0.0575329065322876,1,1,CORRECT
contriever,biology,62,0.7162424921989441,0.04636651277542114,0.07549178600311279,1,1,CORRECT
contriever,biology,74,0.6509906053543091,0.04434680938720703,0.09011447429656982,0,1,INCORRECT
contriever,biology,66,0.6523569822311401,0.051964402198791504,0.10705780982971191,1,1,CORRECT
contriever,biology,76,0.5998097658157349,0.009660840034484863,0.046947598457336426,0,0,INCORRECT
contriever,biology,81,0.6878437399864197,0.011254191398620605,0.037219345569610596,0,0,CORRECT
contriever,biology,71,0.7684829235076904,0.0042691826820373535,0.04650771617889404,0,0,CORRECT
contriever,biology,72,0.6941350102424622,0.033001482486724854,0.08684200048446655,1,1,CORRECT
contriever,biology,70,0.6667335033416748,0.01928699016571045,0.03627514839172363,1,1,CORRECT
contriever,biology,82,0.6802917122840881,0.06604629755020142,0.12845665216445923,0,0,CORRECT
contriever,biology,73,0.716806173324585,0.04945337772369385,0.09697437286376953,0,0,INCORRECT
contriever,biology,77,0.6772819757461548,0.061479032039642334,0.09362447261810303,0,0,INCORRECT
contriever,biology,79,0.6728196144104004,0.053931355476379395,0.07601439952850342,0,0,CORRECT
contriever,biology,83,0.7823523283004761,0.08990144729614258,0.14574414491653442,0,0,INCORRECT
contriever,biology,78,0.7932634353637695,0.04199701547622681,0.08733904361724854,1,1,CORRECT
contriever,biology,80,0.6879037022590637,0.02326112985610962,0.07415193319320679,0,1,CORRECT
contriever,biology,94,0.7451508641242981,0.02370518445968628,0.07545298337936401,0,1,CORRECT
contriever,biology,86,0.6755693554878235,0.042213499546051025,0.09193474054336548,0,1,CORRECT
contriever,biology,84,0.8035517930984497,0.06925886869430542,0.14754384756088257,1,1,CORRECT
contriever,biology,92,0.709829568862915,0.026262402534484863,0.05908358097076416,0,0,INCORRECT
contriever,biology,85,0.7399357557296753,0.05096566677093506,0.10729151964187622,0,0,CORRECT
contriever,biology,87,0.7372010350227356,0.1038866639137268,0.1399902105331421,0,1,CORRECT
contriever,biology,93,0.6892315745353699,0.031689226627349854,0.05982619524002075,0,0,INCORRECT
contriever,biology,89,0.695621132850647,0.02192103862762451,0.06453835964202881,0,1,INCORRECT
contriever,biology,90,0.7248965501785278,0.09070247411727905,0.16053932905197144,0,0,CORRECT
contriever,biology,88,0.7067618370056152,0.015017271041870117,0.06008201837539673,0,0,CORRECT
contriever,biology,98,0.6978174448013306,0.05381882190704346,0.10278475284576416,0,0,CORRECT
contriever,biology,91,0.7624800205230713,0.06074786186218262,0.13570034503936768,0,0,CORRECT
contriever,biology,95,0.7481860518455505,0.07324713468551636,0.12775355577468872,0,0,INCORRECT
contriever,biology,99,0.6782718300819397,0.025418639183044434,0.05558127164840698,0,1,CORRECT
contriever,biology,97,0.7276349663734436,0.0691378116607666,0.11450415849685669,0,0,CORRECT
contriever,biology,100,0.681311309337616,0.02508491277694702,0.08033102750778198,1,1,CORRECT
contriever,biology,96,0.7283775806427002,0.04912930727005005,0.09200870990753174,0,0,CORRECT
contriever,biology,101,0.6809141039848328,0.012954771518707275,0.05641436576843262,0,0,CORRECT
contriever,biology,102,0.8003910183906555,0.069546639919281,0.16871076822280884,0,0,INCORRECT
contriever,aops,aops_2019_AMC_12A_Problems/Problem_17,0.8034110069274902,0.02513939142227173,0.07991856336593628,0,0,CORRECT
contriever,aops,math_train_intermediate_algebra_513,0.7689793109893799,0.012709379196166992,0.04241371154785156,0,0,INCORRECT
contriever,aops,math_test_intermediate_algebra_1179,0.8092511892318726,0.024397730827331543,0.05096644163131714,0,0,INCORRECT
contriever,aops,aops_2015_AMC_10B_Problems/Problem_15,0.6254230737686157,0.011386394500732422,0.03184401988983154,0,0,CORRECT
contriever,aops,math_train_counting_and_probability_5024,0.7204301357269287,0.013356506824493408,0.029383182525634766,0,0,INCORRECT
contriever,aops,math_train_number_theory_839,0.7799790501594543,0.02242058515548706,0.04158121347427368,0,0,INCORRECT
contriever,aops,math_train_number_theory_7095,0.7020835876464844,0.012101292610168457,0.03324425220489502,0,0,INCORRECT
contriever,aops,math_train_number_theory_7012,0.846598744392395,0.029013752937316895,0.050830960273742676,0,0,INCORRECT
contriever,aops,aops_2008_AMC_12B_Problems/Problem_16,0.7228517532348633,0.016271471977233887,0.027224063873291016,0,0,INCORRECT
contriever,aops,aops_2000_AIME_I_Problems/Problem_9,0.7627779245376587,0.007234752178192139,0.03282201290130615,0,0,INCORRECT
contriever,aops,math_train_number_theory_7030,0.8892765045166016,0.15429848432540894,0.17050719261169434,0,0,INCORRECT
contriever,aops,aops_2008_AMC_12A_Problems/Problem_15,0.7738698720932007,0.02628934383392334,0.04968518018722534,0,0,INCORRECT
contriever,aops,aops_2021_AIME_I_Problems/Problem_14,0.7565523386001587,0.030691146850585938,0.050013065338134766,1,1,INCORRECT
contriever,aops,math_train_number_theory_7016,0.7374341487884521,0.01636648178100586,0.039387524127960205,0,0,INCORRECT
contriever,aops,aops_2005_IMO_Problems/Problem_4,0.8179196715354919,0.04406177997589111,0.06891536712646484,0,0,INCORRECT
contriever,aops,aops_2024_AIME_I_Problems/Problem_13,0.8426336050033569,0.027306795120239258,0.0714406967163086,1,1,INCORRECT
contriever,aops,math_train_counting_and_probability_5035,0.643094539642334,0.018070101737976074,0.03829103708267212,0,0,INCORRECT
contriever,aops,aops_2005_USAMO_Problems/Problem_2,0.8210971355438232,0.029970407485961914,0.0690121054649353,0,0,INCORRECT
contriever,aops,aops_2017_AMC_10B_Problems/Problem_14,0.8146647214889526,0.03480726480484009,0.07209783792495728,0,0,INCORRECT
contriever,aops,aops_2004_AIME_I_Problems/Problem_10,0.7930892705917358,0.0432276725769043,0.06334578990936279,0,0,INCORRECT
contriever,aops,math_train_geometry_6173,0.8108232021331787,0.07201772928237915,0.09862256050109863,0,0,INCORRECT
contriever,aops,math_train_geometry_6018,0.7909072637557983,0.011974036693572998,0.06855189800262451,0,0,INCORRECT
contriever,aops,aops_2023_AIME_I_Problems/Problem_5,0.7105462551116943,0.01540517807006836,0.035791754722595215,0,0,INCORRECT
contriever,aops,math_test_geometry_454,0.8171225786209106,0.00578993558883667,0.02455925941467285,0,0,INCORRECT
contriever,aops,math_train_counting_and_probability_5011,0.7731956243515015,0.015370488166809082,0.03453373908996582,0,0,INCORRECT
contriever,aops,aops_2001_AMC_10_Problems/Problem_19,0.6897252798080444,0.019915282726287842,0.06475716829299927,0,1,INCORRECT
contriever,aops,math_test_counting_and_probability_1009,0.7088234424591064,0.004243373870849609,0.038887858390808105,0,0,CORRECT
contriever,aops,aops_2007_AIME_I_Problems/Problem_10,0.7714335918426514,0.0611647367477417,0.10556256771087646,0,0,INCORRECT
contriever,aops,aops_2018_AMC_8_Problems/Problem_23,0.7880299091339111,0.03342235088348389,0.059903502464294434,0,0,INCORRECT
contriever,aops,math_train_counting_and_probability_5131,0.7971212863922119,0.030095338821411133,0.055931687355041504,0,0,CORRECT
contriever,aops,aops_2019_AMC_8_Problems/Problem_25,0.7293838262557983,0.06070500612258911,0.08759427070617676,0,0,CORRECT
contriever,aops,aops_2018_AMC_10A_Problems/Problem_11,0.7538144588470459,0.00972658395767212,0.03461813926696777,0,0,INCORRECT
contriever,aops,aops_2020_AMC_10A_Problems/Problem_24,0.7791186571121216,0.01964747905731201,0.05296403169631958,1,1,INCORRECT
contriever,aops,aops_2020_AMC_10B_Problems/Problem_25,0.8676175475120544,0.09443897008895874,0.11270731687545776,0,0,INCORRECT
contriever,aops,aops_1959_IMO_Problems/Problem_1,0.6960707902908325,0.012048840522766113,0.03022444248199463,0,0,INCORRECT
contriever,aops,math_train_number_theory_7003,0.801591157913208,0.02678811550140381,0.05224907398223877,0,0,INCORRECT
contriever,aops,math_test_counting_and_probability_838,0.7471672296524048,0.01696234941482544,0.039481401443481445,1,1,CORRECT
contriever,aops,aops_2021_AIME_I_Problems/Problem_10,0.8002251386642456,0.02786123752593994,0.05677032470703125,0,0,INCORRECT
contriever,aops,aops_2007_iTest_Problems/Problem_6,0.8178365230560303,0.0058220624923706055,0.03605222702026367,0,0,INCORRECT
contriever,aops,math_train_number_theory_7066,0.7758094072341919,0.019789695739746094,0.04602253437042236,0,0,INCORRECT
contriever,aops,aops_2021_AIME_II_Problems/Problem_9,0.7932313680648804,0.03222501277923584,0.05391824245452881,0,0,INCORRECT
contriever,aops,math_train_intermediate_algebra_477,0.8394719958305359,0.03263908624649048,0.07197779417037964,0,0,INCORRECT
contriever,aops,aops_1987_IMO_Problems/Problem_1,0.6818116307258606,0.03445404767990112,0.050126731395721436,0,0,INCORRECT
contriever,aops,math_train_intermediate_algebra_659,0.7604678869247437,0.009435057640075684,0.034181177616119385,0,0,INCORRECT
contriever,aops,aops_1990_AIME_Problems/Problem_9,0.8489105105400085,0.026913225650787354,0.05227881669998169,0,0,CORRECT
contriever,aops,aops_2000_AMC_12_Problems/Problem_4,0.7860026359558105,0.03560590744018555,0.07564651966094971,0,0,CORRECT
contriever,aops,aops_1981_IMO_Problems/Problem_3,0.7839347124099731,0.03523659706115723,0.05238080024719238,0,0,INCORRECT
contriever,aops,math_train_counting_and_probability_5047,0.7183636426925659,0.016615748405456543,0.047048091888427734,0,0,INCORRECT
contriever,aops,aops_2017_AMC_10B_Problems/Problem_13,0.5800799131393433,0.008001327514648438,0.04516923427581787,0,0,INCORRECT
contriever,aops,aops_2011_AMC_8_Problems/Problem_6,0.6420429944992065,0.013240933418273926,0.03158301115036011,0,0,CORRECT
contriever,aops,aops_2005_AMC_12A_Problems/Problem_18,0.8354125022888184,0.03228175640106201,0.05173224210739136,0,0,INCORRECT
contriever,aops,math_train_counting_and_probability_5048,0.7576045989990234,0.04770892858505249,0.08288860321044922,0,0,INCORRECT
contriever,aops,math_train_counting_and_probability_5045,0.8021794557571411,0.010234594345092773,0.08081352710723877,0,0,CORRECT
contriever,aops,aops_2020_AMC_8_Problems/Problem_12,0.8045652508735657,0.02238517999649048,0.052024781703948975,0,0,CORRECT
contriever,aops,aops_2020_AIME_II_Problems/Problem_9,0.5335841178894043,0.003509044647216797,0.021107256412506104,0,0,INCORRECT
contriever,aops,aops_2017_AIME_II_Problems/Problem_1,0.8293745517730713,0.04205334186553955,0.08930391073226929,0,0,INCORRECT
contriever,aops,math_test_counting_and_probability_430,0.7443364262580872,0.004821598529815674,0.014323055744171143,0,0,INCORRECT
contriever,aops,math_test_prealgebra_1987,0.8231185674667358,0.015794873237609863,0.03978931903839111,0,0,CORRECT
contriever,aops,math_test_counting_and_probability_1003,0.8496303558349609,0.033572375774383545,0.062408447265625,0,0,INCORRECT
contriever,aops,aops_2007_AIME_II_Problems/Problem_10,0.7601854801177979,0.020014643669128418,0.04477435350418091,0,0,INCORRECT
contriever,aops,math_train_geometry_317,0.8356755375862122,0.014067232608795166,0.030834496021270752,0,1,INCORRECT
contriever,aops,math_train_geometry_6060,0.8028504848480225,0.02645576000213623,0.05036890506744385,0,0,INCORRECT
contriever,aops,aops_1988_AIME_Problems/Problem_12,0.7576842308044434,0.021001100540161133,0.04522901773452759,0,1,INCORRECT
contriever,aops,aops_1985_AIME_Problems/Problem_6,0.7680037021636963,0.0036780834197998047,0.02005922794342041,0,0,INCORRECT
contriever,aops,aops_1971_AHSME_Problems/Problem_26,0.8424350023269653,0.022323787212371826,0.04767489433288574,0,0,INCORRECT
contriever,aops,math_train_geometry_6022,0.8299179673194885,0.01491314172744751,0.05479973554611206,0,0,INCORRECT
contriever,aops,math_test_algebra_1208,0.7952907085418701,0.06867945194244385,0.10127413272857666,0,1,INCORRECT
contriever,aops,math_train_intermediate_algebra_2060,0.7601945400238037,0.01631861925125122,0.043886542320251465,0,0,INCORRECT
contriever,aops,math_train_geometry_6116,0.8465509414672852,0.01953178644180298,0.04453778266906738,0,1,INCORRECT
contriever,aops,math_train_algebra_2521,0.7911467552185059,0.029572129249572754,0.05011570453643799,0,0,INCORRECT
contriever,aops,aops_2016_AMC_10A_Problems/Problem_19,0.7852829694747925,0.03712606430053711,0.06321406364440918,1,1,INCORRECT
contriever,aops,math_test_intermediate_algebra_951,0.7175039052963257,0.012002050876617432,0.04370981454849243,0,0,INCORRECT
contriever,aops,math_train_geometry_6115,0.7697647213935852,0.02801913022994995,0.053589046001434326,0,0,INCORRECT
contriever,aops,math_train_intermediate_algebra_1822,0.7636829018592834,0.026013076305389404,0.06400632858276367,0,1,INCORRECT
contriever,aops,aops_2009_AMC_12A_Problems/Problem_17,0.789246678352356,0.031561851501464844,0.053166985511779785,0,0,INCORRECT
contriever,aops,math_train_number_theory_7078,0.7582623362541199,0.03119635581970215,0.0636553168296814,0,0,INCORRECT
contriever,aops,aops_2021_Fall_AMC_12A_Problems/Problem_12,0.7392470836639404,0.03317904472351074,0.07055544853210449,0,0,INCORRECT
contriever,aops,math_test_intermediate_algebra_1812,0.7424328327178955,0.02349257469177246,0.058502018451690674,0,0,INCORRECT
contriever,aops,math_train_intermediate_algebra_1268,0.8313001394271851,0.09770214557647705,0.1396251916885376,1,1,CORRECT
contriever,aops,aops_2021_AMC_12B_Problems/Problem_9,0.8431558609008789,0.09901958703994751,0.13363564014434814,1,1,INCORRECT
contriever,aops,aops_2002_AIME_I_Problems/Problem_6,0.806999921798706,0.019153237342834473,0.030269324779510498,0,0,INCORRECT
contriever,aops,aops_2008_AMC_12A_Problems/Problem_16,0.7360989451408386,0.019157826900482178,0.04719334840774536,1,1,INCORRECT
contriever,aops,math_train_counting_and_probability_5111,0.7449134588241577,0.03129243850708008,0.06731557846069336,0,1,INCORRECT
contriever,aops,math_train_counting_and_probability_5064,0.6923108100891113,0.01571953296661377,0.03145861625671387,0,0,INCORRECT
contriever,aops,aops_1994_AIME_Problems/Problem_9,0.6497299671173096,0.0008382797241210938,0.03041362762451172,0,0,INCORRECT
contriever,aops,aops_2022_AMC_10B_Problems/Problem_9,0.8242507576942444,0.04265648126602173,0.08787781000137329,0,0,INCORRECT
contriever,aops,math_train_counting_and_probability_822,0.8389126062393188,0.060031354427337646,0.10498541593551636,0,1,INCORRECT
contriever,aops,math_train_algebra_2826,0.8711062669754028,0.07184457778930664,0.10547631978988647,0,1,CORRECT
contriever,aops,aops_2015_AMC_12A_Problems/Problem_22,0.8017966747283936,0.02710568904876709,0.058595478534698486,0,1,INCORRECT
contriever,aops,math_train_geometry_747,0.8763835430145264,0.03054225444793701,0.07433223724365234,0,1,INCORRECT
contriever,aops,aops_2016_AMC_10A_Problems/Problem_7,0.7904751300811768,0.07364445924758911,0.09693992137908936,1,1,CORRECT
contriever,aops,aops_2019_AMC_10A_Problems/Problem_12,0.7880013585090637,0.10362857580184937,0.12951350212097168,1,1,INCORRECT
contriever,aops,aops_2000_AMC_12_Problems/Problem_14,0.7677028179168701,0.027798175811767578,0.059442877769470215,0,1,INCORRECT
contriever,aops,aops_2016_AIME_I_Problems/Problem_15,0.8105658888816833,0.0668676495552063,0.09111076593399048,1,1,INCORRECT
contriever,aops,aops_2023_AIME_II_Problems/Problem_9,0.8253544569015503,0.1006307601928711,0.11980706453323364,1,1,INCORRECT
contriever,aops,aops_1971_Canadian_MO_Problems/Problem_1,0.7053707838058472,0.009066224098205566,0.0408443808555603,0,0,INCORRECT
contriever,aops,aops_2022_AIME_I_Problems/Problem_11,0.8847370147705078,0.03272956609725952,0.0552026629447937,0,0,INCORRECT
contriever,aops,aops_2024_AIME_I_Problems/Problem_10,0.7849164009094238,0.009591460227966309,0.06287240982055664,1,1,INCORRECT
contriever,aops,aops_2020_AIME_I_Problems/Problem_15,0.7465322613716125,0.009281575679779053,0.02515643835067749,1,1,INCORRECT
contriever,aops,aops_1998_AIME_Problems/Problem_2,0.9143165349960327,0.134768545627594,0.16125839948654175,0,0,INCORRECT
contriever,aops,math_train_geometry_6092,0.7707697153091431,0.025573372840881348,0.05147278308868408,0,0,INCORRECT
contriever,aops,aops_2013_AMC_12A_Problems/Problem_13,0.8086464405059814,0.05659204721450806,0.07484960556030273,0,0,INCORRECT
contriever,earth_science,1,0.812694787979126,0.025930583477020264,0.06473398208618164,0,1,CORRECT
contriever,aops,aops_2015_AIME_I_Problems/Problem_4,0.8019109964370728,0.025421142578125,0.06141120195388794,1,1,INCORRECT
contriever,aops,math_train_geometry_6112,0.7095324397087097,0.00834202766418457,0.029560744762420654,0,0,INCORRECT
contriever,aops,aops_2002_AIME_I_Problems/Problem_10,0.7995302677154541,0.022621452808380127,0.06517034769058228,0,1,INCORRECT
contriever,aops,math_train_geometry_6105,0.6649206280708313,0.013889968395233154,0.032602012157440186,0,0,INCORRECT
contriever,aops,aops_2019_AIME_I_Problems/Problem_3,0.7597849369049072,0.021892309188842773,0.05153697729110718,1,1,INCORRECT
contriever,aops,math_train_geometry_6078,0.7954908609390259,0.021959364414215088,0.05102574825286865,1,1,INCORRECT
contriever,aops,aops_2016_AIME_II_Problems/Problem_10,0.7883303761482239,0.02954918146133423,0.06282967329025269,1,1,INCORRECT
contriever,earth_science,4,0.7351065278053284,0.03990989923477173,0.08755236864089966,0,0,INCORRECT
contriever,aops,math_train_geometry_6051,0.6965324878692627,0.005834400653839111,0.031193971633911133,0,0,INCORRECT
contriever,aops,aops_2017_AIME_II_Problems/Problem_3,0.7722376585006714,0.0036007165908813477,0.04406940937042236,0,0,CORRECT
contriever,earth_science,8,0.7275816202163696,0.09053677320480347,0.1512817144393921,0,1,INCORRECT
contriever,earth_science,0,0.6817164421081543,0.041351258754730225,0.09864360094070435,0,0,CORRECT
contriever,earth_science,10,0.716978907585144,0.06320953369140625,0.09613549709320068,0,0,INCORRECT
contriever,earth_science,2,0.7328718900680542,0.058980345726013184,0.10308468341827393,0,1,INCORRECT
contriever,earth_science,13,0.7095917463302612,0.016057610511779785,0.06853330135345459,0,1,CORRECT
contriever,earth_science,11,0.8034504652023315,0.05587613582611084,0.1232597827911377,0,1,CORRECT
contriever,earth_science,7,0.8209164142608643,0.04592925310134888,0.10682368278503418,0,0,CORRECT
contriever,earth_science,3,0.8679749965667725,0.09073406457901001,0.15803223848342896,1,1,CORRECT
contriever,earth_science,9,0.8185663223266602,0.05017900466918945,0.08288955688476562,0,0,INCORRECT
contriever,earth_science,15,0.7203189134597778,0.03856348991394043,0.07342886924743652,0,1,CORRECT
contriever,earth_science,6,0.7907617092132568,0.0594668984413147,0.09825026988983154,0,1,CORRECT
contriever,earth_science,12,0.7737722396850586,0.028687477111816406,0.07061159610748291,0,1,INCORRECT
contriever,earth_science,17,0.8435335755348206,0.07491713762283325,0.1546231508255005,0,0,CORRECT
contriever,earth_science,5,0.7445358633995056,0.043358445167541504,0.11274635791778564,0,0,CORRECT
contriever,earth_science,14,0.657403826713562,0.027599692344665527,0.055633366107940674,0,0,CORRECT
contriever,earth_science,28,0.6756304502487183,0.01203298568725586,0.048665523529052734,0,1,INCORRECT
contriever,earth_science,19,0.7821636199951172,0.03087705373764038,0.08086717128753662,1,1,CORRECT
contriever,earth_science,16,0.6998553276062012,0.08575338125228882,0.1735605001449585,0,0,CORRECT
contriever,earth_science,18,0.7625546455383301,0.022845745086669922,0.0556415319442749,0,1,CORRECT
contriever,earth_science,23,0.6228647828102112,0.061834633350372314,0.10143601894378662,0,0,INCORRECT
contriever,earth_science,25,0.6119301319122314,0.03682756423950195,0.05712157487869263,0,1,INCORRECT
contriever,earth_science,27,0.6664742231369019,0.014748930931091309,0.06665939092636108,0,1,CORRECT
contriever,earth_science,20,0.7104769945144653,0.0310591459274292,0.07071316242218018,1,1,CORRECT
contriever,earth_science,39,0.7458153367042542,0.03669184446334839,0.10874933004379272,1,1,CORRECT
contriever,earth_science,24,0.7490812540054321,0.03625214099884033,0.09955620765686035,1,1,CORRECT
contriever,earth_science,26,0.8534902930259705,0.08804553747177124,0.15157639980316162,0,1,CORRECT
contriever,earth_science,21,0.6906768083572388,0.02776879072189331,0.0993909239768982,0,0,INCORRECT
contriever,earth_science,22,0.6886749267578125,0.03517729043960571,0.08447051048278809,0,1,INCORRECT
contriever,earth_science,31,0.7222355604171753,0.02882486581802368,0.07059848308563232,1,1,CORRECT
contriever,earth_science,32,0.669729471206665,0.02210336923599243,0.044936299324035645,0,0,CORRECT
contriever,earth_science,33,0.6922508478164673,0.015317082405090332,0.04428786039352417,0,0,CORRECT
contriever,earth_science,37,0.7986172437667847,0.08947181701660156,0.141262948513031,0,0,INCORRECT
contriever,earth_science,38,0.5139070749282837,0.01278233528137207,0.046358346939086914,0,1,INCORRECT
contriever,earth_science,30,0.773262619972229,0.04082167148590088,0.10475218296051025,0,0,CORRECT
contriever,earth_science,29,0.7181606292724609,0.0725717544555664,0.11487197875976562,0,0,INCORRECT
contriever,earth_science,36,0.8340880870819092,0.10489177703857422,0.17099368572235107,0,1,CORRECT
contriever,earth_science,40,0.6624417304992676,0.03860896825790405,0.06324207782745361,0,0,INCORRECT
contriever,earth_science,50,0.6694576740264893,0.009042441844940186,0.052077531814575195,0,0,INCORRECT
contriever,earth_science,45,0.6621884703636169,0.07791835069656372,0.13172191381454468,0,1,INCORRECT
contriever,earth_science,35,0.6714903116226196,0.023301362991333008,0.06116032600402832,0,1,CORRECT
contriever,earth_science,34,0.7655831575393677,0.06268846988677979,0.11585170030593872,0,0,INCORRECT
contriever,earth_science,43,0.6348316669464111,0.03931629657745361,0.07980287075042725,0,1,INCORRECT
contriever,earth_science,41,0.7068375945091248,0.03700309991836548,0.08568388223648071,1,1,CORRECT
contriever,earth_science,42,0.6701996326446533,0.06581354141235352,0.11129641532897949,0,0,CORRECT
contriever,earth_science,53,0.878781259059906,0.08970725536346436,0.1435173749923706,0,0,CORRECT
contriever,earth_science,52,0.5927913188934326,0.02070164680480957,0.0374751091003418,0,1,CORRECT
contriever,earth_science,44,0.7930201292037964,0.0206679105758667,0.09654343128204346,0,1,CORRECT
contriever,earth_science,51,0.7752063274383545,0.04931139945983887,0.12655967473983765,1,1,CORRECT
contriever,earth_science,49,0.7189480066299438,0.046746671199798584,0.11601769924163818,1,1,CORRECT
contriever,earth_science,47,0.6732020974159241,0.021476686000823975,0.06411296129226685,0,1,INCORRECT
contriever,earth_science,46,0.8170762658119202,0.07208627462387085,0.19418424367904663,1,1,CORRECT
contriever,earth_science,48,0.7321630120277405,0.027091026306152344,0.06093311309814453,0,0,CORRECT
contriever,earth_science,57,0.7142717838287354,0.0433347225189209,0.0848463773727417,1,1,CORRECT
contriever,earth_science,55,0.8155509829521179,0.06023317575454712,0.14576977491378784,0,0,INCORRECT
contriever,earth_science,58,0.7644594311714172,0.04054492712020874,0.14370816946029663,0,0,INCORRECT
contriever,earth_science,54,0.610264778137207,0.024161696434020996,0.09556424617767334,1,1,CORRECT
contriever,earth_science,56,0.6612164378166199,0.04908961057662964,0.09417396783828735,1,1,CORRECT
contriever,earth_science,60,0.7161870002746582,0.07829552888870239,0.15932577848434448,0,0,CORRECT
contriever,earth_science,63,0.6858572363853455,0.038130104541778564,0.07762378454208374,0,0,CORRECT
contriever,earth_science,59,0.6592053174972534,0.028244078159332275,0.07099401950836182,0,0,CORRECT
contriever,earth_science,67,0.7832596302032471,0.10926210880279541,0.15811586380004883,1,1,INCORRECT
contriever,earth_science,68,0.6281476020812988,0.04504752159118652,0.08417069911956787,1,1,CORRECT
contriever,earth_science,72,0.5919650793075562,0.04139232635498047,0.09214669466018677,1,1,CORRECT
contriever,earth_science,62,0.6524233818054199,0.03669476509094238,0.09024524688720703,1,1,CORRECT
contriever,earth_science,64,0.6589860916137695,0.02521193027496338,0.0746120810508728,0,0,CORRECT
contriever,earth_science,69,0.6782481074333191,0.06604737043380737,0.13553273677825928,1,1,CORRECT
contriever,earth_science,66,0.689462423324585,0.013774991035461426,0.05579876899719238,1,1,CORRECT
contriever,earth_science,71,0.6818256974220276,0.06789618730545044,0.11996859312057495,1,1,CORRECT
contriever,earth_science,70,0.6313029527664185,0.03879666328430176,0.06811392307281494,0,0,CORRECT
contriever,earth_science,61,0.8058769106864929,0.06816518306732178,0.0933104157447815,0,0,INCORRECT
contriever,earth_science,65,0.7179510593414307,0.058226943016052246,0.11616432666778564,1,1,CORRECT
contriever,earth_science,73,0.6275750994682312,0.036856770515441895,0.07402020692825317,1,1,CORRECT
contriever,earth_science,74,0.6315969228744507,0.04145610332489014,0.08354640007019043,0,1,CORRECT
contriever,earth_science,76,0.6577849984169006,0.01911383867263794,0.06492072343826294,0,1,CORRECT
contriever,earth_science,75,0.7067282199859619,0.018179774284362793,0.04679363965988159,0,0,CORRECT
contriever,earth_science,87,0.76584792137146,0.06806153059005737,0.15810072422027588,1,1,CORRECT
contriever,earth_science,84,0.6611407399177551,0.05541115999221802,0.1004909873008728,0,0,INCORRECT
contriever,earth_science,78,0.7052684426307678,0.03621751070022583,0.07223349809646606,0,0,CORRECT
contriever,earth_science,86,0.6904268264770508,0.09365332126617432,0.1444820761680603,0,0,INCORRECT
contriever,earth_science,85,0.5556520223617554,0.020393192768096924,0.04842531681060791,1,1,CORRECT
contriever,earth_science,77,0.7720135450363159,0.039524197578430176,0.0761336088180542,0,0,CORRECT
contriever,earth_science,79,0.8155916929244995,0.037979960441589355,0.0980682373046875,0,0,CORRECT
contriever,earth_science,80,0.6882261037826538,0.057575345039367676,0.13118207454681396,1,1,CORRECT
contriever,earth_science,82,0.785126805305481,0.019896984100341797,0.0863906741142273,1,1,CORRECT
contriever,earth_science,83,0.643166720867157,0.062092483043670654,0.1058306097984314,1,1,CORRECT
contriever,earth_science,81,0.846145510673523,0.04043126106262207,0.08967262506484985,1,1,CORRECT
contriever,earth_science,88,0.6604028940200806,0.08508467674255371,0.1349969506263733,1,1,CORRECT
contriever,earth_science,97,0.5918399095535278,0.02944636344909668,0.06209826469421387,0,0,INCORRECT
contriever,earth_science,96,0.7901853322982788,0.02519392967224121,0.06624579429626465,0,0,CORRECT
contriever,earth_science,94,0.6766079664230347,0.025420188903808594,0.06284081935882568,0,0,INCORRECT
contriever,earth_science,102,0.6575613021850586,0.03830361366271973,0.07354795932769775,0,0,CORRECT
contriever,earth_science,91,0.657626211643219,0.03222459554672241,0.11530923843383789,0,1,CORRECT
contriever,earth_science,101,0.7882286906242371,0.09135037660598755,0.1606575846672058,1,1,CORRECT
contriever,earth_science,100,0.678808331489563,0.046976685523986816,0.11667275428771973,0,0,INCORRECT
contriever,earth_science,92,0.6675960421562195,0.01817554235458374,0.04646497964859009,0,0,INCORRECT
contriever,earth_science,90,0.7134479284286499,0.03992938995361328,0.0718839168548584,0,0,CORRECT
contriever,earth_science,89,0.6809163689613342,0.03231316804885864,0.06711381673812866,0,0,INCORRECT
contriever,earth_science,95,0.7874345779418945,0.03208470344543457,0.08033013343811035,0,0,INCORRECT
contriever,earth_science,93,0.768051266670227,0.07618463039398193,0.11487913131713867,0,1,CORRECT
contriever,earth_science,99,0.6955184936523438,0.04060184955596924,0.10743796825408936,0,0,CORRECT
contriever,earth_science,98,0.6394933462142944,0.03997159004211426,0.07752275466918945,1,1,CORRECT
contriever,earth_science,104,0.6161303520202637,0.021586298942565918,0.053240060806274414,0,1,INCORRECT
contriever,earth_science,103,0.7523748874664307,0.024376392364501953,0.04830896854400635,0,1,CORRECT
contriever,earth_science,106,0.7246478796005249,0.058676302433013916,0.12150830030441284,0,0,INCORRECT
contriever,earth_science,110,0.6227269172668457,0.012237489223480225,0.05245935916900635,0,1,CORRECT
contriever,earth_science,107,0.6517083644866943,0.045859575271606445,0.07952111959457397,0,0,CORRECT
contriever,earth_science,105,0.6716466546058655,0.0544474720954895,0.07989251613616943,0,0,CORRECT
contriever,earth_science,114,0.6505846977233887,0.04595303535461426,0.07661652565002441,0,0,CORRECT
contriever,earth_science,112,0.7049428224563599,0.023914039134979248,0.08608835935592651,0,0,INCORRECT
contriever,earth_science,113,0.6105795502662659,0.05587446689605713,0.1315430998802185,0,1,INCORRECT
contriever,earth_science,111,0.7483576536178589,0.019793391227722168,0.0984565019607544,0,0,CORRECT
contriever,earth_science,109,0.7695720791816711,0.06723767518997192,0.09896498918533325,0,1,INCORRECT
contriever,earth_science,108,0.5914061069488525,0.01882946491241455,0.05482965707778931,0,0,CORRECT
contriever,earth_science,115,0.7123311758041382,0.11640739440917969,0.17010140419006348,0,1,CORRECT
contriever,economics,0,0.7026495933532715,0.07022857666015625,0.11209654808044434,0,0,INCORRECT
contriever,economics,1,0.6585019826889038,0.035088539123535156,0.08746576309204102,0,1,INCORRECT
contriever,economics,3,0.7141658663749695,0.01523733139038086,0.06110745668411255,0,1,CORRECT
contriever,economics,2,0.7697076797485352,0.031704485416412354,0.05938529968261719,0,0,INCORRECT
contriever,economics,9,0.6813287734985352,0.027747511863708496,0.05284726619720459,0,0,INCORRECT
contriever,economics,4,0.7268643379211426,0.05970996618270874,0.10562765598297119,0,0,CORRECT
contriever,economics,12,0.6504313349723816,0.015597820281982422,0.05593562126159668,0,0,CORRECT
contriever,economics,5,0.6816449165344238,0.022101879119873047,0.10836821794509888,0,0,CORRECT
contriever,economics,8,0.8185800313949585,0.014519453048706055,0.06929290294647217,0,0,CORRECT
contriever,economics,6,0.773043155670166,0.06729793548583984,0.11312907934188843,0,0,INCORRECT
contriever,economics,7,0.6947282552719116,0.021451056003570557,0.07748490571975708,0,0,CORRECT
contriever,economics,10,0.8089319467544556,0.028648972511291504,0.0748518705368042,0,0,INCORRECT
contriever,economics,15,0.8179354071617126,0.011360347270965576,0.047630369663238525,0,0,INCORRECT
contriever,economics,14,0.8227545022964478,0.03161954879760742,0.11558151245117188,0,0,INCORRECT
contriever,economics,13,0.5945926904678345,0.03141540288925171,0.07913166284561157,0,0,CORRECT
contriever,economics,11,0.6888672113418579,0.0300753116607666,0.0735052227973938,0,0,CORRECT
contriever,economics,16,0.6917221546173096,0.03974199295043945,0.06764429807662964,0,0,CORRECT
contriever,economics,17,0.7370701432228088,0.020861566066741943,0.06849604845046997,1,1,CORRECT
contriever,economics,19,0.6221029758453369,0.013150572776794434,0.03577065467834473,0,0,CORRECT
contriever,economics,18,0.6938943266868591,0.010693848133087158,0.050006210803985596,1,1,CORRECT
contriever,economics,20,0.758097767829895,0.02986884117126465,0.06514424085617065,0,0,INCORRECT
contriever,economics,22,0.7845367789268494,0.04370909929275513,0.09926110506057739,0,1,INCORRECT
contriever,economics,21,0.6977812051773071,0.021985173225402832,0.06446754932403564,1,1,CORRECT
contriever,economics,23,0.6931689977645874,0.014855742454528809,0.04927182197570801,0,0,INCORRECT
contriever,economics,24,0.6823541522026062,0.035796403884887695,0.08703166246414185,0,0,CORRECT
contriever,economics,32,0.710473358631134,0.02195841073989868,0.0495339035987854,0,1,INCORRECT
contriever,economics,25,0.7874695062637329,0.09026944637298584,0.1281893253326416,1,1,CORRECT
contriever,economics,27,0.8339481353759766,0.0430300235748291,0.09900927543640137,0,1,CORRECT
contriever,economics,29,0.7128841876983643,0.03924703598022461,0.10250520706176758,1,1,CORRECT
contriever,economics,30,0.6861443519592285,0.0344463586807251,0.08246546983718872,0,0,INCORRECT
contriever,economics,28,0.6749125719070435,0.029189586639404297,0.06460636854171753,1,1,CORRECT
contriever,economics,31,0.647526741027832,0.013297557830810547,0.05087387561798096,0,0,CORRECT
contriever,economics,26,0.7065751552581787,0.038794755935668945,0.08352935314178467,1,1,CORRECT
contriever,economics,33,0.8348243236541748,0.08568567037582397,0.14607805013656616,1,1,CORRECT
contriever,economics,34,0.6966389417648315,0.05891305208206177,0.10313296318054199,1,1,CORRECT
contriever,economics,35,0.6805602312088013,0.02174222469329834,0.04512143135070801,0,0,INCORRECT
contriever,economics,38,0.8053238391876221,0.030388355255126953,0.09263324737548828,0,0,CORRECT
contriever,economics,41,0.7383866310119629,0.024197697639465332,0.0834813117980957,0,0,CORRECT
contriever,economics,36,0.6219305396080017,0.013573288917541504,0.05518680810928345,0,1,CORRECT
contriever,economics,37,0.8406640291213989,0.06490206718444824,0.1427006721496582,0,0,CORRECT
contriever,economics,39,0.7195230722427368,0.006287217140197754,0.03286874294281006,0,1,CORRECT
contriever,economics,44,0.7072486877441406,0.04657936096191406,0.07631206512451172,0,0,CORRECT
contriever,economics,40,0.7603386640548706,0.051843225955963135,0.12784349918365479,0,0,CORRECT
contriever,economics,42,0.6359586715698242,0.05574965476989746,0.07642853260040283,0,0,CORRECT
contriever,economics,43,0.6684727668762207,0.04133927822113037,0.07056331634521484,0,0,INCORRECT
contriever,economics,45,0.7112204432487488,0.025219976902008057,0.07512974739074707,0,0,INCORRECT
contriever,economics,47,0.8043602705001831,0.02615457773208618,0.06273990869522095,0,0,INCORRECT
contriever,economics,46,0.6986095905303955,0.03988528251647949,0.09062552452087402,1,1,CORRECT
contriever,economics,48,0.833797812461853,0.055208802223205566,0.11502212285995483,0,0,INCORRECT
contriever,economics,53,0.671053409576416,0.026443958282470703,0.0809827446937561,0,0,INCORRECT
contriever,economics,50,0.7448716163635254,0.021718978881835938,0.08160156011581421,0,0,INCORRECT
contriever,economics,49,0.6425879001617432,0.03251945972442627,0.07614028453826904,1,1,CORRECT
contriever,economics,55,0.6676074266433716,0.027241170406341553,0.060320138931274414,0,1,INCORRECT
contriever,economics,52,0.8008341789245605,0.03815925121307373,0.12111437320709229,0,0,INCORRECT
contriever,economics,62,0.6951857805252075,0.04803884029388428,0.11056721210479736,0,0,INCORRECT
contriever,economics,54,0.7188602089881897,0.021453261375427246,0.08992069959640503,0,0,CORRECT
contriever,economics,65,0.5615736246109009,0.03429412841796875,0.05181378126144409,0,0,INCORRECT
contriever,economics,63,0.6718401312828064,0.05273646116256714,0.0922960638999939,0,0,INCORRECT
contriever,economics,66,0.764086127281189,0.02873086929321289,0.07960808277130127,0,0,INCORRECT
contriever,economics,57,0.7069764137268066,0.029532551765441895,0.060803890228271484,1,1,CORRECT
contriever,economics,58,0.8191986083984375,0.019039928913116455,0.07960772514343262,0,0,CORRECT
contriever,economics,56,0.7501904368400574,0.1367255449295044,0.16347455978393555,1,1,CORRECT
contriever,economics,60,0.7972584962844849,0.021653294563293457,0.04583907127380371,0,0,INCORRECT
contriever,economics,61,0.7773939371109009,0.05703020095825195,0.1043926477432251,0,0,CORRECT
contriever,economics,59,0.6799026131629944,0.02196592092514038,0.04762721061706543,0,0,CORRECT
contriever,economics,64,0.6013023853302002,0.006814241409301758,0.05494248867034912,0,0,INCORRECT
contriever,economics,69,0.7605928182601929,0.048217058181762695,0.09895801544189453,0,1,INCORRECT
contriever,economics,78,0.7745957374572754,0.037940800189971924,0.0807960033416748,0,0,CORRECT
contriever,economics,71,0.669471263885498,0.05241858959197998,0.05931997299194336,0,0,CORRECT
contriever,economics,72,0.6267582178115845,0.030162513256072998,0.06918525695800781,0,0,CORRECT
contriever,economics,67,0.7607228755950928,0.05322766304016113,0.11088448762893677,0,0,CORRECT
contriever,economics,68,0.696614146232605,0.10308825969696045,0.12570106983184814,1,1,CORRECT
contriever,economics,70,0.7862843871116638,0.17076808214187622,0.21297204494476318,1,1,CORRECT
contriever,economics,73,0.734229326248169,0.030186712741851807,0.07065176963806152,0,0,CORRECT
contriever,economics,81,0.7261122465133667,0.014579296112060547,0.07319074869155884,0,0,INCORRECT
contriever,economics,80,0.7915769815444946,0.1293027400970459,0.21049046516418457,0,0,CORRECT
contriever,economics,87,0.7327755093574524,0.04775071144104004,0.08894497156143188,0,0,INCORRECT
contriever,economics,79,0.6519428491592407,0.010109305381774902,0.056244611740112305,1,1,CORRECT
contriever,economics,76,0.8014152646064758,0.13645631074905396,0.18917304277420044,0,0,INCORRECT
contriever,economics,77,0.6742123365402222,0.03420817852020264,0.05975586175918579,0,0,INCORRECT
contriever,economics,74,0.7056659460067749,0.028713464736938477,0.09812474250793457,0,0,CORRECT
contriever,economics,88,0.6360836029052734,0.02959120273590088,0.06858628988265991,0,0,INCORRECT
contriever,economics,75,0.6878318786621094,0.03915894031524658,0.08109074831008911,0,0,CORRECT
contriever,economics,82,0.7277445793151855,0.01545417308807373,0.0474085807800293,0,0,CORRECT
contriever,economics,90,0.7487677931785583,0.043405234813690186,0.08892822265625,0,0,CORRECT
contriever,economics,97,0.6663858294487,0.019303619861602783,0.05676800012588501,0,0,INCORRECT
contriever,economics,93,0.7032440304756165,0.06577235460281372,0.11784631013870239,1,1,INCORRECT
contriever,economics,86,0.6999277472496033,0.03332781791687012,0.08044463396072388,0,0,INCORRECT
contriever,economics,84,0.8514647483825684,0.1593298316001892,0.22732365131378174,1,1,CORRECT
contriever,economics,83,0.7499986886978149,0.03097909688949585,0.06856048107147217,1,1,CORRECT
contriever,economics,85,0.6790276169776917,0.03624933958053589,0.14175784587860107,1,1,CORRECT
contriever,economics,89,0.6172324419021606,0.022047042846679688,0.0784221887588501,1,1,CORRECT
contriever,economics,94,0.7610584497451782,0.0689551830291748,0.1434604525566101,0,0,CORRECT
contriever,economics,92,0.6974561214447021,0.04291987419128418,0.10026836395263672,1,1,INCORRECT
contriever,economics,96,0.6914611458778381,0.05155056715011597,0.08103829622268677,1,1,CORRECT
contriever,economics,98,0.7916428446769714,0.14743226766586304,0.22910183668136597,0,1,CORRECT
contriever,economics,95,0.7335832118988037,0.06513148546218872,0.11047124862670898,0,1,CORRECT
contriever,economics,91,0.6627579927444458,0.05326282978057861,0.09715235233306885,0,0,INCORRECT
contriever,economics,99,0.7454957962036133,0.029928207397460938,0.08748751878738403,0,0,CORRECT
contriever,economics,102,0.726091742515564,0.021857142448425293,0.1215369701385498,0,0,INCORRECT
contriever,economics,100,0.7026270627975464,0.019721508026123047,0.040636301040649414,0,0,CORRECT
contriever,economics,101,0.8174358606338501,0.042531609535217285,0.12404799461364746,0,0,INCORRECT
contriever,leetcode,1,0.7639744281768799,0.16691482067108154,0.20678138732910156,1,1,INCORRECT
contriever,leetcode,2,0.8084680438041687,0.17115527391433716,0.2335222363471985,1,1,CORRECT
contriever,leetcode,4,0.8516026735305786,0.09303545951843262,0.12171024084091187,0,0,CORRECT
contriever,leetcode,3,0.7405739426612854,0.014277875423431396,0.05938500165939331,0,1,CORRECT
contriever,leetcode,0,0.7799251079559326,0.06562268733978271,0.115303635597229,1,1,INCORRECT
contriever,leetcode,9,0.876213788986206,0.1871488094329834,0.21836674213409424,1,1,CORRECT
contriever,leetcode,7,0.8407423496246338,0.1569894552230835,0.2049158215522766,0,1,INCORRECT
contriever,leetcode,8,0.7930929660797119,0.019703984260559082,0.05449986457824707,0,0,CORRECT
contriever,leetcode,11,0.6837122440338135,0.0729374885559082,0.09729242324829102,0,0,CORRECT
contriever,leetcode,5,0.9345996379852295,0.2336013913154602,0.26059234142303467,1,1,CORRECT
contriever,leetcode,10,0.7077380418777466,0.0592423677444458,0.07563745975494385,1,1,CORRECT
contriever,leetcode,6,0.9107669591903687,0.1911759376525879,0.2079799771308899,1,1,CORRECT
contriever,leetcode,12,0.6529562473297119,0.04039347171783447,0.06121152639389038,0,0,INCORRECT
contriever,leetcode,18,0.7748086452484131,0.09267914295196533,0.13671672344207764,1,1,CORRECT
contriever,leetcode,14,0.803523063659668,0.16234397888183594,0.1834283471107483,1,1,CORRECT
contriever,leetcode,16,0.7029643058776855,0.05964529514312744,0.08674144744873047,0,0,CORRECT
contriever,leetcode,19,0.736456036567688,0.07780623435974121,0.09879457950592041,0,0,CORRECT
contriever,leetcode,15,0.8247252702713013,0.0255393385887146,0.07180929183959961,1,1,CORRECT
contriever,leetcode,17,0.8008694648742676,0.07400304079055786,0.09369051456451416,1,1,CORRECT
contriever,leetcode,13,0.8299680948257446,0.034804701805114746,0.08980846405029297,0,0,CORRECT
contriever,leetcode,22,0.7775725722312927,0.05621206760406494,0.10676062107086182,1,1,CORRECT
contriever,leetcode,20,0.8536458611488342,0.14904284477233887,0.1891641616821289,0,0,CORRECT
contriever,leetcode,21,0.8534672856330872,0.1591596007347107,0.19802027940750122,1,1,CORRECT
contriever,leetcode,23,0.7157878875732422,0.029235005378723145,0.059019625186920166,0,0,CORRECT
contriever,leetcode,25,0.724204957485199,0.044822633266448975,0.09734821319580078,0,0,CORRECT
contriever,leetcode,26,0.8022276163101196,0.06546652317047119,0.0971975326538086,1,1,CORRECT
contriever,leetcode,24,0.8137600421905518,0.05762183666229248,0.08802688121795654,0,0,CORRECT
contriever,leetcode,27,0.7636659145355225,0.019472241401672363,0.04889941215515137,0,1,CORRECT
contriever,leetcode,28,0.6024186611175537,0.02595752477645874,0.053255677223205566,0,0,INCORRECT
contriever,leetcode,31,0.806769609451294,0.14018094539642334,0.16487497091293335,1,1,INCORRECT
contriever,leetcode,29,0.7911407947540283,0.04112553596496582,0.12331712245941162,1,1,CORRECT
contriever,leetcode,32,0.7521411180496216,0.03417325019836426,0.06186211109161377,0,0,CORRECT
contriever,leetcode,30,0.7743393182754517,0.029973506927490234,0.05958956480026245,0,1,CORRECT
contriever,leetcode,33,0.8633587956428528,0.056244611740112305,0.1317356824874878,1,1,CORRECT
contriever,leetcode,34,0.8337145447731018,0.09732687473297119,0.14302819967269897,1,1,CORRECT
contriever,leetcode,35,0.70218825340271,0.013760387897491455,0.03848862648010254,0,1,INCORRECT
contriever,leetcode,38,0.7449209094047546,0.04779785871505737,0.07039302587509155,0,0,INCORRECT
contriever,leetcode,37,0.7632871270179749,0.03740197420120239,0.06286734342575073,0,1,CORRECT
contriever,leetcode,41,0.830522894859314,0.023088812828063965,0.08561170101165771,0,1,INCORRECT
contriever,leetcode,40,0.7708174586296082,0.045177161693573,0.08783131837844849,1,1,CORRECT
contriever,leetcode,39,0.7786603569984436,0.03483080863952637,0.07036274671554565,0,0,CORRECT
contriever,leetcode,36,0.727286159992218,0.014164984226226807,0.03482156991958618,0,0,CORRECT
contriever,leetcode,43,0.8489499092102051,0.12245011329650879,0.191012442111969,1,1,INCORRECT
contriever,leetcode,47,0.743151068687439,0.03750878572463989,0.0718948245048523,0,0,CORRECT
contriever,leetcode,48,0.8098492622375488,0.09342575073242188,0.1231151819229126,1,1,CORRECT
contriever,leetcode,44,0.7076566219329834,0.03844219446182251,0.07006585597991943,0,0,CORRECT
contriever,leetcode,46,0.7558972835540771,0.019907772541046143,0.05257093906402588,1,1,CORRECT
contriever,leetcode,45,0.8115553855895996,0.019510626792907715,0.05711793899536133,0,0,INCORRECT
contriever,leetcode,42,0.884972333908081,0.08336114883422852,0.12349116802215576,1,1,CORRECT
contriever,leetcode,49,0.8562785387039185,0.014495491981506348,0.03845536708831787,0,0,INCORRECT
contriever,leetcode,51,0.7756167054176331,0.014306068420410156,0.03830832242965698,0,0,INCORRECT
contriever,leetcode,52,0.7536953091621399,0.04078096151351929,0.08193850517272949,0,0,INCORRECT
contriever,leetcode,53,0.7727968096733093,0.010650813579559326,0.051039159297943115,1,1,INCORRECT
contriever,leetcode,50,0.8295797109603882,0.06723541021347046,0.10096138715744019,0,1,CORRECT
contriever,leetcode,55,0.818764328956604,0.10218167304992676,0.19326543807983398,0,0,CORRECT
contriever,leetcode,56,0.8826737403869629,0.16510260105133057,0.21592360734939575,0,0,INCORRECT
contriever,leetcode,54,0.7595462799072266,0.05144369602203369,0.07341372966766357,0,1,CORRECT
contriever,leetcode,63,0.748436450958252,0.11534035205841064,0.14343690872192383,0,0,INCORRECT
contriever,leetcode,58,0.8242380619049072,0.025974810123443604,0.18557727336883545,1,1,CORRECT
contriever,leetcode,61,0.7777576446533203,0.026342272758483887,0.08448731899261475,0,1,INCORRECT
contriever,leetcode,57,0.7500962615013123,0.048564016819000244,0.0836607813835144,0,1,CORRECT
contriever,leetcode,60,0.8243894577026367,0.06710314750671387,0.1392807960510254,0,0,INCORRECT
contriever,leetcode,62,0.8736448884010315,0.025882184505462646,0.2399854063987732,1,1,CORRECT
contriever,leetcode,59,0.7404550313949585,0.041928648948669434,0.08078014850616455,0,0,CORRECT
contriever,leetcode,64,0.7462399005889893,0.0630841851234436,0.08278441429138184,0,0,CORRECT
contriever,leetcode,66,0.6805185675621033,0.029169738292694092,0.04766970872879028,0,0,CORRECT
contriever,leetcode,65,0.7876701354980469,0.15620380640029907,0.18376433849334717,1,1,CORRECT
contriever,leetcode,71,0.7655221819877625,0.07330554723739624,0.10217887163162231,1,1,CORRECT
contriever,leetcode,68,0.7175424098968506,0.05697453022003174,0.08238792419433594,0,0,CORRECT
contriever,leetcode,69,0.6215195655822754,0.04364979267120361,0.06628310680389404,0,0,CORRECT
contriever,leetcode,70,0.7576960325241089,0.04275232553482056,0.08790969848632812,1,1,CORRECT
contriever,leetcode,67,0.8883394598960876,0.08180093765258789,0.23306185007095337,1,1,CORRECT
contriever,leetcode,75,0.7349571585655212,0.023783624172210693,0.048690617084503174,0,0,CORRECT
contriever,leetcode,74,0.731562614440918,0.05299341678619385,0.08837807178497314,0,0,INCORRECT
contriever,leetcode,77,0.7215516567230225,0.028094768524169922,0.07682180404663086,0,0,INCORRECT
contriever,leetcode,76,0.7225559949874878,0.026706159114837646,0.0491180419921875,0,0,INCORRECT
contriever,leetcode,73,0.7787090539932251,0.030600368976593018,0.0715455412864685,0,1,CORRECT
contriever,leetcode,72,0.7010504603385925,0.023137569427490234,0.041740596294403076,0,0,CORRECT
contriever,leetcode,78,0.7755950689315796,0.042891740798950195,0.09673058986663818,1,1,CORRECT
contriever,leetcode,79,0.797855019569397,0.10781633853912354,0.1483287811279297,1,1,INCORRECT
contriever,leetcode,85,0.7593585252761841,0.018997669219970703,0.05107831954956055,0,1,CORRECT
contriever,leetcode,82,0.8187127113342285,0.022045552730560303,0.060015082359313965,0,1,CORRECT
contriever,leetcode,83,0.8169413208961487,0.10646241903305054,0.13836747407913208,1,1,INCORRECT
contriever,leetcode,81,0.8639893531799316,0.16570031642913818,0.21209979057312012,1,1,INCORRECT
contriever,leetcode,80,0.8926145434379578,0.17813163995742798,0.19883126020431519,1,1,INCORRECT
contriever,leetcode,84,0.6339662671089172,0.02268660068511963,0.04166799783706665,0,0,CORRECT
contriever,leetcode,86,0.6661166548728943,0.01202768087387085,0.03950685262680054,0,0,CORRECT
contriever,leetcode,93,0.7159346342086792,0.026258349418640137,0.04081094264984131,0,0,CORRECT
contriever,leetcode,89,0.7966275811195374,0.05455899238586426,0.09309655427932739,0,0,CORRECT
contriever,leetcode,92,0.8091250658035278,0.032534241676330566,0.11677491664886475,0,1,INCORRECT
contriever,leetcode,91,0.7879420518875122,0.012588798999786377,0.05406057834625244,0,1,CORRECT
contriever,leetcode,88,0.8475725054740906,0.03959399461746216,0.08231848478317261,1,1,CORRECT
contriever,leetcode,90,0.7838181257247925,0.031122803688049316,0.07667624950408936,0,1,CORRECT
contriever,leetcode,87,0.8604218363761902,0.1345537304878235,0.17051929235458374,0,0,CORRECT
contriever,leetcode,94,0.6823092699050903,0.02008950710296631,0.06034374237060547,0,1,CORRECT
contriever,leetcode,97,0.8169471025466919,0.035453975200653076,0.08916807174682617,0,1,INCORRECT
contriever,leetcode,95,0.8185611963272095,0.07757508754730225,0.12784981727600098,1,1,CORRECT
contriever,leetcode,99,0.8609044551849365,0.2520524263381958,0.2791959047317505,1,1,INCORRECT
contriever,leetcode,96,0.7662082314491272,0.029472291469573975,0.07572835683822632,1,1,CORRECT
contriever,leetcode,100,0.6838095784187317,0.019016385078430176,0.04839140176773071,0,0,CORRECT
contriever,leetcode,98,0.7430853843688965,0.05423617362976074,0.07198035717010498,1,1,INCORRECT
contriever,leetcode,101,0.7876183390617371,0.09848302602767944,0.12443286180496216,0,0,CORRECT
contriever,leetcode,106,0.6750273704528809,0.05150794982910156,0.06852436065673828,0,0,CORRECT
contriever,leetcode,104,0.7515888810157776,0.05893212556838989,0.08325773477554321,0,0,INCORRECT
contriever,leetcode,108,0.658482551574707,0.019421637058258057,0.04916876554489136,0,0,CORRECT
contriever,leetcode,103,0.861772894859314,0.20568931102752686,0.2519339323043823,1,1,CORRECT
contriever,leetcode,102,0.7145575284957886,0.03931689262390137,0.06635260581970215,0,0,INCORRECT
contriever,leetcode,105,0.7528728246688843,0.07728415727615356,0.10840845108032227,0,0,CORRECT
contriever,leetcode,107,0.7724136114120483,0.030667424201965332,0.07239818572998047,0,0,CORRECT
contriever,leetcode,109,0.6265943646430969,0.011528193950653076,0.0294952392578125,0,0,INCORRECT
contriever,leetcode,113,0.7064476013183594,0.027340412139892578,0.07149797677993774,0,1,CORRECT
contriever,leetcode,115,0.8148680329322815,0.02076488733291626,0.0671740174293518,1,1,CORRECT
contriever,leetcode,112,0.737736701965332,0.05920875072479248,0.1138007640838623,0,0,INCORRECT
contriever,leetcode,116,0.7629251480102539,0.02924954891204834,0.06869077682495117,1,1,CORRECT
contriever,leetcode,114,0.7422968149185181,0.027236580848693848,0.050862669944763184,0,0,CORRECT
contriever,leetcode,111,0.7349850535392761,0.022834300994873047,0.08893340826034546,0,0,INCORRECT
contriever,leetcode,110,0.7692425847053528,0.09789121150970459,0.1221570372581482,0,0,CORRECT
contriever,leetcode,117,0.8284072279930115,0.03349137306213379,0.11064666509628296,0,1,CORRECT
contriever,leetcode,119,0.7123380899429321,0.018077492713928223,0.04624128341674805,0,0,INCORRECT
contriever,leetcode,122,0.7891790866851807,0.03268998861312866,0.11953246593475342,0,0,CORRECT
contriever,leetcode,118,0.7668691873550415,0.026094794273376465,0.072548508644104,0,0,CORRECT
contriever,leetcode,123,0.9169300198554993,0.0941232442855835,0.1564260721206665,1,1,CORRECT
contriever,leetcode,121,0.6785030364990234,0.027163684368133545,0.05415475368499756,0,0,CORRECT
contriever,leetcode,124,0.7109904289245605,0.02144336700439453,0.0640268325805664,0,1,INCORRECT
contriever,leetcode,120,0.8449812531471252,0.16990327835083008,0.20682823657989502,0,0,INCORRECT
contriever,leetcode,131,0.7861385345458984,0.008820772171020508,0.04248225688934326,0,0,CORRECT
contriever,leetcode,129,0.6462490558624268,0.015114009380340576,0.03959500789642334,0,1,INCORRECT
contriever,leetcode,125,0.7907406091690063,0.040060997009277344,0.06857436895370483,1,1,CORRECT
contriever,leetcode,128,0.8402009010314941,0.07008838653564453,0.12463140487670898,1,1,CORRECT
contriever,leetcode,126,0.8370131254196167,0.03489887714385986,0.0927819013595581,0,1,INCORRECT
contriever,leetcode,130,0.7533779144287109,0.05307793617248535,0.07575660943984985,0,0,CORRECT
contriever,leetcode,127,0.7411433458328247,0.026000022888183594,0.06937408447265625,0,0,INCORRECT
contriever,leetcode,137,0.640997052192688,0.013115167617797852,0.04841381311416626,0,1,INCORRECT
contriever,leetcode,133,0.7769060730934143,0.06475228071212769,0.10973721742630005,0,0,INCORRECT
contriever,leetcode,132,0.8489601016044617,0.10759323835372925,0.1382405161857605,1,1,CORRECT
contriever,leetcode,134,0.6999378800392151,0.03759688138961792,0.07430380582809448,0,0,CORRECT
contriever,leetcode,135,0.8376469612121582,0.04923039674758911,0.12650227546691895,0,1,CORRECT
contriever,leetcode,136,0.6893742084503174,0.01649010181427002,0.045342445373535156,0,0,CORRECT
contriever,leetcode,138,0.6538371443748474,0.023486793041229248,0.05873805284500122,0,0,CORRECT
contriever,leetcode,139,0.7177913188934326,0.0320967435836792,0.050754547119140625,0,0,INCORRECT
contriever,pony,1,0.6180362701416016,0.02522987127304077,0.04948115348815918,0,0,CORRECT
contriever,pony,0,0.6231522560119629,0.025004863739013672,0.04814457893371582,0,1,CORRECT
contriever,leetcode,140,0.7539694309234619,0.012786567211151123,0.0625847578048706,1,1,CORRECT
contriever,leetcode,141,0.6991714239120483,0.05501323938369751,0.09762018918991089,0,0,INCORRECT
contriever,pony,4,0.656466007232666,0.023044288158416748,0.05180251598358154,0,1,INCORRECT
contriever,pony,3,0.6383867859840393,0.026406586170196533,0.04968804121017456,0,1,INCORRECT
contriever,pony,2,0.6722095012664795,0.016381502151489258,0.04054093360900879,0,0,INCORRECT
contriever,pony,9,0.676377534866333,0.06448149681091309,0.09093219041824341,1,1,CORRECT
contriever,pony,5,0.690279483795166,0.0348505973815918,0.06289279460906982,1,1,INCORRECT
contriever,pony,10,0.651770830154419,0.018740534782409668,0.04159712791442871,1,1,INCORRECT
contriever,pony,7,0.6693042516708374,0.019201219081878662,0.059487223625183105,1,1,INCORRECT
contriever,pony,8,0.6495795845985413,0.048575639724731445,0.08649879693984985,1,1,CORRECT
contriever,pony,6,0.6166291236877441,0.01905381679534912,0.03816688060760498,0,1,INCORRECT
contriever,pony,11,0.5871083736419678,0.021634459495544434,0.04966080188751221,0,1,CORRECT
contriever,economics,51,0.7577167749404907,0.03679591417312622,0.07923758029937744,0,0,INCORRECT
contriever,pony,12,0.6906733512878418,0.05005955696105957,0.08322572708129883,1,1,INCORRECT
contriever,pony,13,0.6218060851097107,0.01839524507522583,0.04758936166763306,0,1,CORRECT
contriever,pony,18,0.6810954809188843,0.05447661876678467,0.07901763916015625,1,1,CORRECT
contriever,pony,19,0.6934913396835327,0.04141873121261597,0.06115126609802246,1,1,CORRECT
contriever,pony,16,0.6052935123443604,0.046288132667541504,0.07163453102111816,0,1,CORRECT
contriever,pony,17,0.649232029914856,0.014592409133911133,0.049275994300842285,0,1,CORRECT
contriever,pony,14,0.6853301525115967,0.06280946731567383,0.07828927040100098,1,1,INCORRECT
contriever,pony,26,0.6407134532928467,0.02652299404144287,0.06398427486419678,1,1,CORRECT
contriever,pony,25,0.6290217638015747,0.027956664562225342,0.048825860023498535,0,1,CORRECT
contriever,pony,23,0.6930627822875977,0.038788437843322754,0.07411772012710571,1,1,CORRECT
contriever,pony,20,0.7309832572937012,0.08721649646759033,0.11421895027160645,1,1,INCORRECT
contriever,pony,15,0.5568352937698364,0.0119856595993042,0.034401893615722656,0,0,INCORRECT
contriever,pony,21,0.6672902703285217,0.038902223110198975,0.06370276212692261,0,1,CORRECT
contriever,pony,24,0.6674944162368774,0.023267507553100586,0.05177813768386841,0,1,INCORRECT
contriever,pony,22,0.6248441338539124,0.01998114585876465,0.03876686096191406,1,1,CORRECT
contriever,pony,27,0.692477822303772,0.04096722602844238,0.07466590404510498,1,1,INCORRECT
contriever,pony,28,0.6375623345375061,0.018321692943572998,0.048250794410705566,0,1,INCORRECT
contriever,pony,34,0.6721411943435669,0.008689165115356445,0.0449908971786499,1,1,CORRECT
contriever,pony,35,0.6950526833534241,0.03958815336227417,0.08507812023162842,1,1,CORRECT
contriever,pony,29,0.6824849843978882,0.025182485580444336,0.058911919593811035,1,1,INCORRECT
contriever,pony,30,0.6368507146835327,0.02218317985534668,0.04978597164154053,1,1,CORRECT
contriever,pony,33,0.6535109877586365,0.009878039360046387,0.04242509603500366,0,1,INCORRECT
contriever,pony,32,0.6337839961051941,0.010569155216217041,0.031243085861206055,0,1,CORRECT
contriever,pony,31,0.5922029614448547,0.02177971601486206,0.043672144412994385,1,1,INCORRECT
contriever,pony,38,0.6451353430747986,0.026092350482940674,0.05825072526931763,1,1,CORRECT
contriever,pony,36,0.6537085771560669,0.013571321964263916,0.04290735721588135,1,1,CORRECT
contriever,pony,42,0.6615303754806519,0.05053389072418213,0.07390528917312622,0,1,CORRECT
contriever,pony,37,0.6628867387771606,0.02994006872177124,0.058453917503356934,0,0,INCORRECT
contriever,pony,39,0.6659442782402039,0.056566476821899414,0.08465909957885742,0,1,CORRECT
contriever,pony,40,0.629318356513977,0.023679137229919434,0.04969596862792969,1,1,CORRECT
contriever,pony,41,0.6245837211608887,0.01591205596923828,0.0359266996383667,0,0,INCORRECT
contriever,pony,43,0.7102639675140381,0.04703414440155029,0.07650238275527954,0,0,CORRECT
contriever,pony,48,0.7300070524215698,0.02355092763900757,0.05777788162231445,0,1,CORRECT
contriever,pony,45,0.681986927986145,0.019554972648620605,0.05243152379989624,1,1,INCORRECT
contriever,pony,44,0.669732391834259,0.014535188674926758,0.04705256223678589,0,1,INCORRECT
contriever,pony,51,0.7147420644760132,0.047902703285217285,0.08910012245178223,1,1,CORRECT
contriever,pony,47,0.5915535688400269,0.020387768745422363,0.06614428758621216,0,1,CORRECT
contriever,pony,50,0.6760700941085815,0.04310941696166992,0.06541216373443604,1,1,CORRECT
contriever,pony,53,0.6652832627296448,0.043226778507232666,0.06483584642410278,1,1,INCORRECT
contriever,pony,49,0.643377423286438,0.008085250854492188,0.04110473394393921,1,1,CORRECT
contriever,pony,52,0.6359928846359253,0.015839219093322754,0.039789438247680664,1,1,INCORRECT
contriever,pony,46,0.6632515788078308,0.016718506813049316,0.048236191272735596,0,1,CORRECT
contriever,pony,54,0.6718416213989258,0.028376102447509766,0.04905974864959717,0,1,CORRECT
contriever,pony,56,0.6865240335464478,0.031970441341400146,0.06802135705947876,1,1,INCORRECT
contriever,pony,58,0.7086228132247925,0.042993366718292236,0.07942396402359009,0,1,CORRECT
contriever,pony,59,0.6964644193649292,0.03220701217651367,0.06254225969314575,1,1,INCORRECT
contriever,pony,60,0.6117292642593384,0.03297865390777588,0.04979050159454346,1,1,CORRECT
contriever,pony,57,0.6790295839309692,0.06362700462341309,0.09624183177947998,0,0,INCORRECT
contriever,pony,55,0.6494225263595581,0.02669394016265869,0.055097341537475586,1,1,CORRECT
contriever,pony,61,0.6419996023178101,0.025838017463684082,0.05965465307235718,1,1,CORRECT
contriever,pony,62,0.5916834473609924,0.016546189785003662,0.03940171003341675,0,1,INCORRECT
contriever,pony,64,0.6482471227645874,0.02646183967590332,0.05887269973754883,1,1,INCORRECT
contriever,pony,68,0.5869408845901489,0.028594255447387695,0.061526596546173096,0,0,CORRECT
contriever,pony,63,0.6429881453514099,0.02430671453475952,0.05261176824569702,1,1,INCORRECT
contriever,pony,66,0.6475042104721069,0.018286585807800293,0.03795593976974487,1,1,CORRECT
contriever,pony,67,0.6714394092559814,0.03158539533615112,0.05648398399353027,0,1,CORRECT
contriever,pony,65,0.6261625289916992,0.018326163291931152,0.04540371894836426,0,1,CORRECT
contriever,pony,69,0.7064175009727478,0.027369022369384766,0.05408817529678345,0,1,CORRECT
contriever,pony,70,0.6316471099853516,0.035315752029418945,0.06494444608688354,1,1,INCORRECT
contriever,pony,74,0.6300991773605347,0.007850885391235352,0.037395477294921875,1,1,INCORRECT
contriever,pony,75,0.6329418420791626,0.027910590171813965,0.052046895027160645,1,1,INCORRECT
contriever,pony,71,0.5934731960296631,0.019997477531433105,0.05298870801925659,1,1,INCORRECT
contriever,pony,77,0.6324189901351929,0.022805213928222656,0.053216755390167236,0,1,INCORRECT
contriever,pony,73,0.5855564475059509,0.0072092413902282715,0.024377286434173584,1,1,CORRECT
contriever,pony,76,0.5656243562698364,0.028014302253723145,0.03979170322418213,0,1,INCORRECT
contriever,pony,72,0.6450848579406738,0.02782517671585083,0.05497521162033081,1,1,CORRECT
contriever,pony,82,0.6348583698272705,0.022455573081970215,0.04295063018798828,1,1,CORRECT
contriever,pony,78,0.6051870584487915,0.023905158042907715,0.04242134094238281,0,1,INCORRECT
contriever,pony,79,0.6731069684028625,0.029183924198150635,0.05372649431228638,1,1,CORRECT
contriever,pony,83,0.6873988509178162,0.023783743381500244,0.06662815809249878,1,1,CORRECT
contriever,pony,80,0.6957188844680786,0.05118107795715332,0.07992005348205566,1,1,INCORRECT
contriever,pony,81,0.6738080382347107,0.021004021167755127,0.06219202280044556,1,1,CORRECT
contriever,pony,84,0.6742593050003052,0.022713065147399902,0.055112481117248535,1,1,CORRECT
contriever,pony,85,0.6852656602859497,0.029708504676818848,0.06167644262313843,1,1,INCORRECT
contriever,pony,87,0.6777794361114502,0.027749359607696533,0.05679476261138916,1,1,INCORRECT
contriever,pony,89,0.6865415573120117,0.018108248710632324,0.06865835189819336,1,1,CORRECT
contriever,pony,86,0.6641808748245239,0.03801465034484863,0.06801211833953857,1,1,INCORRECT
contriever,pony,92,0.6795644760131836,0.02169036865234375,0.05782914161682129,0,1,INCORRECT
contriever,pony,90,0.6436522603034973,0.02801734209060669,0.0525553822517395,0,1,INCORRECT
contriever,pony,88,0.6559177041053772,0.025674521923065186,0.04790395498275757,0,0,INCORRECT
contriever,pony,94,0.6816049814224243,0.019049763679504395,0.06109178066253662,1,1,INCORRECT
contriever,pony,93,0.6601161956787109,0.019623100757598877,0.05245673656463623,1,1,INCORRECT
contriever,pony,91,0.6693369150161743,0.07639026641845703,0.11721938848495483,0,1,INCORRECT
contriever,pony,95,0.6503832340240479,0.0337754487991333,0.06428205966949463,1,1,CORRECT
contriever,pony,97,0.6541029214859009,0.03236114978790283,0.060244083404541016,0,1,CORRECT
contriever,pony,96,0.6422615051269531,0.023307204246520996,0.04414486885070801,1,1,INCORRECT
contriever,pony,98,0.657058835029602,0.018575549125671387,0.03772503137588501,1,1,CORRECT
contriever,pony,100,0.6391167640686035,0.03567230701446533,0.06224775314331055,1,1,CORRECT
contriever,pony,99,0.5921041965484619,0.012326240539550781,0.04761385917663574,0,0,CORRECT
contriever,pony,101,0.6920369863510132,0.053886592388153076,0.08745700120925903,1,1,CORRECT
contriever,pony,103,0.6651442646980286,0.01981985569000244,0.059762418270111084,1,1,INCORRECT
contriever,pony,108,0.5522966384887695,0.02296769618988037,0.04047638177871704,0,1,CORRECT
contriever,pony,110,0.6610603332519531,0.03499484062194824,0.058889687061309814,1,1,INCORRECT
contriever,pony,105,0.6651357412338257,0.012589097023010254,0.03872835636138916,0,1,CORRECT
contriever,pony,109,0.6198041439056396,0.030552685260772705,0.05624568462371826,1,1,INCORRECT
contriever,pony,107,0.6921497583389282,0.032029032707214355,0.0618324875831604,1,1,CORRECT
contriever,psychology,2,0.7101472616195679,0.02143692970275879,0.07539695501327515,0,0,CORRECT
contriever,pony,104,0.6680344343185425,0.03221946954727173,0.05256015062332153,1,1,CORRECT
contriever,pony,106,0.6214540004730225,0.027149736881256104,0.053002774715423584,0,1,CORRECT
contriever,pony,102,0.5745233297348022,0.043347835540771484,0.07326209545135498,1,1,CORRECT
contriever,psychology,3,0.799310564994812,0.09821772575378418,0.21834605932235718,0,0,INCORRECT
contriever,psychology,1,0.5883737802505493,0.05626344680786133,0.10005509853363037,1,1,INCORRECT
contriever,psychology,12,0.7155972719192505,0.004650592803955078,0.03889733552932739,0,0,INCORRECT
contriever,pony,111,0.6730165481567383,0.031211555004119873,0.06208527088165283,1,1,CORRECT
contriever,psychology,17,0.6525249481201172,0.02476370334625244,0.07291078567504883,0,0,INCORRECT
contriever,psychology,0,0.6525654196739197,0.015405058860778809,0.07232505083084106,0,0,CORRECT
contriever,psychology,4,0.6438063979148865,0.016773104667663574,0.041268110275268555,0,0,INCORRECT
contriever,psychology,9,0.6951590776443481,0.048490047454833984,0.0983574390411377,0,1,CORRECT
contriever,psychology,13,0.7571918964385986,0.054774463176727295,0.11718630790710449,0,1,INCORRECT
contriever,psychology,5,0.7899172306060791,0.10862302780151367,0.1473461389541626,0,0,CORRECT
contriever,psychology,16,0.7090628147125244,0.06213545799255371,0.1374572515487671,0,0,CORRECT
contriever,psychology,7,0.6488679051399231,0.03464418649673462,0.060468852519989014,0,0,INCORRECT
contriever,psychology,8,0.6048778891563416,0.042604267597198486,0.09407395124435425,0,1,CORRECT
contriever,psychology,14,0.8045355081558228,0.03379082679748535,0.07222318649291992,0,0,CORRECT
contriever,psychology,10,0.7967745065689087,0.031354427337646484,0.09253621101379395,1,1,CORRECT
contriever,psychology,11,0.6121513247489929,0.0067636966705322266,0.06105595827102661,0,0,INCORRECT
contriever,psychology,15,0.6107817888259888,0.02847146987915039,0.04915010929107666,0,0,CORRECT
contriever,psychology,6,0.6623899340629578,0.01386028528213501,0.06564432382583618,0,0,CORRECT
contriever,psychology,20,0.6064733266830444,0.058107733726501465,0.08353406190872192,0,0,INCORRECT
contriever,psychology,18,0.7356503009796143,0.0516355037689209,0.13555049896240234,0,0,CORRECT
contriever,psychology,22,0.7491750121116638,0.04090303182601929,0.12548643350601196,0,0,CORRECT
contriever,psychology,19,0.7145190238952637,0.07456743717193604,0.15865910053253174,1,1,CORRECT
contriever,psychology,21,0.7104161977767944,0.03994548320770264,0.06170666217803955,0,0,INCORRECT
contriever,psychology,32,0.7190297842025757,0.011651158332824707,0.061867356300354004,0,0,CORRECT
contriever,psychology,31,0.6663438081741333,0.07477879524230957,0.13088810443878174,1,1,CORRECT
contriever,psychology,24,0.7107340097427368,0.029307186603546143,0.09603226184844971,0,0,CORRECT
contriever,psychology,33,0.6635298728942871,0.04926079511642456,0.0709143877029419,0,0,CORRECT
contriever,psychology,23,0.7854545712471008,0.05804985761642456,0.1254904866218567,0,0,CORRECT
contriever,psychology,25,0.6993101835250854,0.057698845863342285,0.10924768447875977,0,1,CORRECT
contriever,psychology,27,0.7160673141479492,0.022553563117980957,0.06053328514099121,0,0,INCORRECT
contriever,psychology,28,0.620786726474762,0.02348703145980835,0.050099194049835205,1,1,CORRECT
contriever,psychology,26,0.6689521074295044,0.051453232765197754,0.13160765171051025,0,1,CORRECT
contriever,psychology,30,0.6980551481246948,0.05947113037109375,0.14610350131988525,1,1,CORRECT
contriever,psychology,29,0.6945157051086426,0.04478907585144043,0.0777972936630249,0,0,CORRECT
contriever,psychology,34,0.7333698272705078,0.022853493690490723,0.06366837024688721,0,0,CORRECT
contriever,psychology,41,0.6894435882568359,0.01151418685913086,0.09894168376922607,0,0,INCORRECT
contriever,psychology,38,0.596817135810852,0.016010642051696777,0.04883217811584473,0,0,CORRECT
contriever,psychology,35,0.6705464124679565,0.060150325298309326,0.14605456590652466,1,1,CORRECT
contriever,psychology,40,0.7880733013153076,0.043024420738220215,0.1020958423614502,0,0,CORRECT
contriever,psychology,37,0.711179792881012,0.04465395212173462,0.09831547737121582,1,1,INCORRECT
contriever,psychology,36,0.6836758255958557,0.0459628701210022,0.07477682828903198,0,0,CORRECT
contriever,psychology,39,0.6049668192863464,0.010673820972442627,0.04401040077209473,0,0,INCORRECT
contriever,psychology,48,0.6439666748046875,0.06613022089004517,0.1060868501663208,0,0,INCORRECT
contriever,psychology,43,0.7193875312805176,0.030454635620117188,0.0734105110168457,0,0,CORRECT
contriever,psychology,42,0.8215370178222656,0.03319066762924194,0.08401721715927124,0,0,CORRECT
contriever,psychology,51,0.6711958646774292,0.05127286911010742,0.11005711555480957,1,1,CORRECT
contriever,psychology,49,0.6184609532356262,0.06439030170440674,0.10326188802719116,0,0,INCORRECT
contriever,psychology,47,0.6618292331695557,0.08566689491271973,0.1323450803756714,0,1,CORRECT
contriever,psychology,44,0.7131195068359375,0.04132223129272461,0.061801373958587646,0,0,INCORRECT
contriever,psychology,46,0.6532700061798096,0.03239154815673828,0.05883973836898804,0,0,CORRECT
contriever,psychology,52,0.6492918729782104,0.03555631637573242,0.05863165855407715,1,1,CORRECT
contriever,psychology,50,0.6748358011245728,0.04643338918685913,0.08399069309234619,0,0,CORRECT
contriever,psychology,45,0.7169781923294067,0.028868436813354492,0.10712945461273193,0,0,CORRECT
contriever,psychology,53,0.6215535402297974,0.02258235216140747,0.06189072132110596,0,1,CORRECT
contriever,psychology,54,0.7649930715560913,0.03518044948577881,0.10150980949401855,0,0,CORRECT
contriever,psychology,55,0.677353024482727,0.09201383590698242,0.12106382846832275,0,0,CORRECT
contriever,psychology,64,0.6189239025115967,0.07124626636505127,0.09604775905609131,0,0,INCORRECT
contriever,psychology,57,0.694439172744751,0.025467514991760254,0.10355496406555176,0,1,CORRECT
contriever,psychology,56,0.5878161191940308,0.03508353233337402,0.10631448030471802,0,0,CORRECT
contriever,psychology,62,0.6085888147354126,0.020201683044433594,0.07789862155914307,0,0,INCORRECT
contriever,psychology,59,0.7818201780319214,0.015563249588012695,0.06930768489837646,0,1,CORRECT
contriever,psychology,66,0.7786661386489868,0.04499858617782593,0.10481089353561401,0,0,CORRECT
contriever,psychology,58,0.6856034994125366,0.047929346561431885,0.09529566764831543,0,0,CORRECT
contriever,psychology,65,0.6802403926849365,0.011673808097839355,0.061913371086120605,0,1,INCORRECT
contriever,psychology,60,0.7885164022445679,0.019007205963134766,0.05986583232879639,0,0,CORRECT
contriever,psychology,63,0.5926682949066162,0.028086066246032715,0.04534715414047241,0,0,INCORRECT
contriever,psychology,61,0.7583212852478027,0.02405226230621338,0.08005750179290771,1,1,CORRECT
contriever,psychology,68,0.6600006818771362,0.029746294021606445,0.10668587684631348,1,1,CORRECT
contriever,psychology,67,0.6782757043838501,0.03975707292556763,0.06935983896255493,1,1,CORRECT
contriever,psychology,69,0.7194994688034058,0.04741859436035156,0.1014288067817688,0,0,INCORRECT
contriever,psychology,75,0.7018879055976868,0.01980382204055786,0.08148521184921265,0,0,INCORRECT
contriever,psychology,70,0.7437276840209961,0.02293926477432251,0.0756981372833252,0,0,INCORRECT
contriever,psychology,80,0.7221448421478271,0.11323690414428711,0.15483492612838745,0,1,INCORRECT
contriever,psychology,72,0.7019263505935669,0.054532647132873535,0.1041480302810669,1,1,CORRECT
contriever,psychology,79,0.6691861748695374,0.043106138706207275,0.0897340178489685,1,1,CORRECT
contriever,psychology,73,0.6816790103912354,0.02984321117401123,0.06146794557571411,0,0,CORRECT
contriever,psychology,77,0.6428887248039246,0.08784902095794678,0.11670446395874023,0,0,INCORRECT
contriever,psychology,78,0.6381802558898926,0.028762519359588623,0.05471360683441162,0,0,CORRECT
contriever,psychology,74,0.6989120841026306,0.07390326261520386,0.09037381410598755,0,0,CORRECT
contriever,psychology,71,0.7110855579376221,0.023813724517822266,0.07978320121765137,0,1,CORRECT
contriever,psychology,76,0.7673732042312622,0.05502074956893921,0.10989922285079956,0,1,CORRECT
contriever,psychology,81,0.6193667650222778,0.037438035011291504,0.07541704177856445,0,0,INCORRECT
contriever,psychology,82,0.686669647693634,0.038024723529815674,0.08868271112442017,0,0,CORRECT
contriever,psychology,85,0.6795159578323364,0.023116707801818848,0.0754517912864685,0,0,INCORRECT
contriever,psychology,83,0.7022033929824829,0.02817898988723755,0.06914746761322021,0,0,INCORRECT
contriever,psychology,84,0.6731022000312805,0.04358959197998047,0.09452944993972778,1,1,CORRECT
contriever,psychology,86,0.6724474430084229,0.10840356349945068,0.1681278944015503,1,1,CORRECT
contriever,psychology,89,0.6583057641983032,0.021844029426574707,0.06046682596206665,0,1,CORRECT
contriever,psychology,87,0.6396957635879517,0.034527599811553955,0.08189666271209717,0,1,CORRECT
contriever,psychology,90,0.705091118812561,0.025867044925689697,0.06211447715759277,1,1,CORRECT
contriever,psychology,91,0.6753175258636475,0.03877002000808716,0.12986373901367188,0,1,CORRECT
contriever,psychology,92,0.6983673572540283,0.04496622085571289,0.07587206363677979,0,1,CORRECT
contriever,psychology,88,0.6302626729011536,0.02636510133743286,0.05436950922012329,1,1,CORRECT
contriever,psychology,95,0.6982956528663635,0.04199326038360596,0.08773380517959595,0,0,INCORRECT
contriever,psychology,96,0.620823860168457,0.03323376178741455,0.07223308086395264,0,0,CORRECT
contriever,psychology,94,0.6755832433700562,0.03639101982116699,0.07794499397277832,0,0,CORRECT
contriever,psychology,93,0.6346656084060669,0.03176921606063843,0.07089066505432129,0,0,CORRECT
contriever,psychology,99,0.7113761305809021,0.08449989557266235,0.14239907264709473,0,0,CORRECT
contriever,psychology,97,0.5916807055473328,0.022048473358154297,0.07153159379959106,0,0,CORRECT
contriever,psychology,100,0.6449177265167236,0.020189344882965088,0.06565278768539429,0,0,INCORRECT
contriever,robotics,0,0.6479119062423706,0.023392021656036377,0.058524370193481445,0,0,CORRECT
contriever,robotics,1,0.6946637630462646,0.06855475902557373,0.09948277473449707,0,0,CORRECT
contriever,psychology,98,0.6570881605148315,0.026595711708068848,0.08088171482086182,0,0,CORRECT
contriever,robotics,10,0.678024411201477,0.02456432580947876,0.08028042316436768,0,0,INCORRECT
contriever,robotics,6,0.725212037563324,0.015226602554321289,0.07084697484970093,0,0,INCORRECT
contriever,robotics,2,0.8238868117332458,0.0414162278175354,0.06964308023452759,1,1,CORRECT
contriever,robotics,13,0.7307902574539185,0.022461116313934326,0.05487966537475586,0,0,CORRECT
contriever,robotics,3,0.6614176034927368,0.02023106813430786,0.07552850246429443,0,0,INCORRECT
contriever,robotics,8,0.7464119791984558,0.09097319841384888,0.1455988883972168,0,1,CORRECT
contriever,robotics,5,0.7050748467445374,0.03236496448516846,0.09078437089920044,0,0,CORRECT
contriever,robotics,4,0.6984525322914124,0.03724890947341919,0.07613974809646606,0,0,CORRECT
contriever,robotics,16,0.7022993564605713,0.0022740960121154785,0.04489976167678833,0,0,CORRECT
contriever,robotics,7,0.7791166305541992,0.0473175048828125,0.10505670309066772,0,1,CORRECT
contriever,robotics,9,0.68979412317276,0.028379082679748535,0.07864010334014893,0,0,INCORRECT
contriever,robotics,11,0.7212173938751221,0.02337557077407837,0.059633612632751465,0,0,CORRECT
contriever,robotics,14,0.6996700763702393,0.04110407829284668,0.07565873861312866,0,0,INCORRECT
contriever,robotics,15,0.7660107016563416,0.025685906410217285,0.07837218046188354,0,0,INCORRECT
contriever,robotics,18,0.7407357692718506,0.06128072738647461,0.08279156684875488,1,1,CORRECT
contriever,robotics,19,0.6589871644973755,0.019066810607910156,0.04024970531463623,0,0,CORRECT
contriever,robotics,17,0.7747378945350647,0.034999072551727295,0.08076775074005127,1,1,CORRECT
contriever,robotics,20,0.8191080689430237,0.016598284244537354,0.09060174226760864,0,0,CORRECT
contriever,robotics,22,0.7076147794723511,0.039494872093200684,0.09263110160827637,0,0,CORRECT
contriever,robotics,21,0.6781257390975952,0.051516056060791016,0.08832049369812012,0,0,CORRECT
contriever,robotics,25,0.656796932220459,0.040293097496032715,0.05718916654586792,0,0,INCORRECT
contriever,robotics,23,0.7588083148002625,0.028041303157806396,0.05246609449386597,0,0,CORRECT
contriever,robotics,28,0.7113362550735474,0.03230786323547363,0.0631830096244812,0,0,CORRECT
contriever,robotics,24,0.7380506992340088,0.06658303737640381,0.11568212509155273,0,0,INCORRECT
contriever,robotics,12,0.7406004667282104,0.02468395233154297,0.06499338150024414,0,0,CORRECT
contriever,robotics,29,0.8130115270614624,0.050054192543029785,0.09786611795425415,0,0,CORRECT
contriever,robotics,26,0.7788522839546204,0.07062387466430664,0.12187331914901733,0,1,CORRECT
contriever,robotics,32,0.6797381639480591,0.03413105010986328,0.10915815830230713,0,0,CORRECT
contriever,robotics,30,0.7841095924377441,0.055285096168518066,0.10331201553344727,0,0,CORRECT
contriever,robotics,27,0.7660982608795166,0.058858633041381836,0.14967095851898193,0,1,CORRECT
contriever,robotics,34,0.6586952209472656,0.02347707748413086,0.07255351543426514,0,0,INCORRECT
contriever,robotics,36,0.6477113962173462,0.0088270902633667,0.05330723524093628,1,1,CORRECT
contriever,robotics,31,0.6992030143737793,0.03607141971588135,0.06490790843963623,0,0,INCORRECT
contriever,robotics,33,0.7056806087493896,0.028591156005859375,0.07634234428405762,0,0,CORRECT
contriever,robotics,35,0.6154476404190063,0.022238969802856445,0.05311131477355957,0,0,CORRECT
contriever,robotics,37,0.7691434621810913,0.053938984870910645,0.10645389556884766,0,0,CORRECT
contriever,robotics,39,0.6635096073150635,0.029822349548339844,0.07478129863739014,1,1,CORRECT
contriever,robotics,40,0.7781047224998474,0.03895765542984009,0.0911831259727478,0,1,CORRECT
contriever,robotics,38,0.8750053644180298,0.1184922456741333,0.18008136749267578,1,1,INCORRECT
contriever,robotics,49,0.7966362237930298,0.06121063232421875,0.10535740852355957,0,0,INCORRECT
contriever,robotics,41,0.7469648122787476,0.012716174125671387,0.04659581184387207,0,0,CORRECT
contriever,robotics,42,0.6773090362548828,0.019621074199676514,0.046939313411712646,0,0,INCORRECT
contriever,robotics,44,0.6902902722358704,0.020227015018463135,0.05647176504135132,0,0,INCORRECT
contriever,robotics,43,0.7616250514984131,0.0355604887008667,0.06443607807159424,0,1,CORRECT
contriever,robotics,45,0.7316705584526062,0.050582826137542725,0.10050719976425171,1,1,CORRECT
contriever,robotics,46,0.7555322647094727,0.09113383293151855,0.14531934261322021,0,0,CORRECT
contriever,robotics,47,0.8052400350570679,0.04915261268615723,0.10884618759155273,0,1,CORRECT
contriever,robotics,51,0.6592755317687988,0.0358656644821167,0.07873022556304932,0,0,INCORRECT
contriever,robotics,48,0.6807947158813477,0.0216139554977417,0.054981350898742676,0,0,CORRECT
contriever,robotics,52,0.6897911429405212,0.002807915210723877,0.039630353450775146,0,0,CORRECT
contriever,robotics,53,0.6887068748474121,0.024622797966003418,0.08190494775772095,0,0,CORRECT
contriever,robotics,50,0.6635756492614746,0.029081106185913086,0.05919146537780762,1,1,CORRECT
contriever,robotics,56,0.7009514570236206,0.014920651912689209,0.04934060573577881,0,0,CORRECT
contriever,robotics,58,0.7340861558914185,0.06346303224563599,0.0843191146850586,0,0,CORRECT
contriever,robotics,55,0.7858436703681946,0.05197840929031372,0.07660669088363647,0,0,CORRECT
contriever,robotics,61,0.80153489112854,0.09267914295196533,0.18828070163726807,0,0,CORRECT
contriever,robotics,60,0.6963323354721069,0.024846434593200684,0.06596201658248901,0,0,CORRECT
contriever,robotics,59,0.7313300967216492,0.01749807596206665,0.04722940921783447,0,0,CORRECT
contriever,robotics,54,0.6449974775314331,0.023691654205322266,0.05008280277252197,0,1,CORRECT
contriever,robotics,57,0.7307260036468506,0.028688549995422363,0.1572815179824829,0,1,CORRECT
contriever,robotics,63,0.8422932028770447,0.11825275421142578,0.16827696561813354,1,1,CORRECT
contriever,robotics,73,0.7502791881561279,0.02822268009185791,0.04632455110549927,0,0,INCORRECT
contriever,robotics,64,0.7627466917037964,0.05613875389099121,0.10195261240005493,0,1,INCORRECT
contriever,robotics,65,0.7431944012641907,0.019788801670074463,0.06222522258758545,0,1,INCORRECT
contriever,robotics,66,0.7355853319168091,0.01787590980529785,0.05608010292053223,0,1,INCORRECT
contriever,robotics,67,0.7026697397232056,0.04998791217803955,0.07082921266555786,0,0,CORRECT
contriever,robotics,68,0.6517218351364136,0.01909351348876953,0.09041035175323486,1,1,CORRECT
contriever,robotics,70,0.9121267795562744,0.15501666069030762,0.21236920356750488,1,1,CORRECT
contriever,robotics,72,0.6790446043014526,0.028799057006835938,0.05641376972198486,0,0,CORRECT
contriever,robotics,69,0.7884303331375122,0.061023831367492676,0.10204064846038818,0,1,CORRECT
contriever,robotics,75,0.6824991703033447,0.014014959335327148,0.05372440814971924,0,1,CORRECT
contriever,robotics,71,0.6982441544532776,0.037271320819854736,0.05649822950363159,1,1,CORRECT
contriever,robotics,76,0.7235863208770752,0.03006589412689209,0.08941429853439331,0,0,CORRECT
contriever,robotics,77,0.7238696217536926,0.02612406015396118,0.10158497095108032,0,0,INCORRECT
contriever,robotics,74,0.8192585706710815,0.06470578908920288,0.24684327840805054,0,0,CORRECT
contriever,robotics,62,0.8238681554794312,0.10818243026733398,0.17867422103881836,0,0,CORRECT
contriever,robotics,78,0.7311888933181763,0.028018474578857422,0.07839697599411011,1,1,CORRECT
contriever,robotics,92,0.6756560802459717,0.06353819370269775,0.10690778493881226,0,1,INCORRECT
contriever,robotics,79,0.767499566078186,0.0519220232963562,0.07924693822860718,0,0,CORRECT
contriever,robotics,80,0.7437281012535095,0.009323477745056152,0.0502392053604126,0,0,CORRECT
contriever,robotics,81,0.6988664865493774,0.028172969818115234,0.05584067106246948,0,0,CORRECT
contriever,robotics,88,0.6778708696365356,0.04560649394989014,0.07828199863433838,0,0,CORRECT
contriever,robotics,82,0.7217764854431152,0.059476494789123535,0.10080111026763916,0,0,CORRECT
contriever,robotics,83,0.7247136235237122,0.036117732524871826,0.06682723760604858,0,0,CORRECT
contriever,robotics,84,0.704157829284668,0.02512049674987793,0.06313002109527588,0,1,CORRECT
contriever,robotics,85,0.7830187082290649,0.018973112106323242,0.09481579065322876,0,1,CORRECT
contriever,robotics,91,0.7602533102035522,0.09160506725311279,0.15232622623443604,1,1,CORRECT
contriever,robotics,86,0.7267115116119385,0.03188961744308472,0.0684051513671875,0,0,INCORRECT
contriever,robotics,87,0.7660313844680786,0.020219266414642334,0.1183885931968689,0,0,INCORRECT
contriever,robotics,90,0.704608678817749,0.0248907208442688,0.06323021650314331,0,0,INCORRECT
contriever,robotics,93,0.8461679220199585,0.16860318183898926,0.20586633682250977,1,1,CORRECT
contriever,robotics,89,0.7351409196853638,0.00890052318572998,0.05681276321411133,1,1,CORRECT
contriever,robotics,98,0.6979740858078003,0.05764901638031006,0.08511751890182495,0,0,INCORRECT
contriever,robotics,94,0.7617731094360352,0.03706490993499756,0.11025643348693848,1,1,CORRECT
contriever,robotics,95,0.6755237579345703,0.018086910247802734,0.05259048938751221,0,0,INCORRECT
contriever,robotics,97,0.6941841840744019,0.041892290115356445,0.06712597608566284,0,0,INCORRECT
contriever,robotics,96,0.6837984919548035,0.011831820011138916,0.06363314390182495,0,0,CORRECT
contriever,stackoverflow,0,0.6951422691345215,0.03547227382659912,0.04998970031738281,0,0,CORRECT
contriever,robotics,99,0.7560279965400696,0.02887171506881714,0.06640368700027466,0,0,INCORRECT
contriever,robotics,100,0.7396912574768066,0.06265342235565186,0.09069585800170898,0,0,INCORRECT
contriever,stackoverflow,2,0.7419540286064148,0.055475056171417236,0.0914924144744873,0,0,CORRECT
contriever,stackoverflow,1,0.6854135990142822,0.025996088981628418,0.051888883113861084,0,0,CORRECT
contriever,stackoverflow,6,0.7138049602508545,0.03772568702697754,0.07276654243469238,0,0,CORRECT
contriever,stackoverflow,4,0.6312968730926514,0.06532371044158936,0.10591447353363037,0,0,CORRECT
contriever,stackoverflow,3,0.7104570865631104,0.022771000862121582,0.05440568923950195,0,1,CORRECT
contriever,stackoverflow,7,0.6635071635246277,0.007054150104522705,0.027462363243103027,0,0,CORRECT
contriever,stackoverflow,8,0.6678977012634277,0.03562217950820923,0.05843228101730347,1,1,CORRECT
contriever,stackoverflow,5,0.6516382694244385,0.0023209452629089355,0.0023209452629089355,0,0,CORRECT
contriever,stackoverflow,9,0.7321207523345947,0.06205916404724121,0.1050713062286377,0,0,INCORRECT
contriever,stackoverflow,11,0.7725313305854797,0.04890996217727661,0.08135610818862915,0,0,CORRECT
contriever,stackoverflow,14,0.7213106155395508,0.029510319232940674,0.08121144771575928,1,1,CORRECT
contriever,stackoverflow,10,0.7177094221115112,0.03176224231719971,0.05781841278076172,0,0,CORRECT
contriever,stackoverflow,12,0.665677547454834,0.06461143493652344,0.08700168132781982,0,1,INCORRECT
contriever,stackoverflow,13,0.730652391910553,0.02498018741607666,0.0584987998008728,0,0,CORRECT
contriever,stackoverflow,19,0.7252776622772217,0.05072617530822754,0.0686960220336914,0,0,CORRECT
contriever,stackoverflow,16,0.7016507387161255,0.043656349182128906,0.09341669082641602,0,1,CORRECT
contriever,stackoverflow,21,0.6729490756988525,0.026242613792419434,0.04955172538757324,0,0,CORRECT
contriever,stackoverflow,17,0.7053617238998413,0.0185086727142334,0.029238998889923096,0,0,CORRECT
contriever,stackoverflow,20,0.7229074239730835,0.027423202991485596,0.062397122383117676,0,0,CORRECT
contriever,stackoverflow,18,0.6663786768913269,0.02662336826324463,0.06372779607772827,0,1,CORRECT
contriever,stackoverflow,22,0.8607257604598999,0.022054016590118408,0.2031623125076294,0,0,INCORRECT
contriever,stackoverflow,15,0.7103514671325684,0.017018020153045654,0.04701995849609375,0,0,CORRECT
contriever,stackoverflow,23,0.7462222576141357,0.10971927642822266,0.15128231048583984,0,0,CORRECT
contriever,stackoverflow,24,0.7888349294662476,0.030257344245910645,0.07046890258789062,0,0,CORRECT
contriever,stackoverflow,27,0.7631717920303345,0.028977274894714355,0.11790686845779419,0,0,INCORRECT
contriever,stackoverflow,26,0.6490274667739868,0.0139961838722229,0.038652896881103516,0,0,CORRECT
contriever,stackoverflow,25,0.7665252685546875,0.021778583526611328,0.07109302282333374,0,0,CORRECT
contriever,stackoverflow,31,0.7182959914207458,0.02070707082748413,0.1173100471496582,0,1,CORRECT
contriever,stackoverflow,29,0.7137833833694458,0.04426705837249756,0.06893187761306763,0,0,INCORRECT
contriever,stackoverflow,28,0.6512134671211243,0.01833707094192505,0.039142906665802,0,0,CORRECT
contriever,stackoverflow,30,0.702469527721405,0.052485764026641846,0.08972769975662231,1,1,INCORRECT
contriever,stackoverflow,32,0.7011272311210632,0.014252007007598877,0.07147997617721558,0,1,INCORRECT
contriever,stackoverflow,38,0.6740671992301941,0.025171279907226562,0.05266767740249634,1,1,INCORRECT
contriever,stackoverflow,39,0.7587705850601196,0.019911885261535645,0.09617918729782104,0,1,CORRECT
contriever,stackoverflow,34,0.7394472360610962,0.05130493640899658,0.12042868137359619,1,1,CORRECT
contriever,stackoverflow,35,0.6923264861106873,0.01982980966567993,0.03962153196334839,0,0,CORRECT
contriever,stackoverflow,33,0.705066442489624,0.004166126251220703,0.017472386360168457,0,1,CORRECT
contriever,stackoverflow,36,0.6365128755569458,0.03730416297912598,0.06830501556396484,0,0,INCORRECT
contriever,stackoverflow,40,0.7224798202514648,0.051433682441711426,0.0732579231262207,0,0,CORRECT
contriever,stackoverflow,37,0.6576672196388245,0.008011579513549805,0.03217363357543945,0,0,CORRECT
contriever,stackoverflow,44,0.7981204986572266,0.07344198226928711,0.13122594356536865,1,1,INCORRECT
contriever,stackoverflow,46,0.6646251678466797,0.06186270713806152,0.10228824615478516,1,1,CORRECT
contriever,stackoverflow,47,0.7506259679794312,0.06845855712890625,0.1031116247177124,0,0,CORRECT
contriever,stackoverflow,41,0.7652183771133423,0.05876576900482178,0.10631364583969116,1,1,CORRECT
contriever,stackoverflow,45,0.6871122121810913,0.00592273473739624,0.038229286670684814,0,0,CORRECT
contriever,stackoverflow,42,0.635029673576355,0.005942940711975098,0.021709680557250977,0,0,CORRECT
contriever,stackoverflow,43,0.7467546463012695,0.03587549924850464,0.059210777282714844,1,1,CORRECT
contriever,stackoverflow,48,0.6676607131958008,0.03567862510681152,0.06102842092514038,1,1,CORRECT
contriever,stackoverflow,49,0.6239114999771118,0.01828223466873169,0.0562206506729126,0,1,CORRECT
contriever,stackoverflow,53,0.7040199041366577,0.06056082248687744,0.10447901487350464,0,1,CORRECT
contriever,stackoverflow,54,0.7006005048751831,0.030742943286895752,0.06166839599609375,0,1,CORRECT
contriever,stackoverflow,52,0.6927052736282349,0.014937102794647217,0.028327584266662598,0,1,INCORRECT
contriever,stackoverflow,50,0.6895264983177185,0.0215417742729187,0.0479397177696228,1,1,CORRECT
contriever,stackoverflow,55,0.7015488743782043,0.04302698373794556,0.06487101316452026,0,0,CORRECT
contriever,stackoverflow,61,0.7858148813247681,0.03633999824523926,0.10704255104064941,0,1,CORRECT
contriever,stackoverflow,56,0.7914992570877075,0.05708515644073486,0.12275326251983643,0,1,CORRECT
contriever,stackoverflow,59,0.7546933889389038,0.04232919216156006,0.0772937536239624,0,0,INCORRECT
contriever,stackoverflow,63,0.758151113986969,0.1293068528175354,0.14417147636413574,0,0,CORRECT
contriever,stackoverflow,60,0.633192241191864,0.02583867311477661,0.03819149732589722,0,0,CORRECT
contriever,stackoverflow,57,0.7913777828216553,0.03965127468109131,0.09122145175933838,0,0,CORRECT
contriever,stackoverflow,62,0.7472730875015259,0.01242971420288086,0.051764845848083496,0,1,CORRECT
contriever,stackoverflow,64,0.7040316462516785,0.013284087181091309,0.044053733348846436,1,1,CORRECT
contriever,stackoverflow,58,0.6342867612838745,0.01297295093536377,0.03458535671234131,0,0,CORRECT
contriever,stackoverflow,51,0.5904006958007812,0.012728631496429443,0.030434608459472656,0,0,CORRECT
contriever,stackoverflow,66,0.7264071106910706,0.030408918857574463,0.08000344038009644,0,0,INCORRECT
contriever,stackoverflow,65,0.7327847480773926,0.024312973022460938,0.06464529037475586,0,0,CORRECT
contriever,stackoverflow,69,0.6981691122055054,0.02049952745437622,0.05458033084869385,0,0,CORRECT
contriever,stackoverflow,70,0.7859231233596802,0.038347482681274414,0.0802164077758789,0,1,CORRECT
contriever,stackoverflow,68,0.7397794127464294,0.02418196201324463,0.06183844804763794,0,0,CORRECT
contriever,stackoverflow,67,0.6668130159378052,0.03801524639129639,0.04995208978652954,0,1,CORRECT
contriever,stackoverflow,71,0.6805528402328491,0.0049381256103515625,0.06084740161895752,0,1,CORRECT
contriever,stackoverflow,72,0.7110587358474731,0.05094707012176514,0.09328895807266235,0,0,CORRECT
contriever,stackoverflow,74,0.7203353643417358,0.02053976058959961,0.0490415096282959,0,0,CORRECT
contriever,stackoverflow,73,0.7588932514190674,0.0625298023223877,0.10272789001464844,0,0,INCORRECT
contriever,stackoverflow,76,0.7246720790863037,0.024787425994873047,0.07099753618240356,0,0,CORRECT
contriever,stackoverflow,77,0.8058068752288818,0.05150270462036133,0.11240553855895996,0,1,INCORRECT
contriever,stackoverflow,75,0.6662085056304932,0.01748967170715332,0.05037200450897217,0,1,CORRECT
contriever,stackoverflow,80,0.7078565359115601,0.028866291046142578,0.07309448719024658,0,0,CORRECT
contriever,stackoverflow,82,0.6496882438659668,0.024576425552368164,0.0753975510597229,0,1,CORRECT
contriever,stackoverflow,79,0.6672428846359253,0.012224197387695312,0.031821370124816895,0,0,CORRECT
contriever,stackoverflow,78,0.6347389221191406,0.01639842987060547,0.04709196090698242,0,0,INCORRECT
contriever,stackoverflow,83,0.695252537727356,0.01873195171356201,0.049164652824401855,0,0,INCORRECT
contriever,stackoverflow,86,0.7064352035522461,0.052349090576171875,0.09635758399963379,0,0,INCORRECT
contriever,stackoverflow,81,0.7619247436523438,0.038370609283447266,0.09938561916351318,0,0,INCORRECT
contriever,stackoverflow,89,0.7162737250328064,0.028733551502227783,0.061359941959381104,0,0,CORRECT
contriever,stackoverflow,84,0.6704598665237427,0.019507646560668945,0.09102380275726318,1,1,CORRECT
contriever,stackoverflow,88,0.7657372951507568,0.1322261095046997,0.14735502004623413,1,1,CORRECT
contriever,stackoverflow,87,0.718583345413208,0.027714252471923828,0.10643374919891357,0,0,CORRECT
contriever,stackoverflow,85,0.6853700280189514,0.005146920680999756,0.013140320777893066,0,0,CORRECT
contriever,stackoverflow,91,0.7012525796890259,0.04482150077819824,0.08400511741638184,0,0,INCORRECT
contriever,stackoverflow,92,0.7349407076835632,0.04808610677719116,0.07138127088546753,0,1,CORRECT
contriever,stackoverflow,96,0.6673115491867065,0.026002049446105957,0.05763852596282959,0,0,CORRECT
contriever,stackoverflow,93,0.7999249696731567,0.08714163303375244,0.1413630247116089,0,0,INCORRECT
contriever,stackoverflow,94,0.6817395091056824,0.027639448642730713,0.057447969913482666,0,0,CORRECT
contriever,stackoverflow,90,0.7958936095237732,0.1044653058052063,0.13899147510528564,0,0,CORRECT
contriever,stackoverflow,95,0.7752249240875244,0.07995307445526123,0.1898084282875061,0,0,CORRECT
contriever,stackoverflow,97,0.674857497215271,0.0305367112159729,0.054616451263427734,0,0,CORRECT
contriever,stackoverflow,98,0.8521231412887573,0.10301351547241211,0.14878606796264648,0,1,CORRECT
contriever,stackoverflow,101,0.6996995210647583,0.02713954448699951,0.05904263257980347,0,0,CORRECT
contriever,stackoverflow,102,0.697779655456543,0.028952598571777344,0.05230128765106201,1,1,CORRECT
contriever,stackoverflow,103,0.8623217344284058,0.1889047622680664,0.21227169036865234,0,0,CORRECT
contriever,stackoverflow,104,0.7562862634658813,0.04101920127868652,0.09140884876251221,0,0,CORRECT
contriever,stackoverflow,99,0.7203352451324463,0.03245502710342407,0.055800020694732666,0,0,CORRECT
contriever,stackoverflow,105,0.7266682386398315,0.035777926445007324,0.06555843353271484,0,1,CORRECT
contriever,stackoverflow,106,0.6970574259757996,0.021759331226348877,0.09347540140151978,0,0,INCORRECT
contriever,stackoverflow,107,0.808928370475769,0.14391791820526123,0.1946055293083191,1,1,CORRECT
contriever,stackoverflow,111,0.6924289464950562,0.025114834308624268,0.10119843482971191,0,1,CORRECT
contriever,stackoverflow,108,0.7351986169815063,0.0339663028717041,0.06605136394500732,1,1,CORRECT
contriever,stackoverflow,109,0.7042692303657532,0.03079015016555786,0.09210002422332764,0,1,CORRECT
contriever,stackoverflow,112,0.8258017301559448,0.033463120460510254,0.10721135139465332,0,1,INCORRECT
contriever,stackoverflow,110,0.6663404703140259,0.02964085340499878,0.05912482738494873,1,1,INCORRECT
contriever,sustainable_living,1,0.6114029884338379,0.024640202522277832,0.06589800119400024,0,0,INCORRECT
contriever,stackoverflow,113,0.7454545497894287,0.03179025650024414,0.0697169303894043,0,0,CORRECT
contriever,sustainable_living,0,0.700480580329895,0.02726083993911743,0.057999610900878906,0,1,CORRECT
contriever,stackoverflow,114,0.7226295471191406,0.043819546699523926,0.07788217067718506,0,0,CORRECT
contriever,sustainable_living,2,0.7966210842132568,0.031876444816589355,0.10122895240783691,1,1,CORRECT
contriever,stackoverflow,116,0.7131595611572266,0.05070006847381592,0.10131216049194336,0,0,CORRECT
contriever,stackoverflow,115,0.6980230808258057,0.03330540657043457,0.04735124111175537,0,0,CORRECT
contriever,sustainable_living,3,0.6176571846008301,0.010237455368041992,0.06155514717102051,0,1,CORRECT
contriever,stackoverflow,100,0.8336920738220215,0.14831912517547607,0.22630369663238525,0,1,CORRECT
contriever,sustainable_living,4,0.6799589395523071,0.02074223756790161,0.0605083703994751,0,0,INCORRECT
contriever,sustainable_living,8,0.7406629323959351,0.017493724822998047,0.07518041133880615,0,0,CORRECT
contriever,sustainable_living,6,0.7010133266448975,0.0444720983505249,0.09789770841598511,1,1,CORRECT
contriever,sustainable_living,7,0.6878193020820618,0.03638535737991333,0.08243829011917114,0,0,INCORRECT
contriever,sustainable_living,12,0.735035240650177,0.12463229894638062,0.17501497268676758,0,0,INCORRECT
contriever,sustainable_living,9,0.6444652080535889,0.01812756061553955,0.05669921636581421,0,0,INCORRECT
contriever,sustainable_living,5,0.8028124570846558,0.06396877765655518,0.09079873561859131,0,0,CORRECT
contriever,sustainable_living,10,0.7296173572540283,0.0900200605392456,0.15245425701141357,0,0,INCORRECT
contriever,sustainable_living,11,0.7369338274002075,0.014613032341003418,0.059515178203582764,0,0,CORRECT
contriever,sustainable_living,13,0.6519069075584412,0.00875931978225708,0.06051158905029297,0,1,INCORRECT
contriever,sustainable_living,14,0.6704490184783936,0.013113856315612793,0.035440027713775635,0,0,INCORRECT
contriever,sustainable_living,17,0.659459114074707,0.03271585702896118,0.06600296497344971,0,0,CORRECT
contriever,sustainable_living,18,0.6858417391777039,0.10668843984603882,0.1402927041053772,0,0,INCORRECT
contriever,sustainable_living,16,0.650293231010437,0.05835855007171631,0.0831977128982544,0,0,CORRECT
contriever,sustainable_living,28,0.6685712337493896,0.056562066078186035,0.09726870059967041,0,0,INCORRECT
contriever,sustainable_living,15,0.6608214378356934,0.06414151191711426,0.1291276216506958,0,1,CORRECT
contriever,sustainable_living,19,0.7662346959114075,0.019768714904785156,0.054270923137664795,0,0,CORRECT
contriever,sustainable_living,20,0.7859896421432495,0.13293564319610596,0.1616981029510498,1,1,CORRECT
contriever,sustainable_living,22,0.6911906003952026,0.04828083515167236,0.07967817783355713,0,1,CORRECT
contriever,sustainable_living,21,0.7561262249946594,0.04053741693496704,0.10278880596160889,0,0,CORRECT
contriever,sustainable_living,25,0.7475463151931763,0.04990792274475098,0.0939822793006897,0,0,CORRECT
contriever,sustainable_living,24,0.692945122718811,0.0569269061088562,0.1198081374168396,0,0,INCORRECT
contriever,sustainable_living,27,0.704871416091919,0.01196146011352539,0.040259480476379395,0,0,CORRECT
contriever,sustainable_living,26,0.7510884404182434,0.007030785083770752,0.052629053592681885,1,1,CORRECT
contriever,sustainable_living,23,0.7717844247817993,0.07094252109527588,0.12258553504943848,1,1,CORRECT
contriever,sustainable_living,33,0.6761534214019775,0.044974327087402344,0.12434655427932739,0,1,INCORRECT
contriever,sustainable_living,29,0.7303905487060547,0.019225358963012695,0.06722331047058105,0,0,INCORRECT
contriever,sustainable_living,35,0.7375591993331909,0.05078500509262085,0.0936698317527771,0,0,INCORRECT
contriever,sustainable_living,34,0.6828913688659668,0.023575782775878906,0.05497342348098755,0,0,INCORRECT
contriever,sustainable_living,31,0.7835505604743958,0.12830621004104614,0.21257245540618896,1,1,CORRECT
contriever,sustainable_living,36,0.7420315742492676,0.02047938108444214,0.06042754650115967,0,0,INCORRECT
contriever,sustainable_living,41,0.6467363834381104,0.01076209545135498,0.047263264656066895,0,0,INCORRECT
contriever,sustainable_living,30,0.7229833602905273,0.036409616470336914,0.08270370960235596,1,1,INCORRECT
contriever,sustainable_living,32,0.6925052404403687,0.015979528427124023,0.06251716613769531,0,1,INCORRECT
contriever,sustainable_living,37,0.6636146306991577,0.05689215660095215,0.09603214263916016,0,0,INCORRECT
contriever,sustainable_living,44,0.7420382499694824,0.023044049739837646,0.07469195127487183,0,0,INCORRECT
contriever,sustainable_living,48,0.7035951614379883,0.03748118877410889,0.09304100275039673,0,1,INCORRECT
contriever,sustainable_living,40,0.728833794593811,0.07873904705047607,0.12953782081604004,1,1,CORRECT
contriever,sustainable_living,39,0.8344740271568298,0.0628775954246521,0.12143188714981079,1,1,CORRECT
contriever,sustainable_living,43,0.6969370245933533,0.051408350467681885,0.11161619424819946,0,0,CORRECT
contriever,sustainable_living,42,0.7367396354675293,0.006269335746765137,0.052932918071746826,1,1,CORRECT
contriever,sustainable_living,45,0.7708241939544678,0.09066891670227051,0.1371898651123047,1,1,CORRECT
contriever,sustainable_living,52,0.7557201385498047,0.020517706871032715,0.09230035543441772,0,0,INCORRECT
contriever,sustainable_living,47,0.7112008929252625,0.018837273120880127,0.09181666374206543,0,0,CORRECT
contriever,sustainable_living,46,0.7495794892311096,0.04219704866409302,0.09956377744674683,0,0,INCORRECT
contriever,sustainable_living,38,0.6085532307624817,0.015485107898712158,0.05679589509963989,0,0,CORRECT
contriever,sustainable_living,51,0.7312690019607544,0.04615640640258789,0.1385912299156189,0,1,CORRECT
contriever,sustainable_living,49,0.8479330539703369,0.05638885498046875,0.13520896434783936,0,0,INCORRECT
contriever,sustainable_living,54,0.8219617605209351,0.046730637550354004,0.15017926692962646,0,1,INCORRECT
contriever,sustainable_living,60,0.7779163718223572,0.02490776777267456,0.08484208583831787,0,0,INCORRECT
contriever,sustainable_living,53,0.6969633102416992,0.036349356174468994,0.07953667640686035,0,0,INCORRECT
contriever,sustainable_living,66,0.6797990798950195,0.0375058650970459,0.07474076747894287,0,1,INCORRECT
contriever,sustainable_living,63,0.6999724507331848,0.017058074474334717,0.0508083701133728,0,0,INCORRECT
contriever,sustainable_living,57,0.7395797967910767,0.03219437599182129,0.09076714515686035,0,1,CORRECT
contriever,sustainable_living,50,0.741878867149353,0.025771141052246094,0.1260673999786377,0,0,INCORRECT
contriever,sustainable_living,55,0.7471213340759277,0.07898616790771484,0.1462841033935547,0,1,INCORRECT
contriever,sustainable_living,59,0.6593210697174072,0.0323718786239624,0.07727259397506714,0,0,INCORRECT
contriever,sustainable_living,56,0.7625937461853027,0.03307497501373291,0.11143922805786133,0,0,CORRECT
contriever,sustainable_living,67,0.7351223230361938,0.03495544195175171,0.10746824741363525,0,0,INCORRECT
contriever,sustainable_living,58,0.6702005863189697,0.01580190658569336,0.07274353504180908,1,1,CORRECT
contriever,sustainable_living,61,0.720770001411438,0.01464223861694336,0.08331298828125,0,0,INCORRECT
contriever,sustainable_living,62,0.6245765686035156,0.022930502891540527,0.049701571464538574,0,1,CORRECT
contriever,sustainable_living,65,0.7149397730827332,0.03901761770248413,0.10859459638595581,1,1,INCORRECT
contriever,sustainable_living,70,0.7544699907302856,0.05810445547103882,0.11161446571350098,0,1,INCORRECT
contriever,sustainable_living,73,0.7182397842407227,0.03574848175048828,0.0824398398399353,0,1,INCORRECT
contriever,sustainable_living,64,0.7438448667526245,0.061887145042419434,0.08738648891448975,0,0,CORRECT
contriever,sustainable_living,69,0.7436804175376892,0.03358727693557739,0.08587402105331421,1,1,CORRECT
contriever,sustainable_living,76,0.6615450978279114,0.016596972942352295,0.07071316242218018,0,0,INCORRECT
contriever,sustainable_living,74,0.6284114718437195,0.024833858013153076,0.05058795213699341,0,0,CORRECT
contriever,sustainable_living,80,0.6657990217208862,0.04367411136627197,0.12292689085006714,0,0,INCORRECT
contriever,sustainable_living,68,0.6490160226821899,0.04786837100982666,0.06459951400756836,0,0,CORRECT
contriever,sustainable_living,71,0.7293028831481934,0.015270352363586426,0.05695199966430664,0,0,CORRECT
contriever,sustainable_living,84,0.753583550453186,0.04751479625701904,0.1410207748413086,0,1,INCORRECT
contriever,sustainable_living,72,0.7586597204208374,0.04788768291473389,0.11848682165145874,1,1,CORRECT
contriever,sustainable_living,77,0.6701412200927734,0.03187525272369385,0.07497483491897583,0,0,INCORRECT
contriever,sustainable_living,75,0.8193042278289795,0.06722760200500488,0.16888010501861572,0,0,INCORRECT
contriever,sustainable_living,83,0.7661093473434448,0.04161107540130615,0.08272922039031982,0,1,CORRECT
contriever,sustainable_living,81,0.7083122134208679,0.029839754104614258,0.0903201699256897,0,0,CORRECT
contriever,sustainable_living,78,0.7281118035316467,0.046347200870513916,0.10452520847320557,0,0,CORRECT
contriever,sustainable_living,87,0.7792030572891235,0.0695352554321289,0.13429927825927734,0,0,CORRECT
contriever,sustainable_living,91,0.7377965450286865,0.07993888854980469,0.1500341296195984,0,0,CORRECT
contriever,sustainable_living,82,0.7369164228439331,0.05061650276184082,0.10700452327728271,1,1,CORRECT
contriever,sustainable_living,85,0.6634429693222046,0.045615196228027344,0.08925384283065796,0,0,CORRECT
contriever,sustainable_living,79,0.6688488721847534,0.032864391803741455,0.10574984550476074,0,0,INCORRECT
contriever,sustainable_living,94,0.7603586912155151,0.03172469139099121,0.07481616735458374,0,0,CORRECT
contriever,sustainable_living,86,0.772736132144928,0.03698700666427612,0.12133020162582397,0,1,INCORRECT
contriever,sustainable_living,88,0.6696223616600037,0.0729183554649353,0.11779195070266724,0,0,INCORRECT
contriever,sustainable_living,89,0.6371291875839233,0.02544581890106201,0.056565284729003906,0,1,INCORRECT
contriever,sustainable_living,90,0.7010142803192139,0.0319138765335083,0.07371455430984497,0,0,INCORRECT
contriever,sustainable_living,93,0.6932567358016968,0.03389394283294678,0.08390653133392334,0,0,CORRECT
contriever,sustainable_living,105,0.8016737699508667,0.07815295457839966,0.12215137481689453,0,0,INCORRECT
contriever,sustainable_living,92,0.6598464250564575,0.06510210037231445,0.10270345211029053,0,0,CORRECT
contriever,sustainable_living,100,0.7367157936096191,0.04190373420715332,0.10513722896575928,0,0,CORRECT
contriever,sustainable_living,99,0.7297567129135132,0.05219322443008423,0.09678846597671509,0,0,INCORRECT
contriever,sustainable_living,95,0.7047969102859497,0.10124826431274414,0.14728838205337524,1,1,CORRECT
contriever,sustainable_living,98,0.7420920133590698,0.04720330238342285,0.10792028903961182,0,0,INCORRECT
contriever,sustainable_living,101,0.7722252607345581,0.016595005989074707,0.10984808206558228,1,1,CORRECT
contriever,sustainable_living,102,0.7309920787811279,0.04171454906463623,0.11256957054138184,0,0,INCORRECT
contriever,sustainable_living,104,0.7554850578308105,0.03592991828918457,0.07040858268737793,0,0,INCORRECT
contriever,sustainable_living,103,0.7656084299087524,0.0485837459564209,0.0895722508430481,0,1,CORRECT
contriever,sustainable_living,96,0.7686294913291931,0.08172589540481567,0.16401571035385132,0,1,CORRECT
contriever,sustainable_living,97,0.7205240726470947,0.019938409328460693,0.07759982347488403,0,0,INCORRECT
contriever,sustainable_living,107,0.6908056735992432,0.015169620513916016,0.06656301021575928,0,1,INCORRECT
contriever,sustainable_living,106,0.784267783164978,0.037598252296447754,0.08319246768951416,0,0,INCORRECT
contriever,theoremqa_questions,TheoremQA_jianyu_xu/pigeonhole_2.json,0.649383544921875,0.01591205596923828,0.04948151111602783,0,0,INCORRECT
contriever,theoremqa_questions,TheoremQA_elainewan/math_calculus_5_2.json,0.7862861752510071,0.013094484806060791,0.12724274396896362,0,0,INCORRECT
contriever,theoremqa_questions,TheoremQA_jianyu_xu/pigeonhole_3.json,0.707993745803833,0.012126564979553223,0.059604763984680176,0,0,CORRECT
contriever,theoremqa_questions,TheoremQA_maxku/cv-imageprocessing6-histogram.json,0.6364142298698425,0.03172415494918823,0.05756700038909912,0,0,INCORRECT
contriever,theoremqa_questions,TheoremQA_elainewan/math_algebra_1.json,0.7471175789833069,0.0024755001068115234,0.03414195775985718,0,0,INCORRECT
contriever,theoremqa_questions,TheoremQA_wenhuchen/eigen_value1.json,0.664856493473053,0.023565232753753662,0.054679930210113525,0,0,CORRECT
contriever,theoremqa_questions,TheoremQA_wenhuchen/definite_matrix1.json,0.5989174842834473,0.023415684700012207,0.040090084075927734,1,1,CORRECT
contriever,theoremqa_questions,TheoremQA_elainewan/math_algebra_1_2.json,0.6385440230369568,0.002369225025177002,0.026736080646514893,0,0,CORRECT
contriever,theoremqa_questions,TheoremQA_xueguangma/future_value_2.json,0.8023840188980103,0.012510299682617188,0.05167126655578613,0,0,INCORRECT
contriever,theoremqa_questions,TheoremQA_xinyi/rotation.json,0.756406843662262,0.03652811050415039,0.04433196783065796,0,0,INCORRECT
contriever,theoremqa_questions,TheoremQA_wenhuchen/L'Hôpital_rule1.json,0.7600389719009399,0.04406118392944336,0.08425843715667725,0,0,CORRECT
contriever,theoremqa_questions,TheoremQA_wenhuchen/optics2.json,0.6124448776245117,0.03705167770385742,0.06659632921218872,1,1,CORRECT
contriever,theoremqa_questions,TheoremQA_elainewan/math_algebra_4.json,0.6694302558898926,0.029018163681030273,0.04874920845031738,0,0,CORRECT
contriever,theoremqa_questions,TheoremQA_wenhuchen/optics7.json,0.6363329291343689,0.044338762760162354,0.06532031297683716,1,1,INCORRECT
contriever,theoremqa_questions,TheoremQA_elainewan/math_calculus_2_11.json,0.6135168075561523,0.016476154327392578,0.028913497924804688,0,0,CORRECT
contriever,theoremqa_questions,TheoremQA_elainewan/math_calculus_2_5.json,0.7219170928001404,0.04438221454620361,0.0763501524925232,0,0,CORRECT
contriever,theoremqa_questions,TheoremQA_wenhuchen/gauss_lemma.json,0.7006493806838989,0.01819974184036255,0.03676021099090576,0,0,INCORRECT
contriever,theoremqa_questions,TheoremQA_xueguangma/dividend_discount_model_2.json,0.6629352569580078,0.03862571716308594,0.056278228759765625,0,0,CORRECT
contriever,theoremqa_questions,TheoremQA_xinyi/maximum_entropy_2.json,0.6467229127883911,0.027656197547912598,0.047669172286987305,0,0,INCORRECT
contriever,theoremqa_questions,TheoremQA_panlu/similarity2.json,0.6237322688102722,0.015576541423797607,0.04835432767868042,0,0,CORRECT
contriever,theoremqa_questions,TheoremQA_mingyin/stopping-time1.json,0.6322923898696899,0.01133418083190918,0.051891207695007324,0,0,INCORRECT
contriever,theoremqa_questions,TheoremQA_tonyxia/euler-graph3.json,0.6637649536132812,0.02865380048751831,0.06113791465759277,0,1,CORRECT
contriever,theoremqa_questions,TheoremQA_jianyu_xu/Stirling_number_first_kind_5.json,0.7977062463760376,0.013291597366333008,0.03307056427001953,0,0,INCORRECT
contriever,theoremqa_questions,TheoremQA_xueguangma/forward_price_2.json,0.7138858437538147,0.013988792896270752,0.02437525987625122,0,0,INCORRECT
contriever,theoremqa_questions,TheoremQA_jianyu_xu/combination_1.json,0.7109202742576599,0.02022188901901245,0.044285356998443604,0,0,INCORRECT
contriever,theoremqa_questions,TheoremQA_maxku/ipnetwork13-hammingdist.json,0.676146388053894,0.028999805450439453,0.06586778163909912,0,0,CORRECT
contriever,theoremqa_questions,TheoremQA_maxku/cv-colorsci2-hsi.json,0.7162827253341675,0.07842743396759033,0.14061355590820312,1,1,CORRECT
contriever,theoremqa_questions,TheoremQA_maxku/signalprocessing11-nyquist.json,0.6663800477981567,0.014018416404724121,0.0442274808883667,1,1,CORRECT
contriever,theoremqa_questions,TheoremQA_maxku/signalprocessing15-DB.json,0.6898366212844849,0.13311481475830078,0.15545988082885742,1,1,INCORRECT
contriever,theoremqa_questions,TheoremQA_xinyi/linear_projection.json,0.6888297200202942,0.01029592752456665,0.032585203647613525,0,0,CORRECT
contriever,theoremqa_questions,TheoremQA_tonyxia/semiconductor1.json,0.7263485193252563,0.015842854976654053,0.05415630340576172,0,0,CORRECT
contriever,theoremqa_questions,TheoremQA_mingyin/Lebesgue-measure1.json,0.6408520936965942,0.008368730545043945,0.026935279369354248,0,0,INCORRECT
contriever,theoremqa_questions,TheoremQA_wenhuchen/Liouville’s_theorem1.json,0.5790944695472717,0.005887925624847412,0.027070581912994385,0,0,CORRECT
contriever,theoremqa_questions,TheoremQA_panlu/rigid-body3.json,0.6192686557769775,0.019534707069396973,0.02668440341949463,0,0,INCORRECT
contriever,theoremqa_questions,TheoremQA_wenhuchen/ODE2.json,0.7169082164764404,0.026785612106323242,0.06421923637390137,0,0,INCORRECT
contriever,theoremqa_questions,TheoremQA_elainewan/math_abstact_algebra_7_8.json,0.6281288862228394,0.00826883316040039,0.02654409408569336,0,0,CORRECT
contriever,theoremqa_questions,TheoremQA_xinyi/cramer_rao_lower_bound_2.json,0.6933323740959167,0.020646989345550537,0.06272894144058228,0,0,INCORRECT
contriever,theoremqa_questions,TheoremQA_mingyin/series2.json,0.6404828429222107,0.03651970624923706,0.049083173274993896,0,0,INCORRECT
contriever,theoremqa_questions,TheoremQA_maxku/signalprocessing5-nyquist.json,0.684910237789154,0.05251514911651611,0.12489986419677734,1,1,CORRECT
contriever,theoremqa_questions,TheoremQA_elainewan/math_algebra_5.json,0.6334518790245056,0.011622726917266846,0.02742403745651245,0,0,CORRECT
contriever,theoremqa_questions,TheoremQA_panlu/molar_heat_capacity2.json,0.6238927841186523,0.0038874149322509766,0.03180891275405884,0,0,INCORRECT
contriever,theoremqa_questions,TheoremQA_xueguangma/taylors_approximation_theorem.json,0.7814517021179199,0.07268357276916504,0.10772019624710083,0,0,INCORRECT
contriever,theoremqa_questions,TheoremQA_xueguangma/spot_rate.json,0.7942166328430176,0.0033071041107177734,0.032613396644592285,0,0,CORRECT
contriever,theoremqa_questions,TheoremQA_xueguangma/binomial_model_2.json,0.7158491015434265,0.033871471881866455,0.05563557147979736,0,0,INCORRECT
contriever,theoremqa_questions,TheoremQA_mingyin/cauchy-integral-theorem1.json,0.681296706199646,0.014026999473571777,0.04301095008850098,1,1,CORRECT
contriever,theoremqa_questions,TheoremQA_tonyxia/wave2.json,0.6319701671600342,0.006158053874969482,0.035683393478393555,1,1,INCORRECT
contriever,theoremqa_questions,TheoremQA_elainewan/math_abstact_algebra_7_5.json,0.7251813411712646,0.021243929862976074,0.03738760948181152,0,0,INCORRECT
contriever,theoremqa_questions,TheoremQA_wenhuchen/determinant2.json,0.6374690532684326,0.009187459945678711,0.02073848247528076,1,1,CORRECT
contriever,theoremqa_questions,TheoremQA_jianyu_xu/Ramsey_4.json,0.6984949707984924,0.010800182819366455,0.045149385929107666,0,0,INCORRECT
contriever,theoremqa_questions,TheoremQA_xinyi/huffman_code_1.json,0.6208502054214478,0.040802597999572754,0.05362439155578613,1,1,CORRECT
contriever,theoremqa_questions,TheoremQA_maxku/signalprocessing6-Ztransform.json,0.5896651148796082,0.01501917839050293,0.044564008712768555,0,0,CORRECT
contriever,theoremqa_questions,TheoremQA_wenhuchen/trapezoidal_rule2.json,0.760287880897522,0.02657938003540039,0.08269304037094116,0,0,CORRECT
contriever,theoremqa_questions,TheoremQA_maxku/ipnetwork4-mac.json,0.5591313242912292,0.0044425129890441895,0.03987908363342285,0,0,INCORRECT
contriever,theoremqa_questions,TheoremQA_wenhuchen/ODE3.json,0.6205280423164368,0.01831609010696411,0.043145716190338135,0,0,INCORRECT
contriever,theoremqa_questions,TheoremQA_wenhuchen/determinant1.json,0.6245776414871216,0.010286450386047363,0.04428744316101074,0,0,INCORRECT
contriever,theoremqa_questions,TheoremQA_maxku/ipnetwork14-hammingdist.json,0.6753662824630737,0.015065550804138184,0.0584447979927063,0,0,INCORRECT
contriever,theoremqa_questions,TheoremQA_xueguangma/dividend_discount_model_5.json,0.6818146705627441,0.005209684371948242,0.05679851770401001,0,1,INCORRECT
contriever,theoremqa_questions,TheoremQA_maxku/ipnetwork5-mac.json,0.6727800369262695,0.0032280683517456055,0.009791016578674316,0,0,INCORRECT
contriever,theoremqa_questions,TheoremQA_wenhuchen/t_test1.json,0.6689764261245728,0.06897783279418945,0.08243423700332642,0,0,INCORRECT
contriever,theoremqa_questions,TheoremQA_tonyxia/semiconductor5.json,0.5701566338539124,0.05064725875854492,0.07839050889015198,0,0,INCORRECT
contriever,theoremqa_questions,TheoremQA_wenhuchen/optics8.json,0.6411833763122559,0.07504105567932129,0.08560061454772949,1,1,INCORRECT
contriever,theoremqa_questions,TheoremQA_maxku/graphtheory5-vertexcover.json,0.6038438081741333,0.053296566009521484,0.07714313268661499,0,0,CORRECT
contriever,theoremqa_questions,TheoremQA_jianyu_xu/Ramsey_2.json,0.6729882955551147,0.0038971304893493652,0.03191244602203369,0,0,INCORRECT
contriever,theoremqa_questions,TheoremQA_xinyi/dag_2.json,0.518692672252655,0.017120063304901123,0.0452079176902771,0,0,CORRECT
contriever,theoremqa_questions,TheoremQA_maxku/graphtheory7-shortestpath.json,0.621350884437561,0.026076436042785645,0.06856393814086914,0,0,CORRECT
contriever,theoremqa_questions,TheoremQA_elainewan/math_calculus_12.json,0.7846016883850098,0.04125511646270752,0.07179564237594604,0,0,CORRECT
contriever,theoremqa_questions,TheoremQA_elainewan/math_algebra_3_2.json,0.6366015672683716,0.011385977268218994,0.034151554107666016,0,0,CORRECT
contriever,theoremqa_questions,TheoremQA_elainewan/econ_micro_7.json,0.7175793647766113,0.048197925090789795,0.0862358808517456,0,0,CORRECT
contriever,theoremqa_questions,TheoremQA_xinyi/channel_capacity_1.json,0.4977899193763733,0.020246565341949463,0.03918817639350891,0,0,CORRECT
contriever,theoremqa_questions,TheoremQA_panlu/molar_heat_capacity1.json,0.6962641477584839,0.004478335380554199,0.08346998691558838,0,1,INCORRECT
contriever,theoremqa_questions,TheoremQA_tonyxia/particle6.json,0.6553093194961548,0.14968526363372803,0.16794833540916443,1,1,INCORRECT
contriever,theoremqa_questions,TheoremQA_wenhuchen/viterbi2.json,0.7709272503852844,0.024730145931243896,0.047016263008117676,1,1,CORRECT
contriever,theoremqa_questions,TheoremQA_tonyxia/semiconductor3.json,0.6495019197463989,0.08767533302307129,0.11644876003265381,1,1,CORRECT
contriever,theoremqa_questions,TheoremQA_wenhuchen/gauss_lemma2.json,0.7192767858505249,0.013258516788482666,0.034122586250305176,0,0,CORRECT
contriever,theoremqa_questions,TheoremQA_panlu/angular_frequency3.json,0.6724469661712646,0.0665656328201294,0.09388399124145508,0,0,INCORRECT
contriever,theoremqa_questions,TheoremQA_panlu/trapezoid1.json,0.7118079662322998,0.008189797401428223,0.11568033695220947,0,0,CORRECT
contriever,theoremqa_questions,TheoremQA_wenhuchen/Rolle's_theorem.json,0.6400436162948608,0.011489629745483398,0.021816134452819824,0,0,CORRECT
contriever,theoremqa_questions,TheoremQA_jianyu_xu/Stirling_number_second_kind_3.json,0.6800085306167603,0.03111743927001953,0.05255424976348877,0,0,INCORRECT
contriever,theoremqa_questions,TheoremQA_wenhuchen/t_test2.json,0.6868762969970703,0.0062389373779296875,0.012730836868286133,0,0,INCORRECT
contriever,theoremqa_questions,TheoremQA_tonyxia/statisticalphysics2.json,0.5863557457923889,0.02151435613632202,0.04438287019729614,0,0,CORRECT
contriever,theoremqa_questions,TheoremQA_maxku/graphtheory10-shortestpath.json,0.6135164499282837,0.023697972297668457,0.04856395721435547,0,0,INCORRECT
contriever,theoremqa_questions,TheoremQA_maxku/cv-cnn4.json,0.6660572290420532,0.04991203546524048,0.11375069618225098,0,1,CORRECT
contriever,theoremqa_questions,TheoremQA_maxku/graphtheory3-vertexcover.json,0.5889250040054321,0.03293967247009277,0.047452688217163086,0,0,CORRECT
contriever,theoremqa_questions,TheoremQA_elainewan/econ_micro_14_3.json,0.707897424697876,0.025793910026550293,0.042762041091918945,0,0,INCORRECT
contriever,theoremqa_questions,TheoremQA_wenhuchen/euler's_method1.json,0.5874446630477905,0.053930044174194336,0.07257282733917236,0,0,CORRECT
contriever,theoremqa_questions,TheoremQA_wenhuchen/euler's_method2.json,0.5901408791542053,0.0028957724571228027,0.03641951084136963,0,0,INCORRECT
contriever,theoremqa_questions,TheoremQA_jianyu_xu/Stirling_number_second_kind_6.json,0.7193849086761475,0.014653921127319336,0.11049425601959229,0,0,INCORRECT
contriever,theoremqa_questions,TheoremQA_jianyu_xu/Catalan_2.json,0.6821349263191223,0.03378474712371826,0.0782814621925354,0,0,CORRECT
contriever,theoremqa_questions,TheoremQA_maxku/ipnetwork21-ip-2.json,0.5854788422584534,0.010090470314025879,0.03509730100631714,0,0,INCORRECT
contriever,theoremqa_questions,TheoremQA_panlu/gravitational_force1.json,0.7176952362060547,0.006367027759552002,0.034125685691833496,0,0,CORRECT
contriever,theoremqa_questions,TheoremQA_wenhuchen/cauchy_integral1.json,0.6315563917160034,0.0033305883407592773,0.023837685585021973,0,0,INCORRECT
contriever,theoremqa_questions,TheoremQA_wenhuchen/double_integral2.json,0.6776636838912964,0.007058262825012207,0.037273526191711426,0,0,INCORRECT
contriever,theoremqa_questions,TheoremQA_xueguangma/forward_price_1.json,0.7145615816116333,0.018118321895599365,0.07017159461975098,0,0,CORRECT
contriever,theoremqa_questions,TheoremQA_jianyu_xu/Multinomial_2.json,0.7372368574142456,0.016243457794189453,0.039641618728637695,0,0,INCORRECT
contriever,theoremqa_questions,TheoremQA_maxku/signalprocessing13-Ztransform.json,0.5682349801063538,0.03360968828201294,0.060600221157073975,1,1,CORRECT
contriever,theoremqa_questions,TheoremQA_wenhuchen/kepler's_law1.json,0.7800450921058655,0.05119854211807251,0.06485259532928467,0,0,CORRECT
contriever,theoremqa_questions,TheoremQA_maxku/signalprocessing19-period.json,0.5695184469223022,0.01833808422088623,0.03921616077423096,0,0,CORRECT
contriever,theoremqa_questions,TheoremQA_tonyxia/euler-graph2.json,0.6374509334564209,0.0072977542877197266,0.04019367694854736,0,0,CORRECT
contriever,theoremqa_questions,TheoremQA_jianyu_xu/Stirling_number_second_kind_5.json,0.7283325791358948,0.002953767776489258,0.10660344362258911,0,0,INCORRECT
contriever,theoremqa_questions,TheoremQA_jianyu_xu/Graph_2.json,0.6863499879837036,0.06197237968444824,0.0993887186050415,0,0,CORRECT
contriever,theoremqa_questions,TheoremQA_jianyu_xu/pigeonhole_4.json,0.7053199410438538,0.026335418224334717,0.05986428260803223,0,1,CORRECT
contriever,theoremqa_questions,TheoremQA_xinyi/dag_3.json,0.6325587630271912,0.005229294300079346,0.03313678503036499,0,0,INCORRECT
contriever,theoremqa_questions,TheoremQA_elainewan/math_calculus_5.json,0.6902149319648743,0.002450227737426758,0.039416491985321045,0,0,CORRECT
contriever,theoremqa_questions,TheoremQA_maxku/cv-imageprocessing9-digital-image.json,0.734115481376648,0.1062270998954773,0.17571234703063965,1,1,CORRECT
contriever,theoremqa_questions,TheoremQA_maxku/signalprocessing9-signalrep.json,0.6968446373939514,0.00826936960220337,0.03372544050216675,0,0,CORRECT
contriever,theoremqa_questions,TheoremQA_jianyu_xu/Stirling_number_first_kind_6.json,0.8119297027587891,0.008610844612121582,0.04638361930847168,0,0,CORRECT
contriever,theoremqa_questions,TheoremQA_xueguangma/present_value_1.json,0.6959887742996216,0.025799989700317383,0.04275381565093994,0,0,INCORRECT
contriever,theoremqa_questions,TheoremQA_maxku/graphtheory4-vertexcover.json,0.6703547835350037,0.016475439071655273,0.09270697832107544,0,0,CORRECT
contriever,theoremqa_questions,TheoremQA_xueguangma/dividend_discount_model_4.json,0.7863714694976807,0.01483464241027832,0.06784939765930176,0,0,CORRECT
contriever,theoremqa_questions,TheoremQA_jianyu_xu/Multinomial_1.json,0.7289547920227051,0.041240155696868896,0.08827567100524902,0,0,CORRECT
contriever,theoremqa_questions,TheoremQA_wenhuchen/infinite_series_sum3.json,0.5865426659584045,0.01518547534942627,0.03941768407821655,0,0,CORRECT
contriever,theoremqa_questions,TheoremQA_jianyu_xu/Cayley_3.json,0.6590090990066528,0.04204040765762329,0.07172441482543945,0,0,CORRECT
contriever,theoremqa_questions,TheoremQA_maxku/cv-colorsci3-rgb.json,0.7622760534286499,0.007343888282775879,0.08150660991668701,0,0,CORRECT
contriever,theoremqa_questions,TheoremQA_panlu/similarity3.json,0.7735568284988403,0.06747031211853027,0.11113828420639038,0,0,CORRECT
contriever,theoremqa_questions,TheoremQA_jianyu_xu/Multinomial_4.json,0.7039128541946411,0.01873326301574707,0.07158976793289185,0,0,CORRECT
contriever,theoremqa_questions,TheoremQA_wenhuchen/trapezoidal_rule3.json,0.6676039099693298,0.0193139910697937,0.04215884208679199,0,0,INCORRECT
contriever,theoremqa_questions,TheoremQA_maxku/cv-colorsci1-rgb.json,0.6594268083572388,0.008563041687011719,0.057161808013916016,0,1,CORRECT
contriever,theoremqa_questions,TheoremQA_jianyu_xu/Binomial_5.json,0.712772011756897,0.05677688121795654,0.09479105472564697,0,0,CORRECT
contriever,theoremqa_questions,TheoremQA_xueguangma/effective_rates_1.json,0.7740520238876343,0.01762068271636963,0.039490580558776855,0,0,CORRECT
contriever,theoremqa_questions,TheoremQA_elainewan/econ_micro_7_2.json,0.6873432397842407,0.008172869682312012,0.05292510986328125,0,0,CORRECT
contriever,theoremqa_questions,TheoremQA_elainewan/math_calculus_3_8.json,0.646467924118042,0.035788118839263916,0.04946255683898926,0,0,INCORRECT
contriever,theoremqa_questions,TheoremQA_maxku/fourier6-FT.json,0.5765213370323181,0.0464286208152771,0.07293254137039185,0,0,CORRECT
contriever,theoremqa_questions,TheoremQA_maxku/cv-cnn1.json,0.6642735004425049,0.025459468364715576,0.06712961196899414,0,0,INCORRECT
contriever,theoremqa_questions,TheoremQA_wenhuchen/t_test3.json,0.6098142266273499,0.016073763370513916,0.03902238607406616,0,0,INCORRECT
contriever,theoremqa_questions,TheoremQA_maxku/signalprocessing7-phaseshift.json,0.6500006914138794,0.014896512031555176,0.07575243711471558,0,0,CORRECT
contriever,theoremqa_questions,TheoremQA_xinyi/sum_product_algorithm.json,0.5139518976211548,0.010915517807006836,0.028487414121627808,1,1,CORRECT
contriever,theoremqa_questions,TheoremQA_jianyu_xu/Binomial_4.json,0.7565782070159912,0.0413050651550293,0.0757591724395752,0,0,CORRECT
contriever,theoremqa_questions,TheoremQA_jianyu_xu/Ramsey_3.json,0.7266172170639038,0.013966202735900879,0.04004114866256714,0,1,CORRECT
contriever,theoremqa_questions,TheoremQA_wenhuchen/viterbi1.json,0.6389115452766418,0.020237863063812256,0.041043758392333984,0,1,INCORRECT
contriever,theoremqa_questions,TheoremQA_xinyi/kernel_1.json,0.6287862062454224,0.007776379585266113,0.022238731384277344,0,0,CORRECT
contriever,theoremqa_questions,TheoremQA_xinyi/neural_networks.json,0.5293283462524414,0.01821005344390869,0.03553000092506409,1,1,CORRECT
contriever,theoremqa_questions,TheoremQA_wenhuchen/kepler's_law3.json,0.7755694389343262,0.0874934196472168,0.11763888597488403,0,0,INCORRECT
contriever,theoremqa_questions,TheoremQA_wenhuchen/Poisson_process2.json,0.698180079460144,0.05818980932235718,0.10699951648712158,0,0,INCORRECT
contriever,theoremqa_questions,TheoremQA_jianyu_xu/pigeonhole_1.json,0.6007466912269592,0.05615454912185669,0.0823926329612732,0,1,CORRECT
contriever,theoremqa_questions,TheoremQA_wenhuchen/jensen2.json,0.6560081243515015,0.029381513595581055,0.0380634069442749,0,0,CORRECT
contriever,theoremqa_questions,TheoremQA_xueguangma/future_value_1.json,0.8320697546005249,0.0043544769287109375,0.05856907367706299,0,0,CORRECT
contriever,theoremqa_questions,TheoremQA_xueguangma/binomial_model_1.json,0.8033385276794434,0.016089797019958496,0.033701419830322266,0,0,INCORRECT
contriever,theoremqa_questions,TheoremQA_elainewan/econ_micro_11.json,0.6955229043960571,0.002279043197631836,0.03147310018539429,0,0,CORRECT
contriever,theoremqa_questions,TheoremQA_wenhuchen/newton2.json,0.6448628902435303,0.0066986083984375,0.018104076385498047,0,0,INCORRECT
contriever,theoremqa_questions,TheoremQA_jianyu_xu/Catalan_1.json,0.717400074005127,0.021812081336975098,0.05203855037689209,0,0,INCORRECT
contriever,theoremqa_questions,TheoremQA_elainewan/econ_micro_18.json,0.6046795845031738,0.0037427544593811035,0.022697925567626953,0,0,CORRECT
contriever,theoremqa_questions,TheoremQA_xinyi/rate_distortion_function_2.json,0.5269860029220581,0.029412388801574707,0.05143314599990845,0,0,CORRECT
contriever,theoremqa_questions,TheoremQA_jianyu_xu/Binomial_3.json,0.810869574546814,0.09238296747207642,0.17314636707305908,0,0,CORRECT
contriever,theoremqa_questions,TheoremQA_elainewan/math_abstact_algebra_7.json,0.7827355861663818,0.006752133369445801,0.07234978675842285,0,0,CORRECT
contriever,theoremqa_questions,TheoremQA_jianyu_xu/Multinomial_3.json,0.7071114778518677,0.01903355121612549,0.07058227062225342,0,0,CORRECT
contriever,theoremqa_questions,TheoremQA_wenhuchen/p_value2.json,0.7844943404197693,0.022132575511932373,0.04918968677520752,0,0,CORRECT
contriever,theoremqa_questions,TheoremQA_tonyxia/semiconductor2.json,0.6148561239242554,0.03646939992904663,0.06508851051330566,1,1,INCORRECT
contriever,theoremqa_questions,TheoremQA_wenhuchen/jensen1.json,0.6494610905647278,0.01352393627166748,0.034680843353271484,0,0,CORRECT
contriever,theoremqa_questions,TheoremQA_maxku/graphtheory11-shortestpath-hard.json,0.7638806104660034,0.046465396881103516,0.07607358694076538,0,0,INCORRECT
contriever,theoremqa_questions,TheoremQA_maxku/signalprocessing14-Ztransform.json,0.597139835357666,0.07653558254241943,0.11142277717590332,1,1,CORRECT
contriever,theoremqa_questions,TheoremQA_xueguangma/present_value_2.json,0.7715070247650146,0.0107346773147583,0.026115775108337402,0,0,INCORRECT
contriever,theoremqa_questions,TheoremQA_xueguangma/dividend_discount_model_1.json,0.6768820285797119,0.008350729942321777,0.01814281940460205,0,0,CORRECT
contriever,theoremqa_questions,TheoremQA_maxku/signalprocessing2-DB.json,0.5889269709587097,0.052363455295562744,0.06886398792266846,0,0,CORRECT
contriever,theoremqa_questions,TheoremQA_elainewan/math_calculus_11.json,0.7625175714492798,0.025497078895568848,0.03572314977645874,0,0,INCORRECT
contriever,theoremqa_questions,TheoremQA_panlu/gravitational_force2.json,0.7436823844909668,0.0754542350769043,0.11876660585403442,0,1,CORRECT
contriever,theoremqa_questions,TheoremQA_wenhuchen/Liouville’s_theorem2.json,0.6409988403320312,0.04118967056274414,0.08277475833892822,0,0,CORRECT
contriever,theoremqa_questions,TheoremQA_maxku/cv-imageprocessing8-fourier2.json,0.6328611373901367,0.011747479438781738,0.027432918548583984,1,1,INCORRECT
contriever,theoremqa_questions,TheoremQA_wenhuchen/L'Hôpital_rule2.json,0.5886743068695068,0.013725638389587402,0.037110328674316406,0,0,INCORRECT
contriever,theoremqa_questions,TheoremQA_elainewan/math_calculus_2_6.json,0.6438088417053223,0.004972636699676514,0.022455334663391113,0,0,INCORRECT
contriever,theoremqa_questions,TheoremQA_mingyin/Fundamental-Theorem-of-Calculus3.json,0.6302140951156616,0.013241112232208252,0.02694523334503174,0,0,INCORRECT
contriever,theoremqa_questions,TheoremQA_mingyin/convexity1.json,0.6263109445571899,0.02430438995361328,0.03530311584472656,0,0,CORRECT
contriever,theoremqa_questions,TheoremQA_xueguangma/forward_rate_1.json,0.7714431285858154,0.0036705732345581055,0.017992913722991943,0,0,INCORRECT
contriever,theoremqa_questions,TheoremQA_tonyxia/maxplanar3.json,0.6389720439910889,0.02205348014831543,0.06254136562347412,0,0,CORRECT
contriever,theoremqa_questions,TheoremQA_jianyu_xu/Binomial_6.json,0.7828168272972107,0.035542309284210205,0.11853808164596558,0,0,CORRECT
contriever,theoremqa_questions,TheoremQA_elainewan/math_algebra_4_3.json,0.618321418762207,0.0006527900695800781,0.03274190425872803,0,0,CORRECT
contriever,theoremqa_questions,TheoremQA_maxku/fourier1-FS.json,0.792797327041626,0.031242012977600098,0.05976790189743042,0,0,CORRECT
contriever,theoremqa_questions,TheoremQA_jianyu_xu/Binomial_1.json,0.7150031328201294,0.022704005241394043,0.08604192733764648,0,0,INCORRECT
contriever,theoremqa_questions,TheoremQA_xueguangma/forward_price_3.json,0.7704247236251831,0.0134962797164917,0.07679623365402222,0,0,INCORRECT
contriever,theoremqa_questions,TheoremQA_wenhuchen/series_convergen3.json,0.6248870491981506,0.005556166172027588,0.025662899017333984,0,0,CORRECT
contriever,theoremqa_questions,TheoremQA_xueguangma/intermediate_value_theorem.json,0.6184387803077698,0.027000784873962402,0.05265003442764282,0,0,CORRECT
contriever,theoremqa_questions,TheoremQA_elainewan/math_algebra_7_2.json,0.5126059055328369,0.029927372932434082,0.057536303997039795,0,0,INCORRECT
contriever,theoremqa_questions,TheoremQA_mingyin/Limit-of-sequence2.json,0.6577061414718628,0.0351293683052063,0.0667620301246643,0,0,INCORRECT
contriever,theoremqa_questions,TheoremQA_elainewan/math_abstact_algebra_7_3.json,0.5938528180122375,0.022064030170440674,0.07026523351669312,1,1,CORRECT
contriever,theoremqa_questions,TheoremQA_tonyxia/maxplanar1.json,0.6601064205169678,0.03139090538024902,0.08287525177001953,0,0,CORRECT
contriever,theoremqa_questions,TheoremQA_jianyu_xu/Multinomial_6.json,0.623815655708313,0.014056563377380371,0.08082783222198486,0,0,INCORRECT
contriever,theoremqa_questions,TheoremQA_wenhuchen/optics3.json,0.6803209781646729,0.06035083532333374,0.09962284564971924,1,1,CORRECT
contriever,theoremqa_questions,TheoremQA_xinyi/distortion_rate_function_2.json,0.6183292865753174,0.016085386276245117,0.030216574668884277,1,1,CORRECT
contriever,theoremqa_questions,TheoremQA_maxku/graphtheory6-shortestpath.json,0.6304241418838501,0.012862622737884521,0.06873476505279541,0,1,CORRECT
contriever,theoremqa_questions,TheoremQA_xinyi/dag_1.json,0.6914891004562378,0.004356265068054199,0.06422936916351318,0,0,CORRECT
contriever,theoremqa_questions,TheoremQA_xueguangma/geometric_brownian_motion.json,0.7936981916427612,0.01409459114074707,0.040088117122650146,0,0,CORRECT
contriever,theoremqa_questions,TheoremQA_mingyin/Limit-of-sequence3.json,0.7618035078048706,0.0144270658493042,0.029133319854736328,0,0,CORRECT
contriever,theoremqa_questions,TheoremQA_elainewan/math_calculus_2_7.json,0.6130441427230835,0.005060672760009766,0.08669859170913696,0,0,INCORRECT
contriever,theoremqa_questions,TheoremQA_panlu/wave_length1.json,0.6907517910003662,0.015252470970153809,0.11342716217041016,0,0,CORRECT
contriever,theoremqa_questions,TheoremQA_wenhuchen/Poisson_process3.json,0.7288773059844971,0.015203893184661865,0.04317367076873779,0,0,CORRECT
contriever,theoremqa_questions,TheoremQA_xinyi/rate_distortion_function_1.json,0.6106813549995422,0.009029567241668701,0.02399522066116333,0,0,CORRECT
contriever,theoremqa_questions,TheoremQA_maxku/graphtheory2-vertexcover.json,0.6122121810913086,0.04476052522659302,0.07776439189910889,0,0,INCORRECT
contriever,theoremqa_questions,TheoremQA_jianyu_xu/Binomial_2.json,0.6937565803527832,0.04658365249633789,0.087790846824646,0,0,CORRECT
contriever,theoremqa_questions,TheoremQA_maxku/cv-imageprocessing2-morphology.json,0.6755488514900208,0.25644975900650024,0.3006945252418518,1,1,INCORRECT
contriever,theoremqa_questions,TheoremQA_jianyu_xu/Ramsey_6.json,0.6377237439155579,0.018815994262695312,0.04035079479217529,1,1,CORRECT
contriever,theoremqa_questions,TheoremQA_jianyu_xu/Ramsey_5.json,0.6945952773094177,0.01161724328994751,0.03775602579116821,0,0,CORRECT
contriever,theoremqa_questions,TheoremQA_tonyxia/particle4.json,0.7435626983642578,0.12977510690689087,0.22551405429840088,1,1,CORRECT
contriever,theoremqa_questions,TheoremQA_wenhuchen/series_convergen2.json,0.6785619854927063,0.009185552597045898,0.029006659984588623,0,0,INCORRECT
contriever,theoremqa_questions,TheoremQA_xinyi/channel_capacity_3.json,0.543889045715332,0.027464985847473145,0.06103938817977905,0,1,INCORRECT
contriever,theoremqa_questions,TheoremQA_xinyi/huffman_code_3.json,0.7175202369689941,0.007258594036102295,0.026908516883850098,0,0,INCORRECT
contriever,theoremqa_theorems,TheoremQA_elainewan/math_algebra_1.json,0.6442970037460327,0.018207192420959473,0.052144765853881836,0,0,INCORRECT
contriever,theoremqa_theorems,TheoremQA_wenhuchen/eigen_value1.json,0.6366209387779236,0.024808943271636963,0.04931420087814331,1,1,INCORRECT
contriever,theoremqa_theorems,TheoremQA_jianyu_xu/pigeonhole_2.json,0.506534993648529,0.010907113552093506,0.043456971645355225,0,0,INCORRECT
contriever,theoremqa_theorems,TheoremQA_wenhuchen/definite_matrix1.json,0.6072239279747009,0.017364919185638428,0.03211396932601929,0,1,CORRECT
contriever,theoremqa_theorems,TheoremQA_wenhuchen/L'Hôpital_rule1.json,0.6221957206726074,0.050812721252441406,0.09452211856842041,0,0,CORRECT
contriever,theoremqa_theorems,TheoremQA_jianyu_xu/pigeonhole_3.json,0.48498666286468506,0.025733470916748047,0.047439396381378174,0,0,CORRECT
contriever,theoremqa_theorems,TheoremQA_elainewan/math_algebra_1_2.json,0.5851803421974182,0.006886005401611328,0.03351205587387085,0,0,CORRECT
contriever,theoremqa_theorems,TheoremQA_maxku/signalprocessing11-nyquist.json,0.5889891386032104,0.042337000370025635,0.08055377006530762,1,1,CORRECT
contriever,theoremqa_theorems,TheoremQA_jianyu_xu/Stirling_number_first_kind_5.json,0.47432225942611694,0.013837814331054688,0.02739739418029785,0,0,INCORRECT
contriever,theoremqa_theorems,TheoremQA_xinyi/maximum_entropy_2.json,0.6267766952514648,0.04145979881286621,0.06692010164260864,0,1,CORRECT
contriever,theoremqa_theorems,TheoremQA_elainewan/math_calculus_2_11.json,0.6195530295372009,0.015933692455291748,0.05915778875350952,0,0,CORRECT
contriever,theoremqa_theorems,TheoremQA_elainewan/math_algebra_4.json,0.6483150720596313,0.02136707305908203,0.058898985385894775,0,0,CORRECT
contriever,theoremqa_theorems,TheoremQA_maxku/ipnetwork13-hammingdist.json,0.5723292827606201,0.020918428897857666,0.04044139385223389,0,0,CORRECT
contriever,theoremqa_theorems,TheoremQA_panlu/similarity2.json,0.540164589881897,0.028409123420715332,0.0468561053276062,0,0,CORRECT
contriever,theoremqa_theorems,TheoremQA_xinyi/linear_projection.json,0.6837711334228516,0.011473894119262695,0.028004705905914307,0,0,CORRECT
contriever,theoremqa_theorems,TheoremQA_wenhuchen/Liouville’s_theorem1.json,0.5533574223518372,0.020233511924743652,0.07737880945205688,0,0,CORRECT
contriever,theoremqa_theorems,TheoremQA_xueguangma/taylors_approximation_theorem.json,0.6630785465240479,0.038508057594299316,0.0888637900352478,0,0,CORRECT
contriever,theoremqa_theorems,TheoremQA_mingyin/series2.json,0.5994811654090881,0.018364369869232178,0.037471115589141846,0,0,INCORRECT
contriever,theoremqa_theorems,TheoremQA_mingyin/cauchy-integral-theorem1.json,0.6677490472793579,0.018299460411071777,0.03574538230895996,0,0,CORRECT
contriever,theoremqa_theorems,TheoremQA_mingyin/Lebesgue-measure1.json,0.6223971843719482,0.03938168287277222,0.07220101356506348,0,0,CORRECT
contriever,theoremqa_theorems,TheoremQA_elainewan/math_algebra_5.json,0.6388652324676514,0.04071390628814697,0.06266051530838013,0,0,INCORRECT
contriever,theoremqa_theorems,TheoremQA_wenhuchen/ODE2.json,0.6785169839859009,0.07626354694366455,0.1018296480178833,0,0,CORRECT
contriever,theoremqa_theorems,TheoremQA_panlu/rigid-body3.json,0.5293605923652649,0.0279160737991333,0.05217248201370239,0,1,CORRECT
contriever,theoremqa_theorems,TheoremQA_wenhuchen/ODE3.json,0.5352867245674133,0.019962072372436523,0.047206491231918335,0,0,INCORRECT
contriever,theoremqa_theorems,TheoremQA_jianyu_xu/Ramsey_2.json,0.5307798385620117,0.08610004186630249,0.11454573273658752,0,0,INCORRECT
contriever,theoremqa_theorems,TheoremQA_wenhuchen/t_test1.json,0.5492193698883057,0.12221133708953857,0.13593536615371704,0,0,CORRECT
contriever,theoremqa_theorems,TheoremQA_elainewan/math_algebra_3_2.json,0.6010012030601501,0.03368419408798218,0.04688364267349243,0,0,CORRECT
contriever,theoremqa_theorems,TheoremQA_elainewan/math_calculus_12.json,0.670201301574707,0.04437512159347534,0.13685238361358643,0,0,INCORRECT
contriever,theoremqa_theorems,TheoremQA_elainewan/econ_micro_7.json,0.5509980916976929,0.034776270389556885,0.06561112403869629,0,0,CORRECT
contriever,theoremqa_theorems,TheoremQA_jianyu_xu/Ramsey_4.json,0.5177374482154846,0.023374199867248535,0.047024667263031006,0,0,CORRECT
contriever,theoremqa_theorems,TheoremQA_wenhuchen/viterbi2.json,0.5214415192604065,0.030875861644744873,0.048885226249694824,0,0,INCORRECT
contriever,theoremqa_theorems,TheoremQA_xinyi/dag_2.json,0.550135612487793,0.0077991485595703125,0.070079505443573,0,0,CORRECT
contriever,theoremqa_theorems,TheoremQA_jianyu_xu/Catalan_2.json,0.5973100662231445,0.017151594161987305,0.04427534341812134,0,0,CORRECT
contriever,theoremqa_theorems,TheoremQA_wenhuchen/cauchy_integral1.json,0.6132190227508545,0.020737409591674805,0.04838669300079346,0,0,CORRECT
contriever,theoremqa_theorems,TheoremQA_jianyu_xu/Stirling_number_second_kind_3.json,0.5071340203285217,0.02959895133972168,0.0454733669757843,0,0,INCORRECT
contriever,theoremqa_theorems,TheoremQA_jianyu_xu/Multinomial_2.json,0.5744384527206421,0.05774271488189697,0.10942363739013672,0,0,INCORRECT
contriever,theoremqa_theorems,TheoremQA_wenhuchen/t_test2.json,0.5544133186340332,0.039067983627319336,0.08187627792358398,0,0,INCORRECT
contriever,theoremqa_theorems,TheoremQA_wenhuchen/kepler's_law1.json,0.5592460632324219,0.03739500045776367,0.07374560832977295,1,1,CORRECT
contriever,theoremqa_theorems,TheoremQA_jianyu_xu/Cayley_3.json,0.6282921433448792,0.07872897386550903,0.09651517868041992,0,0,CORRECT
contriever,theoremqa_theorems,TheoremQA_xinyi/dag_3.json,0.5847848653793335,0.025887012481689453,0.08915954828262329,0,0,CORRECT
contriever,theoremqa_theorems,TheoremQA_jianyu_xu/Multinomial_1.json,0.46814441680908203,0.015187561511993408,0.03742152452468872,0,0,CORRECT
contriever,theoremqa_theorems,TheoremQA_jianyu_xu/Graph_2.json,0.5528309345245361,0.04696667194366455,0.07443541288375854,0,0,CORRECT
contriever,theoremqa_theorems,TheoremQA_wenhuchen/trapezoidal_rule3.json,0.57848060131073,0.020533323287963867,0.04801124334335327,0,0,INCORRECT
contriever,theoremqa_theorems,TheoremQA_jianyu_xu/Stirling_number_second_kind_5.json,0.4684133529663086,0.020964622497558594,0.040873169898986816,0,0,INCORRECT
contriever,theoremqa_theorems,TheoremQA_jianyu_xu/pigeonhole_4.json,0.5396126508712769,0.04520076513290405,0.13787078857421875,0,0,CORRECT
contriever,theoremqa_theorems,TheoremQA_wenhuchen/Rolle's_theorem.json,0.6108455657958984,0.014700233936309814,0.036667466163635254,0,0,CORRECT
contriever,theoremqa_theorems,TheoremQA_jianyu_xu/Binomial_5.json,0.4833436608314514,0.013488531112670898,0.045276105403900146,0,0,CORRECT
contriever,theoremqa_theorems,TheoremQA_elainewan/math_calculus_3_8.json,0.5674021244049072,0.01661580801010132,0.035262227058410645,0,0,INCORRECT
contriever,theoremqa_theorems,TheoremQA_jianyu_xu/pigeonhole_1.json,0.45985662937164307,0.02686440944671631,0.05911928415298462,0,0,CORRECT
contriever,theoremqa_theorems,TheoremQA_panlu/similarity3.json,0.6557059288024902,0.021631300449371338,0.0647435188293457,0,0,CORRECT
contriever,theoremqa_theorems,TheoremQA_jianyu_xu/Ramsey_3.json,0.4568554759025574,0.036442071199417114,0.068173348903656,0,0,INCORRECT
contriever,theoremqa_theorems,TheoremQA_wenhuchen/t_test3.json,0.5515735745429993,0.1044381856918335,0.12177824974060059,0,0,INCORRECT
contriever,theoremqa_theorems,TheoremQA_jianyu_xu/Binomial_4.json,0.48977214097976685,0.0204201340675354,0.03737229108810425,0,0,CORRECT
contriever,theoremqa_theorems,TheoremQA_jianyu_xu/Multinomial_4.json,0.5398699641227722,0.017402946949005127,0.04043471813201904,0,0,CORRECT
contriever,theoremqa_theorems,TheoremQA_wenhuchen/kepler's_law3.json,0.6932359337806702,0.09900468587875366,0.17310744524002075,1,1,CORRECT
contriever,theoremqa_theorems,TheoremQA_jianyu_xu/Binomial_3.json,0.4466736614704132,0.034541159868240356,0.05760648846626282,0,0,CORRECT
contriever,theoremqa_theorems,TheoremQA_jianyu_xu/Multinomial_3.json,0.5492911338806152,0.03120124340057373,0.04910552501678467,0,0,CORRECT
contriever,theoremqa_theorems,TheoremQA_wenhuchen/jensen1.json,0.5884699821472168,0.023715734481811523,0.04295414686203003,0,0,CORRECT
contriever,theoremqa_theorems,TheoremQA_jianyu_xu/Catalan_1.json,0.5895673036575317,0.029538869857788086,0.05911815166473389,0,0,CORRECT
contriever,theoremqa_theorems,TheoremQA_mingyin/convexity1.json,0.5598227977752686,0.017692387104034424,0.05111759901046753,0,0,CORRECT
contriever,theoremqa_theorems,TheoremQA_wenhuchen/Liouville’s_theorem2.json,0.6057524085044861,0.034788548946380615,0.067657470703125,0,0,CORRECT
contriever,theoremqa_theorems,TheoremQA_mingyin/Fundamental-Theorem-of-Calculus3.json,0.6085103750228882,0.02039480209350586,0.030374884605407715,0,0,INCORRECT
contriever,theoremqa_theorems,TheoremQA_elainewan/math_algebra_7_2.json,0.5290965437889099,0.018300235271453857,0.07255798578262329,0,0,INCORRECT
contriever,theoremqa_theorems,TheoremQA_tonyxia/maxplanar3.json,0.5809611082077026,0.02938234806060791,0.0647892951965332,0,0,INCORRECT
contriever,theoremqa_theorems,TheoremQA_panlu/gravitational_force2.json,0.6435812711715698,0.06865501403808594,0.12399780750274658,0,1,CORRECT
contriever,theoremqa_theorems,TheoremQA_xueguangma/intermediate_value_theorem.json,0.5615029335021973,0.007387101650238037,0.03849518299102783,0,0,CORRECT
contriever,theoremqa_theorems,TheoremQA_elainewan/math_algebra_4_3.json,0.5691776275634766,0.013228774070739746,0.02687782049179077,0,0,INCORRECT
contriever,theoremqa_theorems,TheoremQA_jianyu_xu/Multinomial_6.json,0.44464725255966187,0.026676863431930542,0.051516592502593994,0,0,CORRECT
contriever,theoremqa_theorems,TheoremQA_tonyxia/maxplanar1.json,0.5675158500671387,0.029524385929107666,0.0584338903427124,0,0,INCORRECT
contriever,theoremqa_theorems,TheoremQA_jianyu_xu/Binomial_6.json,0.4503980278968811,0.036494433879852295,0.05704683065414429,0,0,CORRECT
contriever,theoremqa_theorems,TheoremQA_elainewan/math_calculus_2_7.json,0.5586893558502197,0.04960012435913086,0.08352547883987427,0,0,CORRECT
contriever,theoremqa_theorems,TheoremQA_xinyi/dag_1.json,0.6036374568939209,0.031075119972229004,0.06390541791915894,0,0,CORRECT
contriever,theoremqa_theorems,TheoremQA_jianyu_xu/Ramsey_5.json,0.4724601209163666,0.008011013269424438,0.03513577580451965,0,0,INCORRECT
contriever,theoremqa_theorems,TheoremQA_wenhuchen/series_convergen2.json,0.6462746858596802,0.014277517795562744,0.027712583541870117,0,0,CORRECT
contriever,theoremqa_theorems,TheoremQA_jianyu_xu/Ramsey_6.json,0.5247913599014282,0.026549935340881348,0.04441016912460327,0,0,CORRECT
contriever,theoremqa_theorems,TheoremQA_jianyu_xu/Binomial_2.json,0.49465733766555786,0.019295454025268555,0.03691679239273071,0,0,CORRECT
