retriever,task,query_id,max_score,gap_ctx,gap_25,retrieval_success_5,retrieval_success_25,judgment
bm25,biology,2,72.10530090332031,3.844329833984375,25.06793212890625,0,0,INCORRECT
bm25,biology,0,41.068626403808594,0.9411087036132812,9.574666976928711,0,0,INCORRECT
bm25,biology,4,58.99121856689453,6.852878570556641,21.86785888671875,1,1,CORRECT
bm25,biology,8,53.33686447143555,8.982215881347656,15.525474548339844,0,0,INCORRECT
bm25,biology,12,46.42237091064453,11.277809143066406,16.264387130737305,1,1,CORRECT
bm25,biology,5,72.70784759521484,23.44440460205078,36.22553634643555,1,1,CORRECT
bm25,biology,1,63.696434020996094,10.219612121582031,24.77484130859375,0,1,INCORRECT
bm25,biology,6,32.80938720703125,6.213886260986328,10.908550262451172,0,1,INCORRECT
bm25,biology,17,42.67995834350586,2.0028648376464844,11.304586410522461,0,1,INCORRECT
bm25,biology,11,36.097999572753906,9.466617584228516,14.064666748046875,1,1,CORRECT
bm25,biology,23,51.37322235107422,4.2285919189453125,15.519844055175781,0,0,INCORRECT
bm25,biology,3,93.85822296142578,36.826534271240234,50.44833755493164,1,1,CORRECT
bm25,biology,7,65.11267852783203,21.132102966308594,38.61139678955078,1,1,CORRECT
bm25,biology,15,47.690731048583984,10.575542449951172,16.055805206298828,0,0,INCORRECT
bm25,biology,14,58.71186447143555,9.196842193603516,18.25963592529297,1,1,INCORRECT
bm25,biology,9,97.3055648803711,34.99528503417969,47.244606018066406,0,1,CORRECT
bm25,biology,16,53.07952880859375,11.910003662109375,22.197711944580078,0,0,INCORRECT
bm25,biology,10,77.43547821044922,22.83631134033203,29.205699920654297,1,1,CORRECT
bm25,biology,13,73.97050476074219,14.69171142578125,24.857990264892578,1,1,CORRECT
bm25,biology,22,53.84238815307617,16.705753326416016,19.903060913085938,0,0,CORRECT
bm25,biology,21,53.80517578125,17.238182067871094,25.816238403320312,1,1,CORRECT
bm25,biology,20,38.56257247924805,6.5324249267578125,16.20323371887207,1,1,CORRECT
bm25,biology,32,45.4296989440918,4.126987457275391,15.546981811523438,0,0,INCORRECT
bm25,biology,18,55.757713317871094,4.71087646484375,12.95328140258789,0,0,CORRECT
bm25,biology,33,41.20897674560547,5.193641662597656,9.462821960449219,0,1,CORRECT
bm25,biology,19,42.54949188232422,4.697559356689453,10.543655395507812,1,1,CORRECT
bm25,biology,36,39.843624114990234,0.0,2.647541046142578,0,0,CORRECT
bm25,biology,35,46.73259353637695,1.650604248046875,9.807746887207031,0,0,INCORRECT
bm25,biology,25,53.05736541748047,13.002723693847656,18.30103302001953,0,0,INCORRECT
bm25,biology,24,79.03341674804688,16.3841552734375,31.030967712402344,0,1,CORRECT
bm25,biology,30,65.41979217529297,20.9639892578125,33.935665130615234,1,1,CORRECT
bm25,biology,26,42.00291442871094,7.445335388183594,11.30960464477539,0,1,INCORRECT
bm25,biology,37,56.86064147949219,4.1949920654296875,14.55129623413086,0,0,INCORRECT
bm25,biology,43,69.13520812988281,18.600154876708984,29.350929260253906,0,0,INCORRECT
bm25,biology,34,45.51984786987305,8.208244323730469,13.644371032714844,0,0,INCORRECT
bm25,biology,31,44.584625244140625,6.744945526123047,13.741130828857422,0,1,CORRECT
bm25,biology,27,39.30609893798828,5.824073791503906,13.254659652709961,0,1,CORRECT
bm25,biology,29,103.90826416015625,25.45745086669922,43.66548156738281,1,1,CORRECT
bm25,biology,28,58.81873321533203,14.581375122070312,20.37470245361328,1,1,CORRECT
bm25,biology,46,57.784976959228516,9.868907928466797,21.663463592529297,0,0,INCORRECT
bm25,biology,48,47.613651275634766,2.2709999084472656,7.436473846435547,0,0,INCORRECT
bm25,biology,38,48.21992492675781,2.4227218627929688,6.161510467529297,0,0,INCORRECT
bm25,biology,42,43.58705139160156,2.287395477294922,5.081268310546875,1,1,CORRECT
bm25,biology,39,125.94242095947266,19.50853729248047,39.088653564453125,0,0,INCORRECT
bm25,biology,47,64.53893280029297,15.913524627685547,24.19521713256836,0,0,CORRECT
bm25,biology,45,58.3311882019043,11.637382507324219,23.615230560302734,0,0,INCORRECT
bm25,biology,41,73.99922180175781,10.112777709960938,22.396331787109375,1,1,CORRECT
bm25,biology,40,86.68228912353516,10.078605651855469,21.125930786132812,0,0,INCORRECT
bm25,biology,54,46.31541442871094,5.169300079345703,16.52224349975586,1,1,CORRECT
bm25,biology,44,51.15057373046875,4.68896484375,19.326744079589844,0,0,INCORRECT
bm25,biology,59,56.58283996582031,8.026386260986328,13.762733459472656,0,0,INCORRECT
bm25,biology,49,63.21814727783203,8.850479125976562,20.070560455322266,0,0,CORRECT
bm25,biology,51,64.5999526977539,11.821357727050781,18.30834197998047,0,0,CORRECT
bm25,biology,50,97.9639663696289,16.77220916748047,48.02295684814453,0,0,CORRECT
bm25,biology,52,61.70164108276367,6.862537384033203,17.462677001953125,1,1,INCORRECT
bm25,biology,53,64.82524871826172,23.479618072509766,35.33992576599121,0,0,CORRECT
bm25,biology,55,54.96559143066406,2.247303009033203,12.92459487915039,0,0,INCORRECT
bm25,biology,56,100.94331359863281,18.40288543701172,50.30814743041992,0,0,CORRECT
bm25,biology,57,81.97984313964844,20.7762451171875,36.618038177490234,1,1,CORRECT
bm25,biology,67,29.02931022644043,3.259836196899414,7.767068862915039,0,0,INCORRECT
bm25,biology,64,89.64382934570312,35.17518615722656,53.832916259765625,0,0,CORRECT
bm25,biology,58,80.84900665283203,6.5124053955078125,27.03093719482422,1,1,CORRECT
bm25,biology,61,62.25411605834961,20.84927749633789,27.74103546142578,1,1,CORRECT
bm25,biology,63,83.38146209716797,23.80562973022461,35.297786712646484,0,1,CORRECT
bm25,biology,73,88.80406951904297,9.801490783691406,22.178451538085938,0,0,INCORRECT
bm25,biology,60,64.67469787597656,10.718135833740234,22.61599349975586,0,0,CORRECT
bm25,biology,74,83.38883209228516,23.976539611816406,43.9473876953125,0,1,INCORRECT
bm25,biology,62,76.8887939453125,3.8271102905273438,21.101821899414062,1,1,CORRECT
bm25,biology,76,43.16324234008789,5.994171142578125,13.136268615722656,0,0,INCORRECT
bm25,biology,69,92.69807434082031,17.26618194580078,49.24138641357422,0,1,INCORRECT
bm25,biology,65,64.07257080078125,6.460868835449219,24.120285034179688,1,1,CORRECT
bm25,biology,66,58.092803955078125,8.993019104003906,20.908992767333984,1,1,CORRECT
bm25,biology,68,81.96687316894531,20.290916442871094,30.426788330078125,0,1,INCORRECT
bm25,biology,82,76.64134216308594,24.831932067871094,42.40802001953125,0,0,INCORRECT
bm25,biology,77,42.89942932128906,9.277755737304688,15.577190399169922,0,0,INCORRECT
bm25,biology,70,53.9995231628418,7.149600982666016,12.077186584472656,1,1,CORRECT
bm25,biology,71,67.47541046142578,6.880924224853516,19.03112030029297,1,1,CORRECT
bm25,biology,72,53.68935775756836,10.774147033691406,19.392040252685547,1,1,CORRECT
bm25,biology,85,46.96884536743164,7.543006896972656,17.597749710083008,0,0,INCORRECT
bm25,biology,75,65.71448516845703,7.323478698730469,19.25592041015625,0,0,INCORRECT
bm25,biology,78,78.10287475585938,14.773048400878906,26.28940200805664,1,1,CORRECT
bm25,biology,79,55.0810546875,4.54962158203125,13.796478271484375,0,1,INCORRECT
bm25,biology,80,85.96016693115234,21.36968231201172,36.41788864135742,0,0,INCORRECT
bm25,biology,81,49.02984619140625,11.663948059082031,17.06595802307129,0,0,INCORRECT
bm25,biology,93,37.626991271972656,6.552516937255859,10.032413482666016,0,1,INCORRECT
bm25,biology,89,47.11857223510742,3.735240936279297,11.781314849853516,0,1,INCORRECT
bm25,biology,83,64.41278839111328,19.049694061279297,29.60320281982422,1,1,CORRECT
bm25,biology,94,56.808197021484375,16.048587799072266,24.29507064819336,1,1,CORRECT
bm25,biology,84,131.75552368164062,50.51134490966797,69.12926483154297,1,1,CORRECT
bm25,biology,88,50.13307189941406,3.8853912353515625,14.313152313232422,0,1,CORRECT
bm25,biology,86,85.54922485351562,12.182540893554688,34.954734802246094,1,1,CORRECT
bm25,biology,87,50.76819610595703,12.866474151611328,18.458724975585938,0,1,INCORRECT
bm25,biology,90,81.48448181152344,26.630836486816406,39.26979064941406,0,0,INCORRECT
bm25,biology,91,69.22897338867188,16.149673461914062,27.788970947265625,0,0,CORRECT
bm25,biology,92,70.19709014892578,23.479705810546875,31.063045501708984,1,1,CORRECT
bm25,biology,101,63.71385955810547,17.29692840576172,26.029624938964844,0,0,CORRECT
bm25,biology,97,66.23246765136719,20.6529541015625,35.53007507324219,1,1,CORRECT
bm25,biology,95,79.93988800048828,21.688438415527344,40.53547286987305,1,1,CORRECT
bm25,biology,98,54.36761474609375,11.689369201660156,19.696731567382812,0,0,CORRECT
bm25,biology,100,61.37017059326172,7.194118499755859,15.407829284667969,1,1,CORRECT
bm25,biology,96,103.34335327148438,31.54351043701172,50.69808578491211,0,1,CORRECT
bm25,biology,99,59.74197769165039,13.427669525146484,26.750896453857422,1,1,CORRECT
bm25,biology,102,87.43875885009766,14.017234802246094,40.45419692993164,0,0,INCORRECT
bm25,aops,math_test_intermediate_algebra_1179,64.12584686279297,9.627391815185547,19.907634735107422,0,0,INCORRECT
bm25,aops,aops_2019_AMC_12A_Problems/Problem_17,161.5098419189453,57.03202819824219,88.25326538085938,0,0,INCORRECT
bm25,aops,math_train_intermediate_algebra_513,32.298866271972656,3.381378173828125,4.892173767089844,0,0,INCORRECT
bm25,aops,math_train_counting_and_probability_5024,87.23929595947266,6.950279235839844,23.53173828125,0,0,INCORRECT
bm25,aops,aops_2015_AMC_10B_Problems/Problem_15,92.25761413574219,14.939651489257812,21.75811004638672,0,0,CORRECT
bm25,aops,math_train_number_theory_7095,86.00260162353516,5.943016052246094,38.828407287597656,0,0,INCORRECT
bm25,aops,math_train_number_theory_7012,40.098846435546875,6.886833190917969,12.0704345703125,0,0,INCORRECT
bm25,aops,math_train_number_theory_839,55.67768096923828,6.5643157958984375,14.322086334228516,0,0,CORRECT
bm25,aops,aops_2008_AMC_12B_Problems/Problem_16,110.91361999511719,27.878326416015625,36.20936584472656,0,0,INCORRECT
bm25,aops,math_train_number_theory_7030,83.38453674316406,42.52794647216797,50.61322784423828,0,0,INCORRECT
bm25,aops,aops_2000_AIME_I_Problems/Problem_9,114.20640563964844,9.0679931640625,47.81439208984375,0,0,INCORRECT
bm25,aops,aops_2008_AMC_12A_Problems/Problem_15,77.91273498535156,8.3052978515625,30.95069122314453,0,0,INCORRECT
bm25,aops,math_train_number_theory_7016,44.53855895996094,4.318778991699219,9.469058990478516,0,0,INCORRECT
bm25,aops,aops_2021_AIME_I_Problems/Problem_14,48.318782806396484,3.5982093811035156,12.06125259399414,0,1,INCORRECT
bm25,aops,aops_2024_AIME_I_Problems/Problem_13,43.438777923583984,5.861248016357422,13.043411254882812,0,1,INCORRECT
bm25,aops,aops_2005_IMO_Problems/Problem_4,53.80671691894531,2.917388916015625,16.006900787353516,0,0,INCORRECT
bm25,aops,aops_2017_AMC_10B_Problems/Problem_14,101.72989654541016,17.013450622558594,29.250755310058594,0,0,INCORRECT
bm25,aops,aops_2005_USAMO_Problems/Problem_2,57.32295608520508,8.479644775390625,14.037246704101562,0,0,INCORRECT
bm25,aops,math_train_counting_and_probability_5035,58.7335319519043,0.8056716918945312,8.3544921875,0,0,INCORRECT
bm25,aops,aops_2004_AIME_I_Problems/Problem_10,71.60871124267578,15.429691314697266,24.71314239501953,0,0,INCORRECT
bm25,aops,math_train_geometry_6173,99.57443237304688,6.52911376953125,22.433609008789062,0,0,INCORRECT
bm25,aops,math_train_geometry_6018,63.470516204833984,16.31106185913086,26.538196563720703,0,1,INCORRECT
bm25,aops,aops_2023_AIME_I_Problems/Problem_5,102.4246597290039,35.726600646972656,46.8138427734375,0,0,INCORRECT
bm25,aops,math_test_geometry_454,94.11510467529297,8.034339904785156,22.609390258789062,0,0,INCORRECT
bm25,aops,math_train_counting_and_probability_5011,171.90423583984375,4.4862518310546875,18.674560546875,0,0,INCORRECT
bm25,aops,math_test_counting_and_probability_1009,119.29147338867188,13.918502807617188,24.267860412597656,0,0,CORRECT
bm25,aops,aops_2001_AMC_10_Problems/Problem_19,92.30530548095703,17.27770233154297,23.509521484375,1,1,CORRECT
bm25,aops,aops_2007_AIME_I_Problems/Problem_10,62.02262878417969,8.631309509277344,18.371604919433594,0,0,INCORRECT
bm25,aops,math_train_counting_and_probability_5131,39.992645263671875,0.40158843994140625,5.8257904052734375,0,0,CORRECT
bm25,aops,aops_2018_AMC_8_Problems/Problem_23,139.45130920410156,22.689552307128906,42.20481872558594,0,0,INCORRECT
bm25,aops,aops_2019_AMC_8_Problems/Problem_25,80.97959899902344,7.4009246826171875,13.32806396484375,1,1,CORRECT
bm25,aops,aops_2018_AMC_10A_Problems/Problem_11,89.28641510009766,5.600822448730469,14.517204284667969,1,1,INCORRECT
bm25,aops,aops_2020_AMC_10B_Problems/Problem_25,122.96749877929688,32.31355285644531,44.86102294921875,1,1,INCORRECT
bm25,aops,aops_2020_AMC_10A_Problems/Problem_24,89.66654968261719,6.70428466796875,16.395050048828125,0,1,INCORRECT
bm25,aops,math_train_number_theory_7003,89.76636505126953,14.428718566894531,31.046096801757812,0,0,CORRECT
bm25,aops,aops_1959_IMO_Problems/Problem_1,76.2691650390625,34.193992614746094,41.721435546875,0,0,CORRECT
bm25,aops,aops_2021_AIME_I_Problems/Problem_10,111.70628356933594,6.019676208496094,27.272628784179688,0,0,INCORRECT
bm25,aops,aops_2021_AIME_II_Problems/Problem_9,40.78502655029297,1.589447021484375,9.60356330871582,0,1,INCORRECT
bm25,aops,math_test_counting_and_probability_838,60.92174530029297,13.740646362304688,23.067481994628906,0,0,INCORRECT
bm25,aops,aops_2007_iTest_Problems/Problem_6,66.99050903320312,2.537261962890625,15.927555084228516,0,0,INCORRECT
bm25,aops,math_train_number_theory_7066,31.091577529907227,1.560567855834961,4.059181213378906,0,0,INCORRECT
bm25,aops,aops_1987_IMO_Problems/Problem_1,66.29730224609375,6.092231750488281,15.365585327148438,0,0,INCORRECT
bm25,aops,aops_2020_AMC_8_Problems/Problem_12,85.98683166503906,5.328971862792969,11.714874267578125,0,0,CORRECT
bm25,aops,aops_2000_AMC_12_Problems/Problem_4,88.85649108886719,9.999786376953125,19.055740356445312,0,0,INCORRECT
bm25,aops,math_train_intermediate_algebra_659,61.9543571472168,10.988887786865234,19.68622589111328,0,1,INCORRECT
bm25,aops,aops_1990_AIME_Problems/Problem_9,75.96906280517578,5.397575378417969,10.791221618652344,0,0,INCORRECT
bm25,aops,math_train_intermediate_algebra_477,39.19229507446289,5.181568145751953,10.745872497558594,0,0,INCORRECT
bm25,aops,aops_1981_IMO_Problems/Problem_3,46.99481964111328,7.061695098876953,11.151412963867188,0,0,INCORRECT
bm25,aops,aops_2017_AMC_10B_Problems/Problem_13,83.51188659667969,8.463150024414062,14.432449340820312,0,0,INCORRECT
bm25,aops,aops_2011_AMC_8_Problems/Problem_6,104.49470520019531,35.091796875,38.205421447753906,0,0,INCORRECT
bm25,aops,aops_2005_AMC_12A_Problems/Problem_18,128.8697967529297,58.59324645996094,78.14308166503906,0,0,INCORRECT
bm25,aops,math_train_counting_and_probability_5047,68.62060546875,6.306068420410156,20.898338317871094,0,0,INCORRECT
bm25,aops,math_train_counting_and_probability_5048,104.92620849609375,6.4195556640625,26.903892517089844,0,0,INCORRECT
bm25,aops,aops_2020_AIME_II_Problems/Problem_9,102.02056121826172,0.45436859130859375,37.499900817871094,0,0,INCORRECT
bm25,aops,math_train_counting_and_probability_5045,132.95811462402344,2.0597686767578125,30.192245483398438,0,0,CORRECT
bm25,aops,aops_2017_AIME_II_Problems/Problem_1,46.817413330078125,11.223136901855469,17.041343688964844,0,0,INCORRECT
bm25,aops,math_test_counting_and_probability_430,91.57606506347656,7.340423583984375,14.477828979492188,0,0,INCORRECT
bm25,aops,math_test_prealgebra_1987,80.54381561279297,9.525199890136719,21.61103057861328,0,0,INCORRECT
bm25,aops,math_test_counting_and_probability_1003,87.30365753173828,10.130622863769531,18.854217529296875,0,0,CORRECT
bm25,aops,aops_2007_AIME_II_Problems/Problem_10,72.11598205566406,15.637733459472656,21.10729217529297,0,0,INCORRECT
bm25,aops,math_train_geometry_317,143.0775604248047,17.13336181640625,36.85719299316406,1,1,INCORRECT
bm25,aops,math_train_geometry_6060,107.87184143066406,11.131011962890625,27.904319763183594,0,1,INCORRECT
bm25,aops,aops_1985_AIME_Problems/Problem_6,72.74659729003906,14.129764556884766,26.118656158447266,1,1,INCORRECT
bm25,aops,aops_1988_AIME_Problems/Problem_12,77.2643814086914,22.42947769165039,34.416263580322266,1,1,INCORRECT
bm25,aops,aops_1971_AHSME_Problems/Problem_26,164.178466796875,21.449066162109375,44.550987243652344,0,1,INCORRECT
bm25,aops,math_train_geometry_6022,157.48455810546875,17.536727905273438,76.59904479980469,0,0,INCORRECT
bm25,aops,math_train_geometry_6116,217.66421508789062,56.506622314453125,81.01017761230469,0,0,INCORRECT
bm25,aops,aops_2016_AMC_10A_Problems/Problem_19,129.14862060546875,27.388389587402344,51.88380432128906,0,1,INCORRECT
bm25,aops,math_train_intermediate_algebra_2060,95.81916809082031,17.101768493652344,23.395095825195312,0,0,INCORRECT
bm25,aops,math_train_geometry_6115,111.25786590576172,31.645179748535156,49.51521682739258,1,1,INCORRECT
bm25,aops,math_train_algebra_2521,95.14617919921875,18.010482788085938,23.77808380126953,0,0,CORRECT
bm25,aops,math_test_intermediate_algebra_951,86.583740234375,30.754348754882812,47.85108184814453,0,0,INCORRECT
bm25,aops,math_test_algebra_1208,69.45671081542969,6.6751861572265625,15.550479888916016,0,0,INCORRECT
bm25,aops,math_train_number_theory_7078,41.41590881347656,5.4871673583984375,10.63564682006836,0,1,INCORRECT
bm25,aops,math_train_intermediate_algebra_1822,37.40096664428711,5.370109558105469,10.271459579467773,0,1,INCORRECT
bm25,aops,aops_2009_AMC_12A_Problems/Problem_17,97.86661529541016,12.113273620605469,20.053794860839844,0,0,INCORRECT
bm25,aops,aops_2021_Fall_AMC_12A_Problems/Problem_12,84.68639373779297,5.164619445800781,12.273170471191406,0,0,INCORRECT
bm25,aops,math_test_intermediate_algebra_1812,85.48606872558594,11.948524475097656,17.678253173828125,0,1,INCORRECT
bm25,aops,aops_2021_AMC_12B_Problems/Problem_9,82.08554077148438,6.8617401123046875,11.202369689941406,0,0,INCORRECT
bm25,aops,math_train_intermediate_algebra_1268,91.28781127929688,8.904067993164062,16.217140197753906,1,1,INCORRECT
bm25,aops,aops_2002_AIME_I_Problems/Problem_6,89.97341918945312,1.1380081176757812,11.460166931152344,0,0,INCORRECT
bm25,aops,aops_2008_AMC_12A_Problems/Problem_16,80.18620300292969,8.775894165039062,26.045909881591797,0,0,INCORRECT
bm25,aops,math_train_counting_and_probability_5111,109.04161071777344,20.43932342529297,36.637359619140625,0,0,INCORRECT
bm25,aops,math_train_counting_and_probability_822,76.79573059082031,5.284271240234375,29.91238784790039,0,1,INCORRECT
bm25,aops,math_train_counting_and_probability_5064,64.00186920166016,2.9095077514648438,11.705516815185547,0,0,INCORRECT
bm25,aops,math_train_geometry_747,89.20513916015625,3.9810333251953125,12.708206176757812,0,1,CORRECT
bm25,aops,aops_1994_AIME_Problems/Problem_9,88.28390502929688,0.0481109619140625,23.109100341796875,0,0,INCORRECT
bm25,aops,aops_2015_AMC_12A_Problems/Problem_22,104.6370849609375,20.297393798828125,29.060379028320312,0,1,INCORRECT
bm25,aops,aops_2022_AMC_10B_Problems/Problem_9,191.69287109375,99.53706359863281,114.92475891113281,0,0,INCORRECT
bm25,aops,aops_2019_AMC_10A_Problems/Problem_12,107.94261932373047,23.48650360107422,32.84435272216797,1,1,INCORRECT
bm25,aops,math_train_algebra_2826,60.964759826660156,11.463314056396484,17.787338256835938,1,1,CORRECT
bm25,aops,aops_2023_AIME_II_Problems/Problem_9,179.61195373535156,57.030303955078125,93.26974487304688,1,1,INCORRECT
bm25,aops,aops_2016_AMC_10A_Problems/Problem_7,109.23405456542969,35.38574981689453,40.32189178466797,1,1,CORRECT
bm25,aops,aops_2000_AMC_12_Problems/Problem_14,82.52304077148438,20.885780334472656,29.37502670288086,1,1,INCORRECT
bm25,aops,aops_1971_Canadian_MO_Problems/Problem_1,65.00540161132812,14.782447814941406,19.887340545654297,1,1,INCORRECT
bm25,aops,aops_2024_AIME_I_Problems/Problem_10,130.1325225830078,44.08238220214844,58.730979919433594,1,1,INCORRECT
bm25,aops,aops_2022_AIME_I_Problems/Problem_11,201.7729949951172,18.717193603515625,46.05101013183594,0,0,INCORRECT
bm25,aops,aops_2016_AIME_II_Problems/Problem_10,147.4228515625,37.20118713378906,74.13751220703125,1,1,INCORRECT
bm25,aops,aops_2016_AIME_I_Problems/Problem_15,177.36758422851562,60.19966125488281,92.43049621582031,1,1,INCORRECT
bm25,aops,aops_2020_AIME_I_Problems/Problem_15,83.51675415039062,12.053192138671875,29.517318725585938,1,1,INCORRECT
bm25,earth_science,1,112.80104064941406,17.26007080078125,36.254600524902344,1,1,CORRECT
bm25,aops,aops_1998_AIME_Problems/Problem_2,52.63709259033203,12.072547912597656,18.072174072265625,0,0,CORRECT
bm25,aops,math_train_geometry_6092,72.91024017333984,18.539566040039062,26.975563049316406,0,1,INCORRECT
bm25,aops,aops_2013_AMC_12A_Problems/Problem_13,128.62542724609375,36.23866271972656,52.73644256591797,0,0,INCORRECT
bm25,aops,math_train_geometry_6105,58.5384521484375,17.90491485595703,27.320472717285156,0,0,INCORRECT
bm25,aops,math_train_geometry_6112,53.23125457763672,4.600467681884766,11.028018951416016,0,1,INCORRECT
bm25,aops,aops_2015_AIME_I_Problems/Problem_4,118.92478942871094,21.970787048339844,35.43225860595703,0,1,INCORRECT
bm25,aops,aops_2002_AIME_I_Problems/Problem_10,117.59638214111328,16.30597686767578,39.519187927246094,0,0,INCORRECT
bm25,aops,math_train_geometry_6078,187.51678466796875,71.05337524414062,99.92083740234375,0,0,INCORRECT
bm25,aops,aops_2019_AIME_I_Problems/Problem_3,121.18135070800781,8.023857116699219,43.81903076171875,0,0,INCORRECT
bm25,aops,math_train_geometry_6051,82.48206329345703,10.373985290527344,21.057395935058594,0,0,INCORRECT
bm25,earth_science,7,96.39865112304688,14.097465515136719,33.30811309814453,0,1,CORRECT
bm25,aops,aops_2017_AIME_II_Problems/Problem_3,70.33102416992188,11.77175521850586,23.500926971435547,0,0,INCORRECT
bm25,earth_science,0,88.0887680053711,13.025924682617188,26.807353973388672,0,1,CORRECT
bm25,earth_science,3,124.12906646728516,28.563392639160156,59.944610595703125,1,1,CORRECT
bm25,earth_science,2,91.62841796875,26.555923461914062,41.51714324951172,0,1,INCORRECT
bm25,earth_science,6,117.6915283203125,6.2832794189453125,47.70410919189453,1,1,CORRECT
bm25,earth_science,4,105.02664184570312,6.249565124511719,42.50463104248047,1,1,CORRECT
bm25,earth_science,5,97.23517608642578,29.595726013183594,45.49558639526367,0,0,CORRECT
bm25,earth_science,8,80.6513671875,16.87946319580078,32.73491668701172,0,0,INCORRECT
bm25,earth_science,21,45.49874496459961,4.541645050048828,12.086673736572266,0,1,INCORRECT
bm25,earth_science,9,129.8114013671875,6.9550933837890625,52.21849060058594,1,1,CORRECT
bm25,earth_science,17,45.97486114501953,8.02541732788086,14.103096008300781,0,0,CORRECT
bm25,earth_science,10,60.05887222290039,5.667469024658203,16.95977020263672,0,1,CORRECT
bm25,earth_science,11,132.23236083984375,32.908119201660156,58.69512939453125,1,1,CORRECT
bm25,earth_science,13,72.42377471923828,11.487350463867188,26.646141052246094,1,1,CORRECT
bm25,earth_science,16,98.98931121826172,31.95598602294922,47.59455871582031,1,1,CORRECT
bm25,earth_science,15,54.07042694091797,3.1245880126953125,12.461181640625,1,1,CORRECT
bm25,earth_science,12,87.70844268798828,16.509384155273438,29.913780212402344,0,1,INCORRECT
bm25,earth_science,14,74.5680160522461,6.949737548828125,17.161224365234375,0,0,INCORRECT
bm25,earth_science,20,103.05673217773438,13.785049438476562,30.8643798828125,1,1,CORRECT
bm25,earth_science,18,131.14247131347656,40.87757873535156,55.43773651123047,1,1,CORRECT
bm25,earth_science,19,85.73263549804688,15.240310668945312,33.29545593261719,1,1,CORRECT
bm25,earth_science,22,84.52332305908203,14.875770568847656,29.656272888183594,0,0,CORRECT
bm25,earth_science,32,60.94276428222656,12.022750854492188,25.35918426513672,0,0,INCORRECT
bm25,earth_science,25,49.012611389160156,7.424709320068359,17.347396850585938,0,1,INCORRECT
bm25,earth_science,29,58.105751037597656,6.706993103027344,18.384014129638672,0,1,CORRECT
bm25,earth_science,23,76.8135757446289,15.844573974609375,27.164337158203125,0,0,CORRECT
bm25,earth_science,33,87.85926818847656,18.411460876464844,35.54798126220703,1,1,CORRECT
bm25,earth_science,24,86.19723510742188,21.402328491210938,34.86376953125,1,1,CORRECT
bm25,earth_science,27,72.4308090209961,14.594383239746094,26.310752868652344,1,1,CORRECT
bm25,earth_science,38,48.34377670288086,9.30410385131836,18.455223083496094,0,0,CORRECT
bm25,earth_science,28,68.93827056884766,4.1888885498046875,15.51632308959961,1,1,CORRECT
bm25,earth_science,26,89.83824157714844,15.8038330078125,32.4940185546875,1,1,CORRECT
bm25,earth_science,40,51.234073638916016,5.291831970214844,16.065109252929688,0,0,INCORRECT
bm25,earth_science,39,117.42906188964844,13.5880126953125,52.653289794921875,1,1,CORRECT
bm25,earth_science,41,91.94585418701172,11.646820068359375,30.733089447021484,0,1,CORRECT
bm25,earth_science,34,78.61892700195312,5.236114501953125,24.418251037597656,0,1,INCORRECT
bm25,earth_science,31,106.38240051269531,27.505874633789062,43.90326690673828,1,1,CORRECT
bm25,earth_science,30,92.97091674804688,8.696388244628906,28.71887969970703,1,1,INCORRECT
bm25,earth_science,36,70.63896179199219,8.185073852539062,27.54985809326172,0,1,CORRECT
bm25,earth_science,37,77.84214782714844,20.326866149902344,33.56412124633789,1,1,INCORRECT
bm25,earth_science,43,68.04644775390625,10.811077117919922,22.573013305664062,1,1,INCORRECT
bm25,earth_science,42,58.56721496582031,6.711433410644531,17.94701385498047,0,0,INCORRECT
bm25,earth_science,35,94.21050262451172,23.6556396484375,44.45795822143555,1,1,INCORRECT
bm25,earth_science,53,126.5407943725586,27.85533905029297,65.83387756347656,0,1,CORRECT
bm25,earth_science,52,52.823829650878906,7.300544738769531,16.154285430908203,0,0,INCORRECT
bm25,earth_science,49,103.93680572509766,30.16802215576172,56.670616149902344,0,1,INCORRECT
bm25,earth_science,45,74.16018676757812,16.52104949951172,24.171859741210938,0,1,INCORRECT
bm25,earth_science,44,73.81723022460938,12.49267578125,25.464740753173828,0,1,CORRECT
bm25,earth_science,50,87.66144561767578,33.061256408691406,49.918949127197266,0,1,INCORRECT
bm25,earth_science,58,63.952125549316406,10.350288391113281,25.056114196777344,0,0,INCORRECT
bm25,earth_science,55,57.779685974121094,9.21685791015625,22.256237030029297,0,0,INCORRECT
bm25,earth_science,56,62.4602165222168,8.027515411376953,16.134536743164062,0,1,CORRECT
bm25,earth_science,46,163.0174102783203,47.01005554199219,101.6971435546875,1,1,INCORRECT
bm25,earth_science,48,122.07318878173828,20.543006896972656,46.0284423828125,0,0,CORRECT
bm25,earth_science,47,90.85018920898438,19.28223419189453,41.95744323730469,1,1,CORRECT
bm25,earth_science,60,61.204254150390625,17.841655731201172,27.499095916748047,0,0,CORRECT
bm25,earth_science,62,59.208702087402344,7.896842956542969,18.053253173828125,1,1,CORRECT
bm25,earth_science,51,150.3153076171875,47.875144958496094,94.88517379760742,1,1,CORRECT
bm25,earth_science,54,124.92521667480469,43.29332733154297,78.15068817138672,1,1,CORRECT
bm25,earth_science,57,70.66580200195312,11.431598663330078,20.955955505371094,1,1,CORRECT
bm25,earth_science,69,81.744873046875,14.575920104980469,34.78510665893555,0,1,CORRECT
bm25,earth_science,72,65.85350799560547,17.847457885742188,34.369964599609375,1,1,CORRECT
bm25,earth_science,59,90.34898376464844,29.77680206298828,45.78929138183594,1,1,CORRECT
bm25,earth_science,64,82.94091033935547,6.257789611816406,16.459381103515625,0,0,INCORRECT
bm25,earth_science,68,51.665443420410156,7.92877197265625,17.96332550048828,0,1,INCORRECT
bm25,earth_science,71,128.63681030273438,66.62641143798828,84.40062713623047,1,1,CORRECT
bm25,earth_science,61,138.56813049316406,38.12663269042969,55.798736572265625,0,1,INCORRECT
bm25,earth_science,63,60.68833541870117,14.425712585449219,22.04814910888672,0,0,INCORRECT
bm25,earth_science,65,128.05606079101562,56.22167205810547,68.61553573608398,1,1,CORRECT
bm25,earth_science,66,63.535072326660156,2.7455673217773438,16.788223266601562,0,1,CORRECT
bm25,earth_science,67,68.48298645019531,10.396846771240234,23.420520782470703,1,1,CORRECT
bm25,earth_science,76,81.79752349853516,11.592628479003906,28.22417449951172,0,1,CORRECT
bm25,earth_science,70,83.51728820800781,15.981163024902344,31.777084350585938,1,1,INCORRECT
bm25,earth_science,77,62.41257858276367,4.771404266357422,17.752445220947266,0,0,INCORRECT
bm25,earth_science,74,109.36028289794922,46.503578186035156,64.48671340942383,1,1,CORRECT
bm25,earth_science,73,64.22476959228516,6.928016662597656,16.450450897216797,0,0,CORRECT
bm25,earth_science,75,101.45829010009766,36.83610534667969,51.80827331542969,1,1,INCORRECT
bm25,earth_science,79,168.17874145507812,72.34298706054688,90.70729064941406,0,0,CORRECT
bm25,earth_science,83,113.44611358642578,40.34553527832031,71.82923889160156,1,1,CORRECT
bm25,earth_science,78,74.01394653320312,9.990737915039062,29.28644561767578,1,1,CORRECT
bm25,earth_science,85,63.49946594238281,15.089752197265625,22.25594711303711,1,1,CORRECT
bm25,earth_science,80,66.33522033691406,14.465576171875,27.775894165039062,1,1,CORRECT
bm25,earth_science,92,38.72103500366211,2.9399185180664062,10.579187393188477,0,0,INCORRECT
bm25,earth_science,84,71.28895568847656,12.575019836425781,23.901561737060547,0,1,INCORRECT
bm25,earth_science,87,156.626220703125,82.25524139404297,105.5490493774414,1,1,CORRECT
bm25,earth_science,82,98.56153869628906,10.302352905273438,35.572105407714844,1,1,CORRECT
bm25,earth_science,81,141.8384246826172,45.07954406738281,65.67621612548828,1,1,CORRECT
bm25,earth_science,101,245.68548583984375,189.84928131103516,206.5413360595703,1,1,CORRECT
bm25,earth_science,86,75.28746032714844,14.595298767089844,25.895050048828125,0,1,CORRECT
bm25,earth_science,96,68.3800277709961,9.261592864990234,18.035354614257812,0,0,CORRECT
bm25,earth_science,95,65.5189208984375,7.911994934082031,14.94790267944336,0,0,INCORRECT
bm25,earth_science,90,60.132938385009766,9.629859924316406,20.582977294921875,1,1,CORRECT
bm25,earth_science,89,103.86030578613281,15.036369323730469,33.33412170410156,0,0,INCORRECT
bm25,earth_science,88,102.52864837646484,17.17259979248047,37.761558532714844,1,1,CORRECT
bm25,earth_science,97,94.2885513305664,32.001834869384766,44.553489685058594,1,1,CORRECT
bm25,earth_science,94,79.29918670654297,11.144233703613281,22.36077880859375,0,0,INCORRECT
bm25,earth_science,91,70.92593383789062,10.410797119140625,26.230281829833984,1,1,CORRECT
bm25,earth_science,93,94.29801177978516,16.559776306152344,38.43571853637695,0,1,CORRECT
bm25,earth_science,100,46.705379486083984,6.178936004638672,14.952484130859375,0,0,INCORRECT
bm25,earth_science,102,72.52491760253906,17.722946166992188,32.65754699707031,0,0,CORRECT
bm25,earth_science,110,62.78779983520508,13.72869873046875,25.387813568115234,0,0,INCORRECT
bm25,earth_science,98,131.83717346191406,44.14855194091797,68.07794189453125,1,1,CORRECT
bm25,earth_science,99,92.01280212402344,13.903427124023438,29.459800720214844,0,1,INCORRECT
bm25,earth_science,103,126.80435943603516,24.35108184814453,47.777320861816406,0,1,CORRECT
bm25,earth_science,104,91.48358917236328,14.563453674316406,43.397315979003906,1,1,CORRECT
bm25,earth_science,111,66.67952728271484,5.56976318359375,14.383438110351562,0,1,CORRECT
bm25,earth_science,113,80.38643646240234,16.604812622070312,35.54482650756836,1,1,CORRECT
bm25,earth_science,107,74.22643280029297,9.765396118164062,21.316082000732422,1,1,CORRECT
bm25,earth_science,105,69.56332397460938,9.82419204711914,21.784832000732422,0,1,CORRECT
bm25,earth_science,106,73.22233581542969,17.524864196777344,29.423660278320312,1,1,INCORRECT
bm25,earth_science,114,74.6677474975586,16.762065887451172,27.504119873046875,0,1,CORRECT
bm25,earth_science,108,69.67572784423828,4.499969482421875,13.6190185546875,0,0,CORRECT
bm25,earth_science,112,67.62199401855469,18.2169189453125,28.353214263916016,1,1,INCORRECT
bm25,economics,0,85.0015869140625,16.861099243164062,33.17677307128906,0,0,INCORRECT
bm25,economics,1,99.91829681396484,25.82501983642578,48.24420928955078,0,0,CORRECT
bm25,economics,3,77.16597747802734,10.200172424316406,22.961349487304688,0,0,CORRECT
bm25,economics,2,49.956565856933594,5.388874053955078,13.735172271728516,0,1,CORRECT
bm25,economics,12,112.32051086425781,48.83827209472656,69.54740905761719,0,0,INCORRECT
bm25,earth_science,115,132.4904022216797,53.641868591308594,72.03753280639648,1,1,CORRECT
bm25,economics,4,85.6678695678711,21.162734985351562,33.262935638427734,0,0,CORRECT
bm25,economics,5,72.69053649902344,9.1781005859375,17.914447784423828,0,0,INCORRECT
bm25,economics,6,48.58277130126953,7.4497528076171875,15.429073333740234,0,0,CORRECT
bm25,economics,8,72.48491668701172,9.172286987304688,21.314117431640625,1,1,INCORRECT
bm25,economics,7,58.526058197021484,5.0382843017578125,12.313369750976562,0,0,INCORRECT
bm25,economics,15,83.15306854248047,12.224662780761719,25.252124786376953,0,1,CORRECT
bm25,economics,10,126.20386505126953,21.349632263183594,59.168724060058594,0,1,CORRECT
bm25,economics,9,48.854835510253906,4.0558929443359375,9.459636688232422,0,0,INCORRECT
bm25,economics,11,64.91734313964844,2.1827354431152344,14.62826156616211,0,0,CORRECT
bm25,economics,13,147.47479248046875,95.46505737304688,105.26502990722656,1,1,CORRECT
bm25,earth_science,109,107.573974609375,10.628639221191406,36.92335510253906,1,1,CORRECT
bm25,economics,14,62.185787200927734,5.359638214111328,20.334674835205078,0,0,INCORRECT
bm25,economics,16,94.0703125,17.605712890625,31.39501190185547,0,0,CORRECT
bm25,economics,17,167.17799377441406,44.02679443359375,76.4344482421875,1,1,INCORRECT
bm25,economics,18,110.46053314208984,38.49016571044922,64.0156478881836,1,1,CORRECT
bm25,economics,19,76.67350769042969,9.3154296875,29.181838989257812,0,1,CORRECT
bm25,economics,20,62.58042907714844,8.355697631835938,17.15082550048828,0,1,CORRECT
bm25,economics,21,85.25984954833984,13.91632080078125,33.408966064453125,0,1,CORRECT
bm25,economics,22,128.4018096923828,31.006752014160156,70.74052047729492,1,1,CORRECT
bm25,economics,23,101.61905670166016,30.6163330078125,48.79655838012695,0,0,CORRECT
bm25,economics,27,109.26181030273438,11.776161193847656,39.21162414550781,1,1,CORRECT
bm25,economics,24,92.3638916015625,22.944915771484375,39.66069030761719,0,0,CORRECT
bm25,economics,26,104.31926727294922,7.352821350097656,52.95444107055664,1,1,CORRECT
bm25,economics,25,89.82611846923828,11.93267822265625,34.80814743041992,1,1,CORRECT
bm25,economics,28,88.40135192871094,7.2456512451171875,22.012649536132812,1,1,CORRECT
bm25,economics,29,85.89707946777344,9.181602478027344,25.801864624023438,0,1,CORRECT
bm25,economics,30,163.27398681640625,51.44268035888672,84.40066528320312,0,0,INCORRECT
bm25,economics,31,106.32908630371094,13.324234008789062,36.204795837402344,0,0,CORRECT
bm25,economics,32,78.7992935180664,10.609947204589844,24.280929565429688,0,1,INCORRECT
bm25,economics,33,67.29888916015625,8.86181640625,24.970130920410156,1,1,CORRECT
bm25,economics,36,95.981201171875,23.34168243408203,46.916587829589844,0,0,CORRECT
bm25,economics,43,65.2716064453125,3.6350326538085938,17.62325668334961,0,1,CORRECT
bm25,economics,34,40.49715042114258,5.705081939697266,12.791465759277344,0,0,INCORRECT
bm25,economics,45,115.74714660644531,12.199264526367188,38.22444152832031,0,0,INCORRECT
bm25,economics,35,80.78522491455078,11.085433959960938,22.690364837646484,0,0,INCORRECT
bm25,economics,44,170.7704315185547,74.56780242919922,123.75198364257812,0,0,CORRECT
bm25,economics,41,52.20845031738281,6.50909423828125,14.076183319091797,0,1,CORRECT
bm25,economics,37,200.27378845214844,64.94425964355469,107.92626953125,0,0,CORRECT
bm25,economics,38,100.9871597290039,26.46472930908203,47.23604965209961,1,1,CORRECT
bm25,economics,42,92.54939270019531,19.005958557128906,32.018524169921875,0,0,CORRECT
bm25,economics,40,111.11611938476562,23.480979919433594,53.33533477783203,0,0,INCORRECT
bm25,economics,39,92.03629302978516,9.764968872070312,30.870433807373047,1,1,CORRECT
bm25,economics,48,81.37155151367188,15.927810668945312,36.3289794921875,0,0,INCORRECT
bm25,economics,46,71.75050354003906,27.865440368652344,34.607398986816406,1,1,CORRECT
bm25,economics,47,75.05552673339844,6.384429931640625,16.147930145263672,0,0,INCORRECT
bm25,economics,49,72.6131820678711,14.42470932006836,26.763683319091797,1,1,INCORRECT
bm25,economics,50,72.04541015625,8.049392700195312,21.218215942382812,0,0,INCORRECT
bm25,economics,62,58.632511138916016,8.363346099853516,20.637893676757812,1,1,CORRECT
bm25,economics,54,129.01881408691406,37.520652770996094,69.0150146484375,0,0,CORRECT
bm25,economics,52,77.06370544433594,8.852828979492188,24.437625885009766,1,1,CORRECT
bm25,economics,53,73.18731689453125,8.68792724609375,18.769065856933594,0,0,INCORRECT
bm25,economics,55,66.28024291992188,13.547222137451172,25.88608169555664,0,0,INCORRECT
bm25,economics,57,67.0438461303711,8.49081802368164,13.121963500976562,0,0,CORRECT
bm25,economics,56,72.6241226196289,15.937946319580078,32.265995025634766,1,1,CORRECT
bm25,economics,60,65.04586791992188,9.153923034667969,17.377418518066406,0,0,CORRECT
bm25,economics,59,76.15617370605469,3.300872802734375,19.611068725585938,0,1,CORRECT
bm25,economics,61,270.6361999511719,186.10382080078125,210.1883087158203,0,0,CORRECT
bm25,economics,58,49.02385330200195,4.6427154541015625,11.53335952758789,0,0,CORRECT
bm25,economics,69,69.78811645507812,11.366256713867188,22.269180297851562,0,0,INCORRECT
bm25,economics,63,102.53669738769531,47.68007278442383,61.095947265625,0,0,INCORRECT
bm25,economics,66,96.78954315185547,33.07319641113281,47.36433029174805,1,1,CORRECT
bm25,economics,65,90.19132995605469,8.782745361328125,24.508888244628906,0,1,INCORRECT
bm25,economics,64,70.9282455444336,3.5643386840820312,15.921806335449219,0,0,INCORRECT
bm25,economics,72,104.05479431152344,42.93524932861328,65.8635025024414,0,0,CORRECT
bm25,economics,67,117.84695434570312,30.902915954589844,48.56224060058594,0,1,CORRECT
bm25,economics,70,192.17425537109375,112.65021514892578,136.9618377685547,1,1,CORRECT
bm25,economics,68,73.94395446777344,8.168571472167969,24.445411682128906,0,0,CORRECT
bm25,economics,71,154.93057250976562,78.63681030273438,111.01490020751953,0,0,CORRECT
bm25,economics,74,92.6390609741211,18.102256774902344,36.724510192871094,0,0,CORRECT
bm25,economics,75,88.08338165283203,14.213752746582031,30.047775268554688,0,0,CORRECT
bm25,economics,73,59.15932083129883,7.239246368408203,13.295223236083984,0,1,INCORRECT
bm25,economics,78,40.029090881347656,5.956912994384766,11.385536193847656,0,1,CORRECT
bm25,economics,77,94.77853393554688,19.964263916015625,34.980228424072266,0,0,INCORRECT
bm25,economics,76,203.49005126953125,112.55625915527344,134.77723693847656,0,0,INCORRECT
bm25,economics,79,93.4864501953125,11.958816528320312,31.262104034423828,1,1,CORRECT
bm25,economics,86,53.866695404052734,9.607257843017578,18.00241470336914,0,0,INCORRECT
bm25,economics,88,46.818355560302734,8.294132232666016,15.460941314697266,0,0,INCORRECT
bm25,economics,80,126.49053955078125,44.300384521484375,63.758480072021484,0,0,CORRECT
bm25,economics,81,63.37541198730469,5.0334014892578125,17.338287353515625,0,0,INCORRECT
bm25,economics,82,54.03662872314453,3.420246124267578,11.14754867553711,0,0,CORRECT
bm25,economics,83,98.3144302368164,21.07866668701172,30.50041961669922,1,1,CORRECT
bm25,economics,85,77.36763000488281,20.13703155517578,31.61771011352539,1,1,CORRECT
bm25,economics,84,274.9895324707031,229.3386459350586,235.31008911132812,0,1,CORRECT
bm25,economics,87,75.27439880371094,19.584739685058594,33.22701644897461,0,0,CORRECT
bm25,economics,90,55.52172088623047,6.067802429199219,15.187675476074219,0,0,CORRECT
bm25,economics,96,58.939754486083984,5.733837127685547,22.26385498046875,0,1,INCORRECT
bm25,economics,89,43.907039642333984,1.3571510314941406,11.451648712158203,1,1,CORRECT
bm25,economics,91,59.53477096557617,7.231853485107422,16.616966247558594,0,0,INCORRECT
bm25,economics,92,64.61825561523438,9.016326904296875,17.283802032470703,1,1,INCORRECT
bm25,economics,93,75.02603149414062,13.199771881103516,27.141613006591797,0,1,CORRECT
bm25,economics,94,88.49634552001953,20.961769104003906,35.92410659790039,0,0,CORRECT
bm25,economics,97,79.43506622314453,12.97344970703125,28.420028686523438,0,0,INCORRECT
bm25,economics,95,72.21175384521484,4.351051330566406,25.63835906982422,1,1,CORRECT
bm25,economics,98,224.3604736328125,88.93499755859375,145.58450317382812,0,0,CORRECT
bm25,economics,99,75.66783142089844,7.454994201660156,22.49475860595703,0,0,CORRECT
bm25,economics,102,63.56691360473633,10.952938079833984,24.369770050048828,0,0,INCORRECT
bm25,economics,101,69.90160369873047,12.570831298828125,22.57143783569336,0,0,CORRECT
bm25,economics,100,58.14560317993164,6.177333831787109,11.874244689941406,0,0,INCORRECT
bm25,leetcode,0,179.42771911621094,67.56413269042969,91.87401580810547,1,1,CORRECT
bm25,leetcode,1,275.4871826171875,177.85543823242188,196.21743774414062,1,1,CORRECT
bm25,leetcode,3,127.18909454345703,13.763656616210938,26.22308349609375,0,0,CORRECT
bm25,leetcode,2,260.050537109375,155.95685577392578,178.98692321777344,1,1,CORRECT
bm25,leetcode,4,199.69203186035156,35.71321105957031,84.43266296386719,0,0,CORRECT
bm25,leetcode,5,439.1011657714844,303.0526580810547,334.4274368286133,1,1,CORRECT
bm25,leetcode,6,440.8674621582031,264.0802459716797,315.39012908935547,1,1,INCORRECT
bm25,leetcode,7,243.79837036132812,63.7354736328125,115.90441131591797,0,1,INCORRECT
bm25,leetcode,8,273.2835693359375,154.57617950439453,190.58152770996094,0,1,CORRECT
bm25,leetcode,9,397.76708984375,297.16866302490234,303.01326751708984,1,1,CORRECT
bm25,leetcode,10,90.70166778564453,9.255378723144531,17.059486389160156,0,0,CORRECT
bm25,leetcode,11,222.69247436523438,72.57856750488281,114.33048248291016,1,1,CORRECT
bm25,leetcode,12,128.16961669921875,19.29156494140625,37.03099822998047,0,0,CORRECT
bm25,leetcode,13,296.0934143066406,51.3509521484375,153.03738403320312,0,1,CORRECT
bm25,leetcode,14,135.09353637695312,25.25946044921875,45.47886657714844,1,1,CORRECT
bm25,leetcode,16,165.1493377685547,40.757415771484375,74.49180603027344,0,0,CORRECT
bm25,leetcode,15,149.8605194091797,11.959716796875,31.749160766601562,1,1,CORRECT
bm25,leetcode,18,188.02423095703125,36.14508056640625,59.72029113769531,1,1,CORRECT
bm25,leetcode,17,190.17543029785156,88.27847290039062,100.64293670654297,1,1,CORRECT
bm25,leetcode,20,193.08319091796875,30.074996948242188,67.39930725097656,0,0,CORRECT
bm25,leetcode,21,222.05703735351562,89.51948547363281,126.84490203857422,1,1,CORRECT
bm25,leetcode,19,153.67848205566406,23.635177612304688,48.23381805419922,0,0,CORRECT
bm25,leetcode,22,193.74595642089844,24.784896850585938,93.69798278808594,1,1,CORRECT
bm25,leetcode,23,118.51051330566406,13.369903564453125,30.889625549316406,0,0,CORRECT
bm25,leetcode,24,196.78794860839844,26.568023681640625,73.253173828125,1,1,CORRECT
bm25,leetcode,25,205.30630493164062,46.560302734375,79.88298034667969,0,0,CORRECT
bm25,leetcode,26,113.54077911376953,36.49102020263672,46.67889404296875,1,1,CORRECT
bm25,leetcode,28,137.4395751953125,19.670700073242188,36.52192687988281,0,0,INCORRECT
bm25,leetcode,27,225.14334106445312,52.4827880859375,111.47564697265625,0,0,CORRECT
bm25,leetcode,29,160.55433654785156,35.51209259033203,58.49424743652344,1,1,CORRECT
bm25,leetcode,31,136.84796142578125,22.286117553710938,37.28997802734375,1,1,INCORRECT
bm25,leetcode,30,166.54541015625,40.20185852050781,65.29559326171875,1,1,CORRECT
bm25,leetcode,32,165.61607360839844,33.532440185546875,47.53058624267578,0,0,CORRECT
bm25,leetcode,33,341.6097412109375,91.95315551757812,193.26927185058594,1,1,CORRECT
bm25,leetcode,35,217.54681396484375,40.40960693359375,66.94804382324219,0,1,CORRECT
bm25,leetcode,34,226.15606689453125,92.3990478515625,112.916015625,1,1,CORRECT
bm25,leetcode,36,199.29847717285156,54.28575134277344,76.44993591308594,0,1,CORRECT
bm25,leetcode,37,161.36875915527344,16.419586181640625,50.97423553466797,1,1,CORRECT
bm25,leetcode,38,207.90396118164062,56.80462646484375,98.05857849121094,0,0,INCORRECT
bm25,leetcode,39,187.02362060546875,37.41412353515625,55.23844909667969,0,0,CORRECT
bm25,economics,51,80.07079315185547,10.946281433105469,29.173194885253906,0,1,INCORRECT
bm25,leetcode,40,236.96739196777344,61.58039855957031,117.16508483886719,0,1,CORRECT
bm25,leetcode,41,282.7594909667969,53.72441101074219,119.47836303710938,1,1,CORRECT
bm25,leetcode,44,174.63909912109375,34.3089599609375,58.31773376464844,0,0,CORRECT
bm25,leetcode,42,223.6342315673828,36.446380615234375,97.69190216064453,1,1,CORRECT
bm25,leetcode,45,215.5925750732422,14.275848388671875,74.35536193847656,0,0,INCORRECT
bm25,leetcode,46,258.0738830566406,37.45069885253906,82.21354675292969,0,0,CORRECT
bm25,leetcode,43,323.8824157714844,121.54180908203125,198.4947967529297,1,1,CORRECT
bm25,leetcode,47,158.24366760253906,20.280380249023438,38.25053405761719,0,0,CORRECT
bm25,leetcode,48,251.364013671875,84.27932739257812,130.9739532470703,1,1,CORRECT
bm25,leetcode,49,147.38385009765625,13.984146118164062,22.657127380371094,0,1,INCORRECT
bm25,leetcode,51,139.1591796875,12.5697021484375,27.36168670654297,1,1,INCORRECT
bm25,leetcode,50,229.91049194335938,25.537857055664062,87.7857666015625,1,1,CORRECT
bm25,leetcode,52,159.9576873779297,25.3804931640625,53.89085388183594,0,0,INCORRECT
bm25,leetcode,53,322.1534423828125,88.31011962890625,129.60182189941406,0,0,CORRECT
bm25,leetcode,54,177.48875427246094,42.52873229980469,62.25037384033203,1,1,CORRECT
bm25,leetcode,55,217.02928161621094,49.19657897949219,89.63557434082031,0,0,CORRECT
bm25,leetcode,56,425.7171630859375,246.69000244140625,273.7373352050781,0,0,CORRECT
bm25,leetcode,57,118.96636962890625,16.101272583007812,42.40888977050781,0,1,INCORRECT
bm25,leetcode,61,195.57196044921875,41.28692626953125,73.4897689819336,1,1,INCORRECT
bm25,leetcode,60,239.37371826171875,79.13377380371094,109.99003601074219,0,1,INCORRECT
bm25,leetcode,58,324.02899169921875,88.91082763671875,173.422607421875,1,1,CORRECT
bm25,leetcode,62,397.5984191894531,41.2122802734375,236.64089965820312,1,1,CORRECT
bm25,leetcode,59,294.12799072265625,90.77731323242188,144.6708984375,0,0,CORRECT
bm25,leetcode,63,176.4474639892578,56.73817443847656,94.495849609375,0,0,INCORRECT
bm25,leetcode,64,196.45359802246094,69.16558074951172,87.67511749267578,1,1,INCORRECT
bm25,leetcode,65,240.527587890625,111.65496826171875,130.72042846679688,1,1,CORRECT
bm25,leetcode,66,159.7760009765625,25.5185546875,44.84306335449219,0,1,CORRECT
bm25,leetcode,67,355.0339660644531,138.7764892578125,211.87852478027344,1,1,CORRECT
bm25,leetcode,68,176.01171875,25.715011596679688,46.03599548339844,0,0,INCORRECT
bm25,leetcode,69,163.581298828125,27.63409423828125,53.726707458496094,0,1,CORRECT
bm25,leetcode,70,207.531005859375,34.932708740234375,87.007080078125,0,1,CORRECT
bm25,leetcode,71,164.55227661132812,47.25767517089844,71.40054321289062,1,1,CORRECT
bm25,leetcode,73,141.66542053222656,8.635391235351562,25.81037139892578,0,0,CORRECT
bm25,leetcode,72,160.44479370117188,15.35626220703125,44.21864318847656,0,0,CORRECT
bm25,leetcode,74,186.51449584960938,20.566116333007812,41.803070068359375,0,0,INCORRECT
bm25,leetcode,77,199.9761962890625,68.92816162109375,95.063232421875,0,0,CORRECT
bm25,leetcode,76,149.2752685546875,29.828330993652344,46.55859375,0,0,INCORRECT
bm25,leetcode,75,112.09709930419922,4.283012390136719,15.928512573242188,0,1,CORRECT
bm25,leetcode,78,132.07228088378906,12.257232666015625,26.101219177246094,0,1,CORRECT
bm25,leetcode,79,260.70977783203125,77.63870239257812,125.08357238769531,1,1,INCORRECT
bm25,leetcode,80,353.48504638671875,211.07766723632812,234.74933624267578,1,1,CORRECT
bm25,leetcode,81,318.12200927734375,131.83306884765625,184.6810760498047,1,1,INCORRECT
bm25,leetcode,82,218.96754455566406,14.788330078125,68.00807189941406,0,0,INCORRECT
bm25,leetcode,83,145.26077270507812,9.49676513671875,37.649330139160156,0,1,CORRECT
bm25,leetcode,85,106.85646057128906,11.690574645996094,26.382850646972656,0,0,CORRECT
bm25,leetcode,84,120.02894592285156,4.165672302246094,25.714874267578125,0,0,CORRECT
bm25,leetcode,86,315.2467956542969,147.40899658203125,187.54185485839844,0,1,CORRECT
bm25,leetcode,87,226.6602783203125,34.33747863769531,61.64752197265625,0,0,CORRECT
bm25,leetcode,88,135.05355834960938,29.15167236328125,58.63362121582031,0,1,CORRECT
bm25,leetcode,91,171.5322265625,11.385833740234375,31.341796875,0,0,CORRECT
bm25,leetcode,90,229.64816284179688,25.7716064453125,83.82012939453125,0,1,CORRECT
bm25,leetcode,89,202.48410034179688,26.343994140625,51.844573974609375,0,0,CORRECT
bm25,leetcode,93,161.82644653320312,18.090301513671875,43.59959411621094,0,0,CORRECT
bm25,leetcode,94,209.24566650390625,15.66455078125,52.696014404296875,0,0,CORRECT
bm25,leetcode,92,166.56077575683594,15.217086791992188,44.52577209472656,0,1,INCORRECT
bm25,leetcode,95,186.95391845703125,21.14300537109375,45.56809997558594,1,1,CORRECT
bm25,leetcode,96,257.5723876953125,49.289276123046875,104.3104248046875,0,1,INCORRECT
bm25,leetcode,97,145.47296142578125,23.950958251953125,43.376014709472656,0,0,INCORRECT
bm25,leetcode,99,399.423095703125,272.1048278808594,294.25379943847656,1,1,CORRECT
bm25,leetcode,98,187.0021209716797,31.651809692382812,50.14253234863281,0,1,CORRECT
bm25,leetcode,100,180.6358642578125,33.972808837890625,62.59107971191406,1,1,CORRECT
bm25,leetcode,101,174.44557189941406,23.147048950195312,44.870697021484375,0,0,CORRECT
bm25,leetcode,102,188.10089111328125,47.13725280761719,75.35273742675781,0,0,CORRECT
bm25,leetcode,103,410.9041442871094,173.26852416992188,243.86053466796875,1,1,CORRECT
bm25,leetcode,104,221.82470703125,56.55445861816406,82.32514953613281,0,0,INCORRECT
bm25,leetcode,109,199.12149047851562,62.14271545410156,84.64612579345703,0,0,INCORRECT
bm25,leetcode,110,167.86004638671875,37.405548095703125,57.77191162109375,0,0,CORRECT
bm25,leetcode,108,199.66366577148438,48.15167236328125,66.81779479980469,0,1,CORRECT
bm25,leetcode,105,146.9525604248047,12.553115844726562,36.00067138671875,0,0,CORRECT
bm25,leetcode,106,175.23313903808594,47.455055236816406,61.40742492675781,0,0,CORRECT
bm25,leetcode,107,337.1455383300781,93.92059326171875,170.30677795410156,0,0,CORRECT
bm25,leetcode,111,227.3927459716797,31.085723876953125,68.42881774902344,0,0,INCORRECT
bm25,leetcode,112,276.66668701171875,76.35337829589844,131.63946533203125,0,0,INCORRECT
bm25,leetcode,113,180.7430419921875,19.74859619140625,63.87883758544922,0,0,CORRECT
bm25,leetcode,114,152.0073699951172,3.3484344482421875,26.558914184570312,0,1,CORRECT
bm25,leetcode,115,183.30789184570312,21.422088623046875,46.036224365234375,0,0,INCORRECT
bm25,leetcode,116,236.12281799316406,73.25274658203125,116.49978637695312,1,1,CORRECT
bm25,leetcode,117,346.63275146484375,130.14463806152344,184.21072387695312,1,1,CORRECT
bm25,leetcode,118,247.450927734375,31.055145263671875,89.72776794433594,0,0,CORRECT
bm25,leetcode,119,425.69622802734375,229.69142150878906,264.21893310546875,0,0,INCORRECT
bm25,leetcode,121,143.67674255371094,22.392898559570312,35.78672790527344,0,1,CORRECT
bm25,leetcode,122,194.64285278320312,12.486572265625,52.07301330566406,0,0,CORRECT
bm25,leetcode,126,205.3140106201172,34.540252685546875,57.878082275390625,0,0,CORRECT
bm25,leetcode,125,182.35968017578125,16.947509765625,51.984130859375,1,1,CORRECT
bm25,leetcode,123,331.4009704589844,162.4604949951172,196.6400604248047,1,1,CORRECT
bm25,leetcode,124,213.06524658203125,40.84214782714844,80.76701354980469,0,1,CORRECT
bm25,leetcode,120,336.4004211425781,204.99746704101562,221.83411407470703,0,0,INCORRECT
bm25,leetcode,130,171.1123809814453,10.869705200195312,57.18634796142578,0,1,CORRECT
bm25,leetcode,131,112.46154022216797,11.232200622558594,20.34613037109375,0,0,CORRECT
bm25,leetcode,129,180.87428283691406,24.8470458984375,58.73462677001953,0,1,CORRECT
bm25,leetcode,128,228.22097778320312,39.184906005859375,96.33023071289062,0,1,CORRECT
bm25,leetcode,127,155.31944274902344,27.974395751953125,49.179656982421875,0,0,CORRECT
bm25,leetcode,132,222.7805633544922,95.8311996459961,115.65156555175781,1,1,CORRECT
bm25,leetcode,133,350.3604431152344,102.03451538085938,168.83544921875,0,0,INCORRECT
bm25,leetcode,134,127.2724838256836,10.709075927734375,25.60082244873047,0,0,CORRECT
bm25,pony,0,36.192710876464844,6.623813629150391,14.801290512084961,0,1,CORRECT
bm25,leetcode,135,289.6661071777344,84.29634094238281,142.63650512695312,0,0,CORRECT
bm25,pony,1,31.063989639282227,4.30413818359375,10.136951446533203,0,1,CORRECT
bm25,leetcode,136,115.48333740234375,5.659698486328125,16.15380096435547,0,0,INCORRECT
bm25,leetcode,138,193.8087158203125,45.476837158203125,65.56326293945312,0,0,INCORRECT
bm25,leetcode,137,140.24964904785156,19.610671997070312,30.091567993164062,1,1,INCORRECT
bm25,leetcode,141,161.1893310546875,27.977554321289062,52.46516418457031,0,0,CORRECT
bm25,leetcode,139,619.263671875,117.78375244140625,494.1373291015625,0,0,INCORRECT
bm25,leetcode,140,298.12261962890625,37.62603759765625,111.423583984375,0,1,CORRECT
bm25,pony,3,46.754417419433594,8.47353744506836,18.647865295410156,1,1,INCORRECT
bm25,pony,2,37.09868621826172,9.464851379394531,16.1156005859375,0,0,CORRECT
bm25,pony,5,49.38341522216797,16.67188262939453,26.762836456298828,1,1,INCORRECT
bm25,pony,4,44.368316650390625,9.151790618896484,17.294458389282227,1,1,CORRECT
bm25,pony,6,36.102928161621094,5.407514572143555,11.217092514038086,0,0,INCORRECT
bm25,pony,7,51.83033752441406,6.997409820556641,16.98800277709961,0,1,INCORRECT
bm25,pony,9,39.77752685546875,8.257369995117188,15.846729278564453,0,1,CORRECT
bm25,pony,8,54.942440032958984,15.89312744140625,25.169010162353516,1,1,CORRECT
bm25,pony,10,41.70945739746094,6.292472839355469,11.731630325317383,0,1,CORRECT
bm25,pony,11,46.05137634277344,15.372241973876953,20.58260154724121,1,1,CORRECT
bm25,pony,12,42.29737854003906,8.034313201904297,17.93828010559082,0,1,CORRECT
bm25,pony,13,32.78123474121094,7.575069427490234,13.066583633422852,0,0,CORRECT
bm25,pony,16,50.95542907714844,12.236705780029297,22.093849182128906,1,1,INCORRECT
bm25,pony,14,63.64217758178711,20.549102783203125,30.025562286376953,1,1,CORRECT
bm25,pony,17,42.49849319458008,12.11214828491211,15.830699920654297,0,1,CORRECT
bm25,pony,20,35.183040618896484,2.3442840576171875,7.734264373779297,1,1,CORRECT
bm25,pony,15,55.95823287963867,17.586772918701172,29.773508071899414,1,1,INCORRECT
bm25,pony,18,32.08816909790039,4.459602355957031,12.033941268920898,0,1,INCORRECT
bm25,pony,19,37.24072265625,2.1795501708984375,10.353471755981445,0,0,CORRECT
bm25,pony,21,28.061094284057617,2.717508316040039,7.392839431762695,0,0,CORRECT
bm25,pony,22,41.23984146118164,8.437702178955078,16.696826934814453,1,1,CORRECT
bm25,pony,35,57.646995544433594,30.647720336914062,36.41845893859863,1,1,CORRECT
bm25,pony,23,40.197059631347656,6.218219757080078,15.05959701538086,0,0,CORRECT
bm25,pony,24,31.50946044921875,6.760448455810547,11.327327728271484,0,1,CORRECT
bm25,pony,25,42.44554138183594,7.508403778076172,14.23234748840332,0,0,CORRECT
bm25,pony,26,41.27906036376953,5.320926666259766,13.761663436889648,0,0,CORRECT
bm25,pony,34,48.73632049560547,18.684005737304688,24.23957633972168,0,0,CORRECT
bm25,pony,27,33.11122131347656,2.444337844848633,8.77869987487793,0,1,INCORRECT
bm25,pony,28,40.5477409362793,10.925954818725586,18.001386642456055,0,1,INCORRECT
bm25,pony,29,29.407732009887695,2.9209747314453125,9.469808578491211,0,1,CORRECT
bm25,pony,30,47.57518005371094,5.451992034912109,17.240036010742188,0,1,CORRECT
bm25,pony,32,34.57898712158203,4.497932434082031,10.564870834350586,0,1,CORRECT
bm25,pony,36,36.81010818481445,4.1818695068359375,13.534002304077148,0,0,CORRECT
bm25,pony,33,38.25457763671875,4.902759552001953,11.316596984863281,1,1,INCORRECT
bm25,pony,31,61.15630340576172,18.712142944335938,25.38098907470703,0,1,INCORRECT
bm25,pony,38,43.50994110107422,13.387641906738281,19.380657196044922,0,0,CORRECT
bm25,pony,37,53.953651428222656,7.670074462890625,25.40719223022461,0,1,INCORRECT
bm25,pony,40,34.967079162597656,10.273340225219727,16.04632568359375,0,1,CORRECT
bm25,pony,39,39.43943786621094,6.971553802490234,12.889249801635742,1,1,CORRECT
bm25,pony,42,27.797637939453125,2.2479095458984375,8.203630447387695,1,1,CORRECT
bm25,pony,41,44.172943115234375,7.299205780029297,16.550277709960938,1,1,INCORRECT
bm25,pony,51,28.573598861694336,2.5586624145507812,8.285022735595703,1,1,CORRECT
bm25,pony,43,39.38307571411133,9.608718872070312,14.74441909790039,0,1,INCORRECT
bm25,pony,44,31.675703048706055,2.972555160522461,9.937601089477539,0,0,CORRECT
bm25,pony,45,32.410011291503906,4.123575210571289,10.072532653808594,1,1,CORRECT
bm25,pony,48,54.48841094970703,7.145801544189453,15.782295227050781,1,1,CORRECT
bm25,pony,47,35.06924057006836,3.7739009857177734,10.697479248046875,1,1,CORRECT
bm25,pony,49,34.077083587646484,3.681467056274414,10.098270416259766,0,0,CORRECT
bm25,pony,46,28.558794021606445,3.4246387481689453,8.659372329711914,0,0,CORRECT
bm25,pony,50,29.649263381958008,4.047079086303711,7.879726409912109,0,1,INCORRECT
bm25,pony,52,46.4694938659668,14.747339248657227,23.42745018005371,0,1,INCORRECT
bm25,pony,53,33.26781463623047,7.665630340576172,12.275062561035156,1,1,INCORRECT
bm25,pony,55,32.337005615234375,5.652729034423828,12.727962493896484,0,0,CORRECT
bm25,pony,54,32.561439514160156,1.9407997131347656,7.564489364624023,1,1,CORRECT
bm25,pony,56,28.908851623535156,1.7753868103027344,8.24692153930664,0,0,CORRECT
bm25,pony,57,36.20137405395508,5.925907135009766,11.825197219848633,0,1,CORRECT
bm25,pony,58,46.89894104003906,12.605415344238281,20.73179817199707,0,1,CORRECT
bm25,pony,59,50.40277862548828,17.877288818359375,26.739810943603516,0,0,CORRECT
bm25,pony,60,39.04149627685547,6.131801605224609,11.922872543334961,0,1,CORRECT
bm25,pony,62,53.35207748413086,19.116512298583984,27.36018943786621,0,0,CORRECT
bm25,pony,61,39.63229751586914,8.083528518676758,13.660501480102539,0,1,CORRECT
bm25,pony,63,64.6980972290039,25.49844741821289,37.863277435302734,1,1,INCORRECT
bm25,pony,64,49.949195861816406,4.556343078613281,15.673133850097656,0,1,INCORRECT
bm25,pony,65,52.07621383666992,10.786888122558594,22.522504806518555,0,1,INCORRECT
bm25,pony,68,39.672035217285156,5.033451080322266,11.208805084228516,0,0,INCORRECT
bm25,pony,66,41.661190032958984,3.5348052978515625,11.609134674072266,0,1,CORRECT
bm25,pony,67,46.173309326171875,7.811344146728516,18.313302993774414,0,1,CORRECT
bm25,pony,69,58.09309005737305,14.19180679321289,23.29749298095703,1,1,CORRECT
bm25,pony,70,34.22722625732422,5.288702011108398,9.847366333007812,0,1,CORRECT
bm25,pony,71,46.097564697265625,4.725322723388672,13.29159927368164,1,1,INCORRECT
bm25,pony,77,43.937644958496094,10.661334991455078,19.17966651916504,0,0,CORRECT
bm25,pony,72,45.88969421386719,5.697967529296875,14.586999893188477,1,1,CORRECT
bm25,pony,73,40.3928108215332,5.084987640380859,11.121889114379883,0,1,CORRECT
bm25,pony,74,37.73845291137695,3.5763893127441406,10.53628158569336,1,1,INCORRECT
bm25,pony,75,45.80732345581055,11.541007995605469,21.924970626831055,0,0,INCORRECT
bm25,pony,76,63.31197738647461,10.403045654296875,25.425350189208984,1,1,INCORRECT
bm25,pony,88,37.22730255126953,3.625164031982422,9.518547058105469,0,1,CORRECT
bm25,pony,78,48.097190856933594,9.673713684082031,16.54853057861328,0,1,INCORRECT
bm25,pony,79,41.292083740234375,6.382656097412109,11.462465286254883,0,0,CORRECT
bm25,pony,80,42.32178497314453,11.980762481689453,18.713462829589844,0,1,INCORRECT
bm25,pony,81,29.206058502197266,3.1758365631103516,8.005973815917969,0,1,CORRECT
bm25,pony,82,46.1929817199707,13.741378784179688,18.880537033081055,0,1,CORRECT
bm25,pony,84,33.465049743652344,1.5273628234863281,9.668872833251953,1,1,CORRECT
bm25,pony,85,34.90396499633789,4.682964324951172,10.546676635742188,0,0,CORRECT
bm25,pony,83,42.658485412597656,9.581764221191406,17.00326156616211,0,0,CORRECT
bm25,pony,86,33.43028259277344,3.399263381958008,10.816764831542969,0,1,INCORRECT
bm25,pony,87,42.13692855834961,4.067073822021484,13.430782318115234,1,1,CORRECT
bm25,pony,89,38.64670181274414,3.3253746032714844,9.688665390014648,1,1,CORRECT
bm25,pony,90,46.993927001953125,11.719982147216797,17.123912811279297,0,1,INCORRECT
bm25,pony,91,46.62321090698242,9.012767791748047,22.296382904052734,0,0,CORRECT
bm25,pony,92,45.97459030151367,9.53915786743164,20.277523040771484,0,1,INCORRECT
bm25,pony,93,54.60247039794922,19.65228271484375,26.067777633666992,0,1,INCORRECT
bm25,pony,97,33.79986572265625,3.754669189453125,10.994009017944336,0,1,CORRECT
bm25,pony,94,33.29666519165039,2.6029796600341797,6.454608917236328,0,1,CORRECT
bm25,pony,95,47.426368713378906,5.17864990234375,19.112747192382812,0,1,INCORRECT
bm25,pony,96,30.010581970214844,2.2457504272460938,6.101263046264648,0,0,CORRECT
bm25,pony,98,43.87754821777344,10.19070053100586,16.420608520507812,1,1,CORRECT
bm25,pony,101,58.569488525390625,28.455482482910156,35.63984298706055,0,1,CORRECT
bm25,pony,100,49.564395904541016,19.525615692138672,24.3382625579834,0,0,INCORRECT
bm25,pony,99,41.582523345947266,8.890663146972656,15.996025085449219,1,1,CORRECT
bm25,pony,102,45.89054870605469,6.542781829833984,15.426673889160156,1,1,CORRECT
bm25,pony,103,30.461318969726562,4.593513488769531,10.065113067626953,0,1,CORRECT
bm25,pony,104,47.1324348449707,13.361564636230469,21.652027130126953,0,1,CORRECT
bm25,psychology,0,63.33776092529297,9.47970962524414,15.471126556396484,0,0,INCORRECT
bm25,pony,108,44.81663513183594,8.52823257446289,16.937498092651367,0,1,CORRECT
bm25,psychology,1,62.468353271484375,14.084587097167969,27.59844970703125,1,1,CORRECT
bm25,psychology,7,105.34178161621094,11.509849548339844,43.02397155761719,0,0,INCORRECT
bm25,pony,106,33.61284637451172,5.267787933349609,11.292961120605469,1,1,CORRECT
bm25,pony,107,34.98118591308594,4.850639343261719,9.698266983032227,1,1,CORRECT
bm25,pony,105,34.3219108581543,6.506929397583008,11.402498245239258,0,0,CORRECT
bm25,pony,109,48.21764373779297,9.270713806152344,17.879188537597656,1,1,INCORRECT
bm25,psychology,6,74.2768325805664,9.650062561035156,31.66769027709961,0,0,INCORRECT
bm25,psychology,10,58.173683166503906,10.481887817382812,20.454757690429688,0,0,INCORRECT
bm25,pony,111,51.815101623535156,13.66156005859375,19.485424041748047,1,1,CORRECT
bm25,pony,110,31.4179744720459,2.417001724243164,8.364496231079102,1,1,CORRECT
bm25,psychology,2,146.772705078125,52.951812744140625,86.91118621826172,0,1,CORRECT
bm25,psychology,12,40.281803131103516,7.805149078369141,12.323450088500977,0,0,CORRECT
bm25,psychology,3,59.59699249267578,4.42205810546875,16.579063415527344,0,0,CORRECT
bm25,psychology,4,91.019287109375,19.58318328857422,28.082645416259766,0,0,INCORRECT
bm25,psychology,9,60.592620849609375,8.629173278808594,20.741249084472656,1,1,CORRECT
bm25,psychology,5,197.6422576904297,119.43722534179688,135.1631202697754,0,0,CORRECT
bm25,psychology,11,55.98960494995117,7.288387298583984,14.451351165771484,0,0,INCORRECT
bm25,psychology,17,66.36918640136719,10.920082092285156,23.04446029663086,0,0,INCORRECT
bm25,psychology,8,72.90811920166016,13.927001953125,26.803848266601562,0,1,CORRECT
bm25,psychology,22,176.46380615234375,36.57478332519531,96.88921356201172,0,0,CORRECT
bm25,psychology,24,96.63001251220703,22.496505737304688,37.789146423339844,0,0,INCORRECT
bm25,psychology,13,65.30741882324219,11.928298950195312,26.721920013427734,1,1,INCORRECT
bm25,psychology,14,56.095458984375,3.1198272705078125,11.389358520507812,0,0,CORRECT
bm25,psychology,15,94.52070617675781,24.83167266845703,44.70296096801758,0,0,CORRECT
bm25,psychology,20,104.13067626953125,20.174354553222656,43.888248443603516,0,0,CORRECT
bm25,psychology,29,66.38351440429688,6.37127685546875,16.34912872314453,0,0,CORRECT
bm25,psychology,16,62.71467590332031,13.042518615722656,23.14655303955078,0,0,CORRECT
bm25,psychology,23,98.92756652832031,25.126693725585938,42.32155990600586,0,0,INCORRECT
bm25,psychology,18,50.110782623291016,5.4365386962890625,15.09122085571289,1,1,CORRECT
bm25,psychology,19,87.96810913085938,19.771224975585938,51.199310302734375,1,1,CORRECT
bm25,psychology,21,93.67835998535156,15.64959716796875,24.889122009277344,0,0,INCORRECT
bm25,psychology,25,76.18427276611328,24.134925842285156,37.96356201171875,1,1,CORRECT
bm25,psychology,26,192.65115356445312,138.01983642578125,147.95507049560547,0,0,CORRECT
bm25,psychology,27,70.15957641601562,11.161941528320312,24.162399291992188,0,0,INCORRECT
bm25,psychology,33,72.05142974853516,8.359451293945312,21.276721954345703,0,0,CORRECT
bm25,psychology,31,78.99179077148438,1.5894546508789062,24.777122497558594,1,1,CORRECT
bm25,psychology,28,86.5014419555664,9.842506408691406,24.401165008544922,1,1,CORRECT
bm25,psychology,40,71.17476654052734,24.409832000732422,32.54298782348633,0,1,INCORRECT
bm25,psychology,30,91.86323547363281,21.900863647460938,42.421600341796875,1,1,CORRECT
bm25,psychology,43,66.16071319580078,11.95150375366211,21.62718963623047,0,0,INCORRECT
bm25,psychology,38,51.6129264831543,6.327049255371094,15.220100402832031,0,1,INCORRECT
bm25,psychology,32,72.2721939086914,11.265201568603516,19.473495483398438,0,0,CORRECT
bm25,psychology,34,82.42667388916016,10.757011413574219,28.025676727294922,0,0,CORRECT
bm25,psychology,35,94.18749237060547,19.93194580078125,32.0933837890625,1,1,CORRECT
bm25,psychology,37,104.6215591430664,27.909751892089844,51.020530700683594,0,0,INCORRECT
bm25,psychology,39,48.59999465942383,13.716094970703125,17.63813591003418,0,0,CORRECT
bm25,psychology,48,38.19670867919922,10.343513488769531,13.037134170532227,0,0,INCORRECT
bm25,psychology,36,60.438720703125,10.2498779296875,24.84406280517578,0,0,INCORRECT
bm25,psychology,41,71.79893493652344,15.923942565917969,31.20077133178711,1,1,CORRECT
bm25,psychology,46,62.145729064941406,3.6714515686035156,16.719684600830078,1,1,CORRECT
bm25,psychology,47,66.42140197753906,16.291038513183594,20.37759017944336,0,0,INCORRECT
bm25,psychology,42,78.87518310546875,7.0544281005859375,23.413753509521484,1,1,CORRECT
bm25,psychology,44,67.59407806396484,7.477291107177734,15.00665283203125,0,1,INCORRECT
bm25,psychology,45,173.29544067382812,72.68687438964844,110.41139221191406,0,1,CORRECT
bm25,psychology,53,54.77708053588867,7.363117218017578,17.426498413085938,0,0,INCORRECT
bm25,psychology,49,96.49540710449219,20.740280151367188,38.48781204223633,0,0,INCORRECT
bm25,psychology,58,136.91696166992188,45.87605285644531,82.485595703125,0,0,INCORRECT
bm25,psychology,55,78.12376403808594,14.247879028320312,29.750633239746094,0,0,CORRECT
bm25,psychology,51,48.38648986816406,9.144554138183594,17.80113410949707,1,1,CORRECT
bm25,psychology,50,82.92130279541016,15.696510314941406,28.814178466796875,0,1,CORRECT
bm25,psychology,52,66.44940948486328,8.674739837646484,16.609291076660156,0,0,INCORRECT
bm25,psychology,62,53.09120178222656,7.072132110595703,13.847000122070312,0,0,CORRECT
bm25,psychology,64,47.186397552490234,9.709732055664062,18.415367126464844,0,0,INCORRECT
bm25,psychology,56,99.7232437133789,10.742111206054688,32.29901885986328,0,0,CORRECT
bm25,psychology,63,71.74559020996094,14.2220458984375,22.246395111083984,0,0,INCORRECT
bm25,psychology,54,92.37336730957031,19.38104248046875,31.284934997558594,0,0,CORRECT
bm25,psychology,57,77.96893310546875,20.628952026367188,39.021728515625,1,1,CORRECT
bm25,psychology,59,91.6529769897461,12.631782531738281,32.310707092285156,1,1,CORRECT
bm25,psychology,65,55.88423538208008,6.762809753417969,16.305400848388672,0,0,INCORRECT
bm25,psychology,61,79.55522918701172,16.48424530029297,31.622234344482422,1,1,CORRECT
bm25,psychology,60,70.76093292236328,7.286830902099609,17.824810028076172,0,1,CORRECT
bm25,psychology,68,53.30455017089844,16.084564208984375,20.036758422851562,0,1,CORRECT
bm25,psychology,66,95.33787536621094,27.721824645996094,45.67310333251953,0,0,CORRECT
bm25,psychology,67,78.6158447265625,14.566757202148438,26.779666900634766,0,1,CORRECT
bm25,psychology,81,52.162418365478516,7.509754180908203,18.314212799072266,1,1,CORRECT
bm25,psychology,77,66.99922943115234,18.724002838134766,28.699451446533203,0,0,INCORRECT
bm25,psychology,69,54.62436294555664,12.204452514648438,23.105693817138672,1,1,CORRECT
bm25,psychology,70,65.30367279052734,9.260513305664062,23.128437042236328,0,0,INCORRECT
bm25,psychology,74,39.362422943115234,8.370662689208984,12.714012145996094,0,1,INCORRECT
bm25,psychology,73,75.10311126708984,7.833641052246094,19.166152954101562,0,0,INCORRECT
bm25,psychology,80,80.03666687011719,10.339912414550781,23.5164794921875,0,0,INCORRECT
bm25,psychology,71,75.70228576660156,17.479461669921875,27.98432159423828,1,1,CORRECT
bm25,psychology,72,83.02278900146484,14.511238098144531,32.26597595214844,1,1,INCORRECT
bm25,psychology,76,96.76008605957031,27.506805419921875,47.31467056274414,0,1,CORRECT
bm25,psychology,75,118.25724792480469,37.186378479003906,52.88594055175781,0,0,INCORRECT
bm25,psychology,79,70.75767517089844,7.629768371582031,19.755950927734375,0,0,CORRECT
bm25,psychology,78,69.08674621582031,8.288646697998047,16.4486083984375,0,0,CORRECT
bm25,psychology,89,48.41661834716797,5.230213165283203,10.225635528564453,0,0,INCORRECT
bm25,psychology,93,73.10885620117188,11.877307891845703,21.808990478515625,0,0,INCORRECT
bm25,psychology,82,59.287635803222656,14.799453735351562,20.43328857421875,0,1,CORRECT
bm25,psychology,83,70.0191650390625,12.88254165649414,23.216064453125,0,0,INCORRECT
bm25,psychology,85,73.0675048828125,20.001712799072266,30.43722915649414,0,0,CORRECT
bm25,psychology,84,77.40016174316406,18.0126953125,31.41162109375,1,1,CORRECT
bm25,psychology,86,68.33991241455078,14.000160217285156,32.032169342041016,1,1,CORRECT
bm25,psychology,87,50.61207580566406,9.3157958984375,16.771686553955078,1,1,CORRECT
bm25,psychology,88,84.48346710205078,15.835227966308594,30.455310821533203,0,0,CORRECT
bm25,psychology,90,98.3973617553711,7.337738037109375,25.89324188232422,0,1,CORRECT
bm25,psychology,91,92.45985412597656,24.263381958007812,47.9473991394043,1,1,CORRECT
bm25,psychology,97,75.39070892333984,7.512077331542969,19.152114868164062,0,0,INCORRECT
bm25,psychology,95,55.94872283935547,9.096050262451172,12.986759185791016,0,0,CORRECT
bm25,psychology,100,79.38156127929688,13.087165832519531,26.143478393554688,0,0,INCORRECT
bm25,psychology,92,73.98796844482422,3.7744979858398438,15.670589447021484,0,1,CORRECT
bm25,psychology,96,62.461788177490234,9.586082458496094,18.32095718383789,0,0,INCORRECT
bm25,psychology,94,67.19083404541016,11.478439331054688,25.654335021972656,0,0,INCORRECT
bm25,psychology,98,79.20194244384766,6.024436950683594,15.330921173095703,0,0,CORRECT
bm25,psychology,99,64.30654907226562,14.220954895019531,24.698257446289062,0,0,CORRECT
bm25,robotics,13,68.9085693359375,17.231067657470703,31.35626220703125,0,0,CORRECT
bm25,robotics,0,82.31305694580078,31.63394546508789,42.02937698364258,0,0,CORRECT
bm25,robotics,1,87.91788482666016,21.191802978515625,39.07115936279297,0,0,INCORRECT
bm25,robotics,2,163.81942749023438,25.255386352539062,62.77320861816406,1,1,CORRECT
bm25,robotics,14,84.64558410644531,10.281105041503906,31.32715606689453,0,0,INCORRECT
bm25,robotics,4,160.1376190185547,35.16703796386719,104.7703971862793,0,1,CORRECT
bm25,robotics,3,69.3853988647461,16.978092193603516,27.429977416992188,0,0,INCORRECT
bm25,robotics,5,49.181278228759766,6.791408538818359,15.724315643310547,0,0,CORRECT
bm25,robotics,9,104.67147827148438,39.35821533203125,51.501041412353516,0,0,INCORRECT
bm25,robotics,6,78.29010772705078,22.06802749633789,34.06423568725586,0,0,CORRECT
bm25,robotics,8,78.78404998779297,24.291099548339844,41.633384704589844,0,1,INCORRECT
bm25,robotics,7,239.6703643798828,13.744903564453125,161.9623031616211,0,1,CORRECT
bm25,robotics,10,49.34882736206055,5.960926055908203,13.529102325439453,0,0,INCORRECT
bm25,robotics,15,76.10650634765625,17.321022033691406,36.18288040161133,0,0,INCORRECT
bm25,robotics,11,115.3800048828125,19.384239196777344,63.112274169921875,0,0,CORRECT
bm25,robotics,12,82.36282348632812,12.467803955078125,27.424091339111328,0,0,CORRECT
bm25,robotics,30,52.84597396850586,11.51761245727539,17.631793975830078,0,0,INCORRECT
bm25,robotics,16,61.89522171020508,8.57379150390625,14.794879913330078,1,1,INCORRECT
bm25,robotics,19,69.10499572753906,7.49957275390625,21.37598419189453,0,0,CORRECT
bm25,robotics,17,225.37396240234375,73.69111633300781,144.9424285888672,1,1,CORRECT
bm25,robotics,18,81.53936767578125,10.716903686523438,23.848037719726562,1,1,CORRECT
bm25,robotics,25,67.22917175292969,17.965625762939453,26.727462768554688,0,0,INCORRECT
bm25,robotics,21,59.46493911743164,8.600879669189453,19.542617797851562,0,0,CORRECT
bm25,robotics,20,210.80426025390625,39.326171875,109.99650573730469,0,1,CORRECT
bm25,robotics,22,99.90938568115234,24.636764526367188,45.44145202636719,1,1,CORRECT
bm25,robotics,23,189.02989196777344,64.02494812011719,111.83641815185547,0,1,CORRECT
bm25,robotics,27,130.41513061523438,50.80066680908203,82.30636978149414,1,1,CORRECT
bm25,robotics,24,52.88233184814453,3.3645477294921875,9.601322174072266,1,1,CORRECT
bm25,robotics,26,87.85539245605469,23.410964965820312,33.77934646606445,0,0,CORRECT
bm25,robotics,28,92.91181945800781,25.532546997070312,41.28105163574219,0,0,CORRECT
bm25,robotics,35,54.10979461669922,7.3231201171875,14.313140869140625,0,0,INCORRECT
bm25,robotics,29,189.37664794921875,52.030120849609375,91.65475463867188,0,0,INCORRECT
bm25,robotics,31,57.98283004760742,8.437374114990234,18.591327667236328,0,0,CORRECT
bm25,robotics,36,85.63703918457031,10.994514465332031,21.36742401123047,0,1,INCORRECT
bm25,robotics,34,79.16212463378906,13.131385803222656,33.505706787109375,0,0,INCORRECT
bm25,robotics,44,87.39753723144531,28.829116821289062,36.30971145629883,0,0,INCORRECT
bm25,robotics,32,68.38348388671875,17.219818115234375,26.30413818359375,0,0,CORRECT
bm25,robotics,42,79.60607147216797,9.613410949707031,20.381256103515625,0,0,INCORRECT
bm25,robotics,33,73.90176391601562,14.93548583984375,23.305397033691406,0,0,CORRECT
bm25,robotics,37,95.23209381103516,0.0,31.541908264160156,0,0,CORRECT
bm25,robotics,38,330.40283203125,148.38253784179688,271.8956985473633,1,1,INCORRECT
bm25,robotics,39,54.79930877685547,2.7057456970214844,11.176368713378906,0,1,INCORRECT
bm25,robotics,41,131.40127563476562,22.02770233154297,60.20524597167969,0,0,CORRECT
bm25,robotics,43,122.29109954833984,58.309165954589844,72.99213409423828,1,1,CORRECT
bm25,robotics,40,243.8870849609375,139.22962188720703,164.04290771484375,0,1,CORRECT
bm25,robotics,45,518.9171752929688,377.90447998046875,446.9924774169922,0,1,INCORRECT
bm25,robotics,46,53.822174072265625,5.815929412841797,13.742546081542969,0,0,CORRECT
bm25,robotics,47,173.0220489501953,36.17689514160156,85.04399871826172,0,1,CORRECT
bm25,robotics,52,75.74658203125,11.546592712402344,21.98984146118164,0,0,INCORRECT
bm25,robotics,51,49.63333511352539,11.466407775878906,18.287370681762695,0,0,INCORRECT
bm25,robotics,49,46.78269958496094,4.162433624267578,10.434989929199219,1,1,CORRECT
bm25,robotics,50,62.446250915527344,12.118392944335938,25.19818878173828,0,1,CORRECT
bm25,robotics,48,115.59199523925781,19.06092071533203,54.18423843383789,1,1,CORRECT
bm25,robotics,53,118.06108093261719,39.09327697753906,57.4328498840332,0,1,CORRECT
bm25,robotics,54,79.69174194335938,17.095321655273438,30.09438705444336,1,1,CORRECT
bm25,robotics,63,79.3656234741211,2.7411575317382812,32.05374526977539,1,1,CORRECT
bm25,robotics,55,389.44244384765625,190.93673706054688,331.186767578125,0,0,CORRECT
bm25,robotics,56,248.86801147460938,93.49697875976562,151.51497650146484,1,1,CORRECT
bm25,robotics,60,94.98922729492188,18.061256408691406,34.268131256103516,0,0,CORRECT
bm25,robotics,61,332.3470153808594,242.09766387939453,278.03955841064453,0,0,INCORRECT
bm25,robotics,59,136.1667938232422,13.2933349609375,44.56053161621094,0,0,INCORRECT
bm25,robotics,58,304.0020751953125,118.07029724121094,196.5017318725586,0,1,CORRECT
bm25,robotics,57,125.7868423461914,13.73577880859375,64.04451751708984,1,1,CORRECT
bm25,robotics,67,72.09668731689453,12.227745056152344,28.897403717041016,1,1,CORRECT
bm25,robotics,62,462.3903503417969,61.910369873046875,401.04164123535156,0,1,CORRECT
bm25,robotics,65,118.6573486328125,28.331207275390625,51.88129425048828,0,0,INCORRECT
bm25,robotics,64,71.97044372558594,6.862648010253906,21.425392150878906,1,1,CORRECT
bm25,robotics,66,72.35743713378906,4.1109161376953125,15.617485046386719,0,1,CORRECT
bm25,robotics,68,102.12120819091797,36.20561218261719,54.86079788208008,1,1,CORRECT
bm25,robotics,69,133.98794555664062,15.397994995117188,57.4232177734375,0,0,CORRECT
bm25,robotics,70,288.78472900390625,47.01258850097656,137.50592041015625,0,1,CORRECT
bm25,robotics,71,137.42550659179688,59.104835510253906,83.55322647094727,1,1,CORRECT
bm25,robotics,82,104.00003814697266,19.53022003173828,35.98710632324219,0,0,INCORRECT
bm25,robotics,73,59.443519592285156,6.673465728759766,15.565116882324219,1,1,CORRECT
bm25,robotics,80,76.2220687866211,7.496391296386719,25.594573974609375,0,0,CORRECT
bm25,robotics,72,56.8179931640625,18.183700561523438,23.312095642089844,0,0,CORRECT
bm25,robotics,74,126.97012329101562,20.007492065429688,60.33012390136719,0,0,INCORRECT
bm25,robotics,75,66.10092163085938,6.316768646240234,23.416141510009766,1,1,CORRECT
bm25,robotics,77,64.8546142578125,17.201263427734375,25.200714111328125,0,0,CORRECT
bm25,robotics,76,235.18252563476562,65.25704956054688,136.847412109375,0,0,CORRECT
bm25,robotics,78,123.0409164428711,51.526954650878906,70.59934997558594,1,1,CORRECT
bm25,robotics,79,89.92083740234375,7.9917144775390625,25.34027099609375,0,0,CORRECT
bm25,robotics,83,79.59356689453125,8.087745666503906,23.811386108398438,0,1,CORRECT
bm25,robotics,81,97.62347412109375,27.53936004638672,41.681766510009766,0,0,CORRECT
bm25,robotics,87,70.54083251953125,17.759521484375,30.236289978027344,0,0,INCORRECT
bm25,robotics,84,206.63455200195312,73.26808166503906,130.23882293701172,1,1,CORRECT
bm25,robotics,92,44.306060791015625,7.547084808349609,15.700008392333984,1,1,CORRECT
bm25,robotics,85,152.85446166992188,17.103652954101562,90.92935180664062,0,1,CORRECT
bm25,robotics,86,133.1856689453125,60.31011199951172,76.75115585327148,0,0,CORRECT
bm25,robotics,88,81.93521118164062,24.141319274902344,40.53639602661133,0,0,CORRECT
bm25,robotics,95,82.9576644897461,19.35619354248047,35.48745346069336,0,0,CORRECT
bm25,robotics,90,74.90228271484375,18.93857192993164,29.93164825439453,1,1,CORRECT
bm25,robotics,89,220.8509521484375,89.60580444335938,160.24651718139648,0,0,CORRECT
bm25,robotics,94,84.56900787353516,14.666481018066406,34.494468688964844,1,1,CORRECT
bm25,robotics,93,492.87445068359375,257.7043914794922,411.1644287109375,1,1,CORRECT
bm25,robotics,91,157.1271514892578,56.78019714355469,107.10420989990234,1,1,CORRECT
bm25,robotics,96,91.20673370361328,27.364334106445312,37.48258972167969,0,0,INCORRECT
bm25,robotics,97,83.59021759033203,12.897056579589844,24.117698669433594,0,0,INCORRECT
bm25,robotics,99,85.14700317382812,18.068878173828125,29.76935577392578,0,1,CORRECT
bm25,robotics,98,91.60531616210938,18.532020568847656,30.795974731445312,0,0,CORRECT
bm25,robotics,100,71.33187866210938,9.046947479248047,19.47020721435547,0,0,CORRECT
bm25,stackoverflow,0,105.47853088378906,10.494667053222656,39.70368194580078,0,0,CORRECT
bm25,stackoverflow,1,213.0171356201172,71.79023742675781,119.67090606689453,0,0,CORRECT
bm25,stackoverflow,2,80.9939956665039,9.833549499511719,17.86981964111328,0,0,CORRECT
bm25,stackoverflow,4,177.4965362548828,33.263824462890625,58.19636535644531,0,0,CORRECT
bm25,stackoverflow,5,82.84681701660156,19.2236328125,32.97818374633789,1,1,CORRECT
bm25,stackoverflow,7,139.62985229492188,15.925727844238281,28.15019989013672,0,0,CORRECT
bm25,stackoverflow,6,171.6439971923828,36.27001953125,55.23920440673828,0,0,CORRECT
bm25,stackoverflow,10,161.10963439941406,13.722702026367188,33.49302673339844,1,1,CORRECT
bm25,stackoverflow,9,172.8744354248047,33.467559814453125,61.644287109375,0,0,INCORRECT
bm25,stackoverflow,11,144.275146484375,36.74461364746094,61.131675720214844,0,0,CORRECT
bm25,stackoverflow,12,66.27818298339844,4.699272155761719,10.205825805664062,1,1,INCORRECT
bm25,stackoverflow,8,135.17483520507812,30.55486297607422,47.849388122558594,0,1,CORRECT
bm25,stackoverflow,14,131.76861572265625,34.92395782470703,55.733863830566406,0,1,CORRECT
bm25,stackoverflow,15,173.71800231933594,0.6375274658203125,51.25413513183594,0,0,CORRECT
bm25,stackoverflow,3,153.27859497070312,12.957061767578125,62.64447021484375,1,1,CORRECT
bm25,stackoverflow,16,130.35523986816406,13.564491271972656,55.0474853515625,1,1,CORRECT
bm25,stackoverflow,17,236.9840087890625,56.46368408203125,145.63136291503906,1,1,CORRECT
bm25,stackoverflow,18,134.01235961914062,34.54154968261719,56.01416778564453,1,1,CORRECT
bm25,stackoverflow,13,99.82108306884766,7.975494384765625,17.896072387695312,0,0,CORRECT
bm25,stackoverflow,19,129.13619995117188,14.13543701171875,24.003562927246094,0,0,CORRECT
bm25,stackoverflow,20,78.6068115234375,10.347305297851562,18.602649688720703,0,0,CORRECT
bm25,stackoverflow,25,102.00443267822266,19.638282775878906,33.358802795410156,0,0,CORRECT
bm25,stackoverflow,24,153.28567504882812,12.463973999023438,39.03462219238281,0,0,CORRECT
bm25,stackoverflow,23,161.9814910888672,69.18438720703125,88.25856018066406,0,0,CORRECT
bm25,stackoverflow,22,804.2107543945312,121.64105224609375,684.8662719726562,0,0,INCORRECT
bm25,stackoverflow,26,88.08396911621094,5.9260406494140625,13.268760681152344,0,0,CORRECT
bm25,stackoverflow,21,195.37301635742188,42.996978759765625,67.18998718261719,1,1,CORRECT
bm25,stackoverflow,27,112.94444274902344,23.875442504882812,57.12957000732422,1,1,CORRECT
bm25,stackoverflow,31,81.6039810180664,6.382453918457031,9.470008850097656,1,1,CORRECT
bm25,stackoverflow,28,77.29064178466797,20.694000244140625,29.94476318359375,0,0,CORRECT
bm25,stackoverflow,29,252.659423828125,81.86932373046875,116.67674255371094,0,0,INCORRECT
bm25,stackoverflow,30,128.46841430664062,21.828590393066406,39.39122772216797,1,1,INCORRECT
bm25,stackoverflow,32,74.87235260009766,11.601219177246094,21.80315399169922,0,0,CORRECT
bm25,stackoverflow,34,156.93740844726562,28.60015869140625,49.79786682128906,1,1,CORRECT
bm25,stackoverflow,33,276.3895263671875,154.24297332763672,179.51536560058594,0,0,CORRECT
bm25,stackoverflow,35,235.36795043945312,34.45396423339844,72.58999633789062,0,0,CORRECT
bm25,stackoverflow,36,145.36026000976562,31.64427947998047,62.213279724121094,0,0,INCORRECT
bm25,stackoverflow,44,209.1079864501953,44.99159240722656,102.12171173095703,0,1,INCORRECT
bm25,stackoverflow,39,311.83642578125,119.25987243652344,176.28732299804688,0,1,CORRECT
bm25,stackoverflow,38,318.4377746582031,181.23489379882812,254.0509490966797,0,1,INCORRECT
bm25,stackoverflow,40,285.51068115234375,139.439208984375,175.0275115966797,0,0,CORRECT
bm25,stackoverflow,37,147.33212280273438,6.3432159423828125,24.9971923828125,0,1,CORRECT
bm25,stackoverflow,41,209.28402709960938,17.156707763671875,90.29841613769531,1,1,CORRECT
bm25,stackoverflow,42,142.56787109375,56.096839904785156,73.3284683227539,1,1,CORRECT
bm25,stackoverflow,43,152.3282928466797,11.9637451171875,30.64684295654297,1,1,CORRECT
bm25,stackoverflow,46,85.4411849975586,15.059120178222656,32.78575897216797,0,0,CORRECT
bm25,stackoverflow,45,110.03334045410156,17.0648193359375,31.450027465820312,1,1,CORRECT
bm25,stackoverflow,47,309.3411560058594,204.94133758544922,224.1038589477539,1,1,CORRECT
bm25,stackoverflow,48,70.09556579589844,10.340606689453125,17.030731201171875,0,0,INCORRECT
bm25,stackoverflow,50,246.28802490234375,77.55311584472656,108.99574279785156,1,1,CORRECT
bm25,stackoverflow,49,103.60418701171875,17.7457275390625,40.819854736328125,1,1,CORRECT
bm25,stackoverflow,55,137.91433715820312,44.217071533203125,75.57894134521484,0,0,CORRECT
bm25,stackoverflow,61,272.7539367675781,70.74386596679688,151.0833511352539,0,1,CORRECT
bm25,stackoverflow,51,81.94902038574219,17.279037475585938,24.46844482421875,0,0,CORRECT
bm25,stackoverflow,52,153.82119750976562,13.356460571289062,38.329856872558594,1,1,CORRECT
bm25,stackoverflow,57,145.76644897460938,11.191329956054688,44.19336700439453,0,0,CORRECT
bm25,stackoverflow,60,113.51385498046875,9.137359619140625,29.17749786376953,0,0,CORRECT
bm25,stackoverflow,53,175.8805694580078,55.4566650390625,109.55389404296875,1,1,CORRECT
bm25,stackoverflow,59,148.5040283203125,4.2920684814453125,37.81256103515625,0,0,CORRECT
bm25,stackoverflow,54,71.76004028320312,9.23160171508789,18.361083984375,0,0,CORRECT
bm25,stackoverflow,56,330.86602783203125,82.96885681152344,224.83834838867188,1,1,CORRECT
bm25,stackoverflow,58,105.7019271850586,20.777450561523438,34.35413360595703,0,0,CORRECT
bm25,stackoverflow,62,328.9675598144531,193.98951721191406,222.2056655883789,0,0,CORRECT
bm25,stackoverflow,63,335.1005859375,160.52651977539062,223.2399444580078,0,1,CORRECT
bm25,stackoverflow,64,167.8502655029297,20.9193115234375,55.30010986328125,0,0,CORRECT
bm25,stackoverflow,66,155.323486328125,28.50891876220703,68.08973693847656,0,1,INCORRECT
bm25,stackoverflow,65,95.7911605834961,11.203277587890625,22.70819854736328,0,0,INCORRECT
bm25,stackoverflow,67,396.04931640625,172.45977783203125,249.91275024414062,0,0,CORRECT
bm25,stackoverflow,74,159.203857421875,21.630508422851562,66.02040100097656,0,0,INCORRECT
bm25,stackoverflow,68,119.80912017822266,22.15174102783203,36.649330139160156,0,0,CORRECT
bm25,stackoverflow,69,161.02047729492188,46.303070068359375,69.32528686523438,0,0,INCORRECT
bm25,stackoverflow,70,187.29380798339844,38.84739685058594,61.69768524169922,0,1,CORRECT
bm25,stackoverflow,75,81.44839477539062,4.1348419189453125,16.53508758544922,1,1,CORRECT
bm25,stackoverflow,73,212.50831604003906,91.49324035644531,125.07855987548828,0,0,CORRECT
bm25,stackoverflow,77,138.2870330810547,18.579025268554688,51.253150939941406,1,1,CORRECT
bm25,stackoverflow,76,76.85213470458984,4.8138275146484375,15.823970794677734,0,1,CORRECT
bm25,stackoverflow,72,113.09730529785156,39.77082061767578,55.792823791503906,1,1,CORRECT
bm25,stackoverflow,71,91.35698699951172,6.619316101074219,22.67724609375,0,1,INCORRECT
bm25,stackoverflow,83,66.16913604736328,7.740177154541016,13.32155990600586,0,0,INCORRECT
bm25,stackoverflow,82,88.93045043945312,24.518463134765625,45.14190673828125,1,1,CORRECT
bm25,stackoverflow,78,108.57366943359375,9.319091796875,40.287315368652344,0,0,INCORRECT
bm25,stackoverflow,80,97.2464370727539,2.9185943603515625,29.37651824951172,0,1,CORRECT
bm25,stackoverflow,79,123.69363403320312,7.971015930175781,27.08936309814453,1,1,CORRECT
bm25,stackoverflow,81,90.00094604492188,9.880027770996094,26.10335922241211,0,0,INCORRECT
bm25,stackoverflow,84,127.96835327148438,28.732315063476562,51.911094665527344,1,1,CORRECT
bm25,stackoverflow,86,220.93138122558594,127.98358154296875,157.20087051391602,0,0,CORRECT
bm25,stackoverflow,85,125.65461730957031,40.681243896484375,48.67047119140625,1,1,CORRECT
bm25,stackoverflow,91,115.73445129394531,33.822509765625,46.16279602050781,0,0,CORRECT
bm25,stackoverflow,90,113.46556091308594,4.104011535644531,23.321365356445312,0,0,CORRECT
bm25,stackoverflow,89,150.5354766845703,45.41583251953125,65.1430892944336,0,0,CORRECT
bm25,stackoverflow,93,460.3509826660156,258.58892822265625,352.50736236572266,0,0,INCORRECT
bm25,stackoverflow,88,411.0315246582031,267.10821533203125,335.6302947998047,1,1,CORRECT
bm25,stackoverflow,87,138.94158935546875,58.15582275390625,72.8415756225586,1,1,CORRECT
bm25,stackoverflow,92,113.51506042480469,9.20196533203125,32.25176239013672,0,1,CORRECT
bm25,stackoverflow,94,176.9949188232422,4.364013671875,28.717681884765625,0,0,CORRECT
bm25,stackoverflow,95,206.86276245117188,66.11796569824219,149.26990509033203,0,0,CORRECT
bm25,stackoverflow,96,115.350830078125,11.979827880859375,33.508506774902344,0,0,CORRECT
bm25,stackoverflow,97,129.65994262695312,13.895599365234375,32.38319396972656,0,0,CORRECT
bm25,stackoverflow,98,221.25408935546875,38.1407470703125,96.56015014648438,1,1,CORRECT
bm25,stackoverflow,99,96.97530364990234,5.454681396484375,13.672454833984375,1,1,CORRECT
bm25,stackoverflow,100,530.7075805664062,329.993896484375,433.80311584472656,0,1,CORRECT
bm25,stackoverflow,101,106.0092544555664,4.289573669433594,9.392562866210938,0,0,CORRECT
bm25,stackoverflow,103,743.4864501953125,610.4990692138672,644.6898498535156,1,1,CORRECT
bm25,stackoverflow,108,175.30270385742188,18.081100463867188,63.08753967285156,1,1,CORRECT
bm25,stackoverflow,104,113.95260620117188,9.806564331054688,43.58422088623047,0,0,CORRECT
bm25,stackoverflow,102,78.60931396484375,7.8040618896484375,22.764137268066406,1,1,CORRECT
bm25,stackoverflow,107,385.35064697265625,255.10890197753906,300.36194610595703,1,1,INCORRECT
bm25,stackoverflow,106,141.31642150878906,8.339126586914062,87.19161224365234,0,1,INCORRECT
bm25,stackoverflow,109,191.53453063964844,41.06886291503906,88.140869140625,0,1,CORRECT
bm25,stackoverflow,105,189.51841735839844,78.27882385253906,117.75704956054688,1,1,CORRECT
bm25,stackoverflow,110,162.74400329589844,18.764938354492188,83.42271423339844,0,1,CORRECT
bm25,stackoverflow,111,221.1979522705078,67.07962036132812,87.22216796875,1,1,CORRECT
bm25,stackoverflow,112,268.9134521484375,40.21669006347656,143.89071655273438,0,1,INCORRECT
bm25,sustainable_living,6,81.1956787109375,16.589065551757812,38.80360412597656,0,1,INCORRECT
bm25,stackoverflow,113,180.59043884277344,17.282089233398438,63.04170227050781,0,0,CORRECT
bm25,stackoverflow,114,121.81938934326172,14.291954040527344,38.75471496582031,0,1,CORRECT
bm25,sustainable_living,3,68.05184936523438,14.315677642822266,25.718414306640625,0,1,CORRECT
bm25,sustainable_living,4,69.19518280029297,18.112075805664062,27.821533203125,0,0,INCORRECT
bm25,stackoverflow,115,127.90230560302734,7.6912841796875,26.871971130371094,0,0,INCORRECT
bm25,sustainable_living,8,84.86717224121094,5.888435363769531,25.47732162475586,0,0,CORRECT
bm25,sustainable_living,5,105.56297302246094,35.242820739746094,51.11302185058594,0,1,INCORRECT
bm25,stackoverflow,116,154.9887237548828,51.53169250488281,65.7139892578125,0,0,CORRECT
bm25,sustainable_living,10,101.13151550292969,32.20625305175781,51.86866760253906,0,0,INCORRECT
bm25,sustainable_living,1,76.6977310180664,10.475730895996094,22.693599700927734,0,1,CORRECT
bm25,sustainable_living,2,124.66899108886719,29.382522583007812,62.55438232421875,1,1,CORRECT
bm25,sustainable_living,0,70.64384460449219,10.94039535522461,25.847286224365234,1,1,CORRECT
bm25,sustainable_living,12,69.47840881347656,20.76251220703125,39.8866081237793,0,0,CORRECT
bm25,sustainable_living,14,75.84915924072266,5.0209808349609375,17.197917938232422,0,0,INCORRECT
bm25,sustainable_living,9,76.4566879272461,4.283729553222656,20.340572357177734,0,1,CORRECT
bm25,sustainable_living,7,72.81827545166016,10.204143524169922,18.12090301513672,0,0,CORRECT
bm25,sustainable_living,11,65.4253158569336,3.8316116333007812,10.178756713867188,0,0,CORRECT
bm25,sustainable_living,24,64.34410858154297,4.268169403076172,15.177715301513672,0,0,INCORRECT
bm25,sustainable_living,17,61.89117431640625,18.222427368164062,28.312477111816406,0,0,INCORRECT
bm25,sustainable_living,15,81.29974365234375,22.0067138671875,38.92274856567383,0,1,CORRECT
bm25,sustainable_living,13,61.028282165527344,6.6159515380859375,16.281959533691406,0,0,CORRECT
bm25,sustainable_living,22,53.4932746887207,10.045364379882812,18.600967407226562,0,0,INCORRECT
bm25,sustainable_living,16,72.11222076416016,26.908287048339844,37.71613311767578,0,1,CORRECT
bm25,sustainable_living,28,60.975547790527344,11.272571563720703,21.34185791015625,0,0,INCORRECT
bm25,sustainable_living,21,44.64764404296875,8.416873931884766,14.06983757019043,0,0,INCORRECT
bm25,sustainable_living,26,87.34479522705078,13.871315002441406,33.184688568115234,1,1,CORRECT
bm25,sustainable_living,18,76.22689819335938,16.295913696289062,29.115074157714844,0,0,INCORRECT
bm25,sustainable_living,20,56.866817474365234,3.547100067138672,16.928001403808594,1,1,CORRECT
bm25,sustainable_living,19,81.3776626586914,10.387138366699219,18.558059692382812,0,0,CORRECT
bm25,sustainable_living,27,52.107181549072266,2.568622589111328,10.802009582519531,1,1,CORRECT
bm25,sustainable_living,37,42.67688751220703,3.1284942626953125,11.937442779541016,0,0,INCORRECT
bm25,sustainable_living,25,64.75934600830078,8.5316162109375,15.703372955322266,0,0,INCORRECT
bm25,sustainable_living,34,36.007843017578125,5.36358642578125,10.491117477416992,0,0,INCORRECT
bm25,sustainable_living,29,40.429046630859375,5.92401123046875,11.653121948242188,0,1,INCORRECT
bm25,sustainable_living,36,66.95620727539062,11.93520736694336,24.185867309570312,0,1,INCORRECT
bm25,sustainable_living,33,69.0986557006836,18.076587677001953,29.240798950195312,0,0,CORRECT
bm25,sustainable_living,23,79.77666473388672,12.520591735839844,31.545780181884766,1,1,CORRECT
bm25,sustainable_living,41,65.97869110107422,4.740001678466797,28.648883819580078,0,1,INCORRECT
bm25,sustainable_living,32,69.07084655761719,26.87063217163086,31.06639862060547,1,1,CORRECT
bm25,sustainable_living,30,104.98397827148438,24.465065002441406,50.001705169677734,1,1,CORRECT
bm25,sustainable_living,31,96.27474212646484,14.059562683105469,48.04642868041992,0,1,CORRECT
bm25,sustainable_living,35,99.93045043945312,18.605514526367188,43.80461502075195,0,1,INCORRECT
bm25,sustainable_living,47,60.60877990722656,5.589946746826172,15.823844909667969,0,0,INCORRECT
bm25,sustainable_living,48,74.55207061767578,18.950939178466797,29.14775848388672,1,1,INCORRECT
bm25,sustainable_living,38,69.69341278076172,6.8066253662109375,26.546398162841797,0,1,CORRECT
bm25,sustainable_living,39,108.40597534179688,23.857254028320312,51.69840621948242,0,1,CORRECT
bm25,sustainable_living,44,71.29340362548828,10.02218246459961,25.41617202758789,0,1,CORRECT
bm25,sustainable_living,46,70.0084228515625,6.6361541748046875,16.913352966308594,0,0,CORRECT
bm25,sustainable_living,40,86.47103118896484,10.919815063476562,29.397659301757812,0,1,INCORRECT
bm25,sustainable_living,42,78.63447570800781,11.256095886230469,22.31865692138672,0,0,CORRECT
bm25,sustainable_living,50,63.867958068847656,18.73999786376953,29.790504455566406,0,1,INCORRECT
bm25,sustainable_living,43,64.21537780761719,26.86591339111328,35.29365158081055,0,1,CORRECT
bm25,sustainable_living,52,57.16645431518555,7.919891357421875,19.220348358154297,0,0,CORRECT
bm25,sustainable_living,51,107.37318420410156,24.122528076171875,64.18952178955078,1,1,CORRECT
bm25,sustainable_living,45,104.8861312866211,10.853309631347656,32.07111358642578,1,1,CORRECT
bm25,sustainable_living,54,128.26370239257812,14.308029174804688,73.48676300048828,0,1,INCORRECT
bm25,sustainable_living,60,58.66607666015625,9.19390869140625,22.212867736816406,0,0,INCORRECT
bm25,sustainable_living,49,94.83250427246094,18.738365173339844,39.9422607421875,0,1,INCORRECT
bm25,sustainable_living,53,50.451416015625,4.387123107910156,11.848407745361328,0,0,INCORRECT
bm25,sustainable_living,68,38.94729995727539,4.222541809082031,4.341941833496094,0,0,INCORRECT
bm25,sustainable_living,64,66.81280517578125,6.076251983642578,18.33368682861328,0,0,CORRECT
bm25,sustainable_living,55,64.19831848144531,21.974990844726562,31.635635375976562,1,1,CORRECT
bm25,sustainable_living,56,169.4420623779297,54.69214630126953,87.77998352050781,0,0,CORRECT
bm25,sustainable_living,67,93.00242614746094,15.226936340332031,36.22480773925781,0,0,CORRECT
bm25,sustainable_living,59,80.1489486694336,19.798755645751953,33.54370880126953,0,0,INCORRECT
bm25,sustainable_living,57,110.65546417236328,11.496627807617188,38.140525817871094,0,1,CORRECT
bm25,sustainable_living,58,81.92720031738281,21.692413330078125,36.841461181640625,1,1,CORRECT
bm25,sustainable_living,63,80.47504425048828,23.711227416992188,35.90894317626953,0,0,CORRECT
bm25,sustainable_living,73,71.21424865722656,13.808296203613281,25.351638793945312,0,0,INCORRECT
bm25,sustainable_living,61,83.87177276611328,26.238174438476562,41.62438201904297,0,0,INCORRECT
bm25,sustainable_living,62,67.04680633544922,6.978904724121094,21.334224700927734,0,0,CORRECT
bm25,sustainable_living,65,59.42990493774414,9.943035125732422,19.585731506347656,1,1,INCORRECT
bm25,sustainable_living,66,58.93861389160156,7.003936767578125,13.611572265625,0,0,CORRECT
bm25,sustainable_living,74,99.76009368896484,34.02654266357422,47.55654525756836,0,0,INCORRECT
bm25,sustainable_living,72,84.54402160644531,14.982742309570312,37.51087951660156,0,1,CORRECT
bm25,sustainable_living,69,72.77014923095703,20.617919921875,29.24333953857422,0,1,CORRECT
bm25,sustainable_living,77,56.867366790771484,2.1571044921875,7.974281311035156,0,0,INCORRECT
bm25,sustainable_living,70,83.80734252929688,20.466617584228516,32.08627700805664,1,1,CORRECT
bm25,sustainable_living,75,85.18620300292969,13.121879577636719,30.12854766845703,0,0,INCORRECT
bm25,sustainable_living,80,51.35475158691406,6.2838592529296875,14.83736801147461,0,0,INCORRECT
bm25,sustainable_living,71,46.83041000366211,8.825042724609375,15.698945999145508,0,0,INCORRECT
bm25,sustainable_living,81,69.22147369384766,11.134014129638672,26.955665588378906,0,0,INCORRECT
bm25,sustainable_living,79,83.28705596923828,16.776878356933594,34.39478302001953,0,1,INCORRECT
bm25,sustainable_living,76,37.610206604003906,7.4745025634765625,11.55152702331543,1,1,INCORRECT
bm25,sustainable_living,78,92.85030364990234,15.457633972167969,31.102333068847656,1,1,CORRECT
bm25,sustainable_living,83,69.84656524658203,7.928985595703125,19.606895446777344,1,1,CORRECT
bm25,sustainable_living,82,85.82954406738281,26.762771606445312,43.320823669433594,1,1,CORRECT
bm25,sustainable_living,91,49.37824630737305,2.312061309814453,15.41036605834961,0,0,CORRECT
bm25,sustainable_living,84,70.87744903564453,12.800506591796875,32.11048126220703,1,1,CORRECT
bm25,sustainable_living,86,85.29335021972656,14.257919311523438,29.546756744384766,0,1,INCORRECT
bm25,sustainable_living,85,65.79033660888672,11.572998046875,20.223201751708984,0,1,CORRECT
bm25,sustainable_living,89,91.57994079589844,4.763236999511719,23.466514587402344,0,1,INCORRECT
bm25,sustainable_living,88,47.653018951416016,6.848457336425781,15.680154800415039,1,1,CORRECT
bm25,sustainable_living,90,82.00676727294922,24.014259338378906,33.61030197143555,0,1,INCORRECT
bm25,sustainable_living,87,78.58657836914062,14.8961181640625,36.12711715698242,0,0,CORRECT
bm25,sustainable_living,95,55.23185348510742,12.05148696899414,19.75067138671875,1,1,CORRECT
bm25,sustainable_living,92,37.902008056640625,1.8707695007324219,7.164623260498047,0,0,INCORRECT
bm25,sustainable_living,96,100.23722839355469,14.656036376953125,47.68505859375,1,1,INCORRECT
bm25,sustainable_living,93,69.2588119506836,15.635753631591797,27.301368713378906,0,0,INCORRECT
bm25,sustainable_living,94,64.52349853515625,11.041496276855469,22.919376373291016,0,0,CORRECT
bm25,sustainable_living,107,87.52108764648438,21.95318603515625,40.420318603515625,0,1,INCORRECT
bm25,sustainable_living,97,71.94062042236328,18.121421813964844,23.948841094970703,0,0,INCORRECT
bm25,sustainable_living,98,70.20466613769531,2.068084716796875,20.471527099609375,0,1,INCORRECT
bm25,sustainable_living,99,74.1397705078125,19.830520629882812,33.56430435180664,0,0,INCORRECT
bm25,sustainable_living,100,101.38858795166016,30.660118103027344,43.18234634399414,0,0,CORRECT
bm25,sustainable_living,106,53.48958969116211,3.2592124938964844,8.239604949951172,0,0,INCORRECT
bm25,sustainable_living,101,81.05664825439453,13.300994873046875,30.24722671508789,1,1,CORRECT
bm25,sustainable_living,104,45.065093994140625,3.4296875,8.57846450805664,0,0,INCORRECT
bm25,sustainable_living,102,72.91236877441406,7.8923797607421875,18.56780242919922,0,0,INCORRECT
bm25,sustainable_living,103,78.21927642822266,5.494377136230469,26.275287628173828,1,1,CORRECT
bm25,theoremqa_questions,TheoremQA_jianyu_xu/pigeonhole_3.json,53.3927001953125,0.845489501953125,7.679656982421875,0,0,CORRECT
bm25,sustainable_living,105,62.444149017333984,5.3704376220703125,14.902938842773438,1,1,CORRECT
bm25,theoremqa_questions,TheoremQA_elainewan/math_calculus_5_2.json,79.31159210205078,1.2717208862304688,10.274604797363281,0,0,INCORRECT
bm25,theoremqa_questions,TheoremQA_maxku/cv-imageprocessing6-histogram.json,79.2734375,1.667572021484375,23.813499450683594,0,0,INCORRECT
bm25,theoremqa_questions,TheoremQA_jianyu_xu/pigeonhole_2.json,76.63430786132812,10.043159484863281,18.845413208007812,0,0,INCORRECT
bm25,theoremqa_questions,TheoremQA_elainewan/math_algebra_1.json,82.46199035644531,3.4950180053710938,13.648231506347656,0,0,INCORRECT
bm25,theoremqa_questions,TheoremQA_wenhuchen/optics2.json,77.55894470214844,5.4573974609375,18.870243072509766,0,0,CORRECT
bm25,theoremqa_questions,TheoremQA_xinyi/rotation.json,107.30431365966797,19.230857849121094,38.5421142578125,0,0,INCORRECT
bm25,theoremqa_questions,TheoremQA_wenhuchen/eigen_value1.json,77.31212615966797,9.163261413574219,20.524982452392578,0,0,CORRECT
bm25,theoremqa_questions,TheoremQA_wenhuchen/definite_matrix1.json,67.29670715332031,3.1601486206054688,30.181968688964844,0,0,CORRECT
bm25,theoremqa_questions,TheoremQA_elainewan/math_algebra_1_2.json,81.68104553222656,10.97540283203125,24.54083251953125,0,0,CORRECT
bm25,theoremqa_questions,TheoremQA_xueguangma/future_value_2.json,65.02831268310547,0.34584808349609375,9.436500549316406,0,0,INCORRECT
bm25,theoremqa_questions,TheoremQA_wenhuchen/L'Hôpital_rule1.json,88.68173217773438,22.43994140625,43.895633697509766,0,0,INCORRECT
bm25,theoremqa_questions,TheoremQA_wenhuchen/optics7.json,64.69776153564453,9.272560119628906,19.7396240234375,0,0,INCORRECT
bm25,theoremqa_questions,TheoremQA_elainewan/math_algebra_4.json,70.55548095703125,3.8806686401367188,10.507423400878906,0,0,CORRECT
bm25,theoremqa_questions,TheoremQA_elainewan/math_calculus_2_11.json,60.101322174072266,17.019542694091797,19.726032257080078,0,0,INCORRECT
bm25,theoremqa_questions,TheoremQA_wenhuchen/gauss_lemma.json,53.890995025634766,4.374111175537109,13.047557830810547,0,0,INCORRECT
bm25,theoremqa_questions,TheoremQA_elainewan/math_calculus_2_5.json,98.98551940917969,7.7498626708984375,25.989151000976562,0,0,CORRECT
bm25,theoremqa_questions,TheoremQA_xueguangma/dividend_discount_model_2.json,73.92225646972656,14.383331298828125,22.48052978515625,0,0,CORRECT
bm25,theoremqa_questions,TheoremQA_panlu/similarity2.json,80.3768310546875,3.7028961181640625,27.312885284423828,0,0,CORRECT
bm25,theoremqa_questions,TheoremQA_mingyin/stopping-time1.json,88.85063171386719,0.14801788330078125,41.190582275390625,0,1,INCORRECT
bm25,theoremqa_questions,TheoremQA_maxku/cv-colorsci2-hsi.json,184.46888732910156,126.32767486572266,129.51332473754883,1,1,CORRECT
bm25,theoremqa_questions,TheoremQA_tonyxia/euler-graph3.json,59.646461486816406,6.003131866455078,12.799701690673828,0,1,CORRECT
bm25,theoremqa_questions,TheoremQA_xinyi/maximum_entropy_2.json,105.3360595703125,18.035232543945312,29.70189666748047,0,1,CORRECT
bm25,theoremqa_questions,TheoremQA_maxku/signalprocessing11-nyquist.json,110.18782806396484,15.394515991210938,40.11000061035156,1,1,CORRECT
bm25,theoremqa_questions,TheoremQA_xueguangma/forward_price_2.json,115.7008285522461,37.2767333984375,52.23048400878906,0,0,INCORRECT
bm25,theoremqa_questions,TheoremQA_jianyu_xu/Stirling_number_first_kind_5.json,80.68329620361328,1.1257705688476562,19.00109100341797,0,0,INCORRECT
bm25,theoremqa_questions,TheoremQA_jianyu_xu/combination_1.json,69.18820190429688,11.112934112548828,18.808460235595703,0,0,INCORRECT
bm25,theoremqa_questions,TheoremQA_maxku/ipnetwork13-hammingdist.json,89.1261215209961,11.984207153320312,19.35968017578125,0,0,CORRECT
bm25,theoremqa_questions,TheoremQA_xinyi/linear_projection.json,69.86152648925781,7.857295989990234,17.203197479248047,1,1,CORRECT
bm25,theoremqa_questions,TheoremQA_tonyxia/semiconductor1.json,104.68476867675781,17.376785278320312,26.61473846435547,0,0,CORRECT
bm25,theoremqa_questions,TheoremQA_maxku/signalprocessing15-DB.json,187.53884887695312,109.37860107421875,141.4151611328125,1,1,INCORRECT
bm25,theoremqa_questions,TheoremQA_mingyin/Lebesgue-measure1.json,82.0937271118164,13.895347595214844,25.303348541259766,0,1,INCORRECT
bm25,theoremqa_questions,TheoremQA_mingyin/series2.json,59.67113494873047,9.115840911865234,12.077919006347656,0,0,INCORRECT
bm25,theoremqa_questions,TheoremQA_wenhuchen/Liouville’s_theorem1.json,69.63386535644531,1.61199951171875,8.79583740234375,0,0,CORRECT
bm25,theoremqa_questions,TheoremQA_wenhuchen/ODE2.json,99.90617370605469,13.957748413085938,28.146820068359375,0,0,INCORRECT
bm25,theoremqa_questions,TheoremQA_maxku/signalprocessing5-nyquist.json,117.15193939208984,38.22578430175781,62.027687072753906,1,1,CORRECT
bm25,theoremqa_questions,TheoremQA_elainewan/math_abstact_algebra_7_8.json,48.331817626953125,4.649898529052734,7.598316192626953,0,0,CORRECT
bm25,theoremqa_questions,TheoremQA_panlu/rigid-body3.json,82.37692260742188,9.905296325683594,31.181312561035156,0,1,INCORRECT
bm25,theoremqa_questions,TheoremQA_elainewan/math_algebra_5.json,76.84994506835938,3.6596145629882812,24.966007232666016,0,0,CORRECT
bm25,theoremqa_questions,TheoremQA_xinyi/cramer_rao_lower_bound_2.json,135.08694458007812,52.537193298339844,69.59681701660156,1,1,INCORRECT
bm25,theoremqa_questions,TheoremQA_xueguangma/taylors_approximation_theorem.json,81.22833251953125,6.6123504638671875,18.56549835205078,0,0,INCORRECT
bm25,theoremqa_questions,TheoremQA_xueguangma/spot_rate.json,131.95079040527344,48.96503448486328,64.91451263427734,0,0,INCORRECT
bm25,theoremqa_questions,TheoremQA_xueguangma/binomial_model_2.json,88.80386352539062,11.095115661621094,18.47808074951172,0,1,INCORRECT
bm25,theoremqa_questions,TheoremQA_panlu/molar_heat_capacity2.json,98.05894470214844,14.8414306640625,32.0833740234375,0,0,INCORRECT
bm25,theoremqa_questions,TheoremQA_mingyin/cauchy-integral-theorem1.json,75.16694641113281,7.454132080078125,20.54941177368164,0,0,INCORRECT
bm25,theoremqa_questions,TheoremQA_elainewan/math_abstact_algebra_7_5.json,71.57171630859375,10.050983428955078,24.56438446044922,0,0,INCORRECT
bm25,theoremqa_questions,TheoremQA_wenhuchen/determinant2.json,83.3055648803711,8.262161254882812,25.215003967285156,0,0,CORRECT
bm25,theoremqa_questions,TheoremQA_tonyxia/wave2.json,106.52779388427734,24.329673767089844,51.66859817504883,0,0,INCORRECT
bm25,theoremqa_questions,TheoremQA_jianyu_xu/Ramsey_4.json,95.32997131347656,11.845191955566406,23.55939483642578,0,0,INCORRECT
bm25,theoremqa_questions,TheoremQA_wenhuchen/determinant1.json,112.19737243652344,3.3070297241210938,47.25111389160156,0,0,CORRECT
bm25,theoremqa_questions,TheoremQA_wenhuchen/trapezoidal_rule2.json,97.124267578125,16.686599731445312,29.694976806640625,0,0,CORRECT
bm25,theoremqa_questions,TheoremQA_maxku/signalprocessing6-Ztransform.json,82.95052337646484,18.965133666992188,30.2735595703125,0,0,CORRECT
bm25,theoremqa_questions,TheoremQA_xinyi/huffman_code_1.json,87.6678466796875,12.985519409179688,26.45928955078125,0,1,INCORRECT
bm25,theoremqa_questions,TheoremQA_wenhuchen/ODE3.json,74.04541015625,11.091621398925781,21.982032775878906,0,0,INCORRECT
bm25,theoremqa_questions,TheoremQA_maxku/ipnetwork4-mac.json,79.56538391113281,5.317314147949219,9.797172546386719,0,0,INCORRECT
bm25,theoremqa_questions,TheoremQA_xueguangma/dividend_discount_model_5.json,121.73133850097656,44.34998321533203,57.47198486328125,1,1,INCORRECT
bm25,theoremqa_questions,TheoremQA_maxku/graphtheory5-vertexcover.json,60.514888763427734,0.4835090637207031,9.091251373291016,0,0,CORRECT
bm25,theoremqa_questions,TheoremQA_maxku/ipnetwork5-mac.json,82.96746826171875,10.664764404296875,19.82520294189453,0,0,INCORRECT
bm25,theoremqa_questions,TheoremQA_wenhuchen/optics8.json,135.3195343017578,49.68053436279297,78.2466049194336,0,1,INCORRECT
bm25,theoremqa_questions,TheoremQA_wenhuchen/t_test1.json,76.60816955566406,7.3412017822265625,21.711471557617188,0,0,INCORRECT
bm25,theoremqa_questions,TheoremQA_tonyxia/semiconductor5.json,147.3650360107422,61.45271301269531,85.57843780517578,0,0,INCORRECT
bm25,theoremqa_questions,TheoremQA_maxku/ipnetwork14-hammingdist.json,92.41281127929688,13.559844970703125,21.29621124267578,0,0,INCORRECT
bm25,theoremqa_questions,TheoremQA_jianyu_xu/Ramsey_2.json,94.8544921875,14.562728881835938,21.740821838378906,0,0,INCORRECT
bm25,theoremqa_questions,TheoremQA_xinyi/dag_2.json,64.38589477539062,13.687332153320312,17.690719604492188,0,0,CORRECT
bm25,theoremqa_questions,TheoremQA_panlu/molar_heat_capacity1.json,101.50027465820312,26.42578125,39.70250701904297,0,0,INCORRECT
bm25,theoremqa_questions,TheoremQA_wenhuchen/viterbi2.json,230.2751007080078,112.33714294433594,147.0972442626953,1,1,CORRECT
bm25,theoremqa_questions,TheoremQA_elainewan/math_algebra_3_2.json,57.375518798828125,3.1519546508789062,14.449993133544922,0,0,CORRECT
bm25,theoremqa_questions,TheoremQA_xinyi/channel_capacity_1.json,90.55293273925781,27.380233764648438,36.74105453491211,0,0,CORRECT
bm25,theoremqa_questions,TheoremQA_maxku/graphtheory7-shortestpath.json,83.99320983886719,3.5490875244140625,39.06205749511719,0,0,CORRECT
bm25,theoremqa_questions,TheoremQA_elainewan/econ_micro_7.json,104.25099182128906,35.058555603027344,44.339622497558594,0,0,CORRECT
bm25,theoremqa_questions,TheoremQA_elainewan/math_calculus_12.json,129.7804412841797,19.299888610839844,37.41419219970703,0,0,CORRECT
bm25,theoremqa_questions,TheoremQA_wenhuchen/gauss_lemma2.json,59.40313720703125,14.412803649902344,22.27926254272461,0,0,CORRECT
bm25,theoremqa_questions,TheoremQA_tonyxia/particle6.json,283.67584228515625,193.5431671142578,218.95855712890625,1,1,INCORRECT
bm25,theoremqa_questions,TheoremQA_tonyxia/semiconductor3.json,209.9994659423828,141.00960540771484,153.96733856201172,1,1,CORRECT
bm25,theoremqa_questions,TheoremQA_tonyxia/statisticalphysics2.json,93.49563598632812,14.973106384277344,30.60239028930664,0,0,INCORRECT
bm25,theoremqa_questions,TheoremQA_panlu/trapezoid1.json,68.65161895751953,9.2073974609375,21.612098693847656,0,0,CORRECT
bm25,theoremqa_questions,TheoremQA_panlu/angular_frequency3.json,86.81745910644531,9.42657470703125,21.837326049804688,0,0,CORRECT
bm25,theoremqa_questions,TheoremQA_wenhuchen/t_test2.json,107.17976379394531,14.266586303710938,46.71958923339844,0,0,INCORRECT
bm25,theoremqa_questions,TheoremQA_jianyu_xu/Stirling_number_second_kind_3.json,57.517333984375,5.338584899902344,16.068252563476562,0,0,CORRECT
bm25,theoremqa_questions,TheoremQA_wenhuchen/Rolle's_theorem.json,113.7637939453125,41.96234893798828,59.92577362060547,0,0,CORRECT
bm25,theoremqa_questions,TheoremQA_maxku/cv-cnn4.json,203.62698364257812,56.50834655761719,106.2386703491211,1,1,CORRECT
bm25,theoremqa_questions,TheoremQA_maxku/graphtheory3-vertexcover.json,103.85894775390625,37.25542449951172,49.44950866699219,0,0,CORRECT
bm25,theoremqa_questions,TheoremQA_jianyu_xu/Stirling_number_second_kind_6.json,57.48928451538086,5.340442657470703,7.500400543212891,0,0,CORRECT
bm25,theoremqa_questions,TheoremQA_elainewan/econ_micro_14_3.json,93.47511291503906,12.855064392089844,24.1636962890625,0,0,INCORRECT
bm25,theoremqa_questions,TheoremQA_wenhuchen/euler's_method1.json,84.56378173828125,12.039588928222656,40.28496170043945,0,0,INCORRECT
bm25,theoremqa_questions,TheoremQA_maxku/graphtheory10-shortestpath.json,86.51470947265625,5.433692932128906,39.17335891723633,0,0,INCORRECT
bm25,theoremqa_questions,TheoremQA_wenhuchen/euler's_method2.json,62.97536087036133,3.01995849609375,12.62253189086914,0,0,INCORRECT
bm25,theoremqa_questions,TheoremQA_jianyu_xu/Catalan_2.json,97.00015258789062,18.40509033203125,36.53364181518555,0,0,CORRECT
bm25,theoremqa_questions,TheoremQA_wenhuchen/cauchy_integral1.json,99.79226684570312,14.146934509277344,37.58475875854492,0,0,INCORRECT
bm25,theoremqa_questions,TheoremQA_wenhuchen/double_integral2.json,70.31550598144531,0.9039459228515625,16.1644287109375,0,0,INCORRECT
bm25,theoremqa_questions,TheoremQA_xueguangma/forward_price_1.json,88.901611328125,12.036888122558594,22.635360717773438,0,0,CORRECT
bm25,theoremqa_questions,TheoremQA_maxku/ipnetwork21-ip-2.json,145.8505401611328,65.90870666503906,83.53329849243164,0,0,INCORRECT
bm25,theoremqa_questions,TheoremQA_maxku/signalprocessing13-Ztransform.json,91.0661849975586,26.096893310546875,37.16907501220703,1,1,CORRECT
bm25,theoremqa_questions,TheoremQA_maxku/signalprocessing19-period.json,132.32229614257812,47.704620361328125,73.6131362915039,0,0,CORRECT
bm25,theoremqa_questions,TheoremQA_jianyu_xu/Multinomial_2.json,59.52290344238281,2.2800331115722656,8.770553588867188,0,0,INCORRECT
bm25,theoremqa_questions,TheoremQA_panlu/gravitational_force1.json,93.12828826904297,16.556968688964844,33.17250061035156,1,1,CORRECT
bm25,theoremqa_questions,TheoremQA_wenhuchen/kepler's_law1.json,113.81181335449219,47.17878723144531,56.871219635009766,1,1,CORRECT
bm25,theoremqa_questions,TheoremQA_jianyu_xu/pigeonhole_4.json,53.86444854736328,0.17724609375,7.101509094238281,0,0,CORRECT
bm25,theoremqa_questions,TheoremQA_maxku/cv-imageprocessing9-digital-image.json,268.7077941894531,182.3624038696289,208.56704711914062,1,1,CORRECT
bm25,theoremqa_questions,TheoremQA_maxku/signalprocessing9-signalrep.json,127.02740478515625,61.28578186035156,74.26346969604492,0,0,CORRECT
bm25,theoremqa_questions,TheoremQA_tonyxia/euler-graph2.json,62.1693229675293,5.9149322509765625,14.855327606201172,0,0,CORRECT
bm25,theoremqa_questions,TheoremQA_jianyu_xu/Stirling_number_second_kind_5.json,56.549922943115234,4.905513763427734,6.773166656494141,0,0,INCORRECT
bm25,theoremqa_questions,TheoremQA_xinyi/dag_3.json,58.249534606933594,0.0,10.526016235351562,0,0,INCORRECT
bm25,theoremqa_questions,TheoremQA_elainewan/math_calculus_5.json,73.0060806274414,1.7513961791992188,12.075149536132812,0,0,CORRECT
bm25,theoremqa_questions,TheoremQA_jianyu_xu/Graph_2.json,56.915523529052734,2.937671661376953,11.651287078857422,0,0,CORRECT
bm25,theoremqa_questions,TheoremQA_jianyu_xu/Stirling_number_first_kind_6.json,119.19014739990234,24.249534606933594,31.98139190673828,0,0,CORRECT
bm25,theoremqa_questions,TheoremQA_xueguangma/present_value_1.json,86.11125946044922,2.8047332763671875,30.064556121826172,0,0,INCORRECT
bm25,theoremqa_questions,TheoremQA_maxku/graphtheory4-vertexcover.json,65.39128875732422,11.235862731933594,19.249980926513672,0,0,CORRECT
bm25,theoremqa_questions,TheoremQA_xueguangma/dividend_discount_model_4.json,82.56605529785156,21.431415557861328,26.818038940429688,1,1,CORRECT
bm25,theoremqa_questions,TheoremQA_jianyu_xu/Multinomial_1.json,62.741111755371094,1.2425384521484375,13.498054504394531,0,0,CORRECT
bm25,theoremqa_questions,TheoremQA_wenhuchen/infinite_series_sum3.json,78.27720642089844,13.397537231445312,27.220226287841797,0,0,CORRECT
bm25,theoremqa_questions,TheoremQA_jianyu_xu/Cayley_3.json,60.70124816894531,4.477386474609375,14.201358795166016,0,0,CORRECT
bm25,theoremqa_questions,TheoremQA_wenhuchen/trapezoidal_rule3.json,76.61418151855469,13.899192810058594,25.793930053710938,0,0,INCORRECT
bm25,theoremqa_questions,TheoremQA_maxku/cv-colorsci3-rgb.json,125.14718627929688,0.34583282470703125,49.641517639160156,0,1,CORRECT
bm25,theoremqa_questions,TheoremQA_elainewan/math_calculus_3_8.json,100.44984436035156,33.09214782714844,40.8018913269043,0,0,INCORRECT
bm25,theoremqa_questions,TheoremQA_panlu/similarity3.json,64.49894714355469,10.347640991210938,16.012760162353516,0,0,CORRECT
bm25,theoremqa_questions,TheoremQA_jianyu_xu/Binomial_5.json,61.58576202392578,1.4070396423339844,16.578998565673828,0,0,CORRECT
bm25,theoremqa_questions,TheoremQA_maxku/cv-colorsci1-rgb.json,93.73777770996094,16.58348846435547,30.037208557128906,0,0,CORRECT
bm25,theoremqa_questions,TheoremQA_elainewan/econ_micro_7_2.json,79.64060974121094,22.779937744140625,33.356170654296875,0,0,CORRECT
bm25,theoremqa_questions,TheoremQA_xueguangma/effective_rates_1.json,82.30663299560547,0.09683990478515625,17.52916717529297,0,0,INCORRECT
bm25,theoremqa_questions,TheoremQA_maxku/fourier6-FT.json,52.243751525878906,11.41085433959961,14.506385803222656,0,0,CORRECT
bm25,theoremqa_questions,TheoremQA_jianyu_xu/Multinomial_4.json,58.99577331542969,8.709007263183594,13.4481201171875,0,0,CORRECT
bm25,theoremqa_questions,TheoremQA_wenhuchen/L'Hôpital_rule2.json,68.29620361328125,17.326683044433594,25.27410888671875,0,0,INCORRECT
bm25,theoremqa_questions,TheoremQA_maxku/cv-cnn1.json,125.32481384277344,33.34950256347656,62.05633544921875,0,0,CORRECT
bm25,theoremqa_questions,TheoremQA_maxku/signalprocessing7-phaseshift.json,83.5400161743164,7.985542297363281,32.91825485229492,0,0,CORRECT
bm25,theoremqa_questions,TheoremQA_wenhuchen/t_test3.json,72.9233627319336,8.444847106933594,19.36037826538086,0,0,INCORRECT
bm25,theoremqa_questions,TheoremQA_xinyi/sum_product_algorithm.json,72.35436248779297,13.844684600830078,21.589519500732422,0,0,CORRECT
bm25,theoremqa_questions,TheoremQA_xinyi/kernel_1.json,66.36659240722656,11.499053955078125,18.248519897460938,0,0,CORRECT
bm25,theoremqa_questions,TheoremQA_jianyu_xu/Binomial_4.json,67.60185241699219,12.940452575683594,22.408771514892578,0,0,CORRECT
bm25,theoremqa_questions,TheoremQA_xinyi/neural_networks.json,102.55278015136719,53.462623596191406,62.610286712646484,1,1,CORRECT
bm25,theoremqa_questions,TheoremQA_wenhuchen/viterbi1.json,107.71846771240234,14.39398193359375,29.78789520263672,1,1,CORRECT
bm25,theoremqa_questions,TheoremQA_jianyu_xu/pigeonhole_1.json,79.40645599365234,15.716156005859375,31.028213500976562,0,0,CORRECT
bm25,theoremqa_questions,TheoremQA_wenhuchen/kepler's_law3.json,103.55525207519531,28.597312927246094,37.17333984375,1,1,CORRECT
bm25,theoremqa_questions,TheoremQA_jianyu_xu/Ramsey_3.json,48.46807098388672,0.647064208984375,3.461700439453125,0,0,CORRECT
bm25,theoremqa_questions,TheoremQA_elainewan/math_calculus_2_6.json,66.3062744140625,8.05588150024414,15.638389587402344,0,0,CORRECT
bm25,theoremqa_questions,TheoremQA_xueguangma/future_value_1.json,80.30484771728516,3.1648712158203125,16.1707763671875,0,0,CORRECT
bm25,theoremqa_questions,TheoremQA_wenhuchen/Poisson_process2.json,59.07250213623047,9.954437255859375,15.70330810546875,0,0,CORRECT
bm25,theoremqa_questions,TheoremQA_wenhuchen/jensen2.json,70.78508758544922,0.609527587890625,10.2042236328125,0,0,CORRECT
bm25,theoremqa_questions,TheoremQA_jianyu_xu/Catalan_1.json,86.28238677978516,0.0,16.65532684326172,0,0,INCORRECT
bm25,theoremqa_questions,TheoremQA_elainewan/econ_micro_11.json,103.89280700683594,19.890159606933594,33.339447021484375,0,0,CORRECT
bm25,theoremqa_questions,TheoremQA_wenhuchen/newton2.json,78.67195129394531,26.213356018066406,35.19644546508789,0,0,INCORRECT
bm25,theoremqa_questions,TheoremQA_xueguangma/binomial_model_1.json,99.07263946533203,21.80718994140625,34.23566436767578,1,1,CORRECT
bm25,theoremqa_questions,TheoremQA_jianyu_xu/Binomial_3.json,124.0268783569336,45.471885681152344,66.86393356323242,0,0,CORRECT
bm25,theoremqa_questions,TheoremQA_elainewan/econ_micro_18.json,78.97593688964844,6.877876281738281,25.712249755859375,1,1,CORRECT
bm25,theoremqa_questions,TheoremQA_tonyxia/semiconductor2.json,88.40907287597656,15.00146484375,31.582794189453125,0,1,INCORRECT
bm25,theoremqa_questions,TheoremQA_jianyu_xu/Multinomial_3.json,62.72383499145508,10.21963119506836,18.676677703857422,0,0,CORRECT
bm25,theoremqa_questions,TheoremQA_elainewan/math_abstact_algebra_7.json,91.09688568115234,5.093559265136719,18.540077209472656,0,0,CORRECT
bm25,theoremqa_questions,TheoremQA_xinyi/rate_distortion_function_2.json,116.89669799804688,31.46880340576172,51.12627410888672,0,1,CORRECT
bm25,theoremqa_questions,TheoremQA_xueguangma/present_value_2.json,75.03058624267578,10.579765319824219,19.26546859741211,0,0,INCORRECT
bm25,theoremqa_questions,TheoremQA_maxku/graphtheory11-shortestpath-hard.json,80.80288696289062,15.638984680175781,24.864364624023438,0,0,INCORRECT
bm25,theoremqa_questions,TheoremQA_wenhuchen/p_value2.json,134.43170166015625,19.97107696533203,28.340858459472656,0,1,INCORRECT
bm25,theoremqa_questions,TheoremQA_xueguangma/dividend_discount_model_1.json,75.8667221069336,7.5673370361328125,13.903850555419922,1,1,CORRECT
bm25,theoremqa_questions,TheoremQA_wenhuchen/jensen1.json,80.30513000488281,3.1048431396484375,32.103824615478516,0,0,CORRECT
bm25,theoremqa_questions,TheoremQA_maxku/signalprocessing2-DB.json,100.29173278808594,10.638748168945312,45.797359466552734,0,0,CORRECT
bm25,theoremqa_questions,TheoremQA_maxku/signalprocessing14-Ztransform.json,95.93804931640625,11.3197021484375,37.873313903808594,1,1,CORRECT
bm25,theoremqa_questions,TheoremQA_elainewan/math_calculus_11.json,106.46791076660156,55.91572189331055,60.51020812988281,0,0,INCORRECT
bm25,theoremqa_questions,TheoremQA_maxku/cv-imageprocessing8-fourier2.json,171.86563110351562,109.03953552246094,123.4350814819336,1,1,INCORRECT
bm25,theoremqa_questions,TheoremQA_panlu/gravitational_force2.json,88.95378112792969,11.401618957519531,26.927814483642578,0,0,CORRECT
bm25,theoremqa_questions,TheoremQA_wenhuchen/Liouville’s_theorem2.json,125.25719451904297,30.877357482910156,56.75825500488281,0,0,CORRECT
bm25,theoremqa_questions,TheoremQA_mingyin/Fundamental-Theorem-of-Calculus3.json,50.78931427001953,10.02935791015625,15.99050521850586,0,0,INCORRECT
bm25,theoremqa_questions,TheoremQA_mingyin/convexity1.json,73.36490631103516,8.535194396972656,18.964019775390625,0,0,CORRECT
bm25,theoremqa_questions,TheoremQA_tonyxia/maxplanar3.json,88.45441436767578,15.664161682128906,31.909427642822266,0,0,CORRECT
bm25,theoremqa_questions,TheoremQA_wenhuchen/series_convergen3.json,60.14167022705078,6.026741027832031,13.27694320678711,0,0,CORRECT
bm25,theoremqa_questions,TheoremQA_jianyu_xu/Binomial_1.json,152.71469116210938,79.4315414428711,96.90079498291016,0,0,INCORRECT
bm25,theoremqa_questions,TheoremQA_xueguangma/forward_rate_1.json,78.5199966430664,1.1217041015625,19.892780303955078,0,0,INCORRECT
bm25,theoremqa_questions,TheoremQA_jianyu_xu/Binomial_6.json,72.2755126953125,9.02383041381836,27.988365173339844,0,0,INCORRECT
bm25,theoremqa_questions,TheoremQA_elainewan/math_algebra_4_3.json,66.9419937133789,4.830791473388672,9.884037017822266,0,0,CORRECT
bm25,theoremqa_questions,TheoremQA_xueguangma/forward_price_3.json,77.70396423339844,7.8806610107421875,20.911483764648438,0,0,INCORRECT
bm25,theoremqa_questions,TheoremQA_xueguangma/intermediate_value_theorem.json,136.6212615966797,43.59728240966797,80.10857009887695,0,0,INCORRECT
bm25,theoremqa_questions,TheoremQA_maxku/fourier1-FS.json,132.98452758789062,16.66352081298828,35.07013702392578,1,1,CORRECT
bm25,theoremqa_questions,TheoremQA_mingyin/Limit-of-sequence2.json,83.26535034179688,10.666412353515625,30.736541748046875,0,0,INCORRECT
bm25,theoremqa_questions,TheoremQA_elainewan/math_abstact_algebra_7_3.json,41.17934799194336,4.614105224609375,9.367523193359375,0,0,CORRECT
bm25,theoremqa_questions,TheoremQA_elainewan/math_algebra_7_2.json,60.91142654418945,14.105121612548828,20.30206298828125,0,0,INCORRECT
bm25,theoremqa_questions,TheoremQA_maxku/cv-imageprocessing2-morphology.json,104.22547912597656,57.1026611328125,72.01106262207031,1,1,INCORRECT
bm25,theoremqa_questions,TheoremQA_tonyxia/maxplanar1.json,94.02959442138672,27.056396484375,45.826568603515625,0,0,CORRECT
bm25,theoremqa_questions,TheoremQA_jianyu_xu/Multinomial_6.json,83.78672790527344,1.8369293212890625,22.10750961303711,0,0,CORRECT
bm25,theoremqa_questions,TheoremQA_elainewan/math_calculus_2_7.json,87.13920593261719,17.783485412597656,35.909400939941406,0,0,CORRECT
bm25,theoremqa_questions,TheoremQA_wenhuchen/optics3.json,83.67335510253906,25.906024932861328,40.14745330810547,1,1,CORRECT
bm25,theoremqa_questions,TheoremQA_mingyin/Limit-of-sequence3.json,66.51220703125,4.099189758300781,16.495773315429688,0,0,INCORRECT
bm25,theoremqa_questions,TheoremQA_maxku/graphtheory6-shortestpath.json,90.83195495605469,10.515861511230469,46.20244598388672,0,0,CORRECT
bm25,theoremqa_questions,TheoremQA_xinyi/channel_capacity_3.json,105.02323913574219,23.253944396972656,44.444122314453125,0,0,INCORRECT
bm25,theoremqa_questions,TheoremQA_wenhuchen/Poisson_process3.json,57.26243209838867,9.85525131225586,17.454368591308594,0,0,CORRECT
bm25,theoremqa_questions,TheoremQA_panlu/wave_length1.json,128.85609436035156,0.1952972412109375,68.3156623840332,0,0,CORRECT
bm25,theoremqa_questions,TheoremQA_xinyi/dag_1.json,76.05995178222656,8.496543884277344,21.00005340576172,0,0,CORRECT
bm25,theoremqa_questions,TheoremQA_xueguangma/geometric_brownian_motion.json,151.61740112304688,47.63207244873047,66.46866607666016,0,0,INCORRECT
bm25,theoremqa_questions,TheoremQA_xinyi/rate_distortion_function_1.json,84.62871551513672,14.803733825683594,30.85137939453125,0,0,CORRECT
bm25,theoremqa_questions,TheoremQA_maxku/graphtheory2-vertexcover.json,103.55558013916016,43.91667175292969,57.32884979248047,0,0,CORRECT
bm25,theoremqa_questions,TheoremQA_xinyi/distortion_rate_function_2.json,93.4669189453125,46.6295166015625,57.49811935424805,1,1,INCORRECT
bm25,theoremqa_questions,TheoremQA_jianyu_xu/Ramsey_5.json,95.74268341064453,8.760711669921875,16.223793029785156,0,0,INCORRECT
bm25,theoremqa_questions,TheoremQA_tonyxia/particle4.json,280.9710388183594,194.05060577392578,218.39335250854492,1,1,CORRECT
bm25,theoremqa_questions,TheoremQA_jianyu_xu/Binomial_2.json,70.20323944091797,4.39117431640625,15.86825180053711,0,0,CORRECT
bm25,theoremqa_questions,TheoremQA_jianyu_xu/Ramsey_6.json,67.51549530029297,9.329086303710938,14.621711730957031,0,0,INCORRECT
bm25,theoremqa_questions,TheoremQA_wenhuchen/series_convergen2.json,70.73782348632812,13.93387222290039,21.049545288085938,0,0,INCORRECT
bm25,theoremqa_questions,TheoremQA_xinyi/huffman_code_3.json,83.43055725097656,11.74603271484375,14.015876770019531,0,0,CORRECT
bm25,theoremqa_theorems,TheoremQA_jianyu_xu/pigeonhole_2.json,49.41814041137695,7.4329681396484375,15.970100402832031,0,0,CORRECT
bm25,theoremqa_theorems,TheoremQA_elainewan/math_algebra_1.json,102.91249084472656,38.996185302734375,55.38226318359375,0,0,CORRECT
bm25,theoremqa_theorems,TheoremQA_wenhuchen/eigen_value1.json,50.48115921020508,3.3131027221679688,9.73990249633789,0,0,INCORRECT
bm25,theoremqa_theorems,TheoremQA_wenhuchen/definite_matrix1.json,39.48561096191406,6.462451934814453,11.153278350830078,0,0,CORRECT
bm25,theoremqa_theorems,TheoremQA_elainewan/math_algebra_1_2.json,62.933135986328125,14.56399917602539,24.123981475830078,0,0,INCORRECT
bm25,theoremqa_theorems,TheoremQA_elainewan/math_algebra_4.json,83.70193481445312,10.739486694335938,42.14875411987305,0,0,CORRECT
bm25,theoremqa_theorems,TheoremQA_jianyu_xu/pigeonhole_3.json,53.377960205078125,10.842281341552734,22.352397918701172,0,0,CORRECT
bm25,theoremqa_theorems,TheoremQA_panlu/similarity2.json,74.99394226074219,31.219749450683594,40.467742919921875,0,0,INCORRECT
bm25,theoremqa_theorems,TheoremQA_elainewan/math_calculus_2_11.json,39.81476593017578,3.9048233032226562,9.793384552001953,0,0,CORRECT
bm25,theoremqa_theorems,TheoremQA_wenhuchen/L'Hôpital_rule1.json,58.93716049194336,11.319320678710938,29.02326774597168,0,0,CORRECT
bm25,theoremqa_theorems,TheoremQA_xinyi/maximum_entropy_2.json,77.4335708618164,24.31622314453125,35.37327575683594,0,1,CORRECT
bm25,theoremqa_theorems,TheoremQA_jianyu_xu/Stirling_number_first_kind_5.json,71.67833709716797,26.384231567382812,36.307254791259766,0,0,INCORRECT
bm25,theoremqa_theorems,TheoremQA_maxku/signalprocessing11-nyquist.json,66.07588195800781,15.407222747802734,29.279937744140625,1,1,CORRECT
bm25,theoremqa_theorems,TheoremQA_maxku/ipnetwork13-hammingdist.json,71.83495330810547,23.239356994628906,40.22194862365723,0,0,CORRECT
bm25,theoremqa_theorems,TheoremQA_xinyi/linear_projection.json,55.876487731933594,8.761489868164062,24.162363052368164,1,1,INCORRECT
bm25,theoremqa_theorems,TheoremQA_mingyin/Lebesgue-measure1.json,101.20551300048828,44.00782775878906,54.731204986572266,0,0,CORRECT
bm25,theoremqa_theorems,TheoremQA_mingyin/series2.json,45.03812789916992,13.948036193847656,19.270597457885742,0,0,CORRECT
bm25,theoremqa_theorems,TheoremQA_wenhuchen/Liouville’s_theorem1.json,93.15597534179688,32.14427185058594,44.74974822998047,0,0,CORRECT
bm25,theoremqa_theorems,TheoremQA_wenhuchen/ODE2.json,99.76549530029297,32.7564697265625,48.32157897949219,0,0,CORRECT
bm25,theoremqa_theorems,TheoremQA_wenhuchen/t_test1.json,61.45273971557617,22.076465606689453,32.9795036315918,0,0,INCORRECT
bm25,theoremqa_theorems,TheoremQA_xueguangma/taylors_approximation_theorem.json,83.93661499023438,6.1273193359375,40.80944061279297,0,0,CORRECT
bm25,theoremqa_theorems,TheoremQA_panlu/rigid-body3.json,70.66301727294922,19.4073486328125,33.598358154296875,0,0,CORRECT
bm25,theoremqa_theorems,TheoremQA_mingyin/cauchy-integral-theorem1.json,50.020809173583984,10.895561218261719,15.430839538574219,0,0,INCORRECT
bm25,theoremqa_theorems,TheoremQA_elainewan/math_algebra_5.json,53.065345764160156,8.669197082519531,18.52517318725586,1,1,CORRECT
bm25,theoremqa_theorems,TheoremQA_xinyi/dag_2.json,85.97273254394531,24.011016845703125,44.88371276855469,0,1,CORRECT
bm25,theoremqa_theorems,TheoremQA_jianyu_xu/Ramsey_4.json,75.07069396972656,15.117073059082031,32.724159240722656,0,1,CORRECT
bm25,theoremqa_theorems,TheoremQA_wenhuchen/ODE3.json,95.12638854980469,21.198318481445312,44.90507125854492,0,0,INCORRECT
bm25,theoremqa_theorems,TheoremQA_jianyu_xu/Ramsey_2.json,114.23121643066406,66.88745880126953,84.74024391174316,0,0,CORRECT
bm25,theoremqa_theorems,TheoremQA_elainewan/math_algebra_3_2.json,67.80628967285156,6.728240966796875,21.664390563964844,0,0,CORRECT
bm25,theoremqa_theorems,TheoremQA_elainewan/math_calculus_12.json,74.61686706542969,8.967063903808594,33.763038635253906,0,0,INCORRECT
bm25,theoremqa_theorems,TheoremQA_elainewan/econ_micro_7.json,88.8821792602539,45.44501495361328,57.05503463745117,1,1,CORRECT
bm25,theoremqa_theorems,TheoremQA_wenhuchen/viterbi2.json,74.36101531982422,16.61162567138672,31.917160034179688,0,0,INCORRECT
bm25,theoremqa_theorems,TheoremQA_wenhuchen/t_test2.json,116.36834716796875,32.65220642089844,64.5312614440918,0,0,INCORRECT
bm25,theoremqa_theorems,TheoremQA_jianyu_xu/Stirling_number_second_kind_3.json,105.99205780029297,49.58534240722656,73.21311950683594,0,0,CORRECT
bm25,theoremqa_theorems,TheoremQA_wenhuchen/Rolle's_theorem.json,56.38298034667969,8.404525756835938,18.684795379638672,0,0,CORRECT
bm25,theoremqa_theorems,TheoremQA_jianyu_xu/Stirling_number_second_kind_5.json,56.954246520996094,14.642501831054688,24.245994567871094,0,0,INCORRECT
bm25,theoremqa_theorems,TheoremQA_xinyi/dag_3.json,79.33123779296875,17.09636688232422,39.267822265625,0,0,INCORRECT
bm25,theoremqa_theorems,TheoremQA_jianyu_xu/Catalan_2.json,76.81925964355469,21.892032623291016,35.481082916259766,0,0,CORRECT
bm25,theoremqa_theorems,TheoremQA_wenhuchen/cauchy_integral1.json,63.851417541503906,8.937480926513672,18.358665466308594,0,0,CORRECT
bm25,theoremqa_theorems,TheoremQA_jianyu_xu/Graph_2.json,58.543609619140625,7.852226257324219,22.220794677734375,0,0,CORRECT
bm25,theoremqa_theorems,TheoremQA_wenhuchen/kepler's_law1.json,100.83906555175781,33.449920654296875,53.62169647216797,0,1,INCORRECT
bm25,theoremqa_theorems,TheoremQA_jianyu_xu/Multinomial_2.json,66.09304809570312,15.913936614990234,35.300838470458984,0,0,INCORRECT
bm25,theoremqa_theorems,TheoremQA_jianyu_xu/pigeonhole_4.json,91.35433959960938,11.633583068847656,46.47587203979492,0,0,CORRECT
bm25,theoremqa_theorems,TheoremQA_jianyu_xu/Multinomial_1.json,73.42106628417969,22.668895721435547,37.03385925292969,0,0,CORRECT
bm25,theoremqa_theorems,TheoremQA_jianyu_xu/Cayley_3.json,68.00166320800781,18.31255340576172,30.230022430419922,0,0,CORRECT
bm25,theoremqa_theorems,TheoremQA_wenhuchen/trapezoidal_rule3.json,69.18680572509766,15.228073120117188,27.37889862060547,0,1,INCORRECT
bm25,theoremqa_theorems,TheoremQA_elainewan/math_calculus_3_8.json,105.59165954589844,16.80034637451172,53.84808349609375,0,0,INCORRECT
bm25,theoremqa_theorems,TheoremQA_jianyu_xu/Binomial_5.json,66.13328552246094,15.072860717773438,32.98253631591797,0,0,CORRECT
bm25,theoremqa_theorems,TheoremQA_panlu/similarity3.json,83.3974609375,26.86200714111328,38.79219055175781,0,0,CORRECT
bm25,theoremqa_theorems,TheoremQA_jianyu_xu/Multinomial_4.json,78.20096588134766,27.14148712158203,43.49363327026367,0,0,CORRECT
bm25,theoremqa_theorems,TheoremQA_jianyu_xu/Ramsey_3.json,54.75654602050781,9.684463500976562,24.743303298950195,0,0,CORRECT
bm25,theoremqa_theorems,TheoremQA_wenhuchen/t_test3.json,57.15678787231445,13.702972412109375,22.878467559814453,0,0,INCORRECT
bm25,theoremqa_theorems,TheoremQA_jianyu_xu/pigeonhole_1.json,66.22584533691406,6.199790954589844,27.257904052734375,0,0,CORRECT
bm25,theoremqa_theorems,TheoremQA_wenhuchen/kepler's_law3.json,111.22801971435547,42.07549285888672,69.10859680175781,1,1,CORRECT
bm25,theoremqa_theorems,TheoremQA_jianyu_xu/Multinomial_3.json,94.76170349121094,48.854766845703125,60.786766052246094,0,0,INCORRECT
bm25,theoremqa_theorems,TheoremQA_jianyu_xu/Binomial_4.json,52.1752815246582,4.075519561767578,19.82852554321289,0,0,CORRECT
bm25,theoremqa_theorems,TheoremQA_jianyu_xu/Catalan_1.json,76.3124771118164,22.572200775146484,37.23445129394531,0,0,CORRECT
bm25,theoremqa_theorems,TheoremQA_jianyu_xu/Binomial_3.json,56.9129638671875,10.942100524902344,21.65581512451172,0,0,INCORRECT
bm25,theoremqa_theorems,TheoremQA_wenhuchen/jensen1.json,61.86116409301758,17.827373504638672,28.897937774658203,0,0,INCORRECT
bm25,theoremqa_theorems,TheoremQA_panlu/gravitational_force2.json,92.07579040527344,27.128509521484375,53.271087646484375,0,0,CORRECT
bm25,theoremqa_theorems,TheoremQA_mingyin/convexity1.json,67.64501953125,12.517768859863281,26.15265655517578,0,0,CORRECT
bm25,theoremqa_theorems,TheoremQA_wenhuchen/Liouville’s_theorem2.json,76.30113983154297,21.936725616455078,32.805206298828125,0,0,CORRECT
bm25,theoremqa_theorems,TheoremQA_mingyin/Fundamental-Theorem-of-Calculus3.json,44.731056213378906,8.420341491699219,19.369688034057617,0,0,INCORRECT
bm25,theoremqa_theorems,TheoremQA_tonyxia/maxplanar3.json,62.61091232299805,20.08761978149414,27.482357025146484,0,0,CORRECT
bm25,theoremqa_theorems,TheoremQA_jianyu_xu/Binomial_6.json,70.03611755371094,22.231597900390625,39.80941200256348,0,0,CORRECT
bm25,theoremqa_theorems,TheoremQA_elainewan/math_algebra_4_3.json,87.12779235839844,31.640945434570312,46.39575958251953,0,0,CORRECT
bm25,theoremqa_theorems,TheoremQA_elainewan/math_calculus_2_7.json,53.76513671875,22.34255027770996,29.101964950561523,0,0,CORRECT
bm25,theoremqa_theorems,TheoremQA_xueguangma/intermediate_value_theorem.json,68.37946319580078,9.353458404541016,26.25212860107422,0,0,CORRECT
bm25,theoremqa_theorems,TheoremQA_tonyxia/maxplanar1.json,79.03562927246094,22.80777359008789,36.05011749267578,0,0,CORRECT
bm25,theoremqa_theorems,TheoremQA_jianyu_xu/Multinomial_6.json,75.69189453125,30.85400390625,43.945791244506836,0,0,INCORRECT
bm25,theoremqa_theorems,TheoremQA_xinyi/dag_1.json,79.20613098144531,27.347095489501953,45.06542205810547,0,0,CORRECT
bm25,theoremqa_theorems,TheoremQA_elainewan/math_algebra_7_2.json,51.198585510253906,9.473403930664062,19.051483154296875,0,0,INCORRECT
bm25,theoremqa_theorems,TheoremQA_jianyu_xu/Ramsey_5.json,81.68922424316406,16.1385498046875,37.69670104980469,0,1,CORRECT
bm25,theoremqa_theorems,TheoremQA_jianyu_xu/Binomial_2.json,67.91934967041016,20.590805053710938,29.20294189453125,0,0,CORRECT
bm25,theoremqa_theorems,TheoremQA_wenhuchen/series_convergen2.json,65.1016845703125,5.215229034423828,16.591297149658203,0,0,INCORRECT
bm25,theoremqa_theorems,TheoremQA_jianyu_xu/Ramsey_6.json,67.67267608642578,12.880733489990234,29.42096710205078,1,1,CORRECT
