retriever,task,query_id,max_score,gap_ctx,gap_25,retrieval_success_5,retrieval_success_25,judgment
inst-xl,biology,2,0.7957573533058167,0.008575975894927979,0.03400778770446777,0,0,INCORRECT
inst-xl,biology,8,0.8080654740333557,0.04800456762313843,0.07758432626724243,1,1,CORRECT
inst-xl,biology,15,0.7693072557449341,0.02382117509841919,0.051627159118652344,0,0,INCORRECT
inst-xl,biology,1,0.7510367631912231,0.010239899158477783,0.03144490718841553,1,1,CORRECT
inst-xl,biology,0,0.7810559272766113,0.011670887470245361,0.04786384105682373,1,1,INCORRECT
inst-xl,biology,12,0.8526912927627563,0.0036058425903320312,0.058709144592285156,0,0,INCORRECT
inst-xl,biology,4,0.8532589673995972,0.05465090274810791,0.10872757434844971,1,1,CORRECT
inst-xl,biology,11,0.7511768937110901,0.0178031325340271,0.05683380365371704,1,1,CORRECT
inst-xl,biology,5,0.8169544339179993,0.041232168674468994,0.08409541845321655,1,1,CORRECT
inst-xl,biology,6,0.7560644149780273,0.029421329498291016,0.06549924612045288,0,1,INCORRECT
inst-xl,biology,7,0.8190555572509766,0.04982823133468628,0.13979780673980713,1,1,CORRECT
inst-xl,biology,9,0.8645660877227783,0.018643081188201904,0.05503600835800171,0,0,CORRECT
inst-xl,biology,3,0.8491649627685547,0.08334767818450928,0.10919874906539917,1,1,CORRECT
inst-xl,biology,10,0.8007606267929077,0.08849477767944336,0.11211168766021729,1,1,CORRECT
inst-xl,biology,14,0.8135890960693359,0.03710275888442993,0.07194185256958008,1,1,CORRECT
inst-xl,biology,13,0.8059689402580261,0.0196647047996521,0.0437355637550354,1,1,CORRECT
inst-xl,biology,22,0.7459200620651245,0.032288432121276855,0.06617516279220581,1,1,CORRECT
inst-xl,biology,18,0.7921562194824219,0.03684079647064209,0.059365153312683105,0,0,CORRECT
inst-xl,biology,16,0.828394889831543,0.04378151893615723,0.09867393970489502,0,0,CORRECT
inst-xl,biology,23,0.7553107738494873,0.012266337871551514,0.04272019863128662,0,0,CORRECT
inst-xl,biology,17,0.8009975552558899,0.018419384956359863,0.059103310108184814,1,1,CORRECT
inst-xl,biology,20,0.7902270555496216,0.03026449680328369,0.11138367652893066,1,1,CORRECT
inst-xl,biology,19,0.8513519763946533,0.027372539043426514,0.07006025314331055,1,1,CORRECT
inst-xl,biology,24,0.8292104005813599,0.05869555473327637,0.11508536338806152,1,1,CORRECT
inst-xl,biology,30,0.8067679405212402,0.05165398120880127,0.09087836742401123,1,1,CORRECT
inst-xl,biology,33,0.8025210499763489,0.009770572185516357,0.044296324253082275,0,1,CORRECT
inst-xl,biology,25,0.8059905171394348,0.02512645721435547,0.06873160600662231,1,1,CORRECT
inst-xl,biology,26,0.7892594337463379,0.026296138763427734,0.05278170108795166,0,1,INCORRECT
inst-xl,biology,31,0.8079326152801514,0.026378631591796875,0.06319361925125122,1,1,CORRECT
inst-xl,biology,37,0.7658309936523438,0.02173924446105957,0.051509201526641846,0,0,INCORRECT
inst-xl,biology,36,0.7718514204025269,0.006486713886260986,0.022433042526245117,0,0,CORRECT
inst-xl,biology,29,0.8521260023117065,0.019642770290374756,0.04282879829406738,0,1,CORRECT
inst-xl,biology,28,0.8565863370895386,0.06843709945678711,0.1108047366142273,1,1,CORRECT
inst-xl,biology,32,0.7774351239204407,0.026721835136413574,0.08095085620880127,0,0,CORRECT
inst-xl,biology,27,0.7542057037353516,0.03534197807312012,0.05995512008666992,1,1,CORRECT
inst-xl,biology,34,0.7730876207351685,0.019383907318115234,0.03542202711105347,0,0,INCORRECT
inst-xl,biology,21,0.8112268447875977,0.05024838447570801,0.08668649196624756,1,1,CORRECT
inst-xl,biology,43,0.7028318643569946,0.00606924295425415,0.027104854583740234,0,0,INCORRECT
inst-xl,biology,45,0.8300678730010986,0.028414249420166016,0.07201600074768066,0,0,INCORRECT
inst-xl,biology,39,0.8455691337585449,0.016466140747070312,0.029279649257659912,0,0,INCORRECT
inst-xl,biology,35,0.7870494723320007,0.026011288166046143,0.07534128427505493,1,1,CORRECT
inst-xl,biology,42,0.8308243155479431,0.0022948384284973145,0.027162790298461914,0,0,CORRECT
inst-xl,biology,46,0.8270797729492188,0.015720605850219727,0.05961853265762329,0,0,CORRECT
inst-xl,biology,47,0.8380840420722961,0.049759864807128906,0.12644994258880615,0,1,CORRECT
inst-xl,biology,38,0.8257331848144531,0.015079498291015625,0.043798089027404785,0,0,INCORRECT
inst-xl,biology,40,0.8232561349868774,0.011355459690093994,0.041804373264312744,0,0,INCORRECT
inst-xl,biology,44,0.796067476272583,0.007823705673217773,0.02583909034729004,0,0,INCORRECT
inst-xl,biology,41,0.8547855019569397,0.020242512226104736,0.045686542987823486,1,1,CORRECT
inst-xl,biology,54,0.7922506332397461,0.0277707576751709,0.08759939670562744,0,0,CORRECT
inst-xl,biology,49,0.8260215520858765,0.011157512664794922,0.028827548027038574,0,0,INCORRECT
inst-xl,biology,48,0.7823588848114014,0.034384846687316895,0.06114530563354492,0,1,INCORRECT
inst-xl,biology,50,0.8399004936218262,0.026189208030700684,0.0729634165763855,0,0,INCORRECT
inst-xl,biology,51,0.8355998396873474,0.019756674766540527,0.05354183912277222,0,0,CORRECT
inst-xl,biology,52,0.856198787689209,0.053684353828430176,0.08621293306350708,0,1,CORRECT
inst-xl,biology,57,0.8465521335601807,0.059945523738861084,0.09765982627868652,0,1,CORRECT
inst-xl,biology,53,0.7816221714019775,0.012060046195983887,0.02348792552947998,1,1,CORRECT
inst-xl,biology,55,0.8011105060577393,0.0212668776512146,0.05770564079284668,1,1,CORRECT
inst-xl,biology,67,0.753180980682373,0.025701165199279785,0.060172975063323975,0,0,INCORRECT
inst-xl,biology,64,0.7990626692771912,0.02593410015106201,0.07941991090774536,0,1,CORRECT
inst-xl,biology,56,0.781808078289032,0.01339954137802124,0.052472710609436035,0,0,CORRECT
inst-xl,biology,59,0.7760660648345947,0.01747429370880127,0.036423683166503906,0,0,CORRECT
inst-xl,biology,58,0.8326825499534607,0.023210883140563965,0.057884156703948975,1,1,CORRECT
inst-xl,biology,61,0.8140664100646973,0.04855334758758545,0.07882654666900635,1,1,CORRECT
inst-xl,biology,60,0.8761225938796997,0.09803426265716553,0.1456274390220642,0,0,CORRECT
inst-xl,biology,69,0.8276013135910034,0.030108392238616943,0.07802492380142212,0,1,CORRECT
inst-xl,biology,65,0.8009912967681885,0.026974797248840332,0.06346112489700317,1,1,CORRECT
inst-xl,biology,62,0.8707808256149292,0.042082786560058594,0.0697675347328186,1,1,CORRECT
inst-xl,biology,74,0.8125228881835938,0.047576189041137695,0.08610022068023682,0,1,INCORRECT
inst-xl,biology,68,0.8175342679023743,0.012950897216796875,0.03253287076950073,0,0,INCORRECT
inst-xl,biology,63,0.7819764018058777,0.03130584955215454,0.06167787313461304,0,0,INCORRECT
inst-xl,biology,66,0.7890569567680359,0.030894994735717773,0.06838560104370117,1,1,CORRECT
inst-xl,biology,76,0.7465636730194092,0.006713271141052246,0.038480162620544434,0,0,INCORRECT
inst-xl,biology,72,0.7883347272872925,0.01168978214263916,0.05896627902984619,0,1,INCORRECT
inst-xl,biology,82,0.7147538661956787,0.012395620346069336,0.049346327781677246,0,0,INCORRECT
inst-xl,biology,80,0.8193427324295044,0.03900790214538574,0.06852090358734131,1,1,CORRECT
inst-xl,biology,70,0.7802681922912598,0.0018607378005981445,0.03008425235748291,0,1,CORRECT
inst-xl,biology,71,0.8314913511276245,0.01499706506729126,0.04314160346984863,0,0,CORRECT
inst-xl,biology,73,0.8390058875083923,0.031422317028045654,0.06901991367340088,0,0,INCORRECT
inst-xl,biology,75,0.7946050763130188,0.05611264705657959,0.08753174543380737,1,1,CORRECT
inst-xl,biology,77,0.8026332855224609,0.018870949745178223,0.04221844673156738,0,0,CORRECT
inst-xl,biology,83,0.8539303541183472,0.05063521862030029,0.09869611263275146,0,0,INCORRECT
inst-xl,biology,81,0.7899128198623657,0.01911008358001709,0.03161364793777466,0,0,INCORRECT
inst-xl,biology,78,0.8419767618179321,0.016877293586730957,0.03903543949127197,1,1,CORRECT
inst-xl,biology,79,0.8339920043945312,0.04746103286743164,0.06156712770462036,0,0,CORRECT
inst-xl,biology,93,0.7557263374328613,0.006371617317199707,0.028445959091186523,0,0,INCORRECT
inst-xl,biology,94,0.7817022204399109,0.042877018451690674,0.05835306644439697,1,1,CORRECT
inst-xl,biology,84,0.910172164440155,0.09494394063949585,0.1348792314529419,1,1,INCORRECT
inst-xl,biology,85,0.7670823335647583,0.017390727996826172,0.05854690074920654,1,1,CORRECT
inst-xl,biology,87,0.7879886031150818,0.03480643033981323,0.06392747163772583,0,0,INCORRECT
inst-xl,biology,86,0.8624727725982666,0.022093534469604492,0.07568669319152832,0,1,INCORRECT
inst-xl,biology,88,0.8141902685165405,0.02069157361984253,0.05864369869232178,0,0,CORRECT
inst-xl,biology,90,0.8359802961349487,0.05724823474884033,0.10857641696929932,0,0,INCORRECT
inst-xl,biology,92,0.8081852793693542,0.016939222812652588,0.03449279069900513,1,1,CORRECT
inst-xl,biology,96,0.8378773927688599,0.018905043601989746,0.05823040008544922,0,1,CORRECT
inst-xl,biology,91,0.8214229345321655,0.047284603118896484,0.08594346046447754,0,0,CORRECT
inst-xl,biology,89,0.8151198625564575,0.026041746139526367,0.04360842704772949,1,1,INCORRECT
inst-xl,biology,95,0.8343818783760071,0.05566859245300293,0.0901690125465393,0,1,INCORRECT
inst-xl,biology,98,0.761594295501709,0.02629619836807251,0.05031383037567139,0,0,CORRECT
inst-xl,biology,101,0.8012397289276123,0.017468273639678955,0.0481342077255249,0,0,CORRECT
inst-xl,biology,97,0.812419056892395,0.032662272453308105,0.06491267681121826,1,1,CORRECT
inst-xl,biology,99,0.796434223651886,0.027804076671600342,0.06271272897720337,1,1,CORRECT
inst-xl,aops,aops_2019_AMC_12A_Problems/Problem_17,0.8824018836021423,0.018966734409332275,0.03656059503555298,0,1,INCORRECT
inst-xl,biology,100,0.7741442322731018,0.04709833860397339,0.0689881443977356,1,1,CORRECT
inst-xl,aops,math_test_intermediate_algebra_1179,0.8865184187889099,0.009109258651733398,0.04017430543899536,0,0,INCORRECT
inst-xl,biology,102,0.8255215883255005,0.0249176025390625,0.09312987327575684,0,0,INCORRECT
inst-xl,aops,aops_2015_AMC_10B_Problems/Problem_15,0.8009573817253113,0.0018190741539001465,0.028856337070465088,0,0,INCORRECT
inst-xl,aops,math_train_intermediate_algebra_513,0.8617827892303467,0.019601106643676758,0.04736626148223877,0,1,CORRECT
inst-xl,aops,math_train_number_theory_7095,0.8153533935546875,0.004994392395019531,0.04249131679534912,0,0,INCORRECT
inst-xl,aops,aops_2000_AIME_I_Problems/Problem_9,0.9145385026931763,0.03608053922653198,0.04496169090270996,0,0,INCORRECT
inst-xl,aops,math_train_number_theory_7012,0.868965208530426,0.006944000720977783,0.023505866527557373,0,0,INCORRECT
inst-xl,aops,aops_2008_AMC_12B_Problems/Problem_16,0.8085376024246216,0.005775392055511475,0.01728987693786621,0,0,INCORRECT
inst-xl,aops,math_train_number_theory_7030,0.9329659938812256,0.11262190341949463,0.14916062355041504,0,0,INCORRECT
inst-xl,aops,math_train_number_theory_839,0.8804861307144165,0.026043295860290527,0.04216766357421875,0,0,INCORRECT
inst-xl,aops,math_train_counting_and_probability_5024,0.8392729759216309,0.012411832809448242,0.031004667282104492,0,0,INCORRECT
inst-xl,aops,aops_2008_AMC_12A_Problems/Problem_15,0.8568209409713745,0.012097358703613281,0.04236197471618652,0,0,INCORRECT
inst-xl,aops,math_train_number_theory_7016,0.7996689081192017,0.008692383766174316,0.02395009994506836,0,1,INCORRECT
inst-xl,aops,aops_2024_AIME_I_Problems/Problem_13,0.8845791816711426,0.03304886817932129,0.046590209007263184,0,1,INCORRECT
inst-xl,aops,aops_2017_AMC_10B_Problems/Problem_14,0.8551014065742493,0.02067965269088745,0.03529489040374756,0,0,INCORRECT
inst-xl,aops,aops_2005_USAMO_Problems/Problem_2,0.8558593988418579,0.015437483787536621,0.03983926773071289,0,0,INCORRECT
inst-xl,aops,aops_2005_IMO_Problems/Problem_4,0.8288119435310364,0.016267716884613037,0.03989297151565552,0,0,INCORRECT
inst-xl,aops,aops_2021_AIME_I_Problems/Problem_14,0.892566978931427,0.024081289768218994,0.053982555866241455,0,0,INCORRECT
inst-xl,aops,aops_2004_AIME_I_Problems/Problem_10,0.8194867372512817,0.007195413112640381,0.03515148162841797,0,1,INCORRECT
inst-xl,aops,math_train_counting_and_probability_5035,0.8341411352157593,0.03240406513214111,0.05971252918243408,0,0,INCORRECT
inst-xl,aops,math_train_geometry_6173,0.8421257734298706,0.014428496360778809,0.032343387603759766,0,1,INCORRECT
inst-xl,aops,math_train_geometry_6018,0.8379690051078796,0.018116891384124756,0.04952484369277954,0,0,INCORRECT
inst-xl,aops,math_train_counting_and_probability_5011,0.8969854116439819,0.04493820667266846,0.0580601692199707,0,0,INCORRECT
inst-xl,aops,aops_2023_AIME_I_Problems/Problem_5,0.8689336776733398,0.018297791481018066,0.04363048076629639,0,0,INCORRECT
inst-xl,aops,math_test_counting_and_probability_1009,0.8339954614639282,0.011075735092163086,0.025183796882629395,1,1,CORRECT
inst-xl,aops,aops_2001_AMC_10_Problems/Problem_19,0.8822215795516968,0.038802385330200195,0.07898998260498047,0,1,CORRECT
inst-xl,aops,math_test_geometry_454,0.8695434331893921,0.011577427387237549,0.022603273391723633,0,0,INCORRECT
inst-xl,aops,math_train_counting_and_probability_5131,0.8453546166419983,0.00882411003112793,0.02137964963912964,0,0,CORRECT
inst-xl,aops,aops_2019_AMC_8_Problems/Problem_25,0.846211850643158,0.011254489421844482,0.024161159992218018,0,0,CORRECT
inst-xl,aops,aops_2020_AMC_10B_Problems/Problem_25,0.869220495223999,0.005987644195556641,0.019035935401916504,0,0,INCORRECT
inst-xl,aops,aops_2018_AMC_10A_Problems/Problem_11,0.893819272518158,0.01740032434463501,0.04043281078338623,0,0,CORRECT
inst-xl,aops,aops_2007_AIME_I_Problems/Problem_10,0.824040949344635,0.011267900466918945,0.02869361639022827,0,0,INCORRECT
inst-xl,aops,aops_2020_AMC_10A_Problems/Problem_24,0.8566054701805115,0.007506668567657471,0.020492732524871826,0,1,INCORRECT
inst-xl,aops,aops_2018_AMC_8_Problems/Problem_23,0.8833476305007935,0.014414072036743164,0.033248960971832275,0,0,INCORRECT
inst-xl,aops,math_train_number_theory_7003,0.8761671185493469,0.018363654613494873,0.03667527437210083,0,0,INCORRECT
inst-xl,aops,aops_1959_IMO_Problems/Problem_1,0.7860013842582703,0.023192107677459717,0.03453803062438965,0,1,INCORRECT
inst-xl,aops,aops_2007_iTest_Problems/Problem_6,0.8869404196739197,0.05857664346694946,0.06931090354919434,0,0,INCORRECT
inst-xl,aops,math_train_number_theory_7066,0.8402963876724243,0.008159875869750977,0.035153985023498535,0,0,INCORRECT
inst-xl,aops,aops_2021_AIME_I_Problems/Problem_10,0.865921139717102,0.013943314552307129,0.029151439666748047,0,0,INCORRECT
inst-xl,aops,aops_2020_AMC_8_Problems/Problem_12,0.8773194551467896,0.040550827980041504,0.05504870414733887,0,1,CORRECT
inst-xl,aops,math_test_counting_and_probability_838,0.8383496999740601,0.013409793376922607,0.03022468090057373,0,1,INCORRECT
inst-xl,aops,aops_2021_AIME_II_Problems/Problem_9,0.8616931438446045,0.033068299293518066,0.04606282711029053,0,0,INCORRECT
inst-xl,aops,aops_2000_AMC_12_Problems/Problem_4,0.8691110610961914,0.02388179302215576,0.036258816719055176,0,0,INCORRECT
inst-xl,aops,aops_1987_IMO_Problems/Problem_1,0.818666934967041,0.01707017421722412,0.036132872104644775,0,0,INCORRECT
inst-xl,aops,aops_2011_AMC_8_Problems/Problem_6,0.8342058658599854,0.004863619804382324,0.06138002872467041,0,0,CORRECT
inst-xl,aops,math_train_intermediate_algebra_659,0.8306006789207458,0.004261314868927002,0.026442110538482666,0,0,INCORRECT
inst-xl,aops,aops_1981_IMO_Problems/Problem_3,0.9093213081359863,0.024957895278930664,0.046231985092163086,0,0,CORRECT
inst-xl,aops,math_train_intermediate_algebra_477,0.9029783010482788,0.05188232660293579,0.06535112857818604,0,0,CORRECT
inst-xl,aops,aops_2017_AMC_10B_Problems/Problem_13,0.8536181449890137,0.0117034912109375,0.03596329689025879,0,0,INCORRECT
inst-xl,aops,aops_2005_AMC_12A_Problems/Problem_18,0.8815858960151672,0.03060019016265869,0.04708153009414673,0,0,INCORRECT
inst-xl,aops,math_train_counting_and_probability_5047,0.8339766263961792,0.014115691184997559,0.03135383129119873,0,0,INCORRECT
inst-xl,aops,aops_1990_AIME_Problems/Problem_9,0.8716157674789429,0.00947415828704834,0.025931477546691895,0,0,INCORRECT
inst-xl,aops,math_test_prealgebra_1987,0.873875617980957,0.0160636305809021,0.043477535247802734,1,1,INCORRECT
inst-xl,aops,math_train_counting_and_probability_5048,0.8686691522598267,0.020314693450927734,0.03417658805847168,0,0,INCORRECT
inst-xl,aops,math_train_counting_and_probability_5045,0.8658283948898315,0.010643243789672852,0.04614388942718506,0,0,CORRECT
inst-xl,aops,math_test_counting_and_probability_1003,0.9074623584747314,0.03165173530578613,0.042218804359436035,0,0,INCORRECT
inst-xl,aops,math_test_counting_and_probability_430,0.8697400093078613,0.0006847381591796875,0.010315656661987305,0,0,INCORRECT
inst-xl,aops,aops_2007_AIME_II_Problems/Problem_10,0.8358767032623291,0.005705296993255615,0.022208094596862793,0,0,INCORRECT
inst-xl,aops,aops_2020_AIME_II_Problems/Problem_9,0.8603781461715698,0.008984565734863281,0.02577805519104004,0,0,INCORRECT
inst-xl,aops,aops_2017_AIME_II_Problems/Problem_1,0.8652160167694092,0.016130685806274414,0.061424851417541504,0,0,INCORRECT
inst-xl,aops,aops_2016_AMC_10A_Problems/Problem_19,0.8855217695236206,0.015203714370727539,0.03938007354736328,0,1,INCORRECT
inst-xl,aops,aops_1985_AIME_Problems/Problem_6,0.854864239692688,0.016069233417510986,0.043945908546447754,0,0,INCORRECT
inst-xl,aops,aops_1971_AHSME_Problems/Problem_26,0.9019272327423096,0.004377543926239014,0.019689321517944336,1,1,INCORRECT
inst-xl,aops,math_train_geometry_6022,0.8759235143661499,0.021535754203796387,0.0329974889755249,0,0,INCORRECT
inst-xl,aops,math_train_geometry_317,0.8992999196052551,0.010554969310760498,0.02406919002532959,0,0,INCORRECT
inst-xl,aops,math_train_geometry_6060,0.8701609373092651,0.00983881950378418,0.0262221097946167,0,1,INCORRECT
inst-xl,aops,math_train_geometry_6116,0.9257762432098389,0.006333291530609131,0.01990652084350586,0,0,INCORRECT
inst-xl,aops,aops_1988_AIME_Problems/Problem_12,0.8411023616790771,0.016382694244384766,0.027921020984649658,0,0,INCORRECT
inst-xl,aops,math_train_algebra_2521,0.853187620639801,0.013911604881286621,0.035463154315948486,0,0,CORRECT
inst-xl,aops,math_train_intermediate_algebra_1822,0.8368858098983765,0.008253931999206543,0.014040946960449219,0,0,INCORRECT
inst-xl,aops,math_train_geometry_6115,0.8626821041107178,0.01651930809020996,0.034519314765930176,0,1,INCORRECT
inst-xl,aops,math_test_intermediate_algebra_951,0.8403598666191101,0.023151934146881104,0.03618365526199341,0,1,INCORRECT
inst-xl,aops,math_train_number_theory_7078,0.8141201734542847,0.00776749849319458,0.019563734531402588,0,0,INCORRECT
inst-xl,aops,math_train_intermediate_algebra_2060,0.8394586443901062,0.0018864274024963379,0.0239221453666687,0,0,INCORRECT
inst-xl,aops,aops_2009_AMC_12A_Problems/Problem_17,0.9048559665679932,0.04274451732635498,0.0728272795677185,1,1,INCORRECT
inst-xl,aops,math_test_algebra_1208,0.8494595885276794,0.014037072658538818,0.04025101661682129,1,1,INCORRECT
inst-xl,aops,aops_2008_AMC_12A_Problems/Problem_16,0.8526538014411926,0.012001335620880127,0.02560824155807495,0,0,INCORRECT
inst-xl,aops,aops_2021_AMC_12B_Problems/Problem_9,0.8551710247993469,0.02022486925125122,0.04831719398498535,1,1,INCORRECT
inst-xl,aops,math_train_intermediate_algebra_1268,0.8794013261795044,0.049051761627197266,0.06993478536605835,1,1,CORRECT
inst-xl,aops,aops_2002_AIME_I_Problems/Problem_6,0.8503284454345703,0.03530097007751465,0.04795044660568237,0,0,INCORRECT
inst-xl,aops,math_test_intermediate_algebra_1812,0.81581711769104,0.02171921730041504,0.0373687744140625,0,0,INCORRECT
inst-xl,aops,math_train_counting_and_probability_822,0.892307460308075,0.07524889707565308,0.10256797075271606,0,1,INCORRECT
inst-xl,aops,math_train_counting_and_probability_5111,0.809847354888916,0.028139352798461914,0.04107856750488281,0,0,INCORRECT
inst-xl,aops,aops_2021_Fall_AMC_12A_Problems/Problem_12,0.8609588146209717,0.024236083030700684,0.06517958641052246,0,0,INCORRECT
inst-xl,aops,aops_2022_AMC_10B_Problems/Problem_9,0.8777023553848267,0.017585337162017822,0.030333399772644043,0,0,INCORRECT
inst-xl,aops,math_train_algebra_2826,0.8674389123916626,0.022884488105773926,0.0346066951751709,0,0,CORRECT
inst-xl,aops,aops_2015_AMC_12A_Problems/Problem_22,0.8691065311431885,0.035832226276397705,0.05345630645751953,0,0,INCORRECT
inst-xl,aops,aops_1994_AIME_Problems/Problem_9,0.8768106698989868,0.0030683279037475586,0.04811966419219971,0,0,INCORRECT
inst-xl,aops,math_train_geometry_747,0.9193204641342163,0.03193855285644531,0.07220852375030518,0,0,INCORRECT
inst-xl,aops,math_train_counting_and_probability_5064,0.8427630662918091,0.02418673038482666,0.03323262929916382,0,0,INCORRECT
inst-xl,aops,aops_2019_AMC_10A_Problems/Problem_12,0.8454210758209229,0.047412991523742676,0.059135377407073975,1,1,INCORRECT
inst-xl,aops,aops_2016_AMC_10A_Problems/Problem_7,0.8667367100715637,0.0312996506690979,0.05715984106063843,0,0,CORRECT
inst-xl,aops,aops_2016_AIME_II_Problems/Problem_10,0.8871749639511108,0.025802969932556152,0.05776339769363403,1,1,INCORRECT
inst-xl,aops,aops_2000_AMC_12_Problems/Problem_14,0.834020733833313,0.01426851749420166,0.030138492584228516,0,0,INCORRECT
inst-xl,aops,aops_2016_AIME_I_Problems/Problem_15,0.8899613618850708,0.023704588413238525,0.04519641399383545,1,1,INCORRECT
inst-xl,aops,aops_2023_AIME_II_Problems/Problem_9,0.8818955421447754,0.036570966243743896,0.0619167685508728,1,1,INCORRECT
inst-xl,aops,aops_2024_AIME_I_Problems/Problem_10,0.9104111194610596,0.04401063919067383,0.07863163948059082,1,1,INCORRECT
inst-xl,aops,aops_1971_Canadian_MO_Problems/Problem_1,0.8420526385307312,0.003893554210662842,0.0273401141166687,0,0,INCORRECT
inst-xl,aops,aops_2020_AIME_I_Problems/Problem_15,0.8830101490020752,0.02408653497695923,0.05226731300354004,1,1,INCORRECT
inst-xl,aops,aops_2022_AIME_I_Problems/Problem_11,0.9073275327682495,0.012877464294433594,0.03583550453186035,1,1,INCORRECT
inst-xl,aops,aops_2013_AMC_12A_Problems/Problem_13,0.8563770055770874,0.018794536590576172,0.03223210573196411,0,0,INCORRECT
inst-xl,aops,aops_2002_AIME_I_Problems/Problem_10,0.8618640303611755,0.020379483699798584,0.03268975019454956,0,1,INCORRECT
inst-xl,earth_science,3,0.8568192720413208,0.030527472496032715,0.08777385950088501,1,1,CORRECT
inst-xl,aops,aops_1998_AIME_Problems/Problem_2,0.8548842668533325,0.02261197566986084,0.04923743009567261,0,0,INCORRECT
inst-xl,aops,math_train_geometry_6092,0.8174790143966675,0.012032270431518555,0.024158120155334473,1,1,INCORRECT
inst-xl,aops,math_train_geometry_6112,0.8626461029052734,0.041753530502319336,0.05529266595840454,0,1,INCORRECT
inst-xl,aops,aops_2015_AIME_I_Problems/Problem_4,0.8988653421401978,0.025319576263427734,0.04573261737823486,0,0,INCORRECT
inst-xl,aops,math_train_geometry_6105,0.7855259776115417,0.008320629596710205,0.027400970458984375,0,0,INCORRECT
inst-xl,aops,aops_2019_AIME_I_Problems/Problem_3,0.8765100836753845,0.022165417671203613,0.04050391912460327,1,1,INCORRECT
inst-xl,earth_science,1,0.8300039768218994,0.03057122230529785,0.07031893730163574,0,1,CORRECT
inst-xl,aops,math_train_geometry_6051,0.8637653589248657,0.016092896461486816,0.03733396530151367,0,0,INCORRECT
inst-xl,earth_science,4,0.8262478113174438,0.030073165893554688,0.0567624568939209,1,1,CORRECT
inst-xl,aops,aops_2017_AIME_II_Problems/Problem_3,0.8665536642074585,0.012732863426208496,0.03943741321563721,0,0,INCORRECT
inst-xl,earth_science,2,0.7999227046966553,0.01121532917022705,0.0579189658164978,0,1,INCORRECT
inst-xl,aops,math_train_geometry_6078,0.8794102668762207,0.014951109886169434,0.0412675142288208,1,1,INCORRECT
inst-xl,earth_science,0,0.8316570520401001,0.043978095054626465,0.07057255506515503,0,1,CORRECT
inst-xl,earth_science,7,0.8521325588226318,0.02413356304168701,0.05901336669921875,0,0,CORRECT
inst-xl,earth_science,17,0.8282806873321533,0.04595541954040527,0.07663476467132568,0,0,INCORRECT
inst-xl,earth_science,6,0.8822499513626099,0.017915964126586914,0.07280570268630981,1,1,CORRECT
inst-xl,earth_science,11,0.8773612976074219,0.05920875072479248,0.09763538837432861,0,1,CORRECT
inst-xl,earth_science,10,0.7902127504348755,0.01993381977081299,0.05519711971282959,0,1,CORRECT
inst-xl,earth_science,5,0.8380941152572632,0.03548228740692139,0.08268386125564575,0,0,INCORRECT
inst-xl,earth_science,12,0.8364572525024414,0.0033195018768310547,0.03000783920288086,0,1,INCORRECT
inst-xl,earth_science,8,0.8378342390060425,0.03871619701385498,0.09696763753890991,1,1,CORRECT
inst-xl,earth_science,9,0.8772602081298828,0.05122995376586914,0.07071512937545776,0,1,CORRECT
inst-xl,earth_science,13,0.8495906591415405,0.033012986183166504,0.08024168014526367,1,1,CORRECT
inst-xl,earth_science,21,0.7758345603942871,0.02025538682937622,0.07144993543624878,0,1,INCORRECT
inst-xl,earth_science,15,0.8123748302459717,0.012115716934204102,0.04421734809875488,1,1,CORRECT
inst-xl,earth_science,14,0.8245490789413452,0.021177172660827637,0.048485517501831055,0,1,CORRECT
inst-xl,earth_science,16,0.8512834310531616,0.04251432418823242,0.10594189167022705,0,0,CORRECT
inst-xl,earth_science,18,0.8848350644111633,0.03082185983657837,0.06017810106277466,1,1,CORRECT
inst-xl,earth_science,25,0.7765816450119019,0.014952778816223145,0.058762311935424805,1,1,CORRECT
inst-xl,earth_science,19,0.8350797891616821,0.01067042350769043,0.0323331356048584,1,1,CORRECT
inst-xl,earth_science,20,0.830775797367096,0.050357162952423096,0.07089930772781372,1,1,CORRECT
inst-xl,earth_science,29,0.7987932562828064,0.034842073917388916,0.0634726881980896,0,0,INCORRECT
inst-xl,earth_science,22,0.8324886560440063,0.022199630737304688,0.057255327701568604,0,0,INCORRECT
inst-xl,earth_science,24,0.8530694246292114,0.043610572814941406,0.0778931975364685,1,1,CORRECT
inst-xl,earth_science,28,0.8135269284248352,0.03456956148147583,0.07148891687393188,1,1,CORRECT
inst-xl,earth_science,26,0.8552552461624146,0.06537055969238281,0.09668397903442383,0,1,INCORRECT
inst-xl,earth_science,23,0.7691221833229065,0.024090111255645752,0.05699664354324341,0,1,INCORRECT
inst-xl,earth_science,27,0.7909005284309387,0.007822096347808838,0.029405593872070312,0,1,INCORRECT
inst-xl,earth_science,30,0.8280293345451355,0.032829463481903076,0.07163292169570923,0,1,CORRECT
inst-xl,earth_science,31,0.8296955823898315,0.013539314270019531,0.06146836280822754,1,1,CORRECT
inst-xl,earth_science,38,0.7772772312164307,0.05716145038604736,0.08419716358184814,1,1,INCORRECT
inst-xl,earth_science,32,0.7885069847106934,0.05353623628616333,0.06586843729019165,1,1,CORRECT
inst-xl,earth_science,37,0.8364486694335938,0.02152073383331299,0.06316190958023071,0,1,INCORRECT
inst-xl,earth_science,34,0.79925537109375,0.02530062198638916,0.05442237854003906,0,1,INCORRECT
inst-xl,earth_science,35,0.7900118827819824,0.02091693878173828,0.04303944110870361,1,1,INCORRECT
inst-xl,earth_science,39,0.868780255317688,0.02825111150741577,0.0750349760055542,0,1,CORRECT
inst-xl,earth_science,36,0.8556232452392578,0.03167581558227539,0.08107459545135498,1,1,CORRECT
inst-xl,earth_science,45,0.7774396538734436,0.01127558946609497,0.039167165756225586,1,1,INCORRECT
inst-xl,earth_science,33,0.7866994142532349,0.007732868194580078,0.02592146396636963,1,1,CORRECT
inst-xl,earth_science,41,0.8517152070999146,0.04559493064880371,0.06614327430725098,1,1,CORRECT
inst-xl,earth_science,42,0.7517069578170776,0.027676701545715332,0.06456851959228516,1,1,INCORRECT
inst-xl,earth_science,40,0.7629199028015137,0.02213376760482788,0.05636334419250488,0,0,INCORRECT
inst-xl,earth_science,43,0.776394784450531,0.018555641174316406,0.0435333251953125,1,1,CORRECT
inst-xl,earth_science,50,0.7910075783729553,0.029249727725982666,0.052060484886169434,1,1,CORRECT
inst-xl,earth_science,47,0.8443282842636108,0.05323535203933716,0.08319520950317383,1,1,CORRECT
inst-xl,earth_science,49,0.8237419128417969,0.03651916980743408,0.0738825798034668,1,1,CORRECT
inst-xl,earth_science,46,0.8882088661193848,0.030666470527648926,0.11619734764099121,1,1,CORRECT
inst-xl,earth_science,44,0.8427622318267822,0.011502087116241455,0.056820034980773926,0,0,CORRECT
inst-xl,earth_science,48,0.8731168508529663,0.030577659606933594,0.0579456090927124,0,1,CORRECT
inst-xl,earth_science,53,0.8456919193267822,0.01914757490158081,0.0758557915687561,0,1,CORRECT
inst-xl,earth_science,52,0.7768118381500244,0.01590597629547119,0.02855098247528076,0,0,CORRECT
inst-xl,earth_science,55,0.8550034761428833,0.058466196060180664,0.09074348211288452,0,0,INCORRECT
inst-xl,earth_science,57,0.7925939559936523,0.03203701972961426,0.0459863543510437,1,1,CORRECT
inst-xl,earth_science,54,0.8186720609664917,0.015156149864196777,0.03429150581359863,1,1,CORRECT
inst-xl,earth_science,51,0.8502165675163269,0.05585223436355591,0.0970759391784668,1,1,CORRECT
inst-xl,earth_science,56,0.768364429473877,0.020888566970825195,0.05973243713378906,1,1,CORRECT
inst-xl,earth_science,60,0.7630882859230042,0.026564419269561768,0.06968003511428833,0,1,CORRECT
inst-xl,earth_science,58,0.814218282699585,0.04367375373840332,0.09284496307373047,0,0,INCORRECT
inst-xl,earth_science,59,0.8146705627441406,0.022656917572021484,0.04739260673522949,1,1,CORRECT
inst-xl,earth_science,62,0.8216043710708618,0.04839277267456055,0.06388044357299805,1,1,CORRECT
inst-xl,earth_science,61,0.8657186031341553,0.020297527313232422,0.049150705337524414,0,0,INCORRECT
inst-xl,earth_science,71,0.8519829511642456,0.044556260108947754,0.08762669563293457,1,1,CORRECT
inst-xl,earth_science,64,0.7970573902130127,0.03208518028259277,0.07152706384658813,0,1,CORRECT
inst-xl,earth_science,63,0.8109700083732605,0.02304607629776001,0.053034305572509766,0,1,INCORRECT
inst-xl,earth_science,66,0.7981605529785156,0.02984839677810669,0.05428415536880493,1,1,CORRECT
inst-xl,earth_science,65,0.8949132561683655,0.07608890533447266,0.10872787237167358,1,1,CORRECT
inst-xl,earth_science,72,0.7659493088722229,0.03761261701583862,0.07323950529098511,1,1,CORRECT
inst-xl,earth_science,74,0.824411928653717,0.051713645458221436,0.0666167140007019,1,1,CORRECT
inst-xl,earth_science,68,0.754104495048523,0.015922069549560547,0.03605759143829346,1,1,CORRECT
inst-xl,earth_science,67,0.8068389296531677,0.027317583560943604,0.0546993613243103,1,1,CORRECT
inst-xl,earth_science,73,0.8093044757843018,0.029018282890319824,0.05735576152801514,1,1,CORRECT
inst-xl,earth_science,69,0.7785165309906006,0.040078699588775635,0.06333601474761963,1,1,CORRECT
inst-xl,earth_science,70,0.8042202591896057,0.032411277294158936,0.0454714298248291,0,1,CORRECT
inst-xl,earth_science,77,0.7888104915618896,0.015056788921356201,0.032866835594177246,0,0,INCORRECT
inst-xl,earth_science,76,0.8118883371353149,0.029214024543762207,0.054216623306274414,1,1,INCORRECT
inst-xl,earth_science,75,0.8254923820495605,0.014035582542419434,0.04741692543029785,1,1,CORRECT
inst-xl,earth_science,79,0.8339647054672241,0.011303603649139404,0.03273749351501465,0,0,CORRECT
inst-xl,earth_science,83,0.8366912603378296,0.02396547794342041,0.08539706468582153,1,1,CORRECT
inst-xl,earth_science,78,0.7758693695068359,0.02059847116470337,0.042882680892944336,1,1,CORRECT
inst-xl,earth_science,81,0.8748918175697327,0.019551336765289307,0.05694776773452759,1,1,CORRECT
inst-xl,earth_science,80,0.8127139806747437,0.06348633766174316,0.09298813343048096,1,1,CORRECT
inst-xl,earth_science,82,0.8642418384552002,0.027591586112976074,0.057851195335388184,1,1,CORRECT
inst-xl,earth_science,85,0.767295241355896,0.015055060386657715,0.03495591878890991,0,1,INCORRECT
inst-xl,earth_science,84,0.8055272102355957,0.02600085735321045,0.059840381145477295,0,1,INCORRECT
inst-xl,earth_science,87,0.898300051689148,0.06383192539215088,0.11186224222183228,1,1,CORRECT
inst-xl,earth_science,96,0.8204691410064697,0.02840876579284668,0.05553466081619263,1,1,CORRECT
inst-xl,earth_science,95,0.8520853519439697,0.0458216667175293,0.08822107315063477,1,1,CORRECT
inst-xl,earth_science,88,0.7828801870346069,0.057720959186553955,0.08408397436141968,1,1,CORRECT
inst-xl,earth_science,92,0.7511212825775146,0.021770715713500977,0.038707733154296875,0,0,INCORRECT
inst-xl,earth_science,86,0.8077514171600342,0.018571794033050537,0.038449883460998535,1,1,CORRECT
inst-xl,earth_science,91,0.8160940408706665,0.016221582889556885,0.06454658508300781,0,1,CORRECT
inst-xl,earth_science,94,0.799614429473877,0.027744650840759277,0.04306137561798096,0,0,INCORRECT
inst-xl,earth_science,90,0.8029916286468506,0.01459360122680664,0.04839527606964111,0,1,INCORRECT
inst-xl,earth_science,102,0.7463287115097046,0.009006500244140625,0.049810826778411865,0,0,CORRECT
inst-xl,earth_science,89,0.8173888325691223,0.009068489074707031,0.04032623767852783,0,0,INCORRECT
inst-xl,earth_science,93,0.7637233734130859,0.010767459869384766,0.04223150014877319,1,1,CORRECT
inst-xl,earth_science,101,0.9228497743606567,0.15285587310791016,0.20112460851669312,1,1,CORRECT
inst-xl,earth_science,99,0.8414396643638611,0.0282171368598938,0.06074446439743042,0,1,CORRECT
inst-xl,earth_science,100,0.7693257331848145,0.04085338115692139,0.07519996166229248,0,0,INCORRECT
inst-xl,earth_science,97,0.785667896270752,0.025142908096313477,0.04961967468261719,1,1,CORRECT
inst-xl,earth_science,98,0.8400228023529053,0.06107378005981445,0.07941317558288574,1,1,CORRECT
inst-xl,earth_science,110,0.7649227380752563,0.016195237636566162,0.02935183048248291,0,0,CORRECT
inst-xl,earth_science,106,0.7518728971481323,0.03194534778594971,0.060719192028045654,0,1,INCORRECT
inst-xl,earth_science,104,0.828568696975708,0.04097634553909302,0.07161581516265869,1,1,CORRECT
inst-xl,earth_science,108,0.8156776428222656,0.03437703847885132,0.05965244770050049,0,0,CORRECT
inst-xl,earth_science,103,0.8834041357040405,0.04332453012466431,0.06395077705383301,0,1,CORRECT
inst-xl,earth_science,105,0.7667813301086426,0.028406202793121338,0.04814481735229492,0,0,CORRECT
inst-xl,earth_science,107,0.7794859409332275,0.029665350914001465,0.05459648370742798,1,1,CORRECT
inst-xl,earth_science,111,0.808160126209259,0.0018801093101501465,0.03163433074951172,0,1,CORRECT
inst-xl,earth_science,109,0.8540708422660828,0.01820218563079834,0.04227966070175171,1,1,CORRECT
inst-xl,earth_science,112,0.8263059854507446,0.005156993865966797,0.05238807201385498,0,1,INCORRECT
inst-xl,earth_science,114,0.7957363128662109,0.04443180561065674,0.06796848773956299,1,1,CORRECT
inst-xl,earth_science,113,0.8121247887611389,0.038719236850738525,0.08789956569671631,1,1,CORRECT
inst-xl,economics,0,0.8626707792282104,0.04812997579574585,0.06839990615844727,0,1,INCORRECT
inst-xl,earth_science,115,0.839191734790802,0.032601892948150635,0.07037240266799927,0,0,CORRECT
inst-xl,economics,1,0.8348201513290405,0.017572462558746338,0.04095292091369629,1,1,CORRECT
inst-xl,economics,2,0.7633177638053894,0.006883800029754639,0.03646427392959595,1,1,CORRECT
inst-xl,economics,3,0.851460337638855,0.014642298221588135,0.03941422700881958,0,1,CORRECT
inst-xl,economics,15,0.88875812292099,0.01761692762374878,0.035032451152801514,0,0,CORRECT
inst-xl,economics,5,0.8150510787963867,0.01830536127090454,0.041951894760131836,0,0,CORRECT
inst-xl,economics,9,0.8075648546218872,0.027546286582946777,0.0583840012550354,1,1,CORRECT
inst-xl,economics,6,0.8278067708015442,0.042790114879608154,0.07881784439086914,0,0,INCORRECT
inst-xl,economics,8,0.8337737321853638,0.017914175987243652,0.03705471754074097,0,0,CORRECT
inst-xl,economics,7,0.8510465621948242,0.017907142639160156,0.04648315906524658,0,0,INCORRECT
inst-xl,economics,10,0.8761962652206421,0.019268035888671875,0.05452883243560791,0,0,CORRECT
inst-xl,economics,12,0.8033394813537598,0.010978102684020996,0.03149235248565674,1,1,CORRECT
inst-xl,economics,13,0.8028731346130371,0.018359065055847168,0.059120893478393555,0,1,CORRECT
inst-xl,economics,11,0.8386368155479431,0.03441661596298218,0.05663198232650757,1,1,CORRECT
inst-xl,economics,14,0.8736671209335327,0.028516054153442383,0.08784925937652588,0,0,INCORRECT
inst-xl,economics,18,0.832486093044281,0.01737004518508911,0.051971495151519775,1,1,CORRECT
inst-xl,economics,17,0.9093682765960693,0.009299397468566895,0.05406463146209717,1,1,INCORRECT
inst-xl,economics,16,0.8455078601837158,0.024064183235168457,0.04700803756713867,0,0,CORRECT
inst-xl,economics,4,0.820381760597229,0.011887729167938232,0.05383622646331787,0,0,CORRECT
inst-xl,economics,25,0.8914179801940918,0.051676273345947266,0.08557713031768799,1,1,CORRECT
inst-xl,economics,20,0.7936614751815796,0.0038241147994995117,0.02981853485107422,0,0,INCORRECT
inst-xl,economics,19,0.863048791885376,0.04019063711166382,0.07296323776245117,0,0,CORRECT
inst-xl,economics,23,0.8461403846740723,0.01422727108001709,0.03252208232879639,0,1,INCORRECT
inst-xl,economics,26,0.8751342296600342,0.026263415813446045,0.06201624870300293,1,1,CORRECT
inst-xl,economics,21,0.8500917553901672,0.039624691009521484,0.05629509687423706,0,0,CORRECT
inst-xl,economics,24,0.8314911723136902,0.01486128568649292,0.031611621379852295,0,0,CORRECT
inst-xl,economics,22,0.8615328669548035,0.013155996799468994,0.04361337423324585,1,1,CORRECT
inst-xl,economics,30,0.8748970031738281,0.04649299383163452,0.07928192615509033,0,0,INCORRECT
inst-xl,economics,27,0.8890093564987183,0.01855170726776123,0.0603489875793457,1,1,CORRECT
inst-xl,economics,29,0.8675191402435303,0.025139153003692627,0.06611818075180054,1,1,CORRECT
inst-xl,economics,33,0.835046648979187,0.03105759620666504,0.07552880048751831,1,1,CORRECT
inst-xl,economics,31,0.8804982304573059,0.031900107860565186,0.0658678412437439,0,0,CORRECT
inst-xl,economics,28,0.833754301071167,0.012945711612701416,0.039932191371917725,0,1,CORRECT
inst-xl,economics,32,0.8307726383209229,0.023824214935302734,0.05079984664916992,1,1,INCORRECT
inst-xl,economics,34,0.7674371004104614,0.03007960319519043,0.04947853088378906,1,1,CORRECT
inst-xl,economics,43,0.8054198622703552,0.0035477280616760254,0.03963547945022583,0,0,INCORRECT
inst-xl,economics,36,0.8076606392860413,0.028212904930114746,0.04867523908615112,1,1,CORRECT
inst-xl,economics,40,0.8661201000213623,0.02727484703063965,0.054800450801849365,0,0,CORRECT
inst-xl,economics,35,0.8341927528381348,0.011143863201141357,0.025062859058380127,0,0,INCORRECT
inst-xl,economics,38,0.8420697450637817,0.029620707035064697,0.07220590114593506,1,1,CORRECT
inst-xl,economics,39,0.8345812559127808,0.024730265140533447,0.05147683620452881,1,1,CORRECT
inst-xl,economics,37,0.9308688640594482,0.03623563051223755,0.08931475877761841,0,0,INCORRECT
inst-xl,economics,41,0.7974324822425842,0.015095293521881104,0.0376623272895813,0,1,CORRECT
inst-xl,economics,42,0.8524324893951416,0.03304862976074219,0.05219733715057373,0,1,CORRECT
inst-xl,economics,44,0.8176382780075073,0.02685260772705078,0.051448822021484375,1,1,CORRECT
inst-xl,economics,48,0.8714019656181335,0.05101984739303589,0.08692103624343872,0,0,INCORRECT
inst-xl,economics,45,0.8297178745269775,0.009334146976470947,0.05676001310348511,0,0,INCORRECT
inst-xl,economics,47,0.8770996332168579,0.026994168758392334,0.0531536340713501,0,0,INCORRECT
inst-xl,economics,46,0.7908045053482056,0.018105030059814453,0.04685676097869873,1,1,CORRECT
inst-xl,economics,49,0.8217371702194214,0.02095794677734375,0.04085433483123779,1,1,CORRECT
inst-xl,economics,50,0.850518524646759,0.017421066761016846,0.05759108066558838,0,0,INCORRECT
inst-xl,economics,62,0.8259893655776978,0.02017223834991455,0.06945228576660156,1,1,CORRECT
inst-xl,economics,59,0.8232287168502808,0.018672704696655273,0.03499186038970947,1,1,CORRECT
inst-xl,economics,52,0.8793544173240662,0.033052146434783936,0.07481968402862549,1,1,CORRECT
inst-xl,economics,54,0.8452343344688416,0.02604091167449951,0.05215287208557129,0,0,CORRECT
inst-xl,economics,55,0.7883812189102173,0.01955735683441162,0.04004913568496704,1,1,CORRECT
inst-xl,economics,53,0.8445631265640259,0.02098238468170166,0.03861439228057861,0,0,CORRECT
inst-xl,economics,60,0.8599494695663452,0.01694786548614502,0.043567776679992676,1,1,CORRECT
inst-xl,economics,58,0.8854509592056274,0.031599462032318115,0.06879854202270508,0,0,CORRECT
inst-xl,economics,56,0.8324453830718994,0.06174343824386597,0.08247017860412598,1,1,CORRECT
inst-xl,economics,63,0.8342885971069336,0.02656853199005127,0.05788469314575195,0,0,INCORRECT
inst-xl,economics,61,0.8526666164398193,0.015352129936218262,0.07269012928009033,0,0,CORRECT
inst-xl,economics,57,0.8273962736129761,0.012596428394317627,0.033104658126831055,0,1,CORRECT
inst-xl,economics,65,0.7703368067741394,0.032106101512908936,0.050738394260406494,0,1,INCORRECT
inst-xl,economics,64,0.8137980103492737,0.016790330410003662,0.04073244333267212,0,0,INCORRECT
inst-xl,economics,66,0.8766481280326843,0.029184579849243164,0.04847675561904907,0,1,INCORRECT
inst-xl,economics,78,0.7900691032409668,0.015248417854309082,0.03722953796386719,0,1,CORRECT
inst-xl,economics,67,0.9026097655296326,0.02426433563232422,0.05896943807601929,0,0,CORRECT
inst-xl,economics,68,0.817585825920105,0.01666879653930664,0.03312528133392334,1,1,CORRECT
inst-xl,economics,69,0.7679671049118042,0.006639420986175537,0.032221078872680664,0,1,INCORRECT
inst-xl,economics,71,0.8074003458023071,0.03353619575500488,0.05366581678390503,0,0,CORRECT
inst-xl,economics,72,0.7628552913665771,0.019389867782592773,0.036936044692993164,1,1,CORRECT
inst-xl,economics,75,0.8216149210929871,0.01854860782623291,0.04232501983642578,0,0,CORRECT
inst-xl,economics,70,0.9157949686050415,0.08675849437713623,0.12414181232452393,1,1,CORRECT
inst-xl,economics,73,0.824500560760498,0.010951519012451172,0.032071590423583984,1,1,CORRECT
inst-xl,economics,74,0.8333821296691895,0.01797640323638916,0.05248749256134033,0,1,CORRECT
inst-xl,economics,76,0.8817503452301025,0.06525397300720215,0.10267114639282227,0,0,INCORRECT
inst-xl,economics,80,0.9104579091072083,0.05563610792160034,0.11155438423156738,0,0,CORRECT
inst-xl,economics,77,0.8344634771347046,0.020221054553985596,0.03467285633087158,0,0,INCORRECT
inst-xl,economics,79,0.8615297079086304,0.018143296241760254,0.04037964344024658,1,1,CORRECT
inst-xl,economics,81,0.850430965423584,0.033400535583496094,0.065743088722229,0,0,CORRECT
inst-xl,economics,87,0.7933502793312073,0.04343158006668091,0.06805580854415894,0,0,CORRECT
inst-xl,economics,90,0.7746744155883789,0.003932535648345947,0.029263675212860107,0,0,CORRECT
inst-xl,economics,82,0.8154494762420654,0.00969552993774414,0.026768624782562256,0,0,CORRECT
inst-xl,economics,83,0.8713512420654297,0.013629317283630371,0.035692811012268066,1,1,CORRECT
inst-xl,economics,84,0.941407322883606,0.09369790554046631,0.1305457353591919,1,1,CORRECT
inst-xl,economics,85,0.831096887588501,0.06528234481811523,0.08299380540847778,1,1,CORRECT
inst-xl,economics,96,0.8066532611846924,0.03285634517669678,0.05666708946228027,0,1,INCORRECT
inst-xl,economics,86,0.8125056028366089,0.022681832313537598,0.05634200572967529,0,1,INCORRECT
inst-xl,economics,88,0.7757207751274109,0.01899510622024536,0.0428500771522522,0,1,CORRECT
inst-xl,economics,89,0.8148949146270752,0.03481864929199219,0.07288765907287598,1,1,CORRECT
inst-xl,economics,92,0.8208739161491394,0.03953588008880615,0.07895749807357788,1,1,INCORRECT
inst-xl,economics,94,0.8748250007629395,0.029273390769958496,0.06920361518859863,0,0,CORRECT
inst-xl,economics,91,0.8427791595458984,0.01503133773803711,0.06768965721130371,0,0,CORRECT
inst-xl,economics,93,0.8259549736976624,0.03364795446395874,0.050927698612213135,1,1,CORRECT
inst-xl,economics,95,0.842147946357727,0.018133997917175293,0.04599916934967041,1,1,CORRECT
inst-xl,economics,98,0.9204521179199219,0.04990839958190918,0.09778714179992676,0,1,CORRECT
inst-xl,economics,97,0.8357018232345581,0.019466519355773926,0.04649484157562256,0,0,CORRECT
inst-xl,economics,99,0.8623384833335876,0.04207819700241089,0.06784838438034058,0,0,CORRECT
inst-xl,economics,100,0.8221647143363953,0.025401771068572998,0.05082350969314575,0,0,INCORRECT
inst-xl,economics,101,0.8712304830551147,0.02078181505203247,0.07654613256454468,0,0,CORRECT
inst-xl,leetcode,0,0.8801766633987427,0.05472147464752197,0.08842241764068604,1,1,CORRECT
inst-xl,leetcode,2,0.936957597732544,0.09745240211486816,0.14436984062194824,1,1,CORRECT
inst-xl,leetcode,1,0.9252758026123047,0.08077943325042725,0.11426842212677002,1,1,CORRECT
inst-xl,leetcode,4,0.8564319610595703,0.03201258182525635,0.04307198524475098,0,0,INCORRECT
inst-xl,leetcode,7,0.8927100300788879,0.04735445976257324,0.08023136854171753,0,0,INCORRECT
inst-xl,leetcode,6,0.9232788681983948,0.06520205736160278,0.08445757627487183,1,1,CORRECT
inst-xl,leetcode,5,0.9089105129241943,0.060704946517944336,0.0746842622756958,1,1,CORRECT
inst-xl,economics,102,0.8107959032058716,0.012581110000610352,0.031439781188964844,0,0,INCORRECT
inst-xl,leetcode,3,0.8997824192047119,0.07399755716323853,0.10287106037139893,1,1,CORRECT
inst-xl,leetcode,8,0.8515691757202148,0.012316524982452393,0.038320958614349365,0,0,INCORRECT
inst-xl,leetcode,12,0.8724603652954102,0.0298842191696167,0.045576393604278564,0,0,CORRECT
inst-xl,leetcode,11,0.8930791616439819,0.048518240451812744,0.06744384765625,0,0,CORRECT
inst-xl,leetcode,9,0.9699497222900391,0.14783430099487305,0.16907846927642822,1,1,CORRECT
inst-xl,leetcode,10,0.8190031051635742,0.008928656578063965,0.019349336624145508,0,1,CORRECT
inst-xl,leetcode,18,0.8912904262542725,0.03303861618041992,0.04668915271759033,1,1,CORRECT
inst-xl,leetcode,20,0.8939086198806763,0.05251646041870117,0.0673896074295044,0,0,CORRECT
inst-xl,leetcode,13,0.8997011780738831,0.018777668476104736,0.04335814714431763,0,1,CORRECT
inst-xl,leetcode,21,0.8951975703239441,0.09243184328079224,0.10372763872146606,1,1,CORRECT
inst-xl,leetcode,16,0.8627550601959229,0.033832848072052,0.04525125026702881,0,0,CORRECT
inst-xl,leetcode,17,0.8712188005447388,0.031423747539520264,0.048943400382995605,1,1,CORRECT
inst-xl,leetcode,14,0.8888921737670898,0.06453490257263184,0.08571165800094604,1,1,CORRECT
inst-xl,leetcode,22,0.9200270175933838,0.04416000843048096,0.07683491706848145,1,1,CORRECT
inst-xl,leetcode,19,0.8756230473518372,0.0681108832359314,0.07924264669418335,0,0,INCORRECT
inst-xl,leetcode,15,0.8879413604736328,0.037432193756103516,0.049472928047180176,1,1,CORRECT
inst-xl,leetcode,23,0.8556886911392212,0.01481550931930542,0.026480793952941895,0,0,CORRECT
inst-xl,leetcode,29,0.8543466329574585,0.01714301109313965,0.03535646200180054,1,1,CORRECT
inst-xl,leetcode,24,0.9242157936096191,0.03559517860412598,0.06280755996704102,1,1,CORRECT
inst-xl,leetcode,25,0.8664427399635315,0.01719653606414795,0.04258674383163452,0,0,CORRECT
inst-xl,leetcode,27,0.8756572008132935,0.04150301218032837,0.06143069267272949,0,1,CORRECT
inst-xl,leetcode,28,0.843820333480835,0.015005707740783691,0.030953526496887207,0,0,INCORRECT
inst-xl,leetcode,26,0.8757359981536865,0.012068629264831543,0.05226635932922363,0,1,CORRECT
inst-xl,leetcode,30,0.8597696423530579,0.029356539249420166,0.046298980712890625,1,1,CORRECT
inst-xl,leetcode,31,0.8943149447441101,0.06440514326095581,0.07635420560836792,1,1,INCORRECT
inst-xl,leetcode,35,0.8706344366073608,0.020667672157287598,0.04026436805725098,0,0,CORRECT
inst-xl,leetcode,34,0.8943484425544739,0.04141944646835327,0.06723660230636597,1,1,CORRECT
inst-xl,leetcode,32,0.9034701585769653,0.02741241455078125,0.04341530799865723,0,0,CORRECT
inst-xl,leetcode,33,0.930866539478302,0.05048072338104248,0.0701550841331482,1,1,CORRECT
inst-xl,leetcode,36,0.8492586612701416,0.009520530700683594,0.02444934844970703,0,0,CORRECT
inst-xl,leetcode,37,0.8845155239105225,0.01336967945098877,0.033579111099243164,1,1,CORRECT
inst-xl,leetcode,38,0.8684399724006653,0.019493281841278076,0.04087454080581665,0,0,INCORRECT
inst-xl,leetcode,39,0.8730031847953796,0.024712860584259033,0.04161268472671509,0,1,CORRECT
inst-xl,leetcode,40,0.87947678565979,0.04570430517196655,0.06489872932434082,1,1,CORRECT
inst-xl,leetcode,42,0.8927000164985657,0.026728928089141846,0.044052064418792725,1,1,CORRECT
inst-xl,leetcode,43,0.9120184183120728,0.07596540451049805,0.10995453596115112,1,1,CORRECT
inst-xl,leetcode,41,0.8905698657035828,0.0066391825675964355,0.028410255908966064,0,1,INCORRECT
inst-xl,leetcode,45,0.9118798971176147,0.015728354454040527,0.03654676675796509,0,0,INCORRECT
inst-xl,leetcode,51,0.8519922494888306,0.02841925621032715,0.04930633306503296,1,1,CORRECT
inst-xl,leetcode,46,0.8539270162582397,0.003609895706176758,0.025768756866455078,0,1,INCORRECT
inst-xl,leetcode,44,0.8457772731781006,0.011002540588378906,0.025002717971801758,0,0,CORRECT
inst-xl,leetcode,47,0.8864245414733887,0.020093142986297607,0.034288644790649414,0,0,CORRECT
inst-xl,leetcode,48,0.9149286150932312,0.03604704141616821,0.06252491474151611,1,1,CORRECT
inst-xl,leetcode,50,0.8945958018302917,0.02735048532485962,0.04120117425918579,1,1,CORRECT
inst-xl,leetcode,52,0.9150746464729309,0.06852585077285767,0.08730226755142212,0,0,INCORRECT
inst-xl,leetcode,49,0.8670879006385803,0.010056257247924805,0.02437692880630493,0,0,CORRECT
inst-xl,leetcode,53,0.9068953990936279,0.038487792015075684,0.06266403198242188,1,1,INCORRECT
inst-xl,leetcode,54,0.8559241890907288,0.02413809299468994,0.03869682550430298,1,1,CORRECT
inst-xl,leetcode,55,0.87237948179245,0.006651818752288818,0.02864319086074829,0,0,CORRECT
inst-xl,leetcode,57,0.8632339239120483,0.007204711437225342,0.02685445547103882,0,1,INCORRECT
inst-xl,leetcode,56,0.9315379858016968,0.05519956350326538,0.07153880596160889,0,0,CORRECT
inst-xl,leetcode,58,0.9319852590560913,0.026663124561309814,0.07101166248321533,1,1,CORRECT
inst-xl,leetcode,59,0.9177553653717041,0.04032009840011597,0.06757211685180664,0,0,INCORRECT
inst-xl,leetcode,63,0.8860825300216675,0.050415217876434326,0.06446123123168945,0,0,INCORRECT
inst-xl,leetcode,65,0.898235559463501,0.07593286037445068,0.09699833393096924,1,1,CORRECT
inst-xl,leetcode,61,0.8715009093284607,0.009826183319091797,0.029200613498687744,0,1,INCORRECT
inst-xl,leetcode,60,0.9145328402519226,0.012817740440368652,0.055026233196258545,0,0,INCORRECT
inst-xl,leetcode,64,0.8587293028831482,0.03152257204055786,0.04780393838882446,1,1,CORRECT
inst-xl,leetcode,66,0.8681844472885132,0.03174126148223877,0.04104483127593994,0,0,CORRECT
inst-xl,leetcode,67,0.9437357187271118,0.0584406852722168,0.09370577335357666,1,1,CORRECT
inst-xl,leetcode,62,0.955378532409668,0.03600752353668213,0.09715390205383301,1,1,INCORRECT
inst-xl,leetcode,69,0.8683332204818726,0.04012751579284668,0.05107128620147705,0,1,CORRECT
inst-xl,leetcode,68,0.8697021007537842,0.008730530738830566,0.023444414138793945,0,0,INCORRECT
inst-xl,leetcode,70,0.8531385660171509,0.02581155300140381,0.04260432720184326,1,1,CORRECT
inst-xl,leetcode,73,0.875623345375061,0.006909549236297607,0.02424609661102295,0,0,CORRECT
inst-xl,leetcode,71,0.835342526435852,0.013936400413513184,0.04378557205200195,1,1,CORRECT
inst-xl,leetcode,72,0.863572895526886,0.02704775333404541,0.040650784969329834,0,0,CORRECT
inst-xl,leetcode,76,0.8512423038482666,0.0016117095947265625,0.013742566108703613,0,0,CORRECT
inst-xl,leetcode,77,0.9100881814956665,0.0663568377494812,0.08557236194610596,0,1,CORRECT
inst-xl,leetcode,81,0.896172046661377,0.05845528841018677,0.0881088376045227,1,1,INCORRECT
inst-xl,leetcode,75,0.8698632717132568,0.022369563579559326,0.034744441509246826,0,0,CORRECT
inst-xl,leetcode,78,0.885954737663269,0.02280217409133911,0.05466681718826294,0,1,CORRECT
inst-xl,leetcode,82,0.9178419709205627,0.01847660541534424,0.03502875566482544,1,1,INCORRECT
inst-xl,leetcode,79,0.9048914909362793,0.031081736087799072,0.056084513664245605,1,1,INCORRECT
inst-xl,leetcode,74,0.8816723823547363,0.018263638019561768,0.03648185729980469,0,0,INCORRECT
inst-xl,leetcode,80,0.9284056425094604,0.08571839332580566,0.10304558277130127,1,1,CORRECT
inst-xl,leetcode,85,0.8589446544647217,0.009178698062896729,0.03735840320587158,1,1,CORRECT
inst-xl,leetcode,84,0.808490514755249,0.004550278186798096,0.024306893348693848,0,0,INCORRECT
inst-xl,leetcode,83,0.8952972888946533,0.056699514389038086,0.06803697347640991,1,1,INCORRECT
inst-xl,leetcode,95,0.869752049446106,0.013840436935424805,0.034090638160705566,1,1,CORRECT
inst-xl,leetcode,87,0.8881834745407104,0.04023849964141846,0.05651456117630005,0,0,CORRECT
inst-xl,leetcode,86,0.8636590242385864,0.009560227394104004,0.024652183055877686,0,0,CORRECT
inst-xl,leetcode,88,0.8691821098327637,0.017288923263549805,0.046076059341430664,0,1,CORRECT
inst-xl,leetcode,89,0.8853440284729004,0.005288600921630859,0.020113825798034668,0,0,CORRECT
inst-xl,leetcode,92,0.9101810455322266,0.028179287910461426,0.0810355544090271,1,1,CORRECT
inst-xl,leetcode,97,0.9038561582565308,0.020985901355743408,0.04008394479751587,0,0,INCORRECT
inst-xl,leetcode,96,0.9018374681472778,0.019528329372406006,0.048410773277282715,1,1,INCORRECT
inst-xl,leetcode,94,0.8699748516082764,0.0113639235496521,0.02532285451889038,0,0,CORRECT
inst-xl,leetcode,93,0.847946047782898,0.02303868532180786,0.03791999816894531,0,0,CORRECT
inst-xl,leetcode,100,0.8560512065887451,0.009343743324279785,0.026333928108215332,0,1,CORRECT
inst-xl,leetcode,99,0.9299534559249878,0.10637503862380981,0.12059617042541504,1,1,INCORRECT
inst-xl,leetcode,98,0.9067200422286987,0.042987823486328125,0.07378852367401123,1,1,INCORRECT
inst-xl,leetcode,91,0.9115737676620483,0.02181488275527954,0.0444488525390625,0,0,CORRECT
inst-xl,leetcode,90,0.9034152030944824,0.02907341718673706,0.05234122276306152,1,1,CORRECT
inst-xl,leetcode,105,0.8626503944396973,0.0359838604927063,0.04903435707092285,0,0,CORRECT
inst-xl,leetcode,102,0.8644457459449768,0.03569716215133667,0.046677470207214355,0,0,INCORRECT
inst-xl,leetcode,103,0.8980876207351685,0.022094130516052246,0.06231486797332764,1,1,CORRECT
inst-xl,leetcode,101,0.9029568433761597,0.06087690591812134,0.0749739408493042,0,0,CORRECT
inst-xl,leetcode,106,0.8502477407455444,0.0185050368309021,0.03423511981964111,0,0,CORRECT
inst-xl,leetcode,110,0.909317135810852,0.03397268056869507,0.051177263259887695,0,1,INCORRECT
inst-xl,leetcode,107,0.8990422487258911,0.011767029762268066,0.03065049648284912,0,0,INCORRECT
inst-xl,leetcode,108,0.8368784189224243,0.019045114517211914,0.03469562530517578,1,1,CORRECT
inst-xl,leetcode,104,0.8892543911933899,0.011443078517913818,0.025608956813812256,0,0,CORRECT
inst-xl,leetcode,109,0.8576171398162842,0.009090304374694824,0.037008047103881836,0,0,INCORRECT
inst-xl,leetcode,111,0.9113034009933472,0.018051564693450928,0.03766429424285889,0,0,INCORRECT
inst-xl,leetcode,113,0.8553200960159302,0.02386850118637085,0.04536998271942139,0,0,CORRECT
inst-xl,leetcode,114,0.8576605319976807,0.005891323089599609,0.017646193504333496,0,0,CORRECT
inst-xl,leetcode,115,0.902497410774231,0.015101432800292969,0.039721906185150146,0,1,INCORRECT
inst-xl,leetcode,112,0.9189622402191162,0.028592824935913086,0.0766441822052002,0,0,INCORRECT
inst-xl,leetcode,117,0.8932232856750488,0.010740339756011963,0.047253549098968506,1,1,CORRECT
inst-xl,leetcode,116,0.8786990642547607,0.03143751621246338,0.05946016311645508,1,1,CORRECT
inst-xl,leetcode,119,0.8640181422233582,0.011708676815032959,0.03626507520675659,0,1,CORRECT
inst-xl,leetcode,120,0.9257385730743408,0.07318270206451416,0.0853986144065857,0,0,CORRECT
inst-xl,leetcode,121,0.8304044008255005,0.01389312744140625,0.02866154909133911,1,1,CORRECT
inst-xl,leetcode,118,0.8961360454559326,0.0404585599899292,0.07624053955078125,0,0,CORRECT
inst-xl,leetcode,123,0.9114769697189331,0.025985002517700195,0.045180678367614746,1,1,CORRECT
inst-xl,leetcode,125,0.9268630743026733,0.06675517559051514,0.08989250659942627,1,1,INCORRECT
inst-xl,leetcode,124,0.8758369088172913,0.014792442321777344,0.036156296730041504,0,0,CORRECT
inst-xl,leetcode,122,0.8590792417526245,0.010547101497650146,0.04088425636291504,0,0,CORRECT
inst-xl,leetcode,126,0.9092611074447632,0.024292945861816406,0.05086064338684082,1,1,CORRECT
inst-xl,leetcode,128,0.8862892389297485,0.02337855100631714,0.05473315715789795,1,1,CORRECT
inst-xl,leetcode,129,0.8236270546913147,0.009593665599822998,0.024323761463165283,1,1,CORRECT
inst-xl,leetcode,130,0.8678535223007202,0.045912861824035645,0.06144481897354126,0,1,CORRECT
inst-xl,leetcode,127,0.8619678020477295,0.019082605838775635,0.054758429527282715,0,0,INCORRECT
inst-xl,leetcode,132,0.885432779788971,0.04074162244796753,0.05515003204345703,1,1,CORRECT
inst-xl,leetcode,131,0.8533977270126343,0.02974611520767212,0.057100653648376465,0,0,INCORRECT
inst-xl,leetcode,134,0.8229085206985474,0.009685993194580078,0.0340191125869751,0,0,INCORRECT
inst-xl,leetcode,136,0.8242343664169312,0.018267691135406494,0.035337090492248535,0,1,INCORRECT
inst-xl,leetcode,138,0.8290208578109741,0.01072472333908081,0.02315664291381836,0,0,INCORRECT
inst-xl,leetcode,137,0.8562638759613037,0.005804002285003662,0.017124295234680176,0,1,CORRECT
inst-xl,leetcode,140,0.8995245695114136,0.030977249145507812,0.04491454362869263,0,1,INCORRECT
inst-xl,leetcode,135,0.9218302965164185,0.036577582359313965,0.05823051929473877,0,1,INCORRECT
inst-xl,leetcode,139,0.8645267486572266,0.003473520278930664,0.01274949312210083,0,0,INCORRECT
inst-xl,pony,0,0.8220878839492798,0.01841557025909424,0.03915524482727051,1,1,CORRECT
inst-xl,pony,1,0.782982349395752,0.0068520307540893555,0.024224519729614258,0,1,CORRECT
inst-xl,leetcode,133,0.8804588317871094,0.011356174945831299,0.022812366485595703,0,1,INCORRECT
inst-xl,pony,2,0.8472048044204712,0.04367184638977051,0.05998969078063965,0,0,INCORRECT
inst-xl,leetcode,141,0.867458164691925,0.008718907833099365,0.03142493963241577,0,0,INCORRECT
inst-xl,pony,3,0.8258970975875854,0.012118697166442871,0.030530333518981934,0,1,INCORRECT
inst-xl,economics,51,0.8578694462776184,0.019704043865203857,0.06430405378341675,0,1,INCORRECT
inst-xl,pony,9,0.8177084922790527,0.010983467102050781,0.0228271484375,0,1,CORRECT
inst-xl,pony,8,0.8228305578231812,0.01337820291519165,0.032696545124053955,0,1,CORRECT
inst-xl,pony,5,0.8114984035491943,0.007852315902709961,0.017085790634155273,0,0,CORRECT
inst-xl,pony,6,0.7838175296783447,0.006032705307006836,0.014742016792297363,0,0,INCORRECT
inst-xl,pony,4,0.8221688270568848,0.022115886211395264,0.038262009620666504,0,1,INCORRECT
inst-xl,pony,11,0.8088576793670654,0.008035063743591309,0.03034663200378418,0,0,CORRECT
inst-xl,pony,7,0.8271638751029968,0.019800245761871338,0.03222811222076416,0,1,CORRECT
inst-xl,pony,10,0.8206600546836853,0.021949350833892822,0.03659641742706299,0,1,CORRECT
inst-xl,pony,12,0.8312683701515198,0.022416770458221436,0.04501563310623169,0,0,CORRECT
inst-xl,pony,13,0.8255997896194458,0.02478790283203125,0.0373309850692749,0,0,INCORRECT
inst-xl,pony,17,0.8274816870689392,0.018957316875457764,0.031230032444000244,1,1,CORRECT
inst-xl,pony,14,0.8489470481872559,0.02254652976989746,0.040160298347473145,0,0,INCORRECT
inst-xl,pony,15,0.7592324018478394,0.0032576918601989746,0.018728256225585938,1,1,INCORRECT
inst-xl,pony,16,0.8151363730430603,0.007509291172027588,0.02007395029067993,0,0,INCORRECT
inst-xl,pony,18,0.8357904553413391,0.036657750606536865,0.0635257363319397,0,0,CORRECT
inst-xl,pony,19,0.8462774753570557,0.026332378387451172,0.04894685745239258,0,0,CORRECT
inst-xl,pony,20,0.8158965706825256,0.015426099300384521,0.03022867441177368,1,1,CORRECT
inst-xl,pony,23,0.8238757848739624,0.022443175315856934,0.03657245635986328,0,1,CORRECT
inst-xl,pony,26,0.8248783349990845,0.01984226703643799,0.04726588726043701,1,1,CORRECT
inst-xl,pony,35,0.8227534294128418,0.022847294807434082,0.04796391725540161,1,1,CORRECT
inst-xl,pony,21,0.820853590965271,0.015439629554748535,0.02872985601425171,0,0,CORRECT
inst-xl,pony,25,0.8167557120323181,0.03638249635696411,0.052085697650909424,0,1,INCORRECT
inst-xl,pony,24,0.8100181221961975,0.012450039386749268,0.03353428840637207,0,0,INCORRECT
inst-xl,pony,22,0.825391411781311,0.026274800300598145,0.038393259048461914,0,1,CORRECT
inst-xl,pony,29,0.8171671628952026,0.015214920043945312,0.025046706199645996,0,0,CORRECT
inst-xl,pony,27,0.8327749371528625,0.02207237482070923,0.043890178203582764,1,1,INCORRECT
inst-xl,pony,34,0.8517524600028992,0.034780681133270264,0.06348758935928345,1,1,CORRECT
inst-xl,pony,28,0.822210967540741,0.01490551233291626,0.03634458780288696,0,0,INCORRECT
inst-xl,pony,30,0.8392282724380493,0.020433425903320312,0.0366358757019043,0,1,CORRECT
inst-xl,pony,32,0.810060977935791,0.021510958671569824,0.03604471683502197,0,1,CORRECT
inst-xl,pony,31,0.7859578132629395,0.005952715873718262,0.02065098285675049,0,0,INCORRECT
inst-xl,pony,33,0.8518780469894409,0.010692477226257324,0.06387126445770264,0,0,INCORRECT
inst-xl,pony,48,0.8415663242340088,0.009481430053710938,0.036095499992370605,1,1,CORRECT
inst-xl,pony,44,0.8704379200935364,0.040790438652038574,0.07206028699874878,0,0,CORRECT
inst-xl,pony,36,0.8044834136962891,0.007325649261474609,0.021378040313720703,1,1,CORRECT
inst-xl,pony,38,0.8042043447494507,0.008678913116455078,0.03044748306274414,1,1,CORRECT
inst-xl,pony,42,0.8087774515151978,0.028442859649658203,0.04381108283996582,0,1,CORRECT
inst-xl,pony,37,0.868133544921875,0.03196096420288086,0.06506741046905518,0,0,CORRECT
inst-xl,pony,46,0.8249606490135193,0.039707958698272705,0.054087698459625244,0,0,CORRECT
inst-xl,pony,39,0.8460511565208435,0.03994816541671753,0.0783882737159729,1,1,INCORRECT
inst-xl,pony,41,0.8297907710075378,0.01360940933227539,0.03903740644454956,0,0,CORRECT
inst-xl,pony,40,0.8178197145462036,0.025899112224578857,0.03770613670349121,1,1,INCORRECT
inst-xl,pony,47,0.7845328450202942,0.013278663158416748,0.036537349224090576,0,1,CORRECT
inst-xl,pony,43,0.8331003785133362,0.016050636768341064,0.041458070278167725,0,0,INCORRECT
inst-xl,pony,45,0.7883400321006775,0.0036370158195495605,0.020944058895111084,1,1,INCORRECT
inst-xl,pony,59,0.8856059312820435,0.059304118156433105,0.09135425090789795,0,0,CORRECT
inst-xl,pony,51,0.8150696754455566,0.009322941303253174,0.018030285835266113,1,1,CORRECT
inst-xl,pony,50,0.8229080438613892,0.005751132965087891,0.023827791213989258,0,1,CORRECT
inst-xl,pony,52,0.8141429424285889,0.009911894798278809,0.026082158088684082,0,0,INCORRECT
inst-xl,pony,49,0.8423129916191101,0.019620537757873535,0.03986436128616333,0,0,INCORRECT
inst-xl,pony,53,0.8101757764816284,0.008179664611816406,0.023022949695587158,0,1,INCORRECT
inst-xl,pony,54,0.857033371925354,0.03313910961151123,0.056781649589538574,0,1,CORRECT
inst-xl,pony,55,0.795085072517395,0.005601048469543457,0.018483996391296387,0,1,CORRECT
inst-xl,pony,56,0.8426161408424377,0.03199833631515503,0.04918605089187622,0,0,CORRECT
inst-xl,pony,57,0.8041536808013916,0.009647727012634277,0.0294649600982666,0,0,INCORRECT
inst-xl,pony,58,0.8129074573516846,0.009497404098510742,0.021906137466430664,1,1,CORRECT
inst-xl,pony,61,0.829204797744751,0.02337801456451416,0.03729581832885742,0,1,INCORRECT
inst-xl,pony,63,0.8762252926826477,0.019999563694000244,0.06926566362380981,0,0,INCORRECT
inst-xl,pony,60,0.8156702518463135,0.01103883981704712,0.028661489486694336,0,0,CORRECT
inst-xl,pony,64,0.8023198843002319,0.010264873504638672,0.020827531814575195,1,1,INCORRECT
inst-xl,pony,68,0.7991113662719727,0.011148929595947266,0.019504010677337646,0,1,INCORRECT
inst-xl,pony,70,0.8084052801132202,0.007261037826538086,0.013597846031188965,0,0,CORRECT
inst-xl,pony,67,0.8170440196990967,0.007025003433227539,0.022346854209899902,0,1,CORRECT
inst-xl,pony,71,0.7992242574691772,0.019615232944488525,0.032831788063049316,0,1,INCORRECT
inst-xl,pony,66,0.7947856187820435,0.0075081586837768555,0.020965576171875,0,1,CORRECT
inst-xl,pony,69,0.8663673400878906,0.026531875133514404,0.050628721714019775,0,0,CORRECT
inst-xl,pony,75,0.838901937007904,0.01702660322189331,0.039164960384368896,0,0,CORRECT
inst-xl,pony,76,0.8093338012695312,0.008601903915405273,0.01716303825378418,0,0,CORRECT
inst-xl,pony,77,0.8189711570739746,0.009794235229492188,0.0322573184967041,0,0,CORRECT
inst-xl,pony,72,0.8422359824180603,0.013076961040496826,0.03668421506881714,0,0,CORRECT
inst-xl,pony,74,0.8078609704971313,0.014423370361328125,0.03490656614303589,0,0,INCORRECT
inst-xl,pony,79,0.8343300819396973,0.010797441005706787,0.0285494327545166,0,0,CORRECT
inst-xl,pony,78,0.8170585632324219,0.013059616088867188,0.02845132350921631,0,1,INCORRECT
inst-xl,pony,82,0.8386335968971252,0.02746063470840454,0.04710596799850464,0,0,CORRECT
inst-xl,pony,81,0.8139486312866211,0.007741272449493408,0.018494367599487305,0,0,CORRECT
inst-xl,pony,84,0.810477614402771,0.0073708295822143555,0.022821664810180664,0,0,INCORRECT
inst-xl,pony,85,0.8101435899734497,0.009916841983795166,0.023888349533081055,0,1,INCORRECT
inst-xl,pony,83,0.8160362243652344,0.00902247428894043,0.032234787940979004,0,1,CORRECT
inst-xl,pony,80,0.8140637874603271,0.016258299350738525,0.0313953161239624,0,1,INCORRECT
inst-xl,pony,62,0.7891685366630554,0.01046288013458252,0.023474156856536865,0,0,CORRECT
inst-xl,pony,91,0.8188237547874451,0.029284894466400146,0.045304834842681885,0,1,CORRECT
inst-xl,pony,90,0.8137669563293457,0.00417327880859375,0.027097225189208984,0,0,INCORRECT
inst-xl,pony,89,0.8247995376586914,0.016880273818969727,0.03201645612716675,0,1,CORRECT
inst-xl,pony,87,0.8558357954025269,0.022494792938232422,0.04708528518676758,0,0,INCORRECT
inst-xl,pony,88,0.8498174548149109,0.01838308572769165,0.028989136219024658,0,0,CORRECT
inst-xl,pony,65,0.8228393793106079,0.010500609874725342,0.03629940748214722,0,0,INCORRECT
inst-xl,pony,73,0.8155837655067444,0.022018373012542725,0.032531797885894775,0,0,CORRECT
inst-xl,pony,86,0.8316901922225952,0.00854027271270752,0.03694796562194824,0,0,INCORRECT
inst-xl,pony,92,0.8336734771728516,0.017045974731445312,0.03153502941131592,1,1,INCORRECT
inst-xl,pony,93,0.8422807455062866,0.020159244537353516,0.037803053855895996,0,0,INCORRECT
inst-xl,pony,96,0.8218919038772583,0.010315656661987305,0.01881122589111328,0,0,CORRECT
inst-xl,pony,98,0.8393073081970215,0.018935024738311768,0.03036320209503174,0,0,CORRECT
inst-xl,pony,94,0.7948200106620789,0.008796751499176025,0.021315932273864746,0,0,INCORRECT
inst-xl,pony,97,0.8063197135925293,0.012308239936828613,0.028628766536712646,0,1,CORRECT
inst-xl,pony,95,0.8095595836639404,0.011508941650390625,0.02542424201965332,0,0,INCORRECT
inst-xl,pony,99,0.7872833013534546,0.013928771018981934,0.03640091419219971,0,1,CORRECT
inst-xl,pony,108,0.7711659669876099,0.011865735054016113,0.021610021591186523,0,0,CORRECT
inst-xl,pony,103,0.8097273707389832,0.016263306140899658,0.029636263847351074,1,1,INCORRECT
inst-xl,pony,101,0.8215835094451904,0.011063456535339355,0.029997706413269043,1,1,CORRECT
inst-xl,pony,100,0.8213583827018738,0.013069510459899902,0.030321061611175537,1,1,CORRECT
inst-xl,pony,105,0.8586545586585999,0.02271980047225952,0.047723591327667236,0,0,CORRECT
inst-xl,pony,107,0.8309004306793213,0.0127488374710083,0.0350644588470459,0,0,INCORRECT
inst-xl,pony,104,0.8390872478485107,0.018242478370666504,0.05270814895629883,0,1,CORRECT
inst-xl,pony,106,0.8251000046730042,0.005661308765411377,0.02894693613052368,0,0,CORRECT
inst-xl,pony,102,0.7637225985527039,0.00916522741317749,0.028396189212799072,0,1,CORRECT
inst-xl,pony,109,0.8110083341598511,0.006293058395385742,0.01595926284790039,0,0,INCORRECT
inst-xl,psychology,1,0.7380281686782837,0.022814035415649414,0.042174696922302246,1,1,CORRECT
inst-xl,psychology,12,0.7916678190231323,0.006324052810668945,0.03284800052642822,1,1,CORRECT
inst-xl,psychology,2,0.8838958740234375,0.03567272424697876,0.057533860206604004,0,0,CORRECT
inst-xl,psychology,9,0.8536058068275452,0.048002421855926514,0.07790833711624146,1,1,CORRECT
inst-xl,pony,111,0.8162081241607666,0.007850825786590576,0.0216139554977417,0,1,CORRECT
inst-xl,pony,110,0.8061458468437195,0.016311705112457275,0.0277366042137146,0,1,CORRECT
inst-xl,psychology,0,0.7855799198150635,0.016059041023254395,0.04155951738357544,0,0,INCORRECT
inst-xl,psychology,5,0.877417802810669,0.0518193244934082,0.08398795127868652,0,0,CORRECT
inst-xl,psychology,6,0.7901225090026855,0.009360551834106445,0.03224503993988037,0,1,CORRECT
inst-xl,psychology,7,0.8004155158996582,0.005656898021697998,0.02119743824005127,0,1,INCORRECT
inst-xl,psychology,8,0.8556583523750305,0.053741633892059326,0.09661966562271118,0,0,CORRECT
inst-xl,psychology,11,0.763630747795105,0.01142948865890503,0.03143888711929321,0,0,INCORRECT
inst-xl,psychology,10,0.7962827682495117,0.008459687232971191,0.025867879390716553,0,1,CORRECT
inst-xl,psychology,3,0.8156468272209167,0.026369452476501465,0.07242763042449951,0,1,CORRECT
inst-xl,psychology,17,0.7952519655227661,0.0270158052444458,0.04314160346984863,1,1,CORRECT
inst-xl,psychology,13,0.7996587753295898,0.010344624519348145,0.03790450096130371,1,1,INCORRECT
inst-xl,psychology,4,0.8572114109992981,0.045990049839019775,0.06425034999847412,1,1,CORRECT
inst-xl,psychology,19,0.8294214010238647,0.028209686279296875,0.1147615909576416,1,1,CORRECT
inst-xl,psychology,20,0.7908014059066772,0.02847003936767578,0.050793349742889404,1,1,CORRECT
inst-xl,psychology,14,0.8276320099830627,0.04279094934463501,0.06167572736740112,0,0,CORRECT
inst-xl,psychology,16,0.7611232995986938,0.016576528549194336,0.042429447174072266,0,1,CORRECT
inst-xl,psychology,15,0.802359938621521,0.024143755435943604,0.04805898666381836,0,0,CORRECT
inst-xl,psychology,18,0.8220218420028687,0.010869860649108887,0.05070662498474121,1,1,CORRECT
inst-xl,psychology,24,0.8052752614021301,0.02964240312576294,0.053913235664367676,0,0,INCORRECT
inst-xl,psychology,23,0.9107269048690796,0.06156688928604126,0.09959554672241211,0,1,INCORRECT
inst-xl,psychology,27,0.8184400796890259,0.013105154037475586,0.033606886863708496,0,0,INCORRECT
inst-xl,psychology,33,0.8224920034408569,0.019551753997802734,0.03714662790298462,1,1,CORRECT
inst-xl,psychology,21,0.8521947860717773,0.031836509704589844,0.05809056758880615,0,0,INCORRECT
inst-xl,psychology,26,0.8244396448135376,0.02337247133255005,0.06436127424240112,1,1,CORRECT
inst-xl,psychology,25,0.7681442499160767,0.012033581733703613,0.040976762771606445,0,1,CORRECT
inst-xl,psychology,22,0.9235590696334839,0.037283122539520264,0.08644860982894897,0,0,CORRECT
inst-xl,psychology,31,0.8103240728378296,0.06218510866165161,0.08197689056396484,1,1,CORRECT
inst-xl,psychology,28,0.8427233695983887,0.03381633758544922,0.05338931083679199,1,1,INCORRECT
inst-xl,psychology,30,0.8191027045249939,0.0306246280670166,0.07021141052246094,1,1,CORRECT
inst-xl,psychology,29,0.8222434520721436,0.045994341373443604,0.07523548603057861,1,1,CORRECT
inst-xl,psychology,34,0.8385269641876221,0.024898052215576172,0.060406386852264404,0,0,CORRECT
inst-xl,psychology,32,0.8164961338043213,0.016074538230895996,0.03933662176132202,0,0,CORRECT
inst-xl,psychology,36,0.7647721767425537,0.010091900825500488,0.03547590970993042,0,0,CORRECT
inst-xl,psychology,35,0.8242486715316772,0.017859220504760742,0.08496487140655518,1,1,CORRECT
inst-xl,psychology,43,0.8454023003578186,0.026510536670684814,0.06919187307357788,1,1,CORRECT
inst-xl,psychology,38,0.7948554754257202,0.025748014450073242,0.051023781299591064,1,1,CORRECT
inst-xl,psychology,39,0.7779197692871094,0.007163107395172119,0.03820377588272095,0,0,INCORRECT
inst-xl,psychology,40,0.8057458400726318,0.02551370859146118,0.0508885383605957,0,0,INCORRECT
inst-xl,psychology,48,0.7330769896507263,0.012592732906341553,0.03261697292327881,1,1,CORRECT
inst-xl,psychology,51,0.7824915647506714,0.014528989791870117,0.04803323745727539,1,1,CORRECT
inst-xl,psychology,37,0.8335274457931519,0.01309514045715332,0.04422008991241455,1,1,INCORRECT
inst-xl,psychology,41,0.7923071980476379,0.052950263023376465,0.08258718252182007,0,1,INCORRECT
inst-xl,psychology,44,0.8371990919113159,0.014870941638946533,0.037976205348968506,0,0,INCORRECT
inst-xl,psychology,46,0.8263696432113647,0.0177229642868042,0.0519787073135376,0,0,CORRECT
inst-xl,psychology,42,0.8405336141586304,0.007072806358337402,0.04223275184631348,1,1,CORRECT
inst-xl,psychology,45,0.8199347257614136,0.021014928817749023,0.04147833585739136,0,1,CORRECT
inst-xl,psychology,49,0.7868490219116211,0.01279306411743164,0.02758800983428955,0,1,INCORRECT
inst-xl,psychology,50,0.7881698608398438,0.020922064781188965,0.04220467805862427,0,1,CORRECT
inst-xl,psychology,52,0.818759560585022,0.016732096672058105,0.03636312484741211,0,1,INCORRECT
inst-xl,psychology,55,0.7901447415351868,0.04334521293640137,0.058705270290374756,0,0,INCORRECT
inst-xl,psychology,53,0.8229314088821411,0.045327603816986084,0.062306880950927734,1,1,CORRECT
inst-xl,psychology,47,0.7768386602401733,0.021494925022125244,0.04392552375793457,1,1,CORRECT
inst-xl,psychology,54,0.8092128038406372,0.02782505750656128,0.058135032653808594,0,0,CORRECT
inst-xl,psychology,58,0.8396850824356079,0.007502853870391846,0.05173546075820923,0,0,CORRECT
inst-xl,psychology,56,0.8223525285720825,0.02185755968093872,0.04908716678619385,0,0,CORRECT
inst-xl,psychology,65,0.810093343257904,0.02149742841720581,0.0425531268119812,1,1,INCORRECT
inst-xl,psychology,57,0.829067587852478,0.030032992362976074,0.09945690631866455,1,1,CORRECT
inst-xl,psychology,61,0.8038638830184937,0.03175133466720581,0.054932594299316406,1,1,CORRECT
inst-xl,psychology,59,0.8773354291915894,0.05300796031951904,0.07862544059753418,0,1,CORRECT
inst-xl,psychology,62,0.7976360321044922,0.01715850830078125,0.03966379165649414,0,1,CORRECT
inst-xl,psychology,64,0.777390718460083,0.016571402549743652,0.04267013072967529,0,1,INCORRECT
inst-xl,psychology,63,0.7789442539215088,0.011949419975280762,0.0325547456741333,0,0,INCORRECT
inst-xl,psychology,60,0.8224673271179199,0.015575289726257324,0.03509402275085449,1,1,CORRECT
inst-xl,psychology,67,0.8515331745147705,0.05595880746841431,0.09736299514770508,1,1,CORRECT
inst-xl,psychology,66,0.8502821326255798,0.028524577617645264,0.0728798508644104,1,1,CORRECT
inst-xl,psychology,68,0.8351342678070068,0.02042287588119507,0.0701524019241333,1,1,CORRECT
inst-xl,psychology,70,0.806759774684906,0.01325833797454834,0.03734344244003296,0,0,INCORRECT
inst-xl,psychology,81,0.8148906230926514,0.04184567928314209,0.06613373756408691,1,1,CORRECT
inst-xl,psychology,71,0.837627649307251,0.02780669927597046,0.04918873310089111,1,1,CORRECT
inst-xl,psychology,69,0.8187118768692017,0.0305669903755188,0.06628662347793579,0,1,INCORRECT
inst-xl,psychology,74,0.7190474271774292,0.008661210536956787,0.02571427822113037,1,1,CORRECT
inst-xl,psychology,77,0.7775667905807495,0.019432544708251953,0.04517829418182373,0,0,INCORRECT
inst-xl,psychology,72,0.845065712928772,0.011261403560638428,0.04327845573425293,1,1,CORRECT
inst-xl,psychology,75,0.8818678259849548,0.04148167371749878,0.09925055503845215,0,0,CORRECT
inst-xl,psychology,73,0.8292927742004395,0.01703464984893799,0.03131479024887085,0,0,CORRECT
inst-xl,psychology,80,0.8157905340194702,0.03278505802154541,0.04905819892883301,1,1,CORRECT
inst-xl,psychology,76,0.8362840414047241,0.02707052230834961,0.06039351224899292,1,1,CORRECT
inst-xl,psychology,79,0.8507162928581238,0.04220801591873169,0.0806809663772583,1,1,CORRECT
inst-xl,psychology,78,0.7946563959121704,0.01719909906387329,0.033304691314697266,1,1,CORRECT
inst-xl,psychology,83,0.8495973348617554,0.05462539196014404,0.06502926349639893,0,0,INCORRECT
inst-xl,psychology,85,0.7925796508789062,0.02137547731399536,0.07463717460632324,0,0,INCORRECT
inst-xl,psychology,86,0.8454087972640991,0.0748898983001709,0.12672650814056396,1,1,CORRECT
inst-xl,psychology,87,0.7706961631774902,0.01118922233581543,0.02737635374069214,0,0,INCORRECT
inst-xl,psychology,84,0.8398966193199158,0.015101253986358643,0.0610927939414978,1,1,CORRECT
inst-xl,psychology,82,0.8056532740592957,0.012666702270507812,0.04746443033218384,1,1,CORRECT
inst-xl,psychology,88,0.8486982583999634,0.029941558837890625,0.07378995418548584,1,1,CORRECT
inst-xl,psychology,89,0.7975368499755859,0.020435452461242676,0.03324764966964722,1,1,INCORRECT
inst-xl,psychology,90,0.8601354360580444,0.03387749195098877,0.05598104000091553,0,1,INCORRECT
inst-xl,psychology,92,0.8405691385269165,0.043041884899139404,0.07111966609954834,1,1,CORRECT
inst-xl,psychology,93,0.8147528171539307,0.02490711212158203,0.06007629632949829,0,0,INCORRECT
inst-xl,psychology,91,0.8336304426193237,0.011491775512695312,0.04500824213027954,1,1,CORRECT
inst-xl,psychology,97,0.8118518590927124,0.00891190767288208,0.04365396499633789,0,1,INCORRECT
inst-xl,psychology,94,0.7982810735702515,0.01885974407196045,0.03636574745178223,0,0,INCORRECT
inst-xl,psychology,95,0.7921545505523682,0.019813895225524902,0.04785144329071045,0,0,INCORRECT
inst-xl,psychology,96,0.7668817043304443,0.02362757921218872,0.04166513681411743,1,1,CORRECT
inst-xl,psychology,100,0.8254423141479492,0.02050018310546875,0.06308996677398682,0,0,INCORRECT
inst-xl,psychology,98,0.8157476186752319,0.01865243911743164,0.051337599754333496,0,0,CORRECT
inst-xl,psychology,99,0.830270528793335,0.04010903835296631,0.07344925403594971,0,0,CORRECT
inst-xl,robotics,1,0.8273358941078186,0.04003089666366577,0.06229579448699951,0,0,INCORRECT
inst-xl,robotics,0,0.8088029623031616,0.020014941692352295,0.04225403070449829,0,0,CORRECT
inst-xl,robotics,5,0.8871949911117554,0.07368582487106323,0.10100090503692627,0,0,CORRECT
inst-xl,robotics,3,0.848146915435791,0.016818761825561523,0.041936516761779785,1,1,INCORRECT
inst-xl,robotics,2,0.9071285724639893,0.006199896335601807,0.019063949584960938,1,1,CORRECT
inst-xl,robotics,6,0.8937369585037231,0.030773639678955078,0.08195304870605469,0,0,CORRECT
inst-xl,robotics,8,0.8658168315887451,0.04666203260421753,0.08029311895370483,1,1,CORRECT
inst-xl,robotics,4,0.8784496784210205,0.014436066150665283,0.03418874740600586,0,0,CORRECT
inst-xl,robotics,7,0.9104337096214294,0.015379726886749268,0.03452795743942261,1,1,CORRECT
inst-xl,robotics,9,0.8318397998809814,0.03576159477233887,0.059711754322052,0,0,INCORRECT
inst-xl,robotics,10,0.7962150573730469,0.018621861934661865,0.04064929485321045,1,1,CORRECT
inst-xl,robotics,11,0.8769328594207764,0.021216273307800293,0.052002906799316406,0,0,CORRECT
inst-xl,robotics,14,0.8357522487640381,0.0063446760177612305,0.026326537132263184,0,0,INCORRECT
inst-xl,robotics,12,0.8795154094696045,0.012942790985107422,0.034069061279296875,0,0,CORRECT
inst-xl,robotics,15,0.8553874492645264,0.010518968105316162,0.037123799324035645,1,1,CORRECT
inst-xl,robotics,13,0.8673920631408691,0.03681999444961548,0.06672656536102295,0,0,CORRECT
inst-xl,robotics,17,0.9127273559570312,0.0260775089263916,0.052985310554504395,0,1,CORRECT
inst-xl,robotics,16,0.8216193914413452,0.002210557460784912,0.0203554630279541,0,1,INCORRECT
inst-xl,robotics,18,0.8716320395469666,0.007382631301879883,0.029062092304229736,0,1,CORRECT
inst-xl,robotics,19,0.8449327945709229,0.008168280124664307,0.0299530029296875,0,0,CORRECT
inst-xl,robotics,20,0.9168996810913086,0.015017271041870117,0.028063297271728516,0,1,CORRECT
inst-xl,robotics,23,0.8734472990036011,0.0070236921310424805,0.01860058307647705,1,1,CORRECT
inst-xl,robotics,21,0.8500282764434814,0.03823786973953247,0.06688743829727173,0,0,CORRECT
inst-xl,robotics,22,0.8217973113059998,0.014286339282989502,0.05142563581466675,0,1,CORRECT
inst-xl,robotics,31,0.8537452220916748,0.02001434564590454,0.04435998201370239,0,0,CORRECT
inst-xl,robotics,24,0.8025010228157043,0.01614624261856079,0.0296059250831604,1,1,CORRECT
inst-xl,robotics,26,0.8706536293029785,0.034719228744506836,0.05897313356399536,1,1,CORRECT
inst-xl,robotics,28,0.8380204439163208,0.016956567764282227,0.05273091793060303,0,0,INCORRECT
inst-xl,robotics,27,0.8972761631011963,0.0174940824508667,0.1012762188911438,1,1,CORRECT
inst-xl,robotics,25,0.8526902198791504,0.04150533676147461,0.06680309772491455,0,0,CORRECT
inst-xl,robotics,29,0.8564183115959167,0.023178517818450928,0.041740596294403076,0,0,CORRECT
inst-xl,robotics,34,0.7875833511352539,0.041416287422180176,0.05906254053115845,0,0,INCORRECT
inst-xl,robotics,32,0.8524656295776367,0.01889747381210327,0.04422426223754883,0,0,CORRECT
inst-xl,robotics,30,0.8565551042556763,0.01775592565536499,0.03885340690612793,0,0,CORRECT
inst-xl,robotics,33,0.8470181226730347,0.02462005615234375,0.04081284999847412,0,0,CORRECT
inst-xl,robotics,35,0.8273252248764038,0.019631147384643555,0.05032438039779663,0,0,CORRECT
inst-xl,robotics,46,0.824266254901886,0.01108086109161377,0.03859323263168335,1,1,CORRECT
inst-xl,robotics,36,0.8521238565444946,0.038091182708740234,0.06291556358337402,1,1,CORRECT
inst-xl,robotics,39,0.8286406993865967,0.027801990509033203,0.05957937240600586,1,1,CORRECT
inst-xl,robotics,37,0.877792239189148,0.018753767013549805,0.05379021167755127,0,0,CORRECT
inst-xl,robotics,42,0.8527469038963318,0.024732649326324463,0.029713094234466553,0,0,INCORRECT
inst-xl,robotics,44,0.8381565809249878,0.01839268207550049,0.035072267055511475,0,0,INCORRECT
inst-xl,robotics,41,0.8672515153884888,0.022812247276306152,0.03478097915649414,0,0,CORRECT
inst-xl,robotics,38,0.8990667462348938,0.05815011262893677,0.08524996042251587,1,1,INCORRECT
inst-xl,robotics,45,0.8984310626983643,0.009559392929077148,0.02118748426437378,1,1,CORRECT
inst-xl,robotics,43,0.8658080101013184,0.02420705556869507,0.04982292652130127,0,1,INCORRECT
inst-xl,robotics,40,0.9157743453979492,0.025047898292541504,0.04246753454208374,0,0,INCORRECT
inst-xl,robotics,49,0.8813878297805786,0.025660276412963867,0.05564403533935547,1,1,CORRECT
inst-xl,robotics,48,0.8892994523048401,0.00826120376586914,0.015494167804718018,1,1,CORRECT
inst-xl,robotics,51,0.8204917311668396,0.012351632118225098,0.030780553817749023,0,0,INCORRECT
inst-xl,robotics,47,0.9009790420532227,0.0037531256675720215,0.014907240867614746,1,1,CORRECT
inst-xl,robotics,52,0.8281060457229614,0.012342393398284912,0.04471898078918457,0,0,CORRECT
inst-xl,robotics,50,0.8310707807540894,0.026243090629577637,0.04846477508544922,1,1,CORRECT
inst-xl,robotics,53,0.8791263699531555,0.03538745641708374,0.05475795269012451,0,0,CORRECT
inst-xl,robotics,54,0.823462724685669,0.012880921363830566,0.02201688289642334,1,1,CORRECT
inst-xl,robotics,59,0.8363347053527832,0.0049141645431518555,0.0286409854888916,1,1,CORRECT
inst-xl,robotics,55,0.9356732964515686,0.049855053424835205,0.060471951961517334,0,0,CORRECT
inst-xl,robotics,60,0.8359248638153076,0.0022749900817871094,0.023594558238983154,0,0,CORRECT
inst-xl,robotics,56,0.9041760563850403,0.010940909385681152,0.03161340951919556,0,0,CORRECT
inst-xl,robotics,61,0.9194986820220947,0.018750429153442383,0.07444453239440918,0,0,CORRECT
inst-xl,robotics,57,0.8943780660629272,0.019859492778778076,0.06737393140792847,0,0,CORRECT
inst-xl,robotics,58,0.9099637269973755,0.013370990753173828,0.03570300340652466,1,1,CORRECT
inst-xl,robotics,63,0.903221607208252,0.06924092769622803,0.09024763107299805,1,1,CORRECT
inst-xl,robotics,65,0.8779062032699585,0.016520202159881592,0.03197824954986572,0,0,INCORRECT
inst-xl,robotics,62,0.9339200854301453,0.02619260549545288,0.05162423849105835,0,0,CORRECT
inst-xl,robotics,64,0.9022958278656006,0.07626873254776001,0.09816592931747437,1,1,CORRECT
inst-xl,robotics,66,0.8762485980987549,0.016020774841308594,0.0357818603515625,0,0,CORRECT
inst-xl,robotics,67,0.8286193013191223,0.013846635818481445,0.03875690698623657,0,0,CORRECT
inst-xl,robotics,73,0.8163295984268188,0.002827286720275879,0.03594791889190674,0,1,INCORRECT
inst-xl,robotics,80,0.8414198160171509,0.006264030933380127,0.040288686752319336,0,0,INCORRECT
inst-xl,robotics,71,0.8765223026275635,0.01659548282623291,0.026462316513061523,0,0,INCORRECT
inst-xl,robotics,68,0.8364872932434082,0.01708829402923584,0.043485045433044434,1,1,CORRECT
inst-xl,robotics,72,0.8345101475715637,0.027114808559417725,0.04168039560317993,0,0,CORRECT
inst-xl,robotics,70,0.911170244216919,0.010864019393920898,0.02977895736694336,1,1,CORRECT
inst-xl,robotics,75,0.8954455256462097,0.03206127882003784,0.080264151096344,1,1,CORRECT
inst-xl,robotics,74,0.92527174949646,0.027550220489501953,0.08695757389068604,0,0,INCORRECT
inst-xl,robotics,77,0.8298540115356445,0.0027837753295898438,0.03483009338378906,0,0,INCORRECT
inst-xl,robotics,69,0.9082318544387817,0.008242011070251465,0.026133477687835693,1,1,CORRECT
inst-xl,robotics,78,0.8977442979812622,0.0374106764793396,0.06530773639678955,1,1,CORRECT
inst-xl,robotics,81,0.8758152723312378,0.052880287170410156,0.07134413719177246,0,0,CORRECT
inst-xl,robotics,79,0.8750801682472229,0.03249967098236084,0.050060153007507324,0,0,CORRECT
inst-xl,robotics,82,0.8599852323532104,0.02423924207687378,0.04024231433868408,0,1,CORRECT
inst-xl,robotics,76,0.9125055074691772,0.00984722375869751,0.03126245737075806,0,0,CORRECT
inst-xl,robotics,83,0.8926982879638672,0.03559011220932007,0.06291782855987549,0,1,CORRECT
inst-xl,robotics,92,0.7762228846549988,0.028593122959136963,0.0520477294921875,1,1,CORRECT
inst-xl,robotics,88,0.8441777229309082,0.013086676597595215,0.04614114761352539,0,0,CORRECT
inst-xl,robotics,85,0.9078544974327087,0.007494628429412842,0.01935434341430664,1,1,CORRECT
inst-xl,robotics,87,0.8440457582473755,0.054038047790527344,0.07465630769729614,0,0,CORRECT
inst-xl,robotics,86,0.90445476770401,0.03673368692398071,0.08372765779495239,1,1,CORRECT
inst-xl,robotics,84,0.8959685564041138,0.01012110710144043,0.01867067813873291,0,0,CORRECT
inst-xl,robotics,91,0.8707600831985474,0.04593348503112793,0.07201504707336426,1,1,CORRECT
inst-xl,robotics,90,0.8325221538543701,0.007225990295410156,0.029135584831237793,0,1,INCORRECT
inst-xl,robotics,93,0.9579108953475952,0.08399045467376709,0.11055153608322144,1,1,CORRECT
inst-xl,robotics,89,0.9242922067642212,0.023723840713500977,0.03392636775970459,0,0,CORRECT
inst-xl,robotics,96,0.8572098016738892,0.02477443218231201,0.0434299111366272,0,0,INCORRECT
inst-xl,robotics,94,0.8970173597335815,0.01917243003845215,0.060743093490600586,1,1,CORRECT
inst-xl,robotics,97,0.8728382587432861,0.00671696662902832,0.0383378267288208,0,0,INCORRECT
inst-xl,robotics,95,0.859266996383667,0.03368622064590454,0.058203816413879395,0,0,CORRECT
inst-xl,robotics,98,0.8292291164398193,0.00901252031326294,0.031956493854522705,0,0,CORRECT
inst-xl,robotics,99,0.8706973791122437,0.021661698818206787,0.047557830810546875,0,0,CORRECT
inst-xl,stackoverflow,0,0.8090088963508606,0.008255302906036377,0.021423399448394775,0,0,CORRECT
inst-xl,robotics,100,0.8548355102539062,0.013430297374725342,0.02702629566192627,0,0,INCORRECT
inst-xl,stackoverflow,2,0.8549269437789917,0.018634796142578125,0.04549813270568848,0,0,CORRECT
inst-xl,stackoverflow,3,0.8733246326446533,0.0207061767578125,0.03902369737625122,0,0,CORRECT
inst-xl,stackoverflow,4,0.8543118238449097,0.012849926948547363,0.03702998161315918,0,0,CORRECT
inst-xl,stackoverflow,1,0.812554121017456,0.018125414848327637,0.03147578239440918,0,1,CORRECT
inst-xl,stackoverflow,7,0.8505066633224487,0.03413975238800049,0.04812359809875488,0,0,CORRECT
inst-xl,stackoverflow,6,0.8858697414398193,0.02760469913482666,0.04619854688644409,0,1,CORRECT
inst-xl,stackoverflow,8,0.8054025173187256,0.01794642210006714,0.02871263027191162,0,0,CORRECT
inst-xl,stackoverflow,5,0.8565326929092407,0.0067288875579833984,0.027594327926635742,0,1,CORRECT
inst-xl,stackoverflow,13,0.8813503980636597,0.0051190853118896484,0.015488028526306152,1,1,CORRECT
inst-xl,stackoverflow,14,0.8611139059066772,0.04350775480270386,0.06837940216064453,0,1,CORRECT
inst-xl,stackoverflow,10,0.9002881646156311,0.0033606290817260742,0.02967381477355957,1,1,CORRECT
inst-xl,stackoverflow,11,0.8748660087585449,0.019640743732452393,0.02550673484802246,0,0,CORRECT
inst-xl,stackoverflow,9,0.8684091567993164,0.010319232940673828,0.02365553379058838,0,0,INCORRECT
inst-xl,stackoverflow,12,0.8134039640426636,0.024814367294311523,0.04494601488113403,1,1,CORRECT
inst-xl,stackoverflow,20,0.853235125541687,0.003148198127746582,0.021381795406341553,0,1,CORRECT
inst-xl,stackoverflow,19,0.842219352722168,0.023024797439575195,0.040596723556518555,0,0,CORRECT
inst-xl,stackoverflow,17,0.8472604751586914,0.0008224248886108398,0.004380583763122559,0,0,CORRECT
inst-xl,stackoverflow,16,0.8682507276535034,0.022913455963134766,0.06924092769622803,1,1,CORRECT
inst-xl,stackoverflow,15,0.8830845355987549,0.016788244247436523,0.03236967325210571,0,0,CORRECT
inst-xl,stackoverflow,18,0.8460235595703125,0.007849812507629395,0.04126262664794922,0,0,CORRECT
inst-xl,stackoverflow,23,0.8705638647079468,0.03124547004699707,0.05959677696228027,0,0,CORRECT
inst-xl,stackoverflow,22,0.963721752166748,0.035952091217041016,0.11919134855270386,0,0,INCORRECT
inst-xl,stackoverflow,24,0.8606034517288208,0.01619476079940796,0.028908729553222656,0,1,CORRECT
inst-xl,stackoverflow,21,0.8636801242828369,0.006924033164978027,0.01867276430130005,0,0,CORRECT
inst-xl,stackoverflow,28,0.8292440176010132,0.017823457717895508,0.033493995666503906,0,0,CORRECT
inst-xl,stackoverflow,25,0.8659658432006836,0.023485660552978516,0.0521695613861084,0,1,CORRECT
inst-xl,stackoverflow,26,0.8523737192153931,0.01835578680038452,0.042516231536865234,0,0,INCORRECT
inst-xl,stackoverflow,27,0.8893678784370422,0.03476077318191528,0.08668828010559082,0,0,INCORRECT
inst-xl,stackoverflow,30,0.8078325986862183,0.0213964581489563,0.025737762451171875,1,1,INCORRECT
inst-xl,stackoverflow,29,0.8610473871231079,0.02198338508605957,0.04320847988128662,0,0,CORRECT
inst-xl,stackoverflow,31,0.798794150352478,0.04235243797302246,0.05939829349517822,1,1,CORRECT
inst-xl,stackoverflow,32,0.8198521137237549,0.01851487159729004,0.04230940341949463,0,0,INCORRECT
inst-xl,stackoverflow,35,0.8538217544555664,0.004335761070251465,0.016584038734436035,0,0,CORRECT
inst-xl,stackoverflow,33,0.8644013404846191,0.009740233421325684,0.019453048706054688,0,0,CORRECT
inst-xl,stackoverflow,36,0.84300696849823,0.014104723930358887,0.07581460475921631,0,0,CORRECT
inst-xl,stackoverflow,38,0.8490538597106934,0.015156269073486328,0.047821223735809326,0,1,CORRECT
inst-xl,stackoverflow,40,0.8326249122619629,0.011118888854980469,0.02641373872756958,0,0,INCORRECT
inst-xl,stackoverflow,39,0.9311888813972473,0.030991852283477783,0.05873960256576538,1,1,CORRECT
inst-xl,stackoverflow,37,0.8241618871688843,0.005947470664978027,0.008087158203125,0,0,CORRECT
inst-xl,stackoverflow,34,0.864240288734436,0.010880470275878906,0.07419568300247192,1,1,CORRECT
inst-xl,stackoverflow,46,0.8105701208114624,0.04040336608886719,0.0617753267288208,0,1,CORRECT
inst-xl,stackoverflow,44,0.8870970010757446,0.0395200252532959,0.06607651710510254,1,1,CORRECT
inst-xl,stackoverflow,42,0.8102182149887085,0.012801885604858398,0.045365333557128906,1,1,CORRECT
inst-xl,stackoverflow,45,0.8640499114990234,0.0253371000289917,0.046889662742614746,0,1,CORRECT
inst-xl,stackoverflow,43,0.896106481552124,0.023962199687957764,0.03886592388153076,1,1,CORRECT
inst-xl,stackoverflow,47,0.9057623147964478,0.07156634330749512,0.110565185546875,1,1,CORRECT
inst-xl,stackoverflow,41,0.9117857217788696,0.002085864543914795,0.05146050453186035,0,1,CORRECT
inst-xl,stackoverflow,55,0.7957382202148438,0.0169297456741333,0.03872537612915039,1,1,CORRECT
inst-xl,stackoverflow,48,0.8292590975761414,0.030265867710113525,0.05791282653808594,1,1,CORRECT
inst-xl,stackoverflow,53,0.8737081289291382,0.016425251960754395,0.05050182342529297,0,1,CORRECT
inst-xl,stackoverflow,51,0.8207428455352783,0.004657268524169922,0.021368086338043213,1,1,CORRECT
inst-xl,stackoverflow,49,0.8347353935241699,0.015517592430114746,0.04364216327667236,1,1,CORRECT
inst-xl,stackoverflow,56,0.8747422695159912,0.021162092685699463,0.053522706031799316,1,1,CORRECT
inst-xl,stackoverflow,50,0.8535548448562622,0.007921576499938965,0.023118019104003906,1,1,CORRECT
inst-xl,stackoverflow,54,0.8347955346107483,0.014815807342529297,0.044827044010162354,0,1,CORRECT
inst-xl,stackoverflow,57,0.8849779963493347,0.02181476354598999,0.03792482614517212,0,0,CORRECT
inst-xl,stackoverflow,60,0.833674430847168,0.030576586723327637,0.04350101947784424,0,1,CORRECT
inst-xl,stackoverflow,61,0.869484543800354,0.0076757073402404785,0.033590078353881836,1,1,CORRECT
inst-xl,stackoverflow,58,0.8281335234642029,0.013987243175506592,0.016780197620391846,0,0,CORRECT
inst-xl,stackoverflow,59,0.8593689203262329,0.0459560751914978,0.06480216979980469,0,0,INCORRECT
inst-xl,stackoverflow,62,0.8884700536727905,0.009794831275939941,0.02665954828262329,0,1,CORRECT
inst-xl,stackoverflow,63,0.9156004190444946,0.08123356103897095,0.09192192554473877,0,0,CORRECT
inst-xl,stackoverflow,52,0.8763726949691772,0.02127748727798462,0.035072147846221924,1,1,CORRECT
inst-xl,stackoverflow,66,0.8618626594543457,0.016277849674224854,0.03540492057800293,0,0,CORRECT
inst-xl,stackoverflow,64,0.8680750131607056,0.021533608436584473,0.037617266178131104,1,1,CORRECT
inst-xl,stackoverflow,68,0.866531491279602,0.014752626419067383,0.043911755084991455,0,0,CORRECT
inst-xl,stackoverflow,70,0.8934299945831299,0.004814565181732178,0.01799750328063965,0,0,INCORRECT
inst-xl,stackoverflow,69,0.8374769687652588,0.02657550573348999,0.04723578691482544,0,0,INCORRECT
inst-xl,stackoverflow,67,0.8750357627868652,0.006017804145812988,0.03533458709716797,0,0,CORRECT
inst-xl,stackoverflow,65,0.8709416389465332,0.04462707042694092,0.07408440113067627,0,0,INCORRECT
inst-xl,stackoverflow,73,0.8916447162628174,0.030823111534118652,0.052944839000701904,0,0,CORRECT
inst-xl,stackoverflow,77,0.9202690124511719,0.012366175651550293,0.06386935710906982,0,1,CORRECT
inst-xl,stackoverflow,75,0.825162410736084,0.01962578296661377,0.04661858081817627,1,1,CORRECT
inst-xl,stackoverflow,74,0.8749351501464844,0.028914332389831543,0.03995633125305176,0,0,CORRECT
inst-xl,stackoverflow,76,0.8336787223815918,0.02349036931991577,0.05589699745178223,0,1,CORRECT
inst-xl,stackoverflow,72,0.8687667846679688,0.0646747350692749,0.09475696086883545,1,1,CORRECT
inst-xl,stackoverflow,71,0.8802133798599243,0.08660131692886353,0.11749827861785889,1,1,CORRECT
inst-xl,stackoverflow,78,0.8293007612228394,0.011545419692993164,0.01975226402282715,0,0,CORRECT
inst-xl,stackoverflow,82,0.8041695952415466,0.047547221183776855,0.0728604793548584,1,1,CORRECT
inst-xl,stackoverflow,86,0.8456268906593323,0.028596103191375732,0.0607340931892395,1,1,CORRECT
inst-xl,stackoverflow,79,0.8678532838821411,0.029223322868347168,0.042899250984191895,1,1,CORRECT
inst-xl,stackoverflow,83,0.8065069913864136,0.01076650619506836,0.02631533145904541,1,1,CORRECT
inst-xl,stackoverflow,81,0.851953387260437,0.0273054838180542,0.0504986047744751,0,0,INCORRECT
inst-xl,stackoverflow,80,0.861566424369812,0.017871975898742676,0.03751206398010254,0,1,CORRECT
inst-xl,stackoverflow,84,0.8102043867111206,0.02614879608154297,0.06782877445220947,1,1,CORRECT
inst-xl,stackoverflow,85,0.8529506325721741,0.008646070957183838,0.032350242137908936,1,1,CORRECT
inst-xl,stackoverflow,88,0.8884116411209106,0.04174107313156128,0.0926668643951416,1,1,CORRECT
inst-xl,stackoverflow,90,0.828205943107605,0.01941889524459839,0.05586308240890503,0,0,CORRECT
inst-xl,stackoverflow,91,0.7998093366622925,0.008172035217285156,0.020970702171325684,0,0,CORRECT
inst-xl,stackoverflow,89,0.8151015639305115,0.013080418109893799,0.03741544485092163,0,1,CORRECT
inst-xl,stackoverflow,93,0.9240329265594482,0.07139182090759277,0.10463166236877441,0,0,CORRECT
inst-xl,stackoverflow,87,0.8790992498397827,0.04286438226699829,0.09374445676803589,0,0,CORRECT
inst-xl,stackoverflow,92,0.8617175817489624,0.010145902633666992,0.03343677520751953,1,1,CORRECT
inst-xl,stackoverflow,94,0.8449139595031738,0.010647296905517578,0.03070765733718872,0,0,CORRECT
inst-xl,stackoverflow,95,0.8922940492630005,0.03831416368484497,0.12869751453399658,0,0,INCORRECT
inst-xl,stackoverflow,96,0.8609261512756348,0.016516566276550293,0.031466662883758545,0,0,CORRECT
inst-xl,stackoverflow,98,0.8884680867195129,0.011573731899261475,0.032678425312042236,1,1,CORRECT
inst-xl,stackoverflow,102,0.8894001245498657,0.028873443603515625,0.07331138849258423,1,1,CORRECT
inst-xl,stackoverflow,101,0.8814457654953003,0.022219061851501465,0.028453528881072998,0,0,CORRECT
inst-xl,stackoverflow,100,0.9127068519592285,0.07682466506958008,0.10447204113006592,0,1,CORRECT
inst-xl,stackoverflow,97,0.8168270587921143,0.012722373008728027,0.02699744701385498,0,0,CORRECT
inst-xl,stackoverflow,99,0.837365984916687,0.022793889045715332,0.04710829257965088,1,1,CORRECT
inst-xl,stackoverflow,103,0.9018371105194092,0.051055908203125,0.07282918691635132,0,1,CORRECT
inst-xl,stackoverflow,105,0.8795011043548584,0.03243643045425415,0.08305191993713379,1,1,CORRECT
inst-xl,stackoverflow,104,0.8551759719848633,0.029605865478515625,0.06119418144226074,0,1,CORRECT
inst-xl,stackoverflow,106,0.8448553085327148,0.015641212463378906,0.06808030605316162,0,1,INCORRECT
inst-xl,stackoverflow,107,0.8912268877029419,0.03192329406738281,0.1039043664932251,1,1,CORRECT
inst-xl,stackoverflow,110,0.8699827194213867,0.020183563232421875,0.055646538734436035,1,1,CORRECT
inst-xl,stackoverflow,108,0.875994861125946,0.0067917704582214355,0.035440921783447266,1,1,CORRECT
inst-xl,stackoverflow,109,0.9164992570877075,0.05963420867919922,0.08468079566955566,0,0,CORRECT
inst-xl,stackoverflow,113,0.9032905101776123,0.03484463691711426,0.054270148277282715,0,0,CORRECT
inst-xl,stackoverflow,111,0.8503947257995605,0.009641528129577637,0.022832870483398438,0,1,CORRECT
inst-xl,stackoverflow,116,0.8344961404800415,0.012510299682617188,0.0321732759475708,0,0,CORRECT
inst-xl,sustainable_living,0,0.8386356830596924,0.024233102798461914,0.04883390665054321,1,1,CORRECT
inst-xl,stackoverflow,114,0.8806911706924438,0.03067004680633545,0.05016589164733887,1,1,CORRECT
inst-xl,sustainable_living,1,0.792985200881958,0.014981627464294434,0.033181607723236084,0,1,CORRECT
inst-xl,stackoverflow,112,0.8988696336746216,0.003068685531616211,0.02691560983657837,0,1,CORRECT
inst-xl,stackoverflow,115,0.8414350152015686,0.011998414993286133,0.03148692846298218,1,1,CORRECT
inst-xl,sustainable_living,4,0.817227840423584,0.013408422470092773,0.04439884424209595,0,0,INCORRECT
inst-xl,sustainable_living,6,0.8300213813781738,0.010888278484344482,0.05423933267593384,1,1,CORRECT
inst-xl,sustainable_living,8,0.8274195194244385,0.010539710521697998,0.03243255615234375,0,0,CORRECT
inst-xl,sustainable_living,2,0.8817214369773865,0.031069934368133545,0.07599210739135742,1,1,CORRECT
inst-xl,sustainable_living,7,0.8243961930274963,0.02900010347366333,0.051431119441986084,0,1,CORRECT
inst-xl,sustainable_living,5,0.8270301818847656,0.014705240726470947,0.05830645561218262,0,0,CORRECT
inst-xl,sustainable_living,10,0.8041571378707886,0.039212703704833984,0.08217155933380127,0,0,INCORRECT
inst-xl,sustainable_living,3,0.7665269374847412,0.007963836193084717,0.027111828327178955,0,0,CORRECT
inst-xl,sustainable_living,12,0.8182119131088257,0.03468012809753418,0.10373139381408691,0,0,CORRECT
inst-xl,sustainable_living,9,0.828077495098114,0.03242141008377075,0.0652727484703064,1,1,CORRECT
inst-xl,sustainable_living,18,0.800987958908081,0.03306156396865845,0.05827677249908447,0,0,INCORRECT
inst-xl,sustainable_living,15,0.8563075065612793,0.04664766788482666,0.11938440799713135,0,1,CORRECT
inst-xl,sustainable_living,13,0.8416709899902344,0.03796893358230591,0.0587078332901001,1,1,CORRECT
inst-xl,sustainable_living,17,0.7866961359977722,0.011271953582763672,0.026873886585235596,0,0,CORRECT
inst-xl,sustainable_living,16,0.7831079959869385,0.023272275924682617,0.04287022352218628,1,1,CORRECT
inst-xl,sustainable_living,14,0.8360830545425415,0.026328086853027344,0.046750426292419434,0,0,CORRECT
inst-xl,sustainable_living,11,0.8706481456756592,0.03971660137176514,0.05549675226211548,0,0,CORRECT
inst-xl,sustainable_living,21,0.8129357695579529,0.01993495225906372,0.06474882364273071,0,0,CORRECT
inst-xl,sustainable_living,22,0.7724324464797974,0.01480710506439209,0.03391313552856445,0,1,CORRECT
inst-xl,sustainable_living,23,0.8609832525253296,0.04032576084136963,0.09058654308319092,1,1,CORRECT
inst-xl,sustainable_living,20,0.7939991354942322,0.019136011600494385,0.047549545764923096,1,1,CORRECT
inst-xl,sustainable_living,19,0.8762787580490112,0.01540231704711914,0.03153711557388306,0,1,CORRECT
inst-xl,sustainable_living,26,0.8114583492279053,0.02131521701812744,0.03579533100128174,0,1,INCORRECT
inst-xl,sustainable_living,24,0.8127740025520325,0.025758087635040283,0.04761773347854614,0,1,INCORRECT
inst-xl,sustainable_living,25,0.8319252729415894,0.017284274101257324,0.05559110641479492,0,1,CORRECT
inst-xl,sustainable_living,28,0.7529726028442383,0.025219619274139404,0.04533785581588745,1,1,CORRECT
inst-xl,sustainable_living,27,0.7866013050079346,0.0028842687606811523,0.022498011589050293,0,0,CORRECT
inst-xl,sustainable_living,37,0.7626265287399292,0.003141045570373535,0.01788783073425293,0,0,INCORRECT
inst-xl,sustainable_living,34,0.7942632436752319,0.014900565147399902,0.04046010971069336,0,0,INCORRECT
inst-xl,sustainable_living,33,0.8052058219909668,0.014763295650482178,0.10430002212524414,0,1,INCORRECT
inst-xl,sustainable_living,32,0.777951717376709,0.030534684658050537,0.060570359230041504,0,1,INCORRECT
inst-xl,sustainable_living,31,0.8752532005310059,0.052592575550079346,0.08574342727661133,1,1,CORRECT
inst-xl,sustainable_living,41,0.8193612098693848,0.04789721965789795,0.0796387791633606,0,1,INCORRECT
inst-xl,sustainable_living,35,0.7956719398498535,0.03810882568359375,0.07186412811279297,0,0,INCORRECT
inst-xl,sustainable_living,30,0.8624517917633057,0.021867752075195312,0.07355964183807373,1,1,INCORRECT
inst-xl,sustainable_living,29,0.8100045919418335,0.01516789197921753,0.04748880863189697,0,0,INCORRECT
inst-xl,sustainable_living,36,0.8354851007461548,0.022190451622009277,0.04490208625793457,0,1,CORRECT
inst-xl,sustainable_living,38,0.8193072080612183,0.015035867691040039,0.056616783142089844,0,1,CORRECT
inst-xl,sustainable_living,39,0.9201377034187317,0.05870634317398071,0.1013757586479187,1,1,CORRECT
inst-xl,sustainable_living,40,0.8698274493217468,0.07628077268600464,0.12435728311538696,1,1,CORRECT
inst-xl,sustainable_living,44,0.8545845150947571,0.02967911958694458,0.05910986661911011,0,1,CORRECT
inst-xl,sustainable_living,47,0.778923511505127,0.01436924934387207,0.0382152795791626,0,0,CORRECT
inst-xl,sustainable_living,43,0.8143728971481323,0.05796074867248535,0.09690487384796143,0,1,CORRECT
inst-xl,sustainable_living,46,0.8624812960624695,0.025262653827667236,0.07333964109420776,0,0,INCORRECT
inst-xl,sustainable_living,45,0.8873270750045776,0.05053877830505371,0.07089197635650635,1,1,CORRECT
inst-xl,sustainable_living,42,0.826518177986145,0.007607936859130859,0.03866267204284668,1,1,CORRECT
inst-xl,sustainable_living,48,0.8449419736862183,0.041826725006103516,0.08906489610671997,0,1,INCORRECT
inst-xl,sustainable_living,51,0.8638864755630493,0.017769932746887207,0.09241420030593872,1,1,CORRECT
inst-xl,sustainable_living,52,0.8044157028198242,0.012075543403625488,0.04134166240692139,1,1,CORRECT
inst-xl,sustainable_living,53,0.8180720806121826,0.03616070747375488,0.06282162666320801,0,0,INCORRECT
inst-xl,sustainable_living,49,0.8585586547851562,0.022533655166625977,0.06928110122680664,1,1,CORRECT
inst-xl,sustainable_living,50,0.8110578656196594,0.03157162666320801,0.066997230052948,0,0,CORRECT
inst-xl,sustainable_living,54,0.9094626903533936,0.0416179895401001,0.11120057106018066,1,1,CORRECT
inst-xl,sustainable_living,56,0.9229991436004639,0.02646702527999878,0.06825923919677734,0,0,CORRECT
inst-xl,sustainable_living,57,0.8877571225166321,0.04179960489273071,0.07044810056686401,1,1,CORRECT
inst-xl,sustainable_living,60,0.8097408413887024,0.01628643274307251,0.0697745680809021,0,0,INCORRECT
inst-xl,sustainable_living,58,0.8281707167625427,0.04292088747024536,0.07975244522094727,1,1,CORRECT
inst-xl,sustainable_living,55,0.8076798915863037,0.039070308208465576,0.10125482082366943,1,1,CORRECT
inst-xl,sustainable_living,69,0.7849791049957275,0.03088688850402832,0.05772823095321655,1,1,CORRECT
inst-xl,sustainable_living,66,0.8273196220397949,0.03023362159729004,0.06561791896820068,0,1,INCORRECT
inst-xl,sustainable_living,63,0.8234887719154358,0.024838387966156006,0.04802745580673218,0,0,CORRECT
inst-xl,sustainable_living,61,0.8020304441452026,0.016043901443481445,0.06625694036483765,0,0,INCORRECT
inst-xl,sustainable_living,59,0.7952743768692017,0.01627868413925171,0.04973238706588745,0,0,INCORRECT
inst-xl,sustainable_living,62,0.7757712602615356,0.008816361427307129,0.02432107925415039,0,0,CORRECT
inst-xl,sustainable_living,73,0.7590050101280212,0.01856815814971924,0.04830211400985718,1,1,CORRECT
inst-xl,sustainable_living,65,0.8569549322128296,0.06680488586425781,0.10177832841873169,1,1,INCORRECT
inst-xl,sustainable_living,68,0.7923120260238647,0.057292163372039795,0.07631826400756836,0,1,CORRECT
inst-xl,sustainable_living,64,0.8293660879135132,0.040048956871032715,0.06046438217163086,0,0,CORRECT
inst-xl,sustainable_living,67,0.8180632591247559,0.009432315826416016,0.04502660036087036,0,1,CORRECT
inst-xl,sustainable_living,75,0.863714337348938,0.02638530731201172,0.0756528377532959,0,0,INCORRECT
inst-xl,sustainable_living,74,0.7788608074188232,0.008762240409851074,0.03141063451766968,0,0,INCORRECT
inst-xl,sustainable_living,71,0.8295567631721497,0.04635828733444214,0.06929612159729004,0,0,CORRECT
inst-xl,sustainable_living,72,0.8545091152191162,0.02921271324157715,0.09134870767593384,1,1,CORRECT
inst-xl,sustainable_living,70,0.8375585675239563,0.050853073596954346,0.07137924432754517,1,1,CORRECT
inst-xl,sustainable_living,81,0.8180901408195496,0.026152193546295166,0.060613930225372314,0,0,CORRECT
inst-xl,sustainable_living,83,0.8537694215774536,0.02095949649810791,0.06292808055877686,1,1,CORRECT
inst-xl,sustainable_living,85,0.8496906757354736,0.06601351499557495,0.0934516191482544,0,0,CORRECT
inst-xl,sustainable_living,87,0.8567685484886169,0.02177983522415161,0.07444709539413452,0,0,CORRECT
inst-xl,sustainable_living,78,0.844010591506958,0.018557190895080566,0.05487096309661865,1,1,CORRECT
inst-xl,sustainable_living,76,0.7789685726165771,0.015934109687805176,0.03318929672241211,1,1,CORRECT
inst-xl,sustainable_living,77,0.811866283416748,0.01868671178817749,0.04392814636230469,0,1,INCORRECT
inst-xl,sustainable_living,79,0.7972913980484009,0.02442622184753418,0.057140231132507324,0,0,INCORRECT
inst-xl,sustainable_living,80,0.7839183807373047,0.003534972667694092,0.038687944412231445,0,0,INCORRECT
inst-xl,sustainable_living,82,0.8848425149917603,0.03109157085418701,0.11334073543548584,1,1,CORRECT
inst-xl,sustainable_living,86,0.8513495922088623,0.029612064361572266,0.07144176959991455,0,1,CORRECT
inst-xl,sustainable_living,84,0.8254498243331909,0.02269226312637329,0.06772863864898682,1,1,CORRECT
inst-xl,sustainable_living,91,0.7901930809020996,0.020830929279327393,0.06397390365600586,0,0,INCORRECT
inst-xl,sustainable_living,88,0.7966794967651367,0.015064537525177002,0.05816972255706787,1,1,INCORRECT
inst-xl,sustainable_living,89,0.8337135314941406,0.017528951168060303,0.04062455892562866,0,0,INCORRECT
inst-xl,sustainable_living,90,0.8407094478607178,0.017629921436309814,0.04681289196014404,0,0,INCORRECT
inst-xl,sustainable_living,95,0.8314485549926758,0.06440722942352295,0.09938454627990723,1,1,CORRECT
inst-xl,sustainable_living,105,0.8197615742683411,0.01218479871749878,0.03577303886413574,0,1,INCORRECT
inst-xl,sustainable_living,94,0.813322126865387,0.00866156816482544,0.03921622037887573,0,0,CORRECT
inst-xl,sustainable_living,92,0.7586123943328857,0.010727763175964355,0.049546778202056885,0,0,INCORRECT
inst-xl,sustainable_living,93,0.835239052772522,0.02322012186050415,0.05160635709762573,0,0,INCORRECT
inst-xl,sustainable_living,96,0.8814358711242676,0.050820350646972656,0.10716259479522705,1,1,CORRECT
inst-xl,sustainable_living,100,0.8666658401489258,0.02545464038848877,0.0768282413482666,1,1,CORRECT
inst-xl,sustainable_living,104,0.7832931876182556,0.006806910037994385,0.021150290966033936,1,1,INCORRECT
inst-xl,sustainable_living,102,0.836595356464386,0.018975377082824707,0.03943365812301636,0,0,INCORRECT
inst-xl,sustainable_living,101,0.8644629716873169,0.011981010437011719,0.0858309268951416,0,1,CORRECT
inst-xl,sustainable_living,99,0.8569151759147644,0.03965836763381958,0.07556897401809692,0,0,INCORRECT
inst-xl,sustainable_living,98,0.837615966796875,0.03629899024963379,0.07676172256469727,0,1,INCORRECT
inst-xl,sustainable_living,103,0.8679502010345459,0.010074853897094727,0.04233461618423462,1,1,CORRECT
inst-xl,sustainable_living,97,0.8579427003860474,0.027947723865509033,0.06339538097381592,0,0,CORRECT
inst-xl,sustainable_living,106,0.8328410387039185,0.017543315887451172,0.04568135738372803,0,1,INCORRECT
inst-xl,sustainable_living,107,0.827323317527771,0.03241461515426636,0.060945987701416016,1,1,INCORRECT
inst-xl,theoremqa_questions,TheoremQA_elainewan/math_calculus_5_2.json,0.8639504909515381,0.037622809410095215,0.06096076965332031,0,0,INCORRECT
inst-xl,theoremqa_questions,TheoremQA_wenhuchen/optics2.json,0.7850812673568726,0.022011876106262207,0.03564661741256714,0,1,CORRECT
inst-xl,theoremqa_questions,TheoremQA_jianyu_xu/pigeonhole_3.json,0.8264777064323425,0.009651422500610352,0.029849350452423096,0,0,CORRECT
inst-xl,theoremqa_questions,TheoremQA_maxku/cv-imageprocessing6-histogram.json,0.8165025115013123,0.007997274398803711,0.018938660621643066,0,0,INCORRECT
inst-xl,theoremqa_questions,TheoremQA_jianyu_xu/pigeonhole_2.json,0.7918701171875,0.005828857421875,0.018821239471435547,0,0,CORRECT
inst-xl,theoremqa_questions,TheoremQA_xinyi/rotation.json,0.8316327929496765,0.004109680652618408,0.009554564952850342,0,0,INCORRECT
inst-xl,theoremqa_questions,TheoremQA_elainewan/math_calculus_2_11.json,0.780519962310791,0.009850263595581055,0.016605496406555176,0,0,CORRECT
inst-xl,theoremqa_questions,TheoremQA_wenhuchen/L'Hôpital_rule1.json,0.8645684123039246,0.01074594259262085,0.04844015836715698,0,0,INCORRECT
inst-xl,theoremqa_questions,TheoremQA_elainewan/math_algebra_4.json,0.8150721788406372,0.0057135820388793945,0.017903804779052734,0,0,CORRECT
inst-xl,theoremqa_questions,TheoremQA_wenhuchen/eigen_value1.json,0.8310569524765015,0.011539936065673828,0.024494469165802002,0,0,INCORRECT
inst-xl,theoremqa_questions,TheoremQA_elainewan/math_algebra_1.json,0.8618432283401489,0.008877873420715332,0.01760202646255493,0,0,INCORRECT
inst-xl,theoremqa_questions,TheoremQA_xueguangma/future_value_2.json,0.8897692561149597,0.0026916861534118652,0.024104297161102295,0,0,INCORRECT
inst-xl,theoremqa_questions,TheoremQA_wenhuchen/definite_matrix1.json,0.7894606590270996,0.04706621170043945,0.06607341766357422,1,1,CORRECT
inst-xl,theoremqa_questions,TheoremQA_elainewan/math_algebra_1_2.json,0.8348186016082764,0.028472185134887695,0.04888105392456055,0,0,CORRECT
inst-xl,theoremqa_questions,TheoremQA_wenhuchen/optics7.json,0.8209004402160645,0.06704902648925781,0.08626586198806763,1,1,INCORRECT
inst-xl,theoremqa_questions,TheoremQA_elainewan/math_calculus_2_5.json,0.8305478096008301,0.021630406379699707,0.03724938631057739,0,0,CORRECT
inst-xl,theoremqa_questions,TheoremQA_wenhuchen/gauss_lemma.json,0.8371697664260864,0.005562961101531982,0.015442371368408203,0,0,INCORRECT
inst-xl,theoremqa_questions,TheoremQA_xueguangma/dividend_discount_model_2.json,0.8396998643875122,0.013457238674163818,0.02903515100479126,1,1,INCORRECT
inst-xl,theoremqa_questions,TheoremQA_tonyxia/euler-graph3.json,0.7928910255432129,0.013266980648040771,0.026825666427612305,1,1,CORRECT
inst-xl,theoremqa_questions,TheoremQA_panlu/similarity2.json,0.8031434416770935,0.027097761631011963,0.04267460107803345,0,1,CORRECT
inst-xl,theoremqa_questions,TheoremQA_mingyin/stopping-time1.json,0.7857176661491394,0.006465733051300049,0.022483646869659424,0,0,INCORRECT
inst-xl,theoremqa_questions,TheoremQA_maxku/signalprocessing11-nyquist.json,0.8612070083618164,0.02217334508895874,0.039594292640686035,0,1,CORRECT
inst-xl,theoremqa_questions,TheoremQA_xueguangma/forward_price_2.json,0.8472760915756226,0.03498965501785278,0.041976213455200195,0,0,INCORRECT
inst-xl,theoremqa_questions,TheoremQA_jianyu_xu/Stirling_number_first_kind_5.json,0.9066869020462036,0.010352075099945068,0.02706807851791382,0,0,INCORRECT
inst-xl,theoremqa_questions,TheoremQA_xinyi/maximum_entropy_2.json,0.8033219575881958,0.007262825965881348,0.02135568857192993,0,1,CORRECT
inst-xl,theoremqa_questions,TheoremQA_xinyi/linear_projection.json,0.7721717357635498,0.007861733436584473,0.025995254516601562,0,0,CORRECT
inst-xl,theoremqa_questions,TheoremQA_maxku/ipnetwork13-hammingdist.json,0.8049088716506958,0.006953835487365723,0.0268438458442688,0,0,CORRECT
inst-xl,theoremqa_questions,TheoremQA_tonyxia/semiconductor1.json,0.8454537391662598,0.02251899242401123,0.03593301773071289,0,0,CORRECT
inst-xl,theoremqa_questions,TheoremQA_jianyu_xu/combination_1.json,0.8463906049728394,0.0045070648193359375,0.03919076919555664,0,0,INCORRECT
inst-xl,theoremqa_questions,TheoremQA_maxku/cv-colorsci2-hsi.json,0.8281971216201782,0.06237870454788208,0.082272469997406,1,1,CORRECT
inst-xl,theoremqa_questions,TheoremQA_maxku/signalprocessing15-DB.json,0.8169950246810913,0.06640839576721191,0.0998539924621582,1,1,INCORRECT
inst-xl,theoremqa_questions,TheoremQA_wenhuchen/Liouville’s_theorem1.json,0.8171474933624268,0.011339902877807617,0.020986318588256836,0,0,CORRECT
inst-xl,theoremqa_questions,TheoremQA_mingyin/Lebesgue-measure1.json,0.8037755489349365,0.005216836929321289,0.019994020462036133,0,0,INCORRECT
inst-xl,theoremqa_questions,TheoremQA_wenhuchen/ODE2.json,0.8492424488067627,0.014960408210754395,0.03342640399932861,0,0,INCORRECT
inst-xl,theoremqa_questions,TheoremQA_mingyin/series2.json,0.8118515014648438,0.010445177555084229,0.022133827209472656,0,0,INCORRECT
inst-xl,theoremqa_questions,TheoremQA_elainewan/math_abstact_algebra_7_8.json,0.7750504016876221,0.014988243579864502,0.03046441078186035,0,0,CORRECT
inst-xl,theoremqa_questions,TheoremQA_maxku/signalprocessing5-nyquist.json,0.8387551307678223,0.03200685977935791,0.07560467720031738,1,1,CORRECT
inst-xl,theoremqa_questions,TheoremQA_xinyi/cramer_rao_lower_bound_2.json,0.8289656043052673,0.0037112832069396973,0.023535192012786865,0,0,INCORRECT
inst-xl,theoremqa_questions,TheoremQA_xueguangma/taylors_approximation_theorem.json,0.867440938949585,0.02650928497314453,0.05199384689331055,0,0,INCORRECT
inst-xl,theoremqa_questions,TheoremQA_xueguangma/binomial_model_2.json,0.8404384255409241,0.010213017463684082,0.017788946628570557,0,0,INCORRECT
inst-xl,theoremqa_questions,TheoremQA_elainewan/math_algebra_5.json,0.8052265644073486,0.012145817279815674,0.019714057445526123,0,0,INCORRECT
inst-xl,theoremqa_questions,TheoremQA_xueguangma/spot_rate.json,0.8663434982299805,0.012084364891052246,0.030208587646484375,0,0,INCORRECT
inst-xl,theoremqa_questions,TheoremQA_wenhuchen/determinant2.json,0.8018635511398315,0.01519775390625,0.027813315391540527,1,1,CORRECT
inst-xl,theoremqa_questions,TheoremQA_mingyin/cauchy-integral-theorem1.json,0.8105777502059937,0.005213260650634766,0.015711426734924316,0,0,INCORRECT
inst-xl,theoremqa_questions,TheoremQA_panlu/rigid-body3.json,0.7656682729721069,0.004519939422607422,0.01329195499420166,0,0,INCORRECT
inst-xl,theoremqa_questions,TheoremQA_panlu/molar_heat_capacity2.json,0.7793540954589844,0.01333463191986084,0.030965447425842285,0,1,INCORRECT
inst-xl,theoremqa_questions,TheoremQA_elainewan/math_abstact_algebra_7_5.json,0.8117232322692871,0.006742954254150391,0.019793272018432617,0,0,CORRECT
inst-xl,theoremqa_questions,TheoremQA_tonyxia/wave2.json,0.8215203285217285,0.04957318305969238,0.06922399997711182,0,0,INCORRECT
inst-xl,theoremqa_questions,TheoremQA_jianyu_xu/Ramsey_4.json,0.851864218711853,0.011813163757324219,0.02744460105895996,0,0,INCORRECT
inst-xl,theoremqa_questions,TheoremQA_wenhuchen/trapezoidal_rule2.json,0.8289746046066284,0.0008831024169921875,0.032979607582092285,0,0,CORRECT
inst-xl,theoremqa_questions,TheoremQA_maxku/signalprocessing6-Ztransform.json,0.7876098155975342,0.013486027717590332,0.02317965030670166,0,1,CORRECT
inst-xl,theoremqa_questions,TheoremQA_wenhuchen/determinant1.json,0.8188499212265015,0.027100086212158203,0.04005622863769531,1,1,CORRECT
inst-xl,theoremqa_questions,TheoremQA_xinyi/huffman_code_1.json,0.7897623777389526,0.014107584953308105,0.0302581787109375,1,1,INCORRECT
inst-xl,theoremqa_questions,TheoremQA_wenhuchen/ODE3.json,0.8046313524246216,0.00955808162689209,0.02061748504638672,0,0,INCORRECT
inst-xl,theoremqa_questions,TheoremQA_xueguangma/dividend_discount_model_5.json,0.8552320003509521,0.019658565521240234,0.03999805450439453,1,1,INCORRECT
inst-xl,theoremqa_questions,TheoremQA_maxku/graphtheory5-vertexcover.json,0.793417751789093,0.003582179546356201,0.027079284191131592,0,0,CORRECT
inst-xl,theoremqa_questions,TheoremQA_maxku/ipnetwork5-mac.json,0.7977088689804077,0.018977761268615723,0.023673534393310547,0,0,INCORRECT
inst-xl,theoremqa_questions,TheoremQA_maxku/ipnetwork4-mac.json,0.8152338266372681,0.010501742362976074,0.01767599582672119,0,0,INCORRECT
inst-xl,theoremqa_questions,TheoremQA_maxku/ipnetwork14-hammingdist.json,0.8168142437934875,0.008417904376983643,0.045801520347595215,0,0,INCORRECT
inst-xl,theoremqa_questions,TheoremQA_wenhuchen/optics8.json,0.8008939027786255,0.031004905700683594,0.05724877119064331,1,1,INCORRECT
inst-xl,theoremqa_questions,TheoremQA_wenhuchen/t_test1.json,0.7873876094818115,0.022211074829101562,0.04041945934295654,0,0,INCORRECT
inst-xl,theoremqa_questions,TheoremQA_tonyxia/semiconductor5.json,0.7513508200645447,0.007364451885223389,0.02922922372817993,0,0,INCORRECT
inst-xl,theoremqa_questions,TheoremQA_maxku/graphtheory7-shortestpath.json,0.8226130604743958,0.018511652946472168,0.0454522967338562,1,1,CORRECT
inst-xl,theoremqa_questions,TheoremQA_elainewan/math_algebra_3_2.json,0.7898801565170288,0.007950186729431152,0.0178644061088562,0,0,CORRECT
inst-xl,theoremqa_questions,TheoremQA_elainewan/math_calculus_12.json,0.8818966150283813,0.00719451904296875,0.03956037759780884,0,0,INCORRECT
inst-xl,theoremqa_questions,TheoremQA_panlu/molar_heat_capacity1.json,0.8167291879653931,0.013988733291625977,0.05797684192657471,1,1,INCORRECT
inst-xl,theoremqa_questions,TheoremQA_wenhuchen/viterbi2.json,0.9001395106315613,0.04748213291168213,0.05795961618423462,1,1,CORRECT
inst-xl,theoremqa_questions,TheoremQA_jianyu_xu/Ramsey_2.json,0.8082422018051147,0.014523983001708984,0.026237130165100098,0,0,CORRECT
inst-xl,theoremqa_questions,TheoremQA_xinyi/dag_2.json,0.7691234350204468,0.01719498634338379,0.03656971454620361,1,1,CORRECT
inst-xl,theoremqa_questions,TheoremQA_wenhuchen/gauss_lemma2.json,0.8074123859405518,0.006137251853942871,0.023342251777648926,0,0,CORRECT
inst-xl,theoremqa_questions,TheoremQA_tonyxia/statisticalphysics2.json,0.7629029750823975,0.00666046142578125,0.035381317138671875,0,0,CORRECT
inst-xl,theoremqa_questions,TheoremQA_panlu/trapezoid1.json,0.8056296706199646,0.0092887282371521,0.029151618480682373,0,0,INCORRECT
inst-xl,theoremqa_questions,TheoremQA_elainewan/econ_micro_7.json,0.8374627232551575,0.020879924297332764,0.04009324312210083,1,1,INCORRECT
inst-xl,theoremqa_questions,TheoremQA_tonyxia/particle6.json,0.8350734710693359,0.055190324783325195,0.07680857181549072,1,1,INCORRECT
inst-xl,theoremqa_questions,TheoremQA_tonyxia/semiconductor3.json,0.8514574766159058,0.08418214321136475,0.11476564407348633,1,1,INCORRECT
inst-xl,theoremqa_questions,TheoremQA_panlu/angular_frequency3.json,0.826111912727356,0.006179928779602051,0.01969367265701294,0,0,INCORRECT
inst-xl,theoremqa_questions,TheoremQA_jianyu_xu/Stirling_number_second_kind_3.json,0.8495463132858276,0.007744550704956055,0.028803110122680664,0,0,INCORRECT
inst-xl,theoremqa_questions,TheoremQA_wenhuchen/t_test2.json,0.8053803443908691,0.02163863182067871,0.039124369621276855,0,1,INCORRECT
inst-xl,theoremqa_questions,TheoremQA_xinyi/channel_capacity_1.json,0.7647408843040466,0.004017055034637451,0.015219449996948242,0,0,CORRECT
inst-xl,theoremqa_questions,TheoremQA_maxku/graphtheory3-vertexcover.json,0.8092997074127197,0.0026748180389404297,0.025238990783691406,0,0,INCORRECT
inst-xl,theoremqa_questions,TheoremQA_jianyu_xu/Stirling_number_second_kind_6.json,0.8327386379241943,0.02349555492401123,0.03561431169509888,0,0,INCORRECT
inst-xl,theoremqa_questions,TheoremQA_wenhuchen/euler's_method1.json,0.7837409377098083,0.0065819621086120605,0.02191007137298584,0,0,INCORRECT
inst-xl,theoremqa_questions,TheoremQA_elainewan/econ_micro_14_3.json,0.8799318075180054,0.01681685447692871,0.032515764236450195,0,0,INCORRECT
inst-xl,theoremqa_questions,TheoremQA_wenhuchen/Rolle's_theorem.json,0.835106611251831,0.013130664825439453,0.0282975435256958,0,0,CORRECT
inst-xl,theoremqa_questions,TheoremQA_wenhuchen/cauchy_integral1.json,0.7919744253158569,0.005593061447143555,0.01156926155090332,0,0,INCORRECT
inst-xl,theoremqa_questions,TheoremQA_maxku/cv-cnn4.json,0.8191220760345459,0.017777442932128906,0.04087120294570923,0,1,CORRECT
inst-xl,theoremqa_questions,TheoremQA_maxku/graphtheory10-shortestpath.json,0.7904573082923889,0.009912312030792236,0.029703378677368164,1,1,CORRECT
inst-xl,theoremqa_questions,TheoremQA_maxku/signalprocessing13-Ztransform.json,0.8118205666542053,0.029368460178375244,0.048141658306121826,1,1,CORRECT
inst-xl,theoremqa_questions,TheoremQA_jianyu_xu/Catalan_2.json,0.8478283882141113,0.044373929500579834,0.06880056858062744,0,0,CORRECT
inst-xl,theoremqa_questions,TheoremQA_wenhuchen/double_integral2.json,0.8390028476715088,0.0034984946250915527,0.025693297386169434,0,0,CORRECT
inst-xl,theoremqa_questions,TheoremQA_panlu/gravitational_force1.json,0.8182443380355835,0.03838926553726196,0.07104158401489258,0,1,CORRECT
inst-xl,theoremqa_questions,TheoremQA_xueguangma/forward_price_1.json,0.810716986656189,0.01336216926574707,0.019726097583770752,0,0,CORRECT
inst-xl,theoremqa_questions,TheoremQA_jianyu_xu/Multinomial_2.json,0.8752099275588989,0.012475967407226562,0.03750920295715332,0,0,CORRECT
inst-xl,theoremqa_questions,TheoremQA_wenhuchen/euler's_method2.json,0.7976254224777222,0.021308481693267822,0.03167140483856201,0,0,INCORRECT
inst-xl,theoremqa_questions,TheoremQA_maxku/signalprocessing19-period.json,0.7833952903747559,0.0014824867248535156,0.02292013168334961,0,0,CORRECT
inst-xl,theoremqa_questions,TheoremQA_maxku/ipnetwork21-ip-2.json,0.8203480839729309,0.025981128215789795,0.047766685485839844,0,0,INCORRECT
inst-xl,theoremqa_questions,TheoremQA_jianyu_xu/Stirling_number_second_kind_5.json,0.8253899216651917,0.022630274295806885,0.03187096118927002,0,1,INCORRECT
inst-xl,theoremqa_questions,TheoremQA_jianyu_xu/pigeonhole_4.json,0.8352246880531311,0.01782768964767456,0.06230771541595459,1,1,CORRECT
inst-xl,theoremqa_questions,TheoremQA_maxku/signalprocessing9-signalrep.json,0.840562641620636,0.010279595851898193,0.024316906929016113,0,0,CORRECT
inst-xl,theoremqa_questions,TheoremQA_maxku/cv-imageprocessing9-digital-image.json,0.8693480491638184,0.0942831039428711,0.12622565031051636,1,1,CORRECT
inst-xl,theoremqa_questions,TheoremQA_elainewan/math_calculus_5.json,0.8172999620437622,0.0035881996154785156,0.025630474090576172,0,0,CORRECT
inst-xl,theoremqa_questions,TheoremQA_wenhuchen/kepler's_law1.json,0.8616291880607605,0.004560887813568115,0.03556227684020996,0,0,CORRECT
inst-xl,theoremqa_questions,TheoremQA_xinyi/dag_3.json,0.8050350546836853,0.003991067409515381,0.02955031394958496,0,0,CORRECT
inst-xl,theoremqa_questions,TheoremQA_jianyu_xu/Stirling_number_first_kind_6.json,0.8910735845565796,0.008114457130432129,0.018712759017944336,0,0,CORRECT
inst-xl,theoremqa_questions,TheoremQA_jianyu_xu/Graph_2.json,0.8349385261535645,0.03562450408935547,0.05509984493255615,0,0,INCORRECT
inst-xl,theoremqa_questions,TheoremQA_xueguangma/present_value_1.json,0.8691613674163818,0.003694295883178711,0.022338032722473145,0,0,CORRECT
inst-xl,theoremqa_questions,TheoremQA_tonyxia/euler-graph2.json,0.7849850654602051,0.013267278671264648,0.029136598110198975,1,1,CORRECT
inst-xl,theoremqa_questions,TheoremQA_jianyu_xu/Multinomial_1.json,0.8570588827133179,0.0014080405235290527,0.024159729480743408,0,1,CORRECT
inst-xl,theoremqa_questions,TheoremQA_xueguangma/dividend_discount_model_4.json,0.8491710424423218,0.010377824306488037,0.020526766777038574,0,1,CORRECT
inst-xl,theoremqa_questions,TheoremQA_maxku/graphtheory4-vertexcover.json,0.783422589302063,0.016154110431671143,0.03240835666656494,0,0,CORRECT
inst-xl,theoremqa_questions,TheoremQA_panlu/similarity3.json,0.8169685006141663,0.013308823108673096,0.02908986806869507,0,0,CORRECT
inst-xl,theoremqa_questions,TheoremQA_jianyu_xu/Cayley_3.json,0.8325951099395752,0.02270948886871338,0.04634737968444824,0,0,CORRECT
inst-xl,theoremqa_questions,TheoremQA_wenhuchen/trapezoidal_rule3.json,0.8072344064712524,0.010886549949645996,0.02236640453338623,0,0,INCORRECT
inst-xl,theoremqa_questions,TheoremQA_elainewan/math_calculus_3_8.json,0.8168481588363647,0.018114924430847168,0.03384697437286377,0,0,INCORRECT
inst-xl,theoremqa_questions,TheoremQA_maxku/cv-colorsci3-rgb.json,0.8333964943885803,0.005618631839752197,0.03836923837661743,0,0,CORRECT
inst-xl,theoremqa_questions,TheoremQA_xueguangma/effective_rates_1.json,0.8696967363357544,0.007939934730529785,0.025768399238586426,0,0,CORRECT
inst-xl,theoremqa_questions,TheoremQA_jianyu_xu/Binomial_5.json,0.8542110919952393,0.02428358793258667,0.043785691261291504,0,1,CORRECT
inst-xl,theoremqa_questions,TheoremQA_wenhuchen/infinite_series_sum3.json,0.8098732829093933,0.008935153484344482,0.025371968746185303,0,0,INCORRECT
inst-xl,theoremqa_questions,TheoremQA_elainewan/econ_micro_7_2.json,0.7828789353370667,0.008436501026153564,0.02291160821914673,1,1,CORRECT
inst-xl,theoremqa_questions,TheoremQA_maxku/cv-colorsci1-rgb.json,0.7803098559379578,0.02043670415878296,0.03319650888442993,1,1,CORRECT
inst-xl,theoremqa_questions,TheoremQA_jianyu_xu/Multinomial_4.json,0.8396584987640381,0.007096767425537109,0.02817004919052124,0,0,CORRECT
inst-xl,theoremqa_questions,TheoremQA_maxku/fourier6-FT.json,0.7642103433609009,0.013159871101379395,0.03947180509567261,0,0,CORRECT
inst-xl,theoremqa_questions,TheoremQA_wenhuchen/t_test3.json,0.8136148452758789,0.03308868408203125,0.05417895317077637,1,1,INCORRECT
inst-xl,theoremqa_questions,TheoremQA_maxku/signalprocessing7-phaseshift.json,0.8527648448944092,0.004032731056213379,0.0468754768371582,0,0,CORRECT
inst-xl,theoremqa_questions,TheoremQA_xinyi/sum_product_algorithm.json,0.7534394860267639,0.005251467227935791,0.016308605670928955,0,0,CORRECT
inst-xl,theoremqa_questions,TheoremQA_jianyu_xu/Binomial_4.json,0.8425539135932922,0.022345364093780518,0.03372842073440552,0,0,CORRECT
inst-xl,theoremqa_questions,TheoremQA_maxku/cv-cnn1.json,0.7905316352844238,0.00929105281829834,0.025347411632537842,0,0,CORRECT
inst-xl,theoremqa_questions,TheoremQA_xinyi/kernel_1.json,0.7882089018821716,0.009541571140289307,0.02266138792037964,0,0,INCORRECT
inst-xl,theoremqa_questions,TheoremQA_jianyu_xu/pigeonhole_1.json,0.8409165740013123,0.030599772930145264,0.08026176691055298,1,1,CORRECT
inst-xl,theoremqa_questions,TheoremQA_xueguangma/future_value_1.json,0.9135119915008545,0.007294297218322754,0.028606772422790527,0,0,CORRECT
inst-xl,theoremqa_questions,TheoremQA_wenhuchen/L'Hôpital_rule2.json,0.7963535189628601,0.015407979488372803,0.03162485361099243,0,0,INCORRECT
inst-xl,theoremqa_questions,TheoremQA_xinyi/neural_networks.json,0.7625654935836792,0.008214116096496582,0.015614032745361328,0,0,CORRECT
inst-xl,theoremqa_questions,TheoremQA_wenhuchen/viterbi1.json,0.8674249053001404,0.02988642454147339,0.037457287311553955,1,1,CORRECT
inst-xl,theoremqa_questions,TheoremQA_wenhuchen/Poisson_process2.json,0.8116354942321777,0.0006761550903320312,0.03550344705581665,0,0,CORRECT
inst-xl,theoremqa_questions,TheoremQA_elainewan/math_calculus_2_6.json,0.8180091381072998,0.005610227584838867,0.020427703857421875,0,0,INCORRECT
inst-xl,theoremqa_questions,TheoremQA_jianyu_xu/Ramsey_3.json,0.8441731333732605,0.03912341594696045,0.04360085725784302,1,1,CORRECT
inst-xl,theoremqa_questions,TheoremQA_wenhuchen/kepler's_law3.json,0.8196232318878174,0.01725447177886963,0.0554654598236084,0,0,INCORRECT
inst-xl,theoremqa_questions,TheoremQA_wenhuchen/jensen2.json,0.778052568435669,0.00440371036529541,0.01159060001373291,0,0,CORRECT
inst-xl,theoremqa_questions,TheoremQA_xueguangma/binomial_model_1.json,0.8812509775161743,0.007491707801818848,0.014959931373596191,0,0,INCORRECT
inst-xl,theoremqa_questions,TheoremQA_jianyu_xu/Catalan_1.json,0.8443808555603027,0.007295429706573486,0.02679431438446045,0,0,CORRECT
inst-xl,theoremqa_questions,TheoremQA_elainewan/econ_micro_11.json,0.8472915887832642,0.005711793899536133,0.02593863010406494,0,0,CORRECT
inst-xl,theoremqa_questions,TheoremQA_wenhuchen/newton2.json,0.8030023574829102,0.0027769804000854492,0.008690357208251953,0,0,INCORRECT
inst-xl,theoremqa_questions,TheoremQA_elainewan/econ_micro_18.json,0.7975631952285767,0.011196494102478027,0.030298352241516113,0,1,CORRECT
inst-xl,theoremqa_questions,TheoremQA_jianyu_xu/Binomial_3.json,0.91886305809021,0.05325663089752197,0.0829094648361206,0,0,CORRECT
inst-xl,theoremqa_questions,TheoremQA_elainewan/math_abstact_algebra_7.json,0.8528221845626831,0.007415771484375,0.020498156547546387,0,0,CORRECT
inst-xl,theoremqa_questions,TheoremQA_xinyi/rate_distortion_function_2.json,0.7954952716827393,0.0386584997177124,0.05662280321121216,0,1,CORRECT
inst-xl,theoremqa_questions,TheoremQA_maxku/graphtheory11-shortestpath-hard.json,0.8282814621925354,0.023984968662261963,0.04651552438735962,0,1,INCORRECT
inst-xl,theoremqa_questions,TheoremQA_tonyxia/semiconductor2.json,0.809467077255249,0.014716863632202148,0.03947657346725464,1,1,INCORRECT
inst-xl,theoremqa_questions,TheoremQA_xueguangma/present_value_2.json,0.8634525537490845,0.017180979251861572,0.026373744010925293,0,0,INCORRECT
inst-xl,theoremqa_questions,TheoremQA_wenhuchen/p_value2.json,0.8682070970535278,0.008112967014312744,0.017305433750152588,1,1,INCORRECT
inst-xl,theoremqa_questions,TheoremQA_xueguangma/dividend_discount_model_1.json,0.8480913639068604,0.013386547565460205,0.0188443660736084,1,1,CORRECT
inst-xl,theoremqa_questions,TheoremQA_wenhuchen/jensen1.json,0.8231500387191772,0.04053235054016113,0.05509018898010254,0,0,INCORRECT
inst-xl,theoremqa_questions,TheoremQA_jianyu_xu/Multinomial_3.json,0.85223388671875,0.016051650047302246,0.04193234443664551,0,0,CORRECT
inst-xl,theoremqa_questions,TheoremQA_maxku/signalprocessing14-Ztransform.json,0.7918094396591187,0.029958605766296387,0.043357014656066895,0,1,INCORRECT
inst-xl,theoremqa_questions,TheoremQA_panlu/gravitational_force2.json,0.803249716758728,0.02065408229827881,0.04518610239028931,0,0,CORRECT
inst-xl,theoremqa_questions,TheoremQA_elainewan/math_calculus_11.json,0.82423996925354,0.014778494834899902,0.026902973651885986,0,0,CORRECT
inst-xl,theoremqa_questions,TheoremQA_mingyin/Fundamental-Theorem-of-Calculus3.json,0.7995312809944153,0.014251470565795898,0.024478137493133545,0,0,INCORRECT
inst-xl,theoremqa_questions,TheoremQA_wenhuchen/Liouville’s_theorem2.json,0.8436093926429749,0.0116310715675354,0.038534581661224365,0,0,CORRECT
inst-xl,theoremqa_questions,TheoremQA_maxku/cv-imageprocessing8-fourier2.json,0.849191427230835,0.06228435039520264,0.07803928852081299,1,1,INCORRECT
inst-xl,theoremqa_questions,TheoremQA_maxku/signalprocessing2-DB.json,0.7313706874847412,0.022742867469787598,0.0449945330619812,0,1,CORRECT
inst-xl,theoremqa_questions,TheoremQA_jianyu_xu/Binomial_6.json,0.8882687091827393,0.005952715873718262,0.07144194841384888,0,0,CORRECT
inst-xl,theoremqa_questions,TheoremQA_mingyin/convexity1.json,0.8010821342468262,0.021146416664123535,0.039805054664611816,0,0,CORRECT
inst-xl,theoremqa_questions,TheoremQA_wenhuchen/series_convergen3.json,0.8163155317306519,0.012529373168945312,0.023060083389282227,0,0,CORRECT
inst-xl,theoremqa_questions,TheoremQA_xueguangma/forward_rate_1.json,0.853827953338623,0.009011566638946533,0.02322554588317871,0,0,INCORRECT
inst-xl,theoremqa_questions,TheoremQA_jianyu_xu/Binomial_1.json,0.872222900390625,0.033005714416503906,0.044479191303253174,0,0,INCORRECT
inst-xl,theoremqa_questions,TheoremQA_tonyxia/maxplanar3.json,0.8119736909866333,0.019332408905029297,0.03707015514373779,0,0,CORRECT
inst-xl,theoremqa_questions,TheoremQA_xueguangma/intermediate_value_theorem.json,0.7962954640388489,0.008114039897918701,0.02902078628540039,0,0,CORRECT
inst-xl,theoremqa_questions,TheoremQA_elainewan/math_algebra_7_2.json,0.792689323425293,0.029488086700439453,0.040415287017822266,0,0,INCORRECT
inst-xl,theoremqa_questions,TheoremQA_xueguangma/forward_price_3.json,0.843879222869873,0.0060825347900390625,0.03282827138900757,0,0,CORRECT
inst-xl,theoremqa_questions,TheoremQA_maxku/fourier1-FS.json,0.8597393035888672,0.01129138469696045,0.029569506645202637,0,0,CORRECT
inst-xl,theoremqa_questions,TheoremQA_elainewan/math_algebra_4_3.json,0.7922186851501465,0.00757443904876709,0.017113924026489258,0,0,INCORRECT
inst-xl,theoremqa_questions,TheoremQA_tonyxia/maxplanar1.json,0.8313206434249878,0.02641540765762329,0.037001609802246094,0,0,CORRECT
inst-xl,theoremqa_questions,TheoremQA_elainewan/math_abstact_algebra_7_3.json,0.7899003028869629,0.033699989318847656,0.04612159729003906,1,1,INCORRECT
inst-xl,theoremqa_questions,TheoremQA_mingyin/Limit-of-sequence2.json,0.8300039768218994,0.02316039800643921,0.051316022872924805,0,0,INCORRECT
inst-xl,theoremqa_questions,TheoremQA_jianyu_xu/Multinomial_6.json,0.84031742811203,0.002468407154083252,0.01968449354171753,0,0,INCORRECT
inst-xl,theoremqa_questions,TheoremQA_elainewan/math_calculus_2_7.json,0.7452066540718079,0.001382291316986084,0.02824348211288452,0,0,CORRECT
inst-xl,theoremqa_questions,TheoremQA_wenhuchen/optics3.json,0.8228399753570557,0.06822586059570312,0.09525930881500244,1,1,CORRECT
inst-xl,theoremqa_questions,TheoremQA_xinyi/dag_1.json,0.8124276995658875,0.00480121374130249,0.044941604137420654,0,0,CORRECT
inst-xl,theoremqa_questions,TheoremQA_maxku/graphtheory6-shortestpath.json,0.7917177677154541,0.02246224880218506,0.03684401512145996,1,1,CORRECT
inst-xl,theoremqa_questions,TheoremQA_mingyin/Limit-of-sequence3.json,0.8242850303649902,0.0068018436431884766,0.013971805572509766,0,0,CORRECT
inst-xl,theoremqa_questions,TheoremQA_xinyi/distortion_rate_function_2.json,0.770398736000061,0.005527377128601074,0.017693281173706055,0,0,CORRECT
inst-xl,theoremqa_questions,TheoremQA_wenhuchen/Poisson_process3.json,0.8090991973876953,0.009245157241821289,0.017612755298614502,0,0,INCORRECT
inst-xl,theoremqa_questions,TheoremQA_panlu/wave_length1.json,0.8216371536254883,0.01445460319519043,0.04502391815185547,0,0,CORRECT
inst-xl,theoremqa_questions,TheoremQA_xueguangma/geometric_brownian_motion.json,0.8875362873077393,0.01196211576461792,0.02866828441619873,0,0,CORRECT
inst-xl,theoremqa_questions,TheoremQA_maxku/graphtheory2-vertexcover.json,0.7931029796600342,0.0036352872848510742,0.0219956636428833,0,0,CORRECT
inst-xl,theoremqa_questions,TheoremQA_maxku/cv-imageprocessing2-morphology.json,0.8530192971229553,0.12883800268173218,0.15029853582382202,1,1,CORRECT
inst-xl,theoremqa_questions,TheoremQA_xinyi/rate_distortion_function_1.json,0.8289937973022461,0.004712224006652832,0.012662231922149658,0,0,CORRECT
inst-xl,theoremqa_questions,TheoremQA_tonyxia/particle4.json,0.8728862404823303,0.08905482292175293,0.10355639457702637,1,1,CORRECT
inst-xl,theoremqa_questions,TheoremQA_xinyi/channel_capacity_3.json,0.7609877586364746,0.014675259590148926,0.029282569885253906,1,1,INCORRECT
inst-xl,theoremqa_questions,TheoremQA_jianyu_xu/Ramsey_6.json,0.8439549207687378,0.0074149370193481445,0.03718298673629761,1,1,CORRECT
inst-xl,theoremqa_questions,TheoremQA_jianyu_xu/Binomial_2.json,0.8462250232696533,0.014445722103118896,0.042582690715789795,0,0,CORRECT
inst-xl,theoremqa_questions,TheoremQA_wenhuchen/series_convergen2.json,0.8417108058929443,0.015260815620422363,0.02661263942718506,0,0,INCORRECT
inst-xl,theoremqa_questions,TheoremQA_jianyu_xu/Ramsey_5.json,0.853757917881012,0.009882152080535889,0.035951197147369385,0,0,CORRECT
inst-xl,theoremqa_questions,TheoremQA_xinyi/huffman_code_3.json,0.8450182676315308,0.005775809288024902,0.017004847526550293,0,0,CORRECT
inst-xl,theoremqa_theorems,TheoremQA_elainewan/math_algebra_1.json,0.7999948859214783,0.02027672529220581,0.058671653270721436,0,0,INCORRECT
inst-xl,theoremqa_theorems,TheoremQA_jianyu_xu/pigeonhole_2.json,0.7422497868537903,0.015185296535491943,0.029473602771759033,0,0,CORRECT
inst-xl,theoremqa_theorems,TheoremQA_jianyu_xu/pigeonhole_3.json,0.7140234708786011,0.027079999446868896,0.04402947425842285,0,0,CORRECT
inst-xl,theoremqa_theorems,TheoremQA_wenhuchen/eigen_value1.json,0.80018150806427,0.009659409523010254,0.035598039627075195,0,0,CORRECT
inst-xl,theoremqa_theorems,TheoremQA_elainewan/math_calculus_2_11.json,0.7317243218421936,0.008677124977111816,0.02007925510406494,0,0,CORRECT
inst-xl,theoremqa_theorems,TheoremQA_wenhuchen/definite_matrix1.json,0.7585727572441101,0.038025081157684326,0.055952489376068115,1,1,INCORRECT
inst-xl,theoremqa_theorems,TheoremQA_wenhuchen/L'Hôpital_rule1.json,0.7467666268348694,0.026191413402557373,0.0541347861289978,0,0,CORRECT
inst-xl,theoremqa_theorems,TheoremQA_elainewan/math_algebra_4.json,0.783884584903717,0.01324397325515747,0.02599698305130005,0,0,CORRECT
inst-xl,theoremqa_theorems,TheoremQA_elainewan/math_algebra_1_2.json,0.7656145095825195,0.022975146770477295,0.048829078674316406,0,0,CORRECT
inst-xl,theoremqa_theorems,TheoremQA_maxku/signalprocessing11-nyquist.json,0.7192786931991577,0.023850679397583008,0.05649852752685547,0,1,CORRECT
inst-xl,theoremqa_theorems,TheoremQA_jianyu_xu/Stirling_number_first_kind_5.json,0.7221745252609253,0.03190350532531738,0.04890298843383789,0,0,INCORRECT
inst-xl,theoremqa_theorems,TheoremQA_maxku/ipnetwork13-hammingdist.json,0.7273739576339722,0.019850492477416992,0.03259497880935669,0,0,CORRECT
inst-xl,theoremqa_theorems,TheoremQA_panlu/similarity2.json,0.7288002967834473,0.010658085346221924,0.03215467929840088,0,1,INCORRECT
inst-xl,theoremqa_theorems,TheoremQA_wenhuchen/Liouville’s_theorem1.json,0.7849525213241577,0.019658803939819336,0.030425310134887695,1,1,CORRECT
inst-xl,theoremqa_theorems,TheoremQA_xinyi/maximum_entropy_2.json,0.7819942235946655,0.02008521556854248,0.041767001152038574,0,1,CORRECT
inst-xl,theoremqa_theorems,TheoremQA_xinyi/linear_projection.json,0.7706733345985413,0.042677223682403564,0.05358177423477173,0,0,CORRECT
inst-xl,theoremqa_theorems,TheoremQA_mingyin/Lebesgue-measure1.json,0.753082275390625,0.007851719856262207,0.016668260097503662,0,0,CORRECT
inst-xl,theoremqa_theorems,TheoremQA_elainewan/math_algebra_5.json,0.7622580528259277,0.030356228351593018,0.047766685485839844,0,0,CORRECT
inst-xl,theoremqa_theorems,TheoremQA_mingyin/series2.json,0.7727924585342407,0.0245516300201416,0.037078857421875,0,0,INCORRECT
inst-xl,theoremqa_theorems,TheoremQA_panlu/rigid-body3.json,0.7107523083686829,0.010995864868164062,0.03782409429550171,1,1,CORRECT
inst-xl,theoremqa_theorems,TheoremQA_wenhuchen/ODE2.json,0.7767525315284729,0.02162754535675049,0.04738432168960571,0,0,CORRECT
inst-xl,theoremqa_theorems,TheoremQA_mingyin/cauchy-integral-theorem1.json,0.7860870361328125,0.012054979801177979,0.022843658924102783,0,1,CORRECT
inst-xl,theoremqa_theorems,TheoremQA_wenhuchen/ODE3.json,0.7426758408546448,0.022213518619537354,0.03681224584579468,0,0,INCORRECT
inst-xl,theoremqa_theorems,TheoremQA_xueguangma/taylors_approximation_theorem.json,0.7845497131347656,0.042951762676239014,0.09227412939071655,0,0,CORRECT
inst-xl,theoremqa_theorems,TheoremQA_jianyu_xu/Ramsey_4.json,0.7276446223258972,0.01512366533279419,0.027564823627471924,0,1,CORRECT
inst-xl,theoremqa_theorems,TheoremQA_xinyi/dag_2.json,0.7550902366638184,0.021701812744140625,0.05050128698348999,0,1,CORRECT
inst-xl,theoremqa_theorems,TheoremQA_wenhuchen/t_test1.json,0.6805309057235718,0.008053302764892578,0.017908573150634766,0,0,INCORRECT
inst-xl,theoremqa_theorems,TheoremQA_wenhuchen/viterbi2.json,0.7425666451454163,0.012958765029907227,0.04101032018661499,0,0,INCORRECT
inst-xl,theoremqa_theorems,TheoremQA_jianyu_xu/Ramsey_2.json,0.6943508386611938,0.011883139610290527,0.02980440855026245,0,0,CORRECT
inst-xl,theoremqa_theorems,TheoremQA_elainewan/math_algebra_3_2.json,0.758266806602478,0.015490412712097168,0.041933298110961914,0,0,CORRECT
inst-xl,theoremqa_theorems,TheoremQA_elainewan/econ_micro_7.json,0.752737820148468,0.032345592975616455,0.05454760789871216,0,0,CORRECT
inst-xl,theoremqa_theorems,TheoremQA_elainewan/math_calculus_12.json,0.7751379013061523,0.034240126609802246,0.0561254620552063,0,0,CORRECT
inst-xl,theoremqa_theorems,TheoremQA_jianyu_xu/Stirling_number_second_kind_3.json,0.705950140953064,0.0384291410446167,0.05543720722198486,0,1,INCORRECT
inst-xl,theoremqa_theorems,TheoremQA_jianyu_xu/Multinomial_2.json,0.6794838309288025,0.020857393741607666,0.04381471872329712,0,0,INCORRECT
inst-xl,theoremqa_theorems,TheoremQA_wenhuchen/Rolle's_theorem.json,0.7749303579330444,0.012770771980285645,0.026542961597442627,0,0,CORRECT
inst-xl,theoremqa_theorems,TheoremQA_wenhuchen/t_test2.json,0.6835469007492065,0.009565949440002441,0.02396523952484131,0,0,INCORRECT
inst-xl,theoremqa_theorems,TheoremQA_wenhuchen/cauchy_integral1.json,0.7664774656295776,0.024312198162078857,0.04314708709716797,0,0,CORRECT
inst-xl,theoremqa_theorems,TheoremQA_jianyu_xu/pigeonhole_4.json,0.7955682277679443,0.05900311470031738,0.149574875831604,0,0,CORRECT
inst-xl,theoremqa_theorems,TheoremQA_jianyu_xu/Catalan_2.json,0.7306360006332397,0.012217819690704346,0.04903888702392578,0,0,CORRECT
inst-xl,theoremqa_theorems,TheoremQA_jianyu_xu/Stirling_number_second_kind_5.json,0.7363113164901733,0.023100852966308594,0.04931360483169556,0,0,CORRECT
inst-xl,theoremqa_theorems,TheoremQA_wenhuchen/kepler's_law1.json,0.703170895576477,0.020576298236846924,0.041423261165618896,1,1,CORRECT
inst-xl,theoremqa_theorems,TheoremQA_xinyi/dag_3.json,0.7628756761550903,0.03584766387939453,0.07676708698272705,0,0,INCORRECT
inst-xl,theoremqa_theorems,TheoremQA_wenhuchen/trapezoidal_rule3.json,0.7483079433441162,0.02822864055633545,0.04362732172012329,0,1,INCORRECT
inst-xl,theoremqa_theorems,TheoremQA_jianyu_xu/Graph_2.json,0.7338078022003174,0.02587723731994629,0.04214555025100708,0,0,CORRECT
inst-xl,theoremqa_theorems,TheoremQA_jianyu_xu/Cayley_3.json,0.7524847984313965,0.022525429725646973,0.03600633144378662,0,0,CORRECT
inst-xl,theoremqa_theorems,TheoremQA_jianyu_xu/Multinomial_1.json,0.7063368558883667,0.04427790641784668,0.060715317726135254,0,0,CORRECT
inst-xl,theoremqa_theorems,TheoremQA_jianyu_xu/Ramsey_3.json,0.6712007522583008,0.028258562088012695,0.0519900918006897,0,1,INCORRECT
inst-xl,theoremqa_theorems,TheoremQA_jianyu_xu/Binomial_5.json,0.678368330001831,0.03697776794433594,0.05130988359451294,0,0,CORRECT
inst-xl,theoremqa_theorems,TheoremQA_jianyu_xu/pigeonhole_1.json,0.7854999303817749,0.08351826667785645,0.11221694946289062,0,1,CORRECT
inst-xl,theoremqa_theorems,TheoremQA_panlu/similarity3.json,0.7673965692520142,0.014497876167297363,0.039006710052490234,0,1,CORRECT
inst-xl,theoremqa_theorems,TheoremQA_jianyu_xu/Binomial_4.json,0.6990556716918945,0.026938796043395996,0.04869890213012695,1,1,CORRECT
inst-xl,theoremqa_theorems,TheoremQA_jianyu_xu/Multinomial_4.json,0.7332759499549866,0.025123298168182373,0.0386502742767334,0,0,CORRECT
inst-xl,theoremqa_theorems,TheoremQA_jianyu_xu/Binomial_3.json,0.6769705414772034,0.02101951837539673,0.0393405556678772,0,0,CORRECT
inst-xl,theoremqa_theorems,TheoremQA_wenhuchen/t_test3.json,0.7012190818786621,0.0204545259475708,0.03193545341491699,0,0,INCORRECT
inst-xl,theoremqa_theorems,TheoremQA_wenhuchen/kepler's_law3.json,0.7960542440414429,0.09000420570373535,0.13589847087860107,1,1,CORRECT
inst-xl,theoremqa_theorems,TheoremQA_jianyu_xu/Catalan_1.json,0.7378214597702026,0.017744898796081543,0.0419619083404541,0,0,CORRECT
inst-xl,theoremqa_theorems,TheoremQA_elainewan/math_calculus_3_8.json,0.7649786472320557,0.029959559440612793,0.05983227491378784,0,0,INCORRECT
inst-xl,theoremqa_theorems,TheoremQA_panlu/gravitational_force2.json,0.7225279808044434,0.03473943471908569,0.06661474704742432,0,1,INCORRECT
inst-xl,theoremqa_theorems,TheoremQA_jianyu_xu/Multinomial_3.json,0.7337057590484619,0.017023682594299316,0.03736984729766846,0,0,CORRECT
inst-xl,theoremqa_theorems,TheoremQA_wenhuchen/jensen1.json,0.7389993667602539,0.035369277000427246,0.045262157917022705,0,0,INCORRECT
inst-xl,theoremqa_theorems,TheoremQA_wenhuchen/Liouville’s_theorem2.json,0.778641939163208,0.026466786861419678,0.04012030363082886,0,0,CORRECT
inst-xl,theoremqa_theorems,TheoremQA_mingyin/convexity1.json,0.7456387281417847,0.02969902753829956,0.03762584924697876,0,0,CORRECT
inst-xl,theoremqa_theorems,TheoremQA_mingyin/Fundamental-Theorem-of-Calculus3.json,0.76075279712677,0.01029050350189209,0.022429704666137695,0,0,INCORRECT
inst-xl,theoremqa_theorems,TheoremQA_elainewan/math_calculus_2_7.json,0.7086069583892822,0.026961803436279297,0.042635560035705566,0,0,CORRECT
inst-xl,theoremqa_theorems,TheoremQA_tonyxia/maxplanar3.json,0.7649072408676147,0.027241528034210205,0.0449521541595459,0,0,CORRECT
inst-xl,theoremqa_theorems,TheoremQA_jianyu_xu/Binomial_6.json,0.7361642122268677,0.05621993541717529,0.07962226867675781,1,1,CORRECT
inst-xl,theoremqa_theorems,TheoremQA_xueguangma/intermediate_value_theorem.json,0.7425704002380371,0.012809276580810547,0.024621903896331787,0,0,INCORRECT
inst-xl,theoremqa_theorems,TheoremQA_elainewan/math_algebra_4_3.json,0.8052023649215698,0.061878323554992676,0.08004128932952881,0,0,CORRECT
inst-xl,theoremqa_theorems,TheoremQA_elainewan/math_algebra_7_2.json,0.7462698221206665,0.009799957275390625,0.021320819854736328,0,0,INCORRECT
inst-xl,theoremqa_theorems,TheoremQA_xinyi/dag_1.json,0.7218347787857056,0.016313374042510986,0.02835458517074585,0,0,CORRECT
inst-xl,theoremqa_theorems,TheoremQA_tonyxia/maxplanar1.json,0.767309844493866,0.03144162893295288,0.05374401807785034,0,0,CORRECT
inst-xl,theoremqa_theorems,TheoremQA_jianyu_xu/Multinomial_6.json,0.7395788431167603,0.03718411922454834,0.05795633792877197,0,0,CORRECT
inst-xl,theoremqa_theorems,TheoremQA_jianyu_xu/Ramsey_5.json,0.7212550044059753,0.014806210994720459,0.02992957830429077,0,1,CORRECT
inst-xl,theoremqa_theorems,TheoremQA_jianyu_xu/Binomial_2.json,0.7247258424758911,0.013277053833007812,0.03573942184448242,0,0,CORRECT
inst-xl,theoremqa_theorems,TheoremQA_wenhuchen/series_convergen2.json,0.7857747077941895,0.004138588905334473,0.017989158630371094,0,0,CORRECT
inst-xl,theoremqa_theorems,TheoremQA_jianyu_xu/Ramsey_6.json,0.7660786509513855,0.01849442720413208,0.045816123485565186,1,1,CORRECT
