retriever,task,query_id,max_score,gap_ctx,gap_25,retrieval_success_5,retrieval_success_25,judgment
diver-retriever,biology,8,0.7808930427257805,0.03314106096956515,0.052722021511915185,1,1,CORRECT
diver-retriever,biology,12,0.7965503460736587,0.012210590459668436,0.05327324485609197,0,0,INCORRECT
diver-retriever,biology,11,0.7706514418503032,0.04399977566510371,0.061526418417301554,1,1,CORRECT
diver-retriever,biology,4,0.7564884534663957,0.01737421540442341,0.04109036766690766,1,1,CORRECT
diver-retriever,biology,2,0.7731169770756583,0.01286022373260054,0.03574929905092861,1,1,CORRECT
diver-retriever,biology,5,0.8327434630350421,0.06782821470765876,0.11382621463308595,1,1,CORRECT
diver-retriever,biology,0,0.7507972980557007,0.01941423538352649,0.052791328271325155,1,1,CORRECT
diver-retriever,biology,13,0.8175486818367994,0.021966246326433514,0.05459060093315671,1,1,INCORRECT
diver-retriever,biology,1,0.7585552283469447,0.01640749489421711,0.05203412267858809,1,1,INCORRECT
diver-retriever,biology,7,0.8472357663561217,0.026605977465574138,0.1502738581307025,1,1,CORRECT
diver-retriever,biology,3,0.8139857873720233,0.06911431812416635,0.09413854839224589,1,1,CORRECT
diver-retriever,biology,6,0.7559204887939226,0.0178373233874366,0.037863977213282274,1,1,CORRECT
diver-retriever,biology,10,0.8269483139549283,0.06989006439648682,0.10497724808560227,1,1,CORRECT
diver-retriever,biology,9,0.8299648516445125,0.002154711360538908,0.030640716456683426,0,1,CORRECT
diver-retriever,biology,15,0.7665752155272847,0.016145410674903715,0.0392697652813071,1,1,CORRECT
diver-retriever,biology,14,0.8428531187151105,0.04079180218603873,0.10001271975731596,1,1,INCORRECT
diver-retriever,biology,20,0.7871754758523898,0.03254039901998751,0.06867058765801548,1,1,CORRECT
diver-retriever,biology,18,0.7749982810204006,0.007327095624675706,0.015821722987132247,0,0,INCORRECT
diver-retriever,biology,22,0.7836895511790649,0.02321391117339555,0.05067963265299813,1,1,CORRECT
diver-retriever,biology,16,0.7305571883290928,0.015873970692549477,0.061108215759497875,0,1,CORRECT
diver-retriever,biology,23,0.7409268666919439,0.011350373639973932,0.02548432874344475,0,1,CORRECT
diver-retriever,biology,17,0.7528375219496483,0.04061940844645617,0.06263661519075148,1,1,CORRECT
diver-retriever,biology,19,0.8103038474862946,0.03256967010066647,0.07549608769494254,1,1,CORRECT
diver-retriever,biology,25,0.7990058634408952,0.018685880982336034,0.06247577680546246,1,1,CORRECT
diver-retriever,biology,29,0.864896134315989,0.03891110739333126,0.06130989436712986,1,1,CORRECT
diver-retriever,biology,24,0.817770078854862,0.06569019218382255,0.0888231931040564,1,1,CORRECT
diver-retriever,biology,26,0.7174844815912775,0.008512234648867412,0.026234820848612506,0,1,INCORRECT
diver-retriever,biology,28,0.827027131063452,0.05688697183418612,0.08179215337892864,1,1,CORRECT
diver-retriever,biology,30,0.8253646232854852,0.06676828535311663,0.12407163253848563,1,1,CORRECT
diver-retriever,biology,27,0.7288770114890187,0.02650916228896094,0.05104577095692342,1,1,CORRECT
diver-retriever,biology,31,0.8212341879001122,0.025846022910498756,0.06779075612010055,1,1,CORRECT
diver-retriever,biology,21,0.8202276659321256,0.03038497321049949,0.11219556344453097,1,1,CORRECT
diver-retriever,biology,37,0.761110627913004,0.0062439020530262734,0.02085677322825641,1,1,CORRECT
diver-retriever,biology,32,0.7330831399987349,0.02343618125620428,0.0404830993016938,0,0,CORRECT
diver-retriever,biology,33,0.7658728685275775,0.02630407922228295,0.042810210061462683,1,1,CORRECT
diver-retriever,biology,34,0.7682718385457791,0.012006589124043066,0.024082574289237657,0,1,INCORRECT
diver-retriever,biology,43,0.6990817572908907,0.00827036960055505,0.02198960066145428,1,1,CORRECT
diver-retriever,biology,38,0.7998195799126967,0.022010928952647002,0.04691235594638332,1,1,CORRECT
diver-retriever,biology,39,0.811772477608495,0.009077673847827983,0.027495159639112532,0,1,CORRECT
diver-retriever,biology,36,0.7943848875521373,0.035161092282438466,0.04905460036836917,1,1,CORRECT
diver-retriever,biology,44,0.7750172893994492,0.017923185259915098,0.04090633288220058,1,1,CORRECT
diver-retriever,biology,35,0.8345283206840601,0.02709606662025843,0.08667323014809036,1,1,CORRECT
diver-retriever,biology,45,0.7663701689354132,0.01902161696605953,0.038515602771566515,0,1,INCORRECT
diver-retriever,biology,41,0.7994022392054179,0.024000254399660248,0.043687184444341276,0,1,CORRECT
diver-retriever,biology,46,0.770516461987899,0.005332029282472006,0.020831387146101554,0,0,INCORRECT
diver-retriever,biology,47,0.8152060249576722,0.042458512791568315,0.09150168490393407,0,1,CORRECT
diver-retriever,biology,40,0.8438019968366585,0.02635293034619235,0.05281397299100843,0,0,INCORRECT
diver-retriever,biology,42,0.8250378801244932,0.04110102485046596,0.06102162324492422,0,0,CORRECT
diver-retriever,biology,50,0.8314955562944506,0.011957373334445243,0.04448360912687421,0,0,CORRECT
diver-retriever,biology,49,0.7961252570497883,0.00518618303888152,0.031209153263797917,1,1,CORRECT
diver-retriever,biology,48,0.778294758751923,0.03993183221212626,0.07526712982882178,1,1,CORRECT
diver-retriever,biology,51,0.8389593519204568,0.010398752834011593,0.05927136519580245,0,0,CORRECT
diver-retriever,biology,53,0.7564085673378304,0.010600111003067347,0.0321692502972899,1,1,CORRECT
diver-retriever,biology,52,0.7951495481244539,0.018353223017079645,0.044266896014623525,1,1,INCORRECT
diver-retriever,biology,58,0.7932005103407962,0.03225865362044933,0.05509276818032538,1,1,CORRECT
diver-retriever,biology,56,0.7956819031148745,0.029935399371269322,0.07660608330491836,0,0,CORRECT
diver-retriever,biology,60,0.7988651763871708,0.06213205476178585,0.08210921553199102,0,0,CORRECT
diver-retriever,biology,61,0.8388843265393809,0.045503677240909646,0.08425403328223069,1,1,CORRECT
diver-retriever,biology,57,0.8566050203576341,0.056028512454998625,0.10503503605217523,1,1,CORRECT
diver-retriever,biology,54,0.7999099497951335,0.05315865437782341,0.1005191346851021,0,1,CORRECT
diver-retriever,biology,62,0.8779650046508519,0.043044423267398546,0.07637649572915339,1,1,CORRECT
diver-retriever,biology,64,0.8104286381873949,0.03136005030097122,0.06537152294566906,1,1,CORRECT
diver-retriever,biology,59,0.808632163968452,0.025142840673509914,0.0570791948381808,1,1,CORRECT
diver-retriever,biology,55,0.7780039746578238,0.02042221948493661,0.06468798711829027,1,1,CORRECT
diver-retriever,biology,63,0.7589268007152171,0.011963872817600474,0.04425922069028265,0,1,CORRECT
diver-retriever,biology,67,0.7675432551646091,0.02206114261822556,0.03418404554905652,1,1,CORRECT
diver-retriever,biology,69,0.8568499145270284,0.024091289440299923,0.0937850995962155,0,1,CORRECT
diver-retriever,biology,66,0.7512496087491796,0.03622179530108094,0.07091392933139684,1,1,CORRECT
diver-retriever,biology,65,0.8424875477367474,0.06022551919502661,0.09273253299862438,1,1,CORRECT
diver-retriever,biology,74,0.7790431771560725,0.03987570450610067,0.06214519819861364,1,1,INCORRECT
diver-retriever,biology,76,0.7403553451542717,0.003764385408814852,0.029761864125813053,0,1,INCORRECT
diver-retriever,biology,81,0.7838958799229382,0.0068733693832112586,0.020333691448553015,0,0,INCORRECT
diver-retriever,biology,73,0.759457860996206,0.010056128921023921,0.03614641259430529,0,0,INCORRECT
diver-retriever,biology,68,0.8670461048222422,0.028305700374965714,0.05541052775285937,1,1,CORRECT
diver-retriever,biology,70,0.7636125759344504,0.006026094424869677,0.02435954700263554,1,1,CORRECT
diver-retriever,biology,71,0.830370794843502,0.02236173710496936,0.04101399339784795,0,0,INCORRECT
diver-retriever,biology,72,0.8464726380837808,0.030098001053718293,0.09217567114786163,1,1,CORRECT
diver-retriever,biology,75,0.7747755974990785,0.039139576616705085,0.06701596785510933,1,1,INCORRECT
diver-retriever,biology,77,0.7635974239359751,0.013618985082776702,0.040007417377400656,0,0,INCORRECT
diver-retriever,biology,82,0.7234312416090688,0.02737230145865044,0.04410572300852422,0,1,CORRECT
diver-retriever,biology,79,0.7991152166288259,0.03515174960271128,0.04947754476616206,1,1,CORRECT
diver-retriever,biology,78,0.8632934161806584,0.0232090769194071,0.04316519233492355,1,1,CORRECT
diver-retriever,biology,80,0.8194413012201504,0.020336935786164467,0.05081250476888188,0,0,INCORRECT
diver-retriever,biology,85,0.7721043748532235,0.041305304439688606,0.06786340476706842,1,1,CORRECT
diver-retriever,biology,84,0.8670569225165433,0.08919503424585717,0.11992606643358983,1,1,CORRECT
diver-retriever,biology,94,0.8144174542759747,0.06523550447040938,0.09579917681070438,1,1,CORRECT
diver-retriever,biology,90,0.8395183353210409,0.07593232288590046,0.11232332202389683,0,0,CORRECT
diver-retriever,biology,91,0.8181131187983235,0.058891097221192235,0.09626385026315265,0,0,CORRECT
diver-retriever,biology,92,0.8086757742504057,0.041942813058215345,0.05952356069868492,1,1,CORRECT
diver-retriever,biology,83,0.8023519456079011,0.04118225608875559,0.07435215748461488,0,0,INCORRECT
diver-retriever,biology,88,0.8298074048275375,0.037719336636035994,0.08327847369658803,0,0,CORRECT
diver-retriever,biology,86,0.7731143631376765,0.02070705864958189,0.04868322852433038,1,1,CORRECT
diver-retriever,biology,87,0.7760192764630593,0.02982573289784951,0.056466197096025184,1,1,CORRECT
diver-retriever,biology,89,0.7964973336470211,0.00967617810061494,0.027021425964058765,0,1,INCORRECT
diver-retriever,biology,97,0.7829790853957189,0.03170780446594179,0.059659556223604526,1,1,CORRECT
diver-retriever,biology,93,0.7192124243678987,0.029218884666961875,0.04663672937614782,1,1,CORRECT
diver-retriever,biology,96,0.8362814402347362,0.02392866797540305,0.04914014329001937,1,1,CORRECT
diver-retriever,biology,95,0.8259293538346546,0.05517397001496027,0.08836527924785009,1,1,CORRECT
diver-retriever,biology,98,0.7696562736325675,0.02822264567543631,0.07260520647653967,0,1,INCORRECT
diver-retriever,biology,99,0.7778532465668833,0.05909863879852284,0.08087247671418607,1,1,CORRECT
diver-retriever,biology,101,0.8248366499125681,0.015363012252295749,0.04957989332166013,1,1,CORRECT
diver-retriever,biology,100,0.7745932681428733,0.02984972541902642,0.057079089186574006,1,1,CORRECT
diver-retriever,aops,aops_2019_AMC_12A_Problems/Problem_17,0.8704520795753049,0.02563309630934496,0.05397556850533047,1,1,CORRECT
diver-retriever,biology,102,0.8242731082659193,0.023188117680738918,0.06121946379532417,0,0,INCORRECT
diver-retriever,aops,math_test_intermediate_algebra_1179,0.8510997354234525,0.014119411253979641,0.03158825294925938,0,0,INCORRECT
diver-retriever,aops,math_train_number_theory_7095,0.7976279990133809,0.025312106564466696,0.06240813417380897,0,1,INCORRECT
diver-retriever,aops,math_train_intermediate_algebra_513,0.8776960328031767,0.016984776432559467,0.028674960726027043,0,1,CORRECT
diver-retriever,aops,aops_2015_AMC_10B_Problems/Problem_15,0.8036792697470352,0.011475723710428931,0.029110525505731122,0,0,INCORRECT
diver-retriever,aops,math_train_counting_and_probability_5024,0.8262538445318203,0.02919458537030417,0.06230194594454852,0,0,INCORRECT
diver-retriever,aops,math_train_number_theory_839,0.8263019850546398,0.005644945869111129,0.026987801432351355,0,0,INCORRECT
diver-retriever,aops,math_train_number_theory_7012,0.839697043990429,0.010922793308064338,0.027320902054793428,0,0,INCORRECT
diver-retriever,aops,aops_2008_AMC_12B_Problems/Problem_16,0.8135275863149461,0.0039452964534533175,0.02526563430608908,0,0,INCORRECT
diver-retriever,aops,math_train_number_theory_7030,0.902143884666928,0.06344328658965914,0.08240849390179339,0,0,INCORRECT
diver-retriever,aops,aops_2000_AIME_I_Problems/Problem_9,0.9038301955633056,0.0382487588723146,0.06391403179137178,0,0,INCORRECT
diver-retriever,aops,aops_2008_AMC_12A_Problems/Problem_15,0.8583507294470758,0.022126197280662674,0.03339858356788605,0,0,INCORRECT
diver-retriever,aops,math_train_number_theory_7016,0.7803454994803697,0.024041300501609908,0.0497353197720618,0,0,INCORRECT
diver-retriever,aops,aops_2005_IMO_Problems/Problem_4,0.7747439229370034,0.007898416111159046,0.017398292986573916,0,1,INCORRECT
diver-retriever,aops,aops_2021_AIME_I_Problems/Problem_14,0.7938356331882259,0.02600556095184048,0.033084981106044964,1,1,INCORRECT
diver-retriever,aops,aops_2024_AIME_I_Problems/Problem_13,0.7920223385490469,0.00989852200881336,0.023867892311988492,0,1,INCORRECT
diver-retriever,aops,aops_2023_AIME_I_Problems/Problem_5,0.8361372056687791,0.012630901738290512,0.02578386373681274,1,1,INCORRECT
diver-retriever,aops,aops_2017_AMC_10B_Problems/Problem_14,0.8390746294795656,0.015315783516475556,0.03544704135754495,0,0,INCORRECT
diver-retriever,aops,math_train_geometry_6018,0.8583060175140368,0.038619008440312075,0.05198155254416181,0,0,INCORRECT
diver-retriever,aops,aops_2005_USAMO_Problems/Problem_2,0.7908846987627903,0.01987142799444397,0.04059847602921196,0,0,INCORRECT
diver-retriever,aops,math_train_counting_and_probability_5035,0.8588855790678103,0.0797877118350988,0.09438072693326194,1,1,INCORRECT
diver-retriever,aops,aops_2004_AIME_I_Problems/Problem_10,0.8251590026676598,0.01710227185227764,0.03342218935553609,1,1,INCORRECT
diver-retriever,aops,math_test_geometry_454,0.8610379250711837,0.008977706920737405,0.04622288928996521,0,1,INCORRECT
diver-retriever,aops,math_train_geometry_6173,0.8236931701163964,0.009819387691716641,0.030527840403399065,0,1,INCORRECT
diver-retriever,aops,math_train_counting_and_probability_5011,0.7950376983660983,0.01602638429669112,0.028265128572495746,0,1,INCORRECT
diver-retriever,aops,math_train_counting_and_probability_5131,0.8637966678012022,0.022310616236828396,0.04457964321728203,0,1,CORRECT
diver-retriever,aops,math_test_counting_and_probability_1009,0.891053352852121,0.037983920912110225,0.058714666763321155,1,1,CORRECT
diver-retriever,aops,aops_2001_AMC_10_Problems/Problem_19,0.8625939930096114,0.024274529606996276,0.04338910554289244,1,1,CORRECT
diver-retriever,aops,aops_2007_AIME_I_Problems/Problem_10,0.8562241543236107,0.05748179106607165,0.08035936088811402,0,0,INCORRECT
diver-retriever,aops,aops_2018_AMC_8_Problems/Problem_23,0.8416099047067297,0.005077967416873164,0.011750596826570092,0,0,INCORRECT
diver-retriever,aops,aops_2019_AMC_8_Problems/Problem_25,0.8764210967900259,0.036360998251667276,0.05994385212335285,0,0,CORRECT
diver-retriever,aops,aops_2018_AMC_10A_Problems/Problem_11,0.8777628613341507,0.030891402194271778,0.060801029646735616,0,0,INCORRECT
diver-retriever,aops,aops_2020_AMC_10A_Problems/Problem_24,0.8379252502227957,0.015817615781188343,0.031024260322581654,0,0,INCORRECT
diver-retriever,aops,aops_2007_iTest_Problems/Problem_6,0.9012663974007664,0.005904376447267379,0.07740540672917984,0,0,CORRECT
diver-retriever,aops,aops_2021_AIME_II_Problems/Problem_9,0.7724811116243331,0.00511944214103166,0.017608227740962934,1,1,INCORRECT
diver-retriever,aops,math_train_number_theory_7003,0.8038419093346946,0.013534925875900106,0.030849116497776552,0,1,CORRECT
diver-retriever,aops,aops_1959_IMO_Problems/Problem_1,0.7657585678726023,0.006243642473991007,0.02125494985514298,1,1,INCORRECT
diver-retriever,aops,aops_2021_AIME_I_Problems/Problem_10,0.7964807916047918,0.03177805917017762,0.04015604304343501,0,0,INCORRECT
diver-retriever,aops,math_train_number_theory_7066,0.854206281752742,0.0007066132131094971,0.04608511517222147,0,0,INCORRECT
diver-retriever,aops,math_test_counting_and_probability_838,0.8778279927497401,0.0383578935537352,0.0629905345462809,0,1,INCORRECT
diver-retriever,aops,aops_2020_AMC_10B_Problems/Problem_25,0.8436409915191364,0.0033233028989874125,0.019270675963186323,0,0,INCORRECT
diver-retriever,aops,aops_2000_AMC_12_Problems/Problem_4,0.7676267938346969,0.02305560394945627,0.04420327384272349,0,0,INCORRECT
diver-retriever,aops,aops_1987_IMO_Problems/Problem_1,0.8108435287581025,0.023932112877126266,0.04437464166059346,0,0,INCORRECT
diver-retriever,aops,aops_2020_AMC_8_Problems/Problem_12,0.8852843106948382,0.018892191363247934,0.03852584222509681,0,0,CORRECT
diver-retriever,aops,math_train_intermediate_algebra_659,0.8558086061174156,0.017310141069472595,0.05885981474680679,0,0,INCORRECT
diver-retriever,aops,aops_1981_IMO_Problems/Problem_3,0.7822095384475323,0.006705070827899728,0.018246024715275033,0,0,INCORRECT
diver-retriever,aops,math_train_intermediate_algebra_477,0.8661869193798983,0.035584784214307774,0.06714554947171347,0,0,INCORRECT
diver-retriever,aops,aops_2011_AMC_8_Problems/Problem_6,0.8911750825854515,0.0023259330716237647,0.0432630129897128,0,0,CORRECT
diver-retriever,aops,aops_2017_AMC_10B_Problems/Problem_13,0.9109666487228624,0.0038459277874497433,0.0201173193511216,0,0,INCORRECT
diver-retriever,aops,aops_2005_AMC_12A_Problems/Problem_18,0.878206293597118,0.02765746588223239,0.06874307089964937,0,0,INCORRECT
diver-retriever,aops,math_train_counting_and_probability_5045,0.8684669073584671,0.0019241667289588982,0.012585940359666536,0,0,CORRECT
diver-retriever,aops,math_train_counting_and_probability_5048,0.8518759215057157,0.007732849700860744,0.018818066693377378,0,0,INCORRECT
diver-retriever,aops,math_train_counting_and_probability_5047,0.8235933619022525,0.007350580759661995,0.024639924691996273,0,1,INCORRECT
diver-retriever,aops,aops_1990_AIME_Problems/Problem_9,0.8686231413828931,0.05082295149368887,0.08057894209887628,0,0,INCORRECT
diver-retriever,aops,math_test_counting_and_probability_430,0.8412507674666984,0.020253175132974643,0.037753075383062495,0,0,INCORRECT
diver-retriever,aops,aops_2017_AIME_II_Problems/Problem_1,0.8421754148714652,0.0013043244344290716,0.01257902644610387,0,0,INCORRECT
diver-retriever,aops,aops_2020_AIME_II_Problems/Problem_9,0.823785624935133,0.007293650546193464,0.01864599110982057,0,0,INCORRECT
diver-retriever,aops,math_test_counting_and_probability_1003,0.8423450804250842,0.022080257085522192,0.032798819971536886,0,0,INCORRECT
diver-retriever,aops,math_test_prealgebra_1987,0.8514454218098473,0.02323674299030576,0.03990359525929332,1,1,INCORRECT
diver-retriever,aops,aops_2007_AIME_II_Problems/Problem_10,0.8290824905499397,0.016606797035422893,0.034613527385753184,0,0,INCORRECT
diver-retriever,aops,math_train_geometry_317,0.8346436218247907,0.011233057835941862,0.029059662057116187,1,1,INCORRECT
diver-retriever,aops,math_train_geometry_6060,0.8632537739528893,0.015659932226272044,0.051611308507691356,0,1,INCORRECT
diver-retriever,aops,aops_1971_AHSME_Problems/Problem_26,0.9125016038483784,0.047991352462141146,0.09988458991183735,0,1,INCORRECT
diver-retriever,aops,math_train_intermediate_algebra_2060,0.8784144531591496,0.046063719065109865,0.06703568197802867,0,0,INCORRECT
diver-retriever,aops,aops_1988_AIME_Problems/Problem_12,0.8403743845336978,0.031355053598135285,0.05939029654761341,1,1,INCORRECT
diver-retriever,aops,math_train_geometry_6115,0.8665688859465184,0.03848506693129061,0.07929754170602066,0,1,INCORRECT
diver-retriever,aops,math_test_intermediate_algebra_951,0.8875104212216731,0.011889749733482224,0.03932547728485225,0,0,INCORRECT
diver-retriever,aops,aops_2016_AMC_10A_Problems/Problem_19,0.8533218428095996,0.02217528351383591,0.07375446521680018,1,1,INCORRECT
diver-retriever,aops,math_train_algebra_2521,0.8645595689095136,0.019598020900364554,0.03274030512383619,0,0,INCORRECT
diver-retriever,aops,aops_1985_AIME_Problems/Problem_6,0.8325929607930908,0.02884790434744333,0.04653830091981492,1,1,INCORRECT
diver-retriever,aops,math_test_algebra_1208,0.8681432543372495,0.03520618623997718,0.06298055032689243,1,1,INCORRECT
diver-retriever,aops,math_train_geometry_6022,0.8289380658390966,0.0314640342621193,0.08494988418141003,1,1,INCORRECT
diver-retriever,aops,math_train_geometry_6116,0.8362394272632939,0.023034195570913463,0.057958207502572745,0,1,INCORRECT
diver-retriever,aops,math_train_number_theory_7078,0.8201503248067233,0.0064449590333434115,0.022009742393866327,0,0,INCORRECT
diver-retriever,aops,math_train_intermediate_algebra_1822,0.8688909219626685,0.004688358794366354,0.032397725488582885,0,0,INCORRECT
diver-retriever,aops,aops_2009_AMC_12A_Problems/Problem_17,0.8835840439421231,0.023505088863378543,0.05982438714764149,1,1,INCORRECT
diver-retriever,aops,math_test_intermediate_algebra_1812,0.8337179195874048,0.013331562774371863,0.022425546795430518,0,0,INCORRECT
diver-retriever,aops,aops_2008_AMC_12A_Problems/Problem_16,0.8842638114638697,0.03183129632795523,0.04852074161166631,0,0,INCORRECT
diver-retriever,aops,aops_2021_AMC_12B_Problems/Problem_9,0.8698695437835617,0.017248735521327774,0.055930920031548315,0,1,INCORRECT
diver-retriever,aops,aops_1994_AIME_Problems/Problem_9,0.7778382866410078,0.002999648459665938,0.022224584239407985,0,0,INCORRECT
diver-retriever,aops,aops_2015_AMC_12A_Problems/Problem_22,0.8772962409766085,0.03423867945036452,0.0836927098552459,0,1,INCORRECT
diver-retriever,aops,math_train_counting_and_probability_822,0.9385108759459962,0.045628405049238485,0.07919530160553712,0,1,INCORRECT
diver-retriever,aops,aops_2002_AIME_I_Problems/Problem_6,0.8645658040020106,0.03798396631350276,0.05304280896020086,0,0,INCORRECT
diver-retriever,aops,math_train_intermediate_algebra_1268,0.9034102928561892,0.04675253750678654,0.08802442492377283,1,1,CORRECT
diver-retriever,aops,math_train_geometry_747,0.9193604326489501,0.004215947541144072,0.023903358197530422,0,0,INCORRECT
diver-retriever,aops,math_train_counting_and_probability_5111,0.7882323722245641,0.006290974351395806,0.025192560245154483,0,1,INCORRECT
diver-retriever,aops,math_train_counting_and_probability_5064,0.7969729491484179,0.003643899434185305,0.025409455656257296,0,1,INCORRECT
diver-retriever,aops,aops_2021_Fall_AMC_12A_Problems/Problem_12,0.8033102265892188,0.012018703291444166,0.04578647590850704,0,0,INCORRECT
diver-retriever,aops,aops_2022_AMC_10B_Problems/Problem_9,0.8626597078658587,0.010859236747403522,0.033476664882569174,0,0,CORRECT
diver-retriever,aops,math_train_algebra_2826,0.9248320068325653,0.04347180794977967,0.06502978666020864,0,0,CORRECT
diver-retriever,aops,aops_2019_AMC_10A_Problems/Problem_12,0.8670071221744774,0.0026637187953402197,0.021786611853408244,0,1,INCORRECT
diver-retriever,aops,aops_2016_AMC_10A_Problems/Problem_7,0.9225408013335776,0.04854537039393825,0.06020797966341063,1,1,CORRECT
diver-retriever,aops,aops_2000_AMC_12_Problems/Problem_14,0.9037309339248936,0.027145609562187922,0.039098004114194396,1,1,INCORRECT
diver-retriever,aops,aops_2023_AIME_II_Problems/Problem_9,0.8638391277282842,0.02924348631847995,0.03689387731917648,1,1,INCORRECT
diver-retriever,aops,aops_1971_Canadian_MO_Problems/Problem_1,0.8356270368177011,0.005627971640903673,0.02014369516052894,1,1,INCORRECT
diver-retriever,aops,aops_2016_AIME_I_Problems/Problem_15,0.8508658151477334,0.037120019214322064,0.07440586901006263,1,1,INCORRECT
diver-retriever,aops,aops_2022_AIME_I_Problems/Problem_11,0.8595697806220903,0.013798807977449923,0.02102259839892706,1,1,INCORRECT
diver-retriever,aops,math_train_geometry_6092,0.8390217362998185,0.01967517561022125,0.024013830597577668,0,0,INCORRECT
diver-retriever,aops,math_train_geometry_6105,0.8391783635526915,0.016723264797448234,0.04428453415019562,0,0,INCORRECT
diver-retriever,aops,aops_2020_AIME_I_Problems/Problem_15,0.8500751628094044,0.0175203224159155,0.038024695126541164,1,1,INCORRECT
diver-retriever,aops,aops_2013_AMC_12A_Problems/Problem_13,0.8493154841038791,0.0015150171888911323,0.04865922209316009,0,0,INCORRECT
diver-retriever,aops,aops_1998_AIME_Problems/Problem_2,0.8124953046325989,0.00748100691609932,0.036124864232821685,0,0,CORRECT
diver-retriever,aops,aops_2024_AIME_I_Problems/Problem_10,0.8701039957484004,0.034711757931686016,0.063350210619594,1,1,INCORRECT
diver-retriever,aops,aops_2016_AIME_II_Problems/Problem_10,0.8673456307526816,0.05826361482468889,0.08440171147532949,1,1,INCORRECT
diver-retriever,aops,math_train_geometry_6112,0.8206340527094693,0.025452974840449394,0.039071234110297004,0,0,INCORRECT
diver-retriever,earth_science,3,0.8523789127342137,0.03969590194146433,0.08594266606963474,1,1,CORRECT
diver-retriever,aops,aops_2015_AIME_I_Problems/Problem_4,0.8427221765532441,0.01031482720171717,0.026297559095225798,0,1,INCORRECT
diver-retriever,earth_science,6,0.865018274039302,0.01815304844896526,0.06513296253371081,1,1,CORRECT
diver-retriever,aops,aops_2002_AIME_I_Problems/Problem_10,0.8470513049324189,0.017439188272112216,0.027687894551936876,0,0,INCORRECT
diver-retriever,aops,aops_2019_AIME_I_Problems/Problem_3,0.8304849918834716,0.010274275161236357,0.01896476269344005,0,0,INCORRECT
diver-retriever,aops,math_train_geometry_6078,0.848571480397779,0.018135318451914406,0.03462336309158154,1,1,INCORRECT
diver-retriever,aops,aops_2017_AIME_II_Problems/Problem_3,0.8690876596739594,0.05693650176287379,0.09132023449476301,0,0,INCORRECT
diver-retriever,earth_science,7,0.8164610784874483,0.017061132309409643,0.043095165547269665,0,1,INCORRECT
diver-retriever,aops,math_train_geometry_6051,0.8255775973912686,0.006865922164594029,0.02295431925291347,1,1,INCORRECT
diver-retriever,earth_science,0,0.85116435203023,0.06453384231080916,0.1055039778258654,0,1,CORRECT
diver-retriever,earth_science,4,0.8199229392776063,0.0508527105061084,0.09362812943742493,1,1,CORRECT
diver-retriever,earth_science,1,0.8226783286463696,0.03572867318183348,0.05804262292807405,0,1,CORRECT
diver-retriever,earth_science,8,0.8433784580526583,0.0659193877288149,0.13464384557647902,1,1,CORRECT
diver-retriever,earth_science,2,0.7749359288257691,0.021960681912173485,0.06163101078341937,1,1,INCORRECT
diver-retriever,earth_science,5,0.8362116606532135,0.061539580162974006,0.1000886215671365,0,0,CORRECT
diver-retriever,earth_science,11,0.853648231392876,0.06521474984249298,0.08952339267404086,0,1,CORRECT
diver-retriever,earth_science,10,0.7182640677228015,0.03743796802317545,0.06085595334129801,0,1,CORRECT
diver-retriever,earth_science,9,0.8517393231249628,0.024875359475478587,0.05408010080822068,1,1,CORRECT
diver-retriever,earth_science,17,0.7980575197146393,0.020793178326381168,0.04447201512685428,0,0,INCORRECT
diver-retriever,earth_science,12,0.7989051530013904,0.009289973831494214,0.04030985321207614,1,1,INCORRECT
diver-retriever,earth_science,13,0.839426465620201,0.052779870059249556,0.08895924151769141,1,1,CORRECT
diver-retriever,earth_science,16,0.7823744849679137,0.03369182974217477,0.06603275774176398,0,1,CORRECT
diver-retriever,earth_science,14,0.7724874945429281,0.008644819493994316,0.029327327348993126,0,1,INCORRECT
diver-retriever,earth_science,18,0.8322133197609014,0.03211277993912054,0.05146269424556815,1,1,CORRECT
diver-retriever,earth_science,15,0.7958888749028105,0.04075563625346712,0.06764943907620502,1,1,CORRECT
diver-retriever,earth_science,19,0.8129830863910499,0.036866633563994444,0.06903603546958914,1,1,CORRECT
diver-retriever,earth_science,20,0.8186950004916225,0.040635070225617076,0.06394946206039775,1,1,CORRECT
diver-retriever,earth_science,21,0.7746491191568696,0.050193884263888267,0.07264988425113694,1,1,INCORRECT
diver-retriever,earth_science,23,0.8043101989498814,0.0374191351693417,0.08424219853474357,0,1,INCORRECT
diver-retriever,earth_science,25,0.7526087081663899,0.03503824663618993,0.06788919401056104,1,1,CORRECT
diver-retriever,earth_science,22,0.7985912382061551,0.023716928887064115,0.05628407199141183,1,1,CORRECT
diver-retriever,earth_science,27,0.7627336572085167,0.004971733892399799,0.029381261407020687,0,1,INCORRECT
diver-retriever,earth_science,24,0.8187222854004256,0.06324735473722298,0.10527885728207942,1,1,CORRECT
diver-retriever,earth_science,38,0.765534376029608,0.027014778267624884,0.06921625737681669,1,1,INCORRECT
diver-retriever,earth_science,32,0.7205045841279707,0.018027192669326952,0.03862474083579692,1,1,CORRECT
diver-retriever,earth_science,26,0.7568270795092492,0.021291739573315427,0.044028714731604746,1,1,CORRECT
diver-retriever,earth_science,28,0.776295044210749,0.029226459813443517,0.06682926888345164,1,1,CORRECT
diver-retriever,earth_science,39,0.825873257881687,0.028553521294014894,0.08050348007744812,1,1,CORRECT
diver-retriever,earth_science,29,0.7246038339833045,0.022276681214859262,0.04123614326763869,0,0,INCORRECT
diver-retriever,earth_science,30,0.7840878609843697,0.0067023652572173464,0.03692351897701973,1,1,INCORRECT
diver-retriever,earth_science,31,0.8087721104955784,0.034503593457298254,0.06494824362785179,1,1,CORRECT
diver-retriever,earth_science,40,0.7228070348730375,0.023972326242053255,0.051966308754389456,0,0,INCORRECT
diver-retriever,earth_science,34,0.7373572742265977,0.013190005228557733,0.04099145742175847,0,1,INCORRECT
diver-retriever,earth_science,35,0.8210696423141385,0.019881918216605343,0.049633405219730475,1,1,INCORRECT
diver-retriever,earth_science,37,0.8040101635712787,0.0510238114803887,0.07880461667153549,1,1,INCORRECT
diver-retriever,earth_science,50,0.7155268050493564,0.010304144436562579,0.03879569421220452,0,1,INCORRECT
diver-retriever,earth_science,33,0.7816794402630479,0.020253352710181804,0.03311307427621446,1,1,CORRECT
diver-retriever,earth_science,36,0.7814296107570624,0.058462080146854944,0.10827051255094566,1,1,CORRECT
diver-retriever,earth_science,41,0.8535843708934382,0.06926844117703579,0.08453066308485946,1,1,CORRECT
diver-retriever,earth_science,42,0.7108836726912935,0.015969260292188703,0.040343809985744716,1,1,CORRECT
diver-retriever,earth_science,49,0.8277567747269035,0.062379216325040954,0.09869319892754103,1,1,CORRECT
diver-retriever,earth_science,48,0.7849128099127044,0.019026134016080665,0.03509889008899181,0,1,CORRECT
diver-retriever,earth_science,51,0.8426678602461599,0.06733528413281542,0.13505038144714065,1,1,CORRECT
diver-retriever,earth_science,43,0.7899477805924314,0.05554827579694599,0.06465556926612981,1,1,CORRECT
diver-retriever,earth_science,46,0.8758200535697827,0.05169146088352272,0.12549494586468668,1,1,CORRECT
diver-retriever,earth_science,47,0.8172596410777807,0.03708232762485075,0.07186690074219682,1,1,CORRECT
diver-retriever,earth_science,45,0.7666859584327133,0.041225762671437294,0.06001794028445251,1,1,CORRECT
diver-retriever,earth_science,55,0.810267744274539,0.09007718619599092,0.1207419127418311,1,1,CORRECT
diver-retriever,earth_science,44,0.817912349678074,0.016444733908502762,0.05522943269262193,0,1,CORRECT
diver-retriever,earth_science,57,0.7983790204323374,0.03406561938191632,0.04938779696487494,1,1,CORRECT
diver-retriever,earth_science,53,0.8404221473640499,0.03811282435572505,0.07122734126663,1,1,CORRECT
diver-retriever,earth_science,52,0.8501882305376477,0.04915685784612189,0.07148037605755841,1,1,CORRECT
diver-retriever,earth_science,60,0.6873354256418416,0.007527989093492948,0.028311152581563914,1,1,CORRECT
diver-retriever,earth_science,54,0.7866512431514051,0.04169386373370143,0.06352445931058137,1,1,CORRECT
diver-retriever,earth_science,56,0.8093374664424919,0.06278217129931263,0.10168623279492939,1,1,CORRECT
diver-retriever,earth_science,59,0.7813698387455313,0.01783982338539336,0.05007599616613789,1,1,CORRECT
diver-retriever,earth_science,58,0.7978468633379865,0.06544735848160543,0.10573732855917806,0,0,INCORRECT
diver-retriever,earth_science,65,0.8495558335128597,0.1147471947295885,0.12598954216033664,1,1,CORRECT
diver-retriever,earth_science,64,0.8257877448887092,0.059771818253553266,0.09169729085819012,1,1,CORRECT
diver-retriever,earth_science,61,0.8158973892863316,0.026509749509043945,0.04708161360840235,0,0,INCORRECT
diver-retriever,earth_science,62,0.7335736168762816,0.03349318263567069,0.06359925497098806,1,1,CORRECT
diver-retriever,earth_science,63,0.7611333060921381,0.01088748255374461,0.042685499007786176,1,1,INCORRECT
diver-retriever,earth_science,66,0.7528367921922898,0.03301821685173334,0.0570244329887063,0,1,CORRECT
diver-retriever,earth_science,72,0.684156903223448,0.034014812278376994,0.0717358802089475,1,1,CORRECT
diver-retriever,earth_science,67,0.793832398521843,0.044117716890443415,0.08308557554802787,1,1,CORRECT
diver-retriever,earth_science,70,0.7315517961819764,0.015932442789432066,0.04210689413589597,1,1,CORRECT
diver-retriever,earth_science,68,0.7193428010712656,0.008555799242247808,0.03483426373748444,1,1,CORRECT
diver-retriever,earth_science,69,0.7620489773436265,0.011326331581129168,0.044079637962728846,1,1,CORRECT
diver-retriever,earth_science,71,0.8416446882086628,0.04446244996901483,0.0918310089916693,1,1,CORRECT
diver-retriever,earth_science,73,0.7983929645014461,0.00790757675754672,0.03090118397709707,1,1,CORRECT
diver-retriever,earth_science,74,0.8171194073478808,0.11126143686126477,0.13114315970353208,1,1,CORRECT
diver-retriever,earth_science,75,0.8491819474997933,0.03991723567319605,0.08706601903181566,1,1,CORRECT
diver-retriever,earth_science,76,0.8102783457786856,0.021392364503549643,0.05464904361909573,1,1,CORRECT
diver-retriever,earth_science,79,0.8377125737840635,0.04470623453424072,0.06686447594340461,1,1,INCORRECT
diver-retriever,earth_science,83,0.8438844642751623,0.03575799794698509,0.1113475194038156,1,1,CORRECT
diver-retriever,earth_science,77,0.7402596767643551,0.025574821536384018,0.04715630180978958,0,0,INCORRECT
diver-retriever,earth_science,87,0.8285225326275101,0.08124013583617706,0.10883502569591541,1,1,CORRECT
diver-retriever,earth_science,78,0.7395993056659733,0.006521298123488117,0.02230700190342949,1,1,INCORRECT
diver-retriever,earth_science,82,0.8074516011800443,0.057713483398551424,0.11616190277741845,1,1,CORRECT
diver-retriever,earth_science,86,0.7388042478913586,0.022303081253368884,0.06623915751181686,1,1,CORRECT
diver-retriever,earth_science,80,0.8573024060289397,0.1155466553143285,0.16740194798141628,1,1,CORRECT
diver-retriever,earth_science,85,0.777079937841127,0.008517272530766729,0.02807778540336081,0,1,INCORRECT
diver-retriever,earth_science,81,0.8824707209960091,0.04773536289359315,0.07547742425324921,1,1,CORRECT
diver-retriever,earth_science,84,0.745125446756533,0.03434836499533389,0.056875746522169424,0,0,INCORRECT
diver-retriever,earth_science,88,0.7844113183786812,0.040793246762384716,0.06673828090673006,1,1,CORRECT
diver-retriever,earth_science,92,0.723306458003892,0.017547500660448412,0.03935701887512144,1,1,CORRECT
diver-retriever,earth_science,89,0.8076261621943919,0.027584788161974738,0.07004094017462947,1,1,INCORRECT
diver-retriever,earth_science,90,0.760515995002131,0.016390865966606216,0.036779485502231424,1,1,CORRECT
diver-retriever,earth_science,101,0.8907514467315465,0.10273487985698937,0.15376364154557165,1,1,CORRECT
diver-retriever,earth_science,96,0.8048844877144854,0.04835701188510111,0.10357385688149079,1,1,CORRECT
diver-retriever,earth_science,95,0.8233127485099856,0.06914053841903367,0.08707341899191123,1,1,CORRECT
diver-retriever,earth_science,91,0.7471412784190613,0.03525288018716566,0.07918765894302371,1,1,CORRECT
diver-retriever,earth_science,100,0.7493124065823767,0.051949187477667524,0.09092555037755912,0,0,INCORRECT
diver-retriever,earth_science,102,0.7376192389799076,0.038048965520319,0.060363568081029606,0,0,CORRECT
diver-retriever,earth_science,94,0.7398172019952631,0.005300576603832319,0.023568969791322725,0,1,INCORRECT
diver-retriever,earth_science,93,0.8017860485904964,0.005879305830491899,0.05171135959288786,1,1,CORRECT
diver-retriever,earth_science,97,0.7969028211134022,0.024814331342099982,0.05407103806571634,1,1,CORRECT
diver-retriever,earth_science,99,0.8422986680182377,0.05006003525996461,0.09338463789351292,0,0,INCORRECT
diver-retriever,earth_science,98,0.8424044118128644,0.02810773286460666,0.09601618328706951,1,1,CORRECT
diver-retriever,earth_science,104,0.7989354481758743,0.004718428353293835,0.02351852324880166,1,1,CORRECT
diver-retriever,earth_science,103,0.8145447587065593,0.014476866172868141,0.044603459732189266,1,1,CORRECT
diver-retriever,earth_science,114,0.7682268693143907,0.023336133797422276,0.04792471099423101,1,1,CORRECT
diver-retriever,earth_science,113,0.8104392836475407,0.03961828326662398,0.076780701003349,1,1,CORRECT
diver-retriever,earth_science,105,0.7352727998723014,0.020712781689313675,0.04098148292896375,0,1,CORRECT
diver-retriever,earth_science,111,0.7649637595214114,0.00664111151103608,0.029679259609632025,1,1,CORRECT
diver-retriever,earth_science,108,0.7722801745581963,0.011849769357825335,0.021957932050798656,0,0,INCORRECT
diver-retriever,earth_science,106,0.7823304641855504,0.06359649999836514,0.07739575503002605,1,1,INCORRECT
diver-retriever,earth_science,107,0.7958506365900998,0.033334849917667775,0.052770791104974735,1,1,CORRECT
diver-retriever,earth_science,112,0.7070059427642565,0.01729203053013162,0.048186597172281354,0,1,INCORRECT
diver-retriever,earth_science,110,0.7133788033356359,0.02501601295218958,0.04390820329923639,0,0,CORRECT
diver-retriever,earth_science,115,0.8341319138195761,0.04974618366190953,0.07698159984419417,0,0,CORRECT
diver-retriever,economics,0,0.7810673751035448,0.01918430589245479,0.03689330999067397,0,1,INCORRECT
diver-retriever,economics,1,0.8528618051213657,0.03320169083626523,0.06586868243280763,0,1,CORRECT
diver-retriever,economics,2,0.8097405685448682,0.031692470654838156,0.05248625191817424,1,1,CORRECT
diver-retriever,economics,3,0.8314823667629127,0.03127829269145599,0.048654075731752955,0,1,CORRECT
diver-retriever,economics,4,0.7802358014301795,0.032238875789119104,0.052772392595348605,0,0,CORRECT
diver-retriever,economics,5,0.771993792729671,0.02013863543201555,0.045137029705754284,0,1,INCORRECT
diver-retriever,economics,15,0.814918207161182,0.003438912916803649,0.032904970193977645,0,1,CORRECT
diver-retriever,economics,6,0.7828512021162441,0.034992711338179605,0.07261332630018713,0,0,CORRECT
diver-retriever,economics,8,0.8180436448695836,0.010486367032486177,0.0414796262846705,0,0,CORRECT
diver-retriever,economics,9,0.763148754061231,0.014756046861144734,0.03257598660558292,1,1,CORRECT
diver-retriever,economics,11,0.7682640097743177,0.002624041482308881,0.015177554948165084,0,0,CORRECT
diver-retriever,economics,12,0.8441040627141964,0.034609475684964086,0.08672305530109836,1,1,CORRECT
diver-retriever,economics,10,0.8724666353047325,0.0418720474163522,0.0706333919887322,0,0,INCORRECT
diver-retriever,economics,14,0.8815699476499294,0.0702301857303359,0.10575663169573657,0,0,INCORRECT
diver-retriever,economics,13,0.7858502632199699,0.031231593413913683,0.06536135010369992,1,1,CORRECT
diver-retriever,economics,16,0.7936450028388214,0.014288352912267044,0.031677584690919636,0,0,CORRECT
diver-retriever,economics,17,0.8778654981181917,0.02087306059277716,0.05020362196029926,1,1,INCORRECT
diver-retriever,economics,18,0.83602398171689,0.017728673120314342,0.057474206799540295,0,1,INCORRECT
diver-retriever,economics,20,0.7933414987505384,0.032114779476291044,0.05285804978353825,0,0,INCORRECT
diver-retriever,economics,21,0.7777788172118663,0.028544465710784617,0.041715530688732905,0,0,CORRECT
diver-retriever,economics,19,0.7834870209298314,0.008301775419654156,0.029042760356937647,0,1,CORRECT
diver-retriever,economics,22,0.8547199498060559,0.027639622202682346,0.0785400877010397,0,1,CORRECT
diver-retriever,earth_science,109,0.8298645869432824,0.007600731211834133,0.03614215126035447,1,1,CORRECT
diver-retriever,economics,23,0.864969842103378,0.022186902813359444,0.039872409742670034,0,0,CORRECT
diver-retriever,economics,24,0.8373859803245973,0.019170553806376,0.038479737159130445,0,0,CORRECT
diver-retriever,economics,29,0.8431942197227374,0.028678702442979542,0.0761442288122216,1,1,CORRECT
diver-retriever,economics,26,0.8490506247456696,0.022271874200316732,0.06064009631646383,1,1,CORRECT
diver-retriever,economics,27,0.8474064625401638,0.021711807672584293,0.05861848100422429,1,1,CORRECT
diver-retriever,economics,25,0.8816086180742202,0.034786662290767656,0.11006613901102691,1,1,CORRECT
diver-retriever,economics,28,0.8206041207477286,0.01149510554311095,0.03724735076148433,1,1,CORRECT
diver-retriever,economics,33,0.7914376742897359,0.04759580546903186,0.08694162312696463,1,1,CORRECT
diver-retriever,economics,34,0.7000207898156818,0.011951696448790794,0.02241724260650657,0,1,INCORRECT
diver-retriever,economics,36,0.7928766357974496,0.024647497783940264,0.04389031172730129,1,1,CORRECT
diver-retriever,economics,43,0.7820343859525548,0.00907582931396822,0.04383447093713955,0,0,INCORRECT
diver-retriever,economics,7,0.8385111152741851,0.012207371571198555,0.038388557897782616,0,0,INCORRECT
diver-retriever,economics,31,0.8560867998488073,0.013079900497471098,0.043090623731338096,0,0,INCORRECT
diver-retriever,economics,30,0.8315270807191534,0.021498479922680613,0.05808105209343484,0,0,INCORRECT
diver-retriever,economics,32,0.7803489285016466,0.029601950785438924,0.0402526710296629,0,1,INCORRECT
diver-retriever,economics,35,0.7685270499908486,0.015667132167684783,0.03250882170149294,0,0,CORRECT
diver-retriever,economics,37,0.8953200005624086,0.010395430947247375,0.06277908995226866,0,0,CORRECT
diver-retriever,economics,38,0.8166858496765572,0.044892130175106626,0.10655677852151024,1,1,CORRECT
diver-retriever,economics,50,0.8580330749759951,0.013337603829213562,0.044336906942799126,0,0,INCORRECT
diver-retriever,economics,39,0.8217086565017827,0.019325883126565246,0.040814078251791286,1,1,CORRECT
diver-retriever,economics,40,0.8219173025226414,0.015330725290806035,0.03815507026311504,0,0,CORRECT
diver-retriever,economics,44,0.7876020286204986,0.007321074153919249,0.03223599548256628,1,1,CORRECT
diver-retriever,economics,41,0.7678920134425357,0.008477323349742383,0.02685388802593691,1,1,CORRECT
diver-retriever,economics,42,0.8430324705486918,0.02732692948226223,0.047207786550917064,0,1,CORRECT
diver-retriever,economics,46,0.7564098700425186,0.021820712223894367,0.056355654409825484,1,1,CORRECT
diver-retriever,economics,45,0.7550422276417524,0.009791136651317367,0.04638888657446827,0,0,INCORRECT
diver-retriever,economics,47,0.863887270569907,0.03763979437564846,0.060884915911887605,0,0,INCORRECT
diver-retriever,economics,49,0.830546234387014,0.020633689345380568,0.07027398261471285,1,1,CORRECT
diver-retriever,economics,48,0.828321234564596,0.013164010590205444,0.045887069547585035,0,1,CORRECT
diver-retriever,economics,52,0.8847948668060187,0.032445727562125715,0.0662374075338873,0,1,CORRECT
diver-retriever,economics,53,0.7990554352892514,0.026206089074236827,0.043098117033341765,0,1,INCORRECT
diver-retriever,economics,62,0.8356443803816623,0.029322779747342653,0.05304887066317898,1,1,CORRECT
diver-retriever,economics,59,0.7560553041406064,0.020559840815826957,0.04117018835828612,0,0,CORRECT
diver-retriever,economics,55,0.7707399006320416,0.014998314106908661,0.037240458544924526,1,1,CORRECT
diver-retriever,economics,54,0.8253174833332368,0.05172690137760583,0.09665143976739288,0,0,CORRECT
diver-retriever,economics,57,0.8235150775568151,0.01248766985632388,0.034684632899675716,0,1,CORRECT
diver-retriever,economics,56,0.834940789437542,0.04440297894370404,0.07520184610212499,1,1,CORRECT
diver-retriever,economics,60,0.8513709018104803,0.019448337703796836,0.048658691893437855,1,1,CORRECT
diver-retriever,economics,58,0.8188537337174128,0.01761583678809453,0.04839771404346105,0,0,CORRECT
diver-retriever,economics,61,0.8332067179551959,0.028100775643197462,0.07523878764924219,0,0,CORRECT
diver-retriever,economics,63,0.818050445113218,0.026655640996912422,0.0521327957229496,0,0,INCORRECT
diver-retriever,economics,66,0.8502372737162838,0.022624093432217385,0.0472757696062589,1,1,CORRECT
diver-retriever,economics,65,0.7422869026361848,0.00956712989356312,0.018979526268698477,1,1,INCORRECT
diver-retriever,economics,64,0.8297682872509091,0.011231314488759803,0.03022672592629283,0,0,INCORRECT
diver-retriever,economics,67,0.8722346319218875,0.020723679385110882,0.0476178369930792,0,0,CORRECT
diver-retriever,economics,68,0.8568142557950315,0.04809835879355828,0.060257280843268424,0,0,CORRECT
diver-retriever,economics,69,0.8010722874102619,0.026345553532840293,0.04723911365334965,1,1,CORRECT
diver-retriever,economics,70,0.8777206742509889,0.11122529580839668,0.14512596995818006,0,1,CORRECT
diver-retriever,economics,72,0.8305243771547285,0.01616694354495407,0.038580921240918276,1,1,CORRECT
diver-retriever,economics,74,0.8400517275687244,0.014470763197419467,0.03697085359517216,1,1,CORRECT
diver-retriever,economics,73,0.8346488470980178,0.018478682897152376,0.05444418746710633,1,1,CORRECT
diver-retriever,economics,71,0.8424835349488082,0.06532912528843282,0.11268982947749107,0,0,INCORRECT
diver-retriever,economics,75,0.7910711029965288,0.010664438458384162,0.03184779872538945,1,1,CORRECT
diver-retriever,economics,76,0.905499083676744,0.10822942591359441,0.15970614022346385,0,0,INCORRECT
diver-retriever,economics,82,0.7139799640200754,0.02408325216467211,0.040276566233808486,0,0,CORRECT
diver-retriever,economics,80,0.8686287935366206,0.036680473784939105,0.08169232750645572,0,0,CORRECT
diver-retriever,economics,77,0.8375426335137256,0.02734949055924507,0.048041951178041,0,0,INCORRECT
diver-retriever,economics,90,0.793767017222566,0.002979559760495132,0.021194829235112733,0,0,INCORRECT
diver-retriever,economics,78,0.7798830169319563,0.02105137198903073,0.0420329884758327,0,0,CORRECT
diver-retriever,economics,81,0.8219082416963421,0.016755441046158115,0.04024352152311039,0,0,CORRECT
diver-retriever,economics,79,0.8372042072813073,0.004537741929031003,0.02950157611520754,1,1,INCORRECT
diver-retriever,economics,87,0.7324387469073529,0.031804212550493705,0.05287728026598415,0,0,INCORRECT
diver-retriever,economics,84,0.9421439015803597,0.15038195940794352,0.16417323464381828,1,1,CORRECT
diver-retriever,economics,93,0.8120770905436875,0.012627428821409548,0.050632477472399295,1,1,INCORRECT
diver-retriever,economics,86,0.8059997706223545,0.02432725654112311,0.04329689565346628,0,0,INCORRECT
diver-retriever,economics,85,0.7989535676767419,0.052479502613383744,0.08758587964024944,1,1,CORRECT
diver-retriever,economics,88,0.7843133618855744,0.04766688885235626,0.07907096119271573,1,1,INCORRECT
diver-retriever,economics,83,0.816251579704418,0.020259724648945654,0.03321318885139568,1,1,CORRECT
diver-retriever,economics,91,0.786517761088707,0.018710639732467338,0.04883940260207087,0,0,CORRECT
diver-retriever,economics,89,0.858957625171418,0.008338734337711484,0.053172014426712044,1,1,CORRECT
diver-retriever,economics,96,0.7888277291346016,0.010507612381077114,0.04952444108691345,1,1,CORRECT
diver-retriever,economics,92,0.8144026767425473,0.02608574863435842,0.04900043109668206,1,1,INCORRECT
diver-retriever,economics,94,0.8016173897168047,0.01512485663680252,0.044653675257707914,0,0,CORRECT
diver-retriever,economics,98,0.909231122706653,0.05904114735112842,0.07500926484787729,0,1,CORRECT
diver-retriever,economics,95,0.823027773958914,0.011556867300308693,0.039650675441589955,0,1,CORRECT
diver-retriever,economics,97,0.8572975030802956,0.030034709742864596,0.049561003442295304,1,1,CORRECT
diver-retriever,leetcode,1,0.9287186975738395,0.11760165054360572,0.1539600584420444,1,1,CORRECT
diver-retriever,economics,100,0.7816824324449615,0.022940340187349806,0.04455803859792762,0,0,INCORRECT
diver-retriever,economics,102,0.8094336546480484,0.02801887559372973,0.05554908009427695,0,0,INCORRECT
diver-retriever,economics,101,0.7802270552176442,0.02103588584574867,0.06930802002783809,0,0,INCORRECT
diver-retriever,leetcode,0,0.9014739414864772,0.10855524996901367,0.12006027406003317,1,1,CORRECT
diver-retriever,economics,99,0.835393724201868,0.013826746932766643,0.023729934037322487,0,1,CORRECT
diver-retriever,leetcode,2,0.9159858257852899,0.12355590282399953,0.14132600654757976,1,1,CORRECT
diver-retriever,leetcode,4,0.8143347982241241,0.010384378252960014,0.03350124897233642,1,1,INCORRECT
diver-retriever,leetcode,3,0.9027691044007473,0.07418076224309456,0.11715765609397677,1,1,CORRECT
diver-retriever,leetcode,5,0.9401405965609185,0.08538026878419824,0.10777043646956874,1,1,CORRECT
diver-retriever,leetcode,6,0.944054925129158,0.06448033762734606,0.09079489728693069,1,1,CORRECT
diver-retriever,leetcode,9,0.9363382782468055,0.1263599279624782,0.13872057574813879,1,1,CORRECT
diver-retriever,leetcode,8,0.8793414315433803,0.03206220927122283,0.06488662135384815,0,1,INCORRECT
diver-retriever,leetcode,7,0.9017077924529497,0.08366252523874584,0.10996464747217016,1,1,INCORRECT
diver-retriever,leetcode,10,0.8550669048969376,0.02665912493536493,0.060629046508525075,1,1,CORRECT
diver-retriever,leetcode,11,0.8921186228913957,0.024244844740462845,0.1044899431837708,0,0,CORRECT
diver-retriever,leetcode,12,0.8017501617134126,0.01184933493334872,0.021728623455672058,0,0,INCORRECT
diver-retriever,leetcode,18,0.8173516863858438,0.013373761645511184,0.03934409905021985,1,1,CORRECT
diver-retriever,leetcode,15,0.8582161787009179,0.018781979752727773,0.047781038289054,1,1,CORRECT
diver-retriever,leetcode,14,0.7909496143486929,0.021051313373766534,0.04964188747160936,0,1,CORRECT
diver-retriever,leetcode,16,0.8173595833360243,0.021871850265825277,0.03557485196121679,1,1,CORRECT
diver-retriever,leetcode,13,0.8538411078150691,0.01280168384400815,0.026082778796438166,0,1,CORRECT
diver-retriever,leetcode,17,0.8659011899153868,0.04940791268053779,0.07130803730120272,1,1,CORRECT
diver-retriever,leetcode,19,0.8010866948460027,0.013935128845096845,0.02454073695398118,0,1,CORRECT
diver-retriever,leetcode,22,0.8609935746649641,0.03914493558294574,0.07386038705260889,1,1,CORRECT
diver-retriever,leetcode,20,0.9055146289178877,0.10436950045701276,0.1236850639366589,0,1,CORRECT
diver-retriever,leetcode,23,0.8465574135423404,0.051007880508527004,0.07635642538596688,0,0,CORRECT
diver-retriever,leetcode,24,0.8705294805542807,0.041235650593144824,0.06939299900663021,1,1,CORRECT
diver-retriever,leetcode,25,0.8303588358399914,0.01584110627835511,0.039838491478159654,0,1,CORRECT
diver-retriever,leetcode,21,0.8358898155770068,0.03682616814097184,0.06488450793180467,1,1,CORRECT
diver-retriever,leetcode,31,0.808973338224511,0.01797084356719203,0.04166260728440907,0,1,INCORRECT
diver-retriever,leetcode,27,0.8560871201087067,0.03945098681689263,0.06316866533781318,1,1,CORRECT
diver-retriever,leetcode,30,0.8526726132675213,0.06079084697177162,0.0821124464756402,1,1,CORRECT
diver-retriever,leetcode,26,0.924541130069541,0.03125980764372738,0.09034098173880689,1,1,CORRECT
diver-retriever,leetcode,32,0.8595200384603732,0.033709488466724946,0.05799844399880194,0,0,CORRECT
diver-retriever,leetcode,28,0.813889435344588,0.019021793750481852,0.03709663303477906,0,0,INCORRECT
diver-retriever,leetcode,29,0.8482738121936932,0.05147001401229023,0.0662139440198245,1,1,CORRECT
diver-retriever,leetcode,34,0.8450362973871276,0.022160767872244747,0.06724328962460058,1,1,INCORRECT
diver-retriever,leetcode,33,0.8967697942167074,0.06281792740993386,0.08930503868178552,1,1,CORRECT
diver-retriever,leetcode,38,0.852586746026736,0.03434221564921924,0.05520508787882483,0,0,INCORRECT
diver-retriever,leetcode,37,0.8366136544945526,0.0393249789844633,0.0550962504787198,0,1,CORRECT
diver-retriever,leetcode,40,0.8863880981220035,0.02267220583467633,0.08802276490643224,1,1,INCORRECT
diver-retriever,leetcode,36,0.8579584821472267,0.05760765565362236,0.0724504280263526,1,1,CORRECT
diver-retriever,leetcode,39,0.8478905204168395,0.02011406873536037,0.038730111432764835,0,1,CORRECT
diver-retriever,leetcode,35,0.8318152907881083,0.028742908571723125,0.0494684980650516,1,1,CORRECT
diver-retriever,leetcode,44,0.8652992728253075,0.07093476449343394,0.09777299896134428,1,1,CORRECT
diver-retriever,leetcode,46,0.8955321933538479,0.05674915795962365,0.10253308949172746,1,1,CORRECT
diver-retriever,leetcode,45,0.8447943183951898,0.021890951321166363,0.033499235786603965,0,0,INCORRECT
diver-retriever,leetcode,47,0.8624697251342094,0.047805888153482634,0.06765542079372244,0,0,CORRECT
diver-retriever,leetcode,42,0.8972957487419748,0.0551263698932124,0.0809149810500791,1,1,CORRECT
diver-retriever,leetcode,43,0.8549405107255666,0.06701206729612941,0.0833420323328512,1,1,INCORRECT
diver-retriever,leetcode,41,0.8602391131098088,0.03543448846435293,0.052013210385563946,1,1,INCORRECT
diver-retriever,leetcode,48,0.8418253665521982,0.04175584700595569,0.05684126281311774,1,1,CORRECT
diver-retriever,leetcode,49,0.8646511327752592,0.03996000323889781,0.0642766479432958,1,1,INCORRECT
diver-retriever,leetcode,51,0.8590072692919604,0.03706195086133934,0.07816332500497636,0,0,INCORRECT
diver-retriever,leetcode,52,0.8535001094023558,0.05894664279116435,0.0746761409821306,0,0,CORRECT
diver-retriever,leetcode,55,0.8337153723200756,0.02698400509266019,0.05068298359712442,0,1,INCORRECT
diver-retriever,leetcode,53,0.846322901574619,0.03687140363365038,0.06661328895848295,1,1,INCORRECT
diver-retriever,leetcode,50,0.9190035347340219,0.061400887116484504,0.07951819882668476,0,0,CORRECT
diver-retriever,leetcode,54,0.837367628031613,0.029338644291712734,0.049857647204481714,1,1,CORRECT
diver-retriever,leetcode,61,0.8412733672056305,0.03713600203763423,0.05240681205798714,0,0,INCORRECT
diver-retriever,leetcode,60,0.9070107362390851,0.05231999405566512,0.07997760517665375,0,1,INCORRECT
diver-retriever,leetcode,63,0.8967704838030142,0.10860865169439937,0.12917820199010066,0,0,INCORRECT
diver-retriever,leetcode,64,0.8192341566907524,0.02018879853444988,0.03580366173676264,0,0,CORRECT
diver-retriever,leetcode,56,0.8832916768771187,0.07125871844889342,0.10149201476994152,1,1,INCORRECT
diver-retriever,leetcode,62,0.8843195850756351,0.02663298864110808,0.10941223185478222,1,1,CORRECT
diver-retriever,leetcode,59,0.9294318492492116,0.09248275791876193,0.14288272851145611,0,0,CORRECT
diver-retriever,leetcode,58,0.8567748113955052,0.03640855395755804,0.07973402033948362,1,1,CORRECT
diver-retriever,leetcode,57,0.7743576272724826,0.006695589381655931,0.020220656361065403,0,0,INCORRECT
diver-retriever,leetcode,70,0.8338362563401981,0.04630212277679824,0.07069614878982855,1,1,CORRECT
diver-retriever,leetcode,66,0.805444687383541,0.016963824683786544,0.031763332391062105,0,0,CORRECT
diver-retriever,leetcode,69,0.8706857533300274,0.08923617776669879,0.11203125688271343,1,1,CORRECT
diver-retriever,leetcode,65,0.8139580636725644,0.029382277866395023,0.05016808526492089,1,1,CORRECT
diver-retriever,leetcode,67,0.7907915400995866,0.018600184186208457,0.05580398514069107,1,1,CORRECT
diver-retriever,leetcode,68,0.84113450861665,0.024712747305882243,0.05679830540938069,0,0,CORRECT
diver-retriever,leetcode,72,0.8578555430833502,0.05432295685323951,0.07019290327425709,0,1,CORRECT
diver-retriever,leetcode,75,0.8195427768393855,0.017160347639110896,0.0368503738496152,0,0,CORRECT
diver-retriever,leetcode,73,0.8500469138801621,0.014225359329838705,0.03573662914388487,1,1,CORRECT
diver-retriever,leetcode,76,0.845545729478139,0.026856730965835407,0.043576869387787265,0,1,CORRECT
diver-retriever,leetcode,74,0.8237653781421787,0.03409764372179214,0.05308198155835819,0,1,INCORRECT
diver-retriever,leetcode,77,0.9036878894391355,0.10527638546427254,0.1293233373376882,0,0,CORRECT
diver-retriever,leetcode,79,0.8603665573668378,0.06458832020666083,0.09071251653165957,1,1,INCORRECT
diver-retriever,leetcode,78,0.8780133382424112,0.0486769780884998,0.0732627680539798,1,1,INCORRECT
diver-retriever,leetcode,71,0.8373329527849076,0.05029853240577864,0.07456916910336941,1,1,CORRECT
diver-retriever,leetcode,82,0.858869862745568,0.013115517782431252,0.03568195080516656,0,0,INCORRECT
diver-retriever,leetcode,85,0.823764696229367,0.03148035283380146,0.061816291135929013,0,1,INCORRECT
diver-retriever,leetcode,83,0.8253998478025923,0.028095466272248903,0.03955673629819356,1,1,CORRECT
diver-retriever,leetcode,84,0.8210966133466465,0.01627280848892365,0.03831424938470851,0,0,INCORRECT
diver-retriever,leetcode,80,0.8798329256414381,0.05001245956161804,0.08466249238973189,1,1,CORRECT
diver-retriever,leetcode,88,0.8570023833388241,0.005545609086938907,0.05351337996627947,0,0,CORRECT
diver-retriever,leetcode,89,0.8705958569137954,0.04582666581210515,0.08878603097529636,1,1,CORRECT
diver-retriever,leetcode,86,0.8194950447552437,0.0059718918006712585,0.024813111759888318,0,0,CORRECT
diver-retriever,leetcode,91,0.8400656237220219,0.025947487723443463,0.06030717536395214,0,1,CORRECT
diver-retriever,leetcode,92,0.8821693996246871,0.03911026935870687,0.07490279070853056,1,1,INCORRECT
diver-retriever,leetcode,94,0.864734067100296,0.03990857920395352,0.06704671639452431,1,1,CORRECT
diver-retriever,leetcode,87,0.8250767650268819,0.016190281770751547,0.04081613285752583,0,0,INCORRECT
diver-retriever,leetcode,93,0.8159479675428879,0.025111446876010635,0.03558437813797166,1,1,CORRECT
diver-retriever,leetcode,96,0.8771392617457249,0.01803473673852507,0.046972829113597014,1,1,INCORRECT
diver-retriever,leetcode,95,0.8597723633956028,0.034207907606428,0.06751521144651262,0,0,CORRECT
diver-retriever,leetcode,99,0.8357948389879811,0.06196067981612008,0.08139088188384125,1,1,INCORRECT
diver-retriever,leetcode,97,0.8124771188046243,0.014130998960608765,0.02813906926473997,0,0,INCORRECT
diver-retriever,leetcode,98,0.8656466162948275,0.01542004186834467,0.03769303696676718,0,0,CORRECT
diver-retriever,leetcode,100,0.8905323207973316,0.08856224650884559,0.1063040763012898,1,1,CORRECT
diver-retriever,leetcode,103,0.8583439168659013,0.07355604750759659,0.09008719995590597,1,1,CORRECT
diver-retriever,leetcode,102,0.8327633715567946,0.04808773291248203,0.06100395746918552,0,0,CORRECT
diver-retriever,leetcode,101,0.8944772097097202,0.09808052556394775,0.10882529582695444,0,0,CORRECT
diver-retriever,leetcode,105,0.8627285420293831,0.05492009919394003,0.07305534901881372,1,1,INCORRECT
diver-retriever,leetcode,104,0.8188307909262036,0.008838523745857252,0.024996574797132354,0,0,INCORRECT
diver-retriever,leetcode,106,0.8289272499629943,0.05193638367135667,0.06423014093092572,0,0,CORRECT
diver-retriever,leetcode,107,0.870952796695896,0.05712153583297608,0.07311463653956152,0,0,CORRECT
diver-retriever,leetcode,81,0.8199013690851704,0.03400534551741852,0.05509502120329879,1,1,CORRECT
diver-retriever,leetcode,108,0.8782163399483346,0.058567251518408914,0.0897268108350413,0,1,CORRECT
diver-retriever,leetcode,111,0.8272774086829139,0.01691843340923649,0.04150256109101458,0,0,INCORRECT
diver-retriever,leetcode,112,0.795717666515835,0.013279132110636582,0.02793025245381242,0,1,INCORRECT
diver-retriever,leetcode,110,0.8249610572725371,0.030857502289249328,0.05211016369099242,1,1,CORRECT
diver-retriever,leetcode,90,0.8774470965022059,0.02223702130860772,0.04974443521151761,1,1,CORRECT
diver-retriever,leetcode,109,0.8297792489508022,0.03713967546613406,0.054661251205631256,0,1,INCORRECT
diver-retriever,leetcode,114,0.8037595761128508,0.022561058476134654,0.03495480296231901,1,1,CORRECT
diver-retriever,leetcode,119,0.8049760372501005,0.013333257297350243,0.02714744707870287,1,1,CORRECT
diver-retriever,leetcode,115,0.8593220088143999,0.016444196314626014,0.04521024461509682,1,1,CORRECT
diver-retriever,leetcode,117,0.8505431597991828,0.019070468595464796,0.05033307711431034,1,1,CORRECT
diver-retriever,leetcode,113,0.8257591828920186,0.023205391162054445,0.0620090434776257,0,0,INCORRECT
diver-retriever,leetcode,118,0.8343318899744586,0.018909401887039268,0.04290887543026389,1,1,CORRECT
diver-retriever,leetcode,116,0.9004178185904427,0.07643392026883278,0.09529828130818896,1,1,CORRECT
diver-retriever,leetcode,120,0.854731864104137,0.05083885437730218,0.07435052872147696,0,0,INCORRECT
diver-retriever,leetcode,124,0.8219319895921263,0.023206085394385623,0.037593032710099394,1,1,INCORRECT
diver-retriever,leetcode,123,0.9023217453807947,0.07412577524999098,0.09544542311062709,1,1,CORRECT
diver-retriever,leetcode,125,0.8301160124565474,0.009781957932941454,0.03784802373323992,1,1,INCORRECT
diver-retriever,leetcode,126,0.8801322201187787,0.031834346321998885,0.0655518678458279,1,1,CORRECT
diver-retriever,leetcode,122,0.8361972906636602,0.03603105984190147,0.04651148985216469,1,1,CORRECT
diver-retriever,leetcode,121,0.8276805300500675,0.03831467153871648,0.06102974606366618,1,1,CORRECT
diver-retriever,leetcode,127,0.800405889755519,0.0118114533994359,0.029673892230383636,0,0,INCORRECT
diver-retriever,leetcode,131,0.8875635492036711,0.026276317424821505,0.07205894073151065,0,0,INCORRECT
diver-retriever,pony,0,0.8694251656580656,0.08388830184562168,0.11103870815100736,0,1,CORRECT
diver-retriever,leetcode,132,0.8804988930789827,0.08468086243766837,0.09819851249409917,1,1,CORRECT
diver-retriever,leetcode,133,0.8154346782639428,0.010609039874156068,0.029606424600744363,0,1,INCORRECT
diver-retriever,leetcode,129,0.8354300582092689,0.013211915172183453,0.030366177121840532,0,0,CORRECT
diver-retriever,leetcode,130,0.8350454209252665,0.011444717660003545,0.025907670423785167,1,1,CORRECT
diver-retriever,leetcode,134,0.7896166164722218,0.019393016476604408,0.03502454034396407,0,0,CORRECT
diver-retriever,leetcode,135,0.8613624268813687,0.027946069423270825,0.050928314522089124,0,1,CORRECT
diver-retriever,leetcode,128,0.845130197132001,0.029780899176934494,0.04720070289411982,1,1,CORRECT
diver-retriever,economics,51,0.8297733935774171,0.04087384067814415,0.08742438437720212,0,1,INCORRECT
diver-retriever,leetcode,138,0.7827731310583596,0.008165723652339807,0.023531308287429442,0,0,INCORRECT
diver-retriever,leetcode,137,0.8150169015745516,0.01623950582097422,0.034626482463287256,1,1,INCORRECT
diver-retriever,leetcode,140,0.8406977318656353,0.02081713112267536,0.03369146188636041,1,1,INCORRECT
diver-retriever,leetcode,136,0.7982262248974219,0.0137756296384276,0.0375153984506178,1,1,CORRECT
diver-retriever,leetcode,139,0.8107660862980357,0.0028790907370599417,0.01579097953986175,0,0,INCORRECT
diver-retriever,leetcode,141,0.8246741155878909,0.017750232802827615,0.04085472335504148,0,0,INCORRECT
diver-retriever,pony,1,0.7508067574945586,0.007463579743611781,0.01745186888958694,1,1,CORRECT
diver-retriever,pony,5,0.7663937639649849,0.01989568937127384,0.024851232490167185,0,0,CORRECT
diver-retriever,pony,3,0.7983036715917157,0.016144111199413502,0.039585464775227286,0,1,INCORRECT
diver-retriever,pony,4,0.804568453714916,0.02493268909257851,0.03911207880094303,1,1,INCORRECT
diver-retriever,pony,7,0.7870424615765269,0.016913035840813606,0.024402258748223438,0,1,INCORRECT
diver-retriever,pony,6,0.7743890572880178,0.015576060063939856,0.024407999447029538,1,1,CORRECT
diver-retriever,pony,2,0.8185906890731984,0.02720273983260746,0.051814082224927116,0,0,INCORRECT
diver-retriever,pony,8,0.8032494124034616,0.023744542202356778,0.040972117697567145,0,1,CORRECT
diver-retriever,pony,9,0.7996511910948911,0.016417264729746583,0.03067736876618299,1,1,CORRECT
diver-retriever,pony,16,0.8005735385500269,0.021857021492144746,0.03677877891502268,0,1,INCORRECT
diver-retriever,pony,10,0.7784415040417926,0.023346359215037027,0.030304363949955726,1,1,INCORRECT
diver-retriever,pony,15,0.7629079857392831,0.0179997675134258,0.029300360606715037,1,1,INCORRECT
diver-retriever,pony,14,0.773732761505855,0.01801230902078499,0.033423093134275605,1,1,INCORRECT
diver-retriever,pony,12,0.7737872706179632,0.02307903036616954,0.033860795826574086,1,1,CORRECT
diver-retriever,pony,13,0.782815636004226,0.016385273491613228,0.03329792023936162,0,0,CORRECT
diver-retriever,pony,17,0.7909136341105472,0.018009895679684584,0.0338792522864132,1,1,CORRECT
diver-retriever,pony,23,0.8184220424870521,0.054882837976807375,0.06602009397728592,1,1,CORRECT
diver-retriever,pony,18,0.7979788222320476,0.020939949433816163,0.04179911306248696,1,1,INCORRECT
diver-retriever,pony,22,0.7685253243303517,0.018279743458071485,0.028900905108291464,1,1,CORRECT
diver-retriever,pony,19,0.8195885478483963,0.0256565586037647,0.04985815106154079,0,0,CORRECT
diver-retriever,pony,20,0.8225835711171546,0.056589286087382895,0.0684341725459301,1,1,INCORRECT
diver-retriever,pony,24,0.8305273452467989,0.05844076657064401,0.08086068389807544,1,1,INCORRECT
diver-retriever,pony,26,0.8079421430956316,0.025215820811468448,0.04709552374535342,1,1,CORRECT
diver-retriever,pony,21,0.8012651837169666,0.022242657385190268,0.036733880584981726,1,1,CORRECT
diver-retriever,pony,28,0.7721332450898265,0.024091467204023886,0.032723628003750616,0,0,INCORRECT
diver-retriever,pony,25,0.7986464392475014,0.01606937383814866,0.028980423439135428,1,1,INCORRECT
diver-retriever,pony,30,0.7811387523745033,0.012942163095863934,0.026382012075969352,1,1,INCORRECT
diver-retriever,pony,27,0.7980030918230328,0.021662007002930972,0.03428291534190486,1,1,CORRECT
diver-retriever,pony,31,0.768696213378381,0.014691179336142057,0.023298238723982734,1,1,INCORRECT
diver-retriever,pony,38,0.8203215522497077,0.020848170535356814,0.039702872389235866,1,1,CORRECT
diver-retriever,pony,35,0.8338775488624625,0.044256519056282695,0.06394463974588604,1,1,CORRECT
diver-retriever,pony,36,0.7885623154910875,0.017995277196382387,0.028947771721828386,1,1,CORRECT
diver-retriever,pony,33,0.808179328229111,0.008875060408640834,0.043386614620630426,0,1,INCORRECT
diver-retriever,pony,34,0.8036675048663064,0.01781857187246272,0.03637760067875473,0,1,CORRECT
diver-retriever,pony,37,0.7999297214885475,0.008867349766291666,0.03431758101114224,1,1,INCORRECT
diver-retriever,pony,39,0.8561091369560182,0.07074475906662625,0.0986181484419939,0,0,INCORRECT
diver-retriever,pony,40,0.7897439989104755,0.026371111109504408,0.03928653378236591,1,1,CORRECT
diver-retriever,pony,43,0.7931678253018631,0.021206030335189974,0.038369757980862396,0,1,INCORRECT
diver-retriever,pony,44,0.8427544689928483,0.05932233759654626,0.06962031576907723,0,1,CORRECT
diver-retriever,pony,32,0.7772036494469846,0.019866498435394786,0.029837931072818735,1,1,CORRECT
diver-retriever,pony,11,0.7937862961819692,0.019911457427997048,0.03579696605013083,1,1,CORRECT
diver-retriever,pony,45,0.7968462509847897,0.0114355062596877,0.021701378277057537,1,1,INCORRECT
diver-retriever,pony,46,0.7735308092591141,0.011590941939610966,0.030950544626921372,1,1,CORRECT
diver-retriever,pony,29,0.8147277443614742,0.023005016203947792,0.04696944343856102,1,1,CORRECT
diver-retriever,pony,47,0.7827402078605414,0.017971255995515634,0.03032918679552088,0,0,CORRECT
diver-retriever,pony,59,0.8287059500417615,0.036992235818250285,0.07521083962501507,0,0,CORRECT
diver-retriever,pony,42,0.8181017164093074,0.03206247311790755,0.04481100786232517,1,1,CORRECT
diver-retriever,pony,48,0.8761254959478297,0.046942331189007036,0.08481110965634087,1,1,CORRECT
diver-retriever,pony,50,0.7912375688427755,0.007008978488917239,0.02380814684284316,1,1,CORRECT
diver-retriever,pony,51,0.8000141522174266,0.029411872431027608,0.039794137249035355,1,1,CORRECT
diver-retriever,pony,41,0.7981311136724661,0.027126403479540873,0.04218306059274257,0,1,INCORRECT
diver-retriever,pony,49,0.7845713836344743,0.023753043787501538,0.0342804308122211,1,1,INCORRECT
diver-retriever,pony,53,0.7785039359665622,0.016806569286795803,0.026465821943274292,0,1,INCORRECT
diver-retriever,pony,52,0.7929099931754447,0.022919815888416628,0.03427896190679214,1,1,INCORRECT
diver-retriever,pony,54,0.7724006848243751,0.015297839190886453,0.04231036554397205,0,0,CORRECT
diver-retriever,pony,55,0.7557935543056329,0.015062460501534591,0.026781788358487102,0,1,CORRECT
diver-retriever,pony,56,0.7717254400445698,0.01254322744415437,0.02641506154578288,0,0,CORRECT
diver-retriever,pony,57,0.7871609355536684,0.024574731607584277,0.03610126987966611,0,1,INCORRECT
diver-retriever,pony,58,0.7927142269268511,0.018654195538562512,0.031591598113513863,0,0,INCORRECT
diver-retriever,pony,60,0.7757195537458286,0.014052495544866872,0.02850688331137008,0,0,INCORRECT
diver-retriever,pony,61,0.779493114206744,0.018007136251719902,0.039375593360352346,0,1,INCORRECT
diver-retriever,pony,62,0.806706672071138,0.022293703566669598,0.0340080287593264,0,1,CORRECT
diver-retriever,pony,63,0.8167471340350914,0.026308240739929656,0.05758248983639125,0,0,INCORRECT
diver-retriever,pony,65,0.799855622940197,0.026123048626348178,0.04647946736622344,0,1,CORRECT
diver-retriever,pony,68,0.7708283165621528,0.027850422005925912,0.045441595926536515,0,1,CORRECT
diver-retriever,pony,67,0.7649600539582232,0.01484185493493062,0.029521439186983134,0,1,INCORRECT
diver-retriever,pony,66,0.7920186932428348,0.028762654911865693,0.043436163881909295,0,1,CORRECT
diver-retriever,pony,64,0.7716319324428016,0.01796917308724888,0.028523939480474048,1,1,INCORRECT
diver-retriever,pony,69,0.8301258039964459,0.03664755854548807,0.061869149931881195,1,1,CORRECT
diver-retriever,pony,70,0.7484864687448437,0.010358445996401122,0.022533938924875763,0,0,CORRECT
diver-retriever,pony,71,0.7751272631934826,0.020794691478441707,0.036935386289353556,0,1,INCORRECT
diver-retriever,pony,72,0.799781013688671,0.01904629707948513,0.0318301833940402,0,1,CORRECT
diver-retriever,pony,73,0.7743383621514993,0.01363770302962486,0.02702730743007775,0,1,CORRECT
diver-retriever,pony,75,0.8081089474139924,0.02454015111377783,0.04072482527957044,1,1,INCORRECT
diver-retriever,pony,74,0.841621728688223,0.05643101966738295,0.10107171477596033,0,0,INCORRECT
diver-retriever,pony,82,0.773678866992537,0.025061563802878273,0.03233863969035211,0,1,CORRECT
diver-retriever,pony,76,0.7888041643673288,0.026428826466753375,0.04216723684612489,1,1,CORRECT
diver-retriever,pony,77,0.75468689429766,0.010787480235532443,0.02682150456735999,0,1,INCORRECT
diver-retriever,pony,78,0.7713408696154874,0.012604578528503496,0.026644254305252635,0,1,INCORRECT
diver-retriever,pony,80,0.814223464500228,0.023160308646443584,0.033676897027384856,1,1,INCORRECT
diver-retriever,pony,84,0.7648308356660548,0.012876124888612006,0.026371185286128918,1,1,INCORRECT
diver-retriever,pony,81,0.7566489848466299,0.020158182966256044,0.03322368556280875,1,1,CORRECT
diver-retriever,pony,79,0.795101054616513,0.014417733837005953,0.03348448643519042,1,1,INCORRECT
diver-retriever,pony,83,0.747439609378811,0.01640619041476843,0.026738555257426966,1,1,CORRECT
diver-retriever,pony,86,0.796678826548056,0.025819478329046963,0.034370052597834766,1,1,INCORRECT
diver-retriever,pony,85,0.7798327194181536,0.025874279101025355,0.03478245076537534,1,1,INCORRECT
diver-retriever,pony,87,0.7999466063740647,0.020368437697513953,0.03035287059421332,0,0,CORRECT
diver-retriever,pony,88,0.7955550213433177,0.01167452174805228,0.03171923952766198,1,1,CORRECT
diver-retriever,pony,89,0.7467522672160195,0.005667331237190765,0.015734084131960424,1,1,CORRECT
diver-retriever,pony,91,0.8518209898813549,0.05997658590815569,0.09311221406015369,1,1,INCORRECT
diver-retriever,pony,92,0.7866878870461773,0.01159506157357848,0.02881064510391096,1,1,CORRECT
diver-retriever,pony,90,0.8079452513512039,0.0309465574043023,0.042822304029170644,1,1,INCORRECT
diver-retriever,pony,93,0.7983536824791257,0.024732616921465,0.04111115866676307,1,1,INCORRECT
diver-retriever,pony,102,0.8052347538841811,0.011740308254943654,0.024012772320733955,1,1,CORRECT
diver-retriever,pony,94,0.7566809696384201,0.014013300686232077,0.02324079852858285,1,1,CORRECT
diver-retriever,pony,95,0.7502794060480698,0.0217145605495096,0.030306676400551846,1,1,INCORRECT
diver-retriever,pony,101,0.7727060302659504,0.012856527560734743,0.025467490201404486,1,1,CORRECT
diver-retriever,pony,97,0.8080716646364678,0.024208205418340123,0.03672510740023327,1,1,CORRECT
diver-retriever,pony,96,0.778113442875786,0.03083096375024641,0.038460059099402866,0,1,CORRECT
diver-retriever,pony,100,0.7792147939368002,0.013502257106633553,0.025805303848084327,1,1,INCORRECT
diver-retriever,pony,98,0.791449573066282,0.020273835543581753,0.033896698206908105,1,1,CORRECT
diver-retriever,pony,99,0.7691470624379975,0.015035574150683573,0.032731479365147975,1,1,INCORRECT
diver-retriever,pony,105,0.7998398926297355,0.015062373401371398,0.03920337360188153,1,1,CORRECT
diver-retriever,pony,106,0.7831409462606831,0.005956192664537063,0.03430309023230005,0,1,CORRECT
diver-retriever,pony,107,0.795050549683144,0.01605000835570436,0.02949644168559684,1,1,INCORRECT
diver-retriever,pony,108,0.7580284356183603,0.013390175168628504,0.025454658175226408,1,1,CORRECT
diver-retriever,pony,103,0.7544795589004254,0.01125798260505595,0.029026700236781555,1,1,CORRECT
diver-retriever,pony,109,0.7593553530054674,0.011427544430563708,0.02139392067517909,1,1,INCORRECT
diver-retriever,pony,111,0.7656532129910949,0.009753011611122409,0.023820098395206046,1,1,CORRECT
diver-retriever,psychology,5,0.8527489446753086,0.03951995836908129,0.0725709329175982,0,0,CORRECT
diver-retriever,psychology,2,0.869874807576831,0.020257178490802885,0.06622529050272974,1,1,CORRECT
diver-retriever,pony,110,0.7873662740636884,0.016562342752578063,0.03077202180313654,1,1,INCORRECT
diver-retriever,psychology,0,0.7795573135414287,0.02043174554116467,0.03372208262892007,1,1,CORRECT
diver-retriever,psychology,3,0.7498207395994634,0.013120831821593959,0.03846621392026939,0,0,CORRECT
diver-retriever,psychology,1,0.7940858885535209,0.031087282139573236,0.055991384535678534,1,1,INCORRECT
diver-retriever,psychology,4,0.7963941136060916,0.004241383192498005,0.0228716652182418,1,1,CORRECT
diver-retriever,psychology,6,0.8414841628603944,0.023056312587413363,0.04929375783669221,0,1,CORRECT
diver-retriever,psychology,9,0.8161556495364605,0.07980394428001691,0.11061459011950003,1,1,CORRECT
diver-retriever,psychology,7,0.8151681202676998,0.017963990737550617,0.02808743230832811,0,0,INCORRECT
diver-retriever,psychology,12,0.74267058743235,0.026831001896709283,0.052658449418917064,1,1,CORRECT
diver-retriever,psychology,10,0.784178612374927,0.013504828328552598,0.02775522430959909,0,1,INCORRECT
diver-retriever,psychology,22,0.875481188111634,0.0443503020296655,0.10115710807455558,0,0,CORRECT
diver-retriever,psychology,8,0.8023835150282747,0.03796555637428023,0.08420913840322564,0,1,CORRECT
diver-retriever,psychology,11,0.7718422984413943,0.004624053995988753,0.019963386669507144,0,1,INCORRECT
diver-retriever,psychology,17,0.793103527511436,0.019266043120740095,0.030451230644717886,1,1,CORRECT
diver-retriever,psychology,20,0.7509848785887798,0.010873240073015489,0.0332305257345723,1,1,CORRECT
diver-retriever,psychology,19,0.8350598013012592,0.027605918451998446,0.09448338382866828,1,1,CORRECT
diver-retriever,psychology,15,0.7821715129660894,0.007729349965897803,0.022126351260332244,0,1,CORRECT
diver-retriever,psychology,14,0.7845627111483044,0.014323751229336823,0.04516877148869769,0,0,CORRECT
diver-retriever,psychology,16,0.8067040902566476,0.028608721701042783,0.05684059020381371,0,0,CORRECT
diver-retriever,psychology,13,0.8167471190860096,0.02053273765721586,0.04813632931071132,1,1,INCORRECT
diver-retriever,pony,104,0.7773892444860374,0.02178165992316272,0.031016759614471257,1,1,CORRECT
diver-retriever,psychology,27,0.8053447088031135,0.03166193607372714,0.042500605224806476,0,0,INCORRECT
diver-retriever,psychology,29,0.8307411470069035,0.02217329634719889,0.0423842910354143,1,1,CORRECT
diver-retriever,psychology,33,0.8106494787043032,0.016940509563668882,0.04396474362403635,1,1,CORRECT
diver-retriever,psychology,24,0.7615660658975907,0.01887933486129101,0.04525838820459571,0,1,CORRECT
diver-retriever,psychology,31,0.7826704912054968,0.02377806394291604,0.04301763236735556,1,1,CORRECT
diver-retriever,psychology,26,0.8654757495706592,0.05580594033294295,0.10252251387745914,0,1,CORRECT
diver-retriever,psychology,28,0.8146658622985371,0.007637286435905444,0.02958639284840847,1,1,CORRECT
diver-retriever,psychology,30,0.8795198485514066,0.04589393303590694,0.11217252005992295,1,1,CORRECT
diver-retriever,psychology,21,0.8064715605301251,0.01834827036204234,0.03198824955229229,0,0,INCORRECT
diver-retriever,psychology,23,0.8039108952911092,0.02272236705598263,0.04676854755146276,0,0,CORRECT
diver-retriever,psychology,34,0.8071614960041429,0.013190348477586156,0.04232054963992993,0,0,CORRECT
diver-retriever,psychology,18,0.7842823087904971,0.013895062283048376,0.03912875084196665,1,1,CORRECT
diver-retriever,psychology,32,0.7877591127428173,0.020310792011460466,0.03354391756600206,0,1,CORRECT
diver-retriever,psychology,25,0.7865956259524698,0.017602610556039178,0.04841594125387649,0,1,CORRECT
diver-retriever,psychology,38,0.7419775210661885,0.012219769929150637,0.046556599205090476,1,1,CORRECT
diver-retriever,psychology,44,0.8093890845708902,0.015511400061114844,0.03447378303207571,1,1,CORRECT
diver-retriever,psychology,48,0.7590552813558555,0.03454003726173138,0.052725098427775396,1,1,CORRECT
diver-retriever,psychology,39,0.7184751816465728,0.006159469318866351,0.01922723970198792,0,1,CORRECT
diver-retriever,psychology,37,0.845772218980577,0.004924329292643637,0.03636550814612538,1,1,CORRECT
diver-retriever,psychology,40,0.7254394720614266,0.012541980205059589,0.05933453227475405,0,1,CORRECT
diver-retriever,psychology,43,0.8136704918610005,0.03701623358002759,0.07597865763277623,1,1,CORRECT
diver-retriever,psychology,36,0.7490523820525207,0.0264531120135989,0.04887358097316041,1,1,CORRECT
diver-retriever,psychology,41,0.7909942433192932,0.043410050416786694,0.07090308867476214,1,1,INCORRECT
diver-retriever,psychology,51,0.8285394466556869,0.043052821509981354,0.06490430975189698,1,1,CORRECT
diver-retriever,psychology,35,0.8246190942564342,0.02369057202188951,0.09998052362920751,1,1,CORRECT
diver-retriever,psychology,42,0.8381489361795313,0.010087835432353476,0.03541937693446884,1,1,CORRECT
diver-retriever,psychology,49,0.7916935551328279,0.012344830329139356,0.025286382745052793,0,1,INCORRECT
diver-retriever,psychology,45,0.8235798658276835,0.023277249806862965,0.06204023344856402,0,1,CORRECT
diver-retriever,psychology,47,0.7303394892857549,0.010484585804874103,0.042013538173541476,1,1,CORRECT
diver-retriever,psychology,50,0.8109519995380232,0.022444708978417882,0.045231078828691595,1,1,CORRECT
diver-retriever,psychology,55,0.7520379400218352,0.015857960508061986,0.030927911634447303,1,1,CORRECT
diver-retriever,psychology,52,0.7697840397913435,0.01875508798007719,0.03986687823981838,1,1,CORRECT
diver-retriever,psychology,46,0.8094550248400729,0.019345481859619484,0.03860810941423998,1,1,CORRECT
diver-retriever,psychology,59,0.8528724435343801,0.011272805052900736,0.036720769740299475,0,1,CORRECT
diver-retriever,psychology,53,0.7924259190896545,0.053879548726014415,0.07570901657911466,1,1,CORRECT
diver-retriever,psychology,56,0.7632892602373511,0.007042219589371568,0.031708716098804324,1,1,CORRECT
diver-retriever,psychology,62,0.7661212569533042,0.01670186684949082,0.039300801659600815,0,1,CORRECT
diver-retriever,psychology,57,0.8387720352433325,0.02859252439451454,0.09806945736147288,1,1,CORRECT
diver-retriever,psychology,54,0.8292749565149743,0.014017019280348375,0.06041305830397259,0,0,CORRECT
diver-retriever,psychology,61,0.8108588251913526,0.026690313531486765,0.05270163661403404,0,1,CORRECT
diver-retriever,psychology,60,0.8211351774050559,0.026295266510969584,0.03644624105306482,1,1,CORRECT
diver-retriever,psychology,67,0.8103616730354807,0.025914841829229873,0.05693873776130587,1,1,CORRECT
diver-retriever,psychology,58,0.8420552064064042,0.015548818536730957,0.03629989747792273,0,0,CORRECT
diver-retriever,psychology,70,0.8054841282616001,0.010353763632779622,0.03264883097520843,0,0,INCORRECT
diver-retriever,psychology,68,0.7881347698864797,0.01432658821880295,0.07686751992435992,1,1,CORRECT
diver-retriever,psychology,64,0.7571307551517144,0.03048826266754634,0.04750318028565337,0,1,INCORRECT
diver-retriever,psychology,66,0.7969452097415456,0.012111866400520421,0.03557708306470886,0,1,CORRECT
diver-retriever,psychology,63,0.7670849800812178,0.013661175075417642,0.02939953160026998,0,0,INCORRECT
diver-retriever,psychology,65,0.7798937955964553,0.024170612587092966,0.04931580589458551,1,1,CORRECT
diver-retriever,psychology,77,0.7369564406553226,0.03881071608867792,0.06177459349472958,1,1,CORRECT
diver-retriever,psychology,69,0.7665919193861942,0.012827096992276577,0.06531339804883807,0,1,CORRECT
diver-retriever,psychology,73,0.8287803616803108,0.017959308002721164,0.024355237707258115,0,1,INCORRECT
diver-retriever,psychology,81,0.7740992125480195,0.058376227315329654,0.07436132809138984,1,1,CORRECT
diver-retriever,psychology,75,0.8102544566305137,0.03676152001170996,0.058541561601150205,1,1,CORRECT
diver-retriever,psychology,76,0.7778794251344314,0.01548159366114299,0.0420968200341284,1,1,CORRECT
diver-retriever,psychology,72,0.8040388812144575,0.02555190221172654,0.04759722545564926,1,1,CORRECT
diver-retriever,psychology,74,0.7437609697644688,0.016843778453825786,0.03708919086422746,1,1,CORRECT
diver-retriever,psychology,79,0.8360937852567353,0.03616914612648081,0.07405687226632995,1,1,CORRECT
diver-retriever,psychology,71,0.8551429243008151,0.016190548503984936,0.03824718510073444,0,0,CORRECT
diver-retriever,psychology,78,0.8071046486242577,0.012994729047309805,0.02604252445558064,1,1,CORRECT
diver-retriever,psychology,83,0.7570727036862118,0.011713858088260198,0.033174700193723816,0,1,INCORRECT
diver-retriever,psychology,80,0.8119739385286869,0.026403818972930315,0.06466954034573258,1,1,CORRECT
diver-retriever,psychology,85,0.7774447050485617,0.030656949763986474,0.04817973779713858,0,1,CORRECT
diver-retriever,psychology,87,0.7326483039127525,0.013240389918605766,0.021110100905845197,0,1,CORRECT
diver-retriever,psychology,86,0.7860153998942029,0.055819515054547963,0.07211233542332807,1,1,CORRECT
diver-retriever,psychology,82,0.7786861218638684,0.012970512393915112,0.04911782660129804,1,1,CORRECT
diver-retriever,psychology,84,0.8014569367034329,0.013699134191047402,0.05924883277069981,1,1,CORRECT
diver-retriever,psychology,89,0.7812669549988569,0.011255834812536225,0.026965080218563586,0,0,INCORRECT
diver-retriever,psychology,88,0.8450482355894118,0.02435335441940223,0.06414191772611832,1,1,CORRECT
diver-retriever,psychology,90,0.8733048902585834,0.018921401007127248,0.06615114955320744,0,1,CORRECT
diver-retriever,psychology,91,0.7941782101104506,0.02907128843669593,0.08233904823078175,1,1,CORRECT
diver-retriever,psychology,93,0.7749872483461689,0.030196501471052795,0.04020669235342167,0,1,INCORRECT
diver-retriever,psychology,94,0.7376636590056882,0.005617075001756788,0.02431388897982556,0,0,CORRECT
diver-retriever,psychology,92,0.788178384822408,0.022294120743604373,0.040336623732206145,1,1,CORRECT
diver-retriever,psychology,96,0.7261056036944294,0.008591605712733985,0.0199677692367507,0,1,CORRECT
diver-retriever,psychology,95,0.7757781577950096,0.013478016350552124,0.035619959444621374,0,0,INCORRECT
diver-retriever,psychology,100,0.7356651776465687,0.024528251880342467,0.050830912792444116,0,1,INCORRECT
diver-retriever,psychology,99,0.8277173937907851,0.03505173155379826,0.09114818484250009,0,0,CORRECT
diver-retriever,psychology,98,0.769229955501036,0.017872169365878765,0.03518558180205944,0,0,INCORRECT
diver-retriever,robotics,1,0.7971656614552268,0.009628788903525587,0.022234645886209825,0,0,INCORRECT
diver-retriever,robotics,2,0.9004552195118549,0.019736314741931604,0.04319358253172101,1,1,CORRECT
diver-retriever,psychology,97,0.7691704087508113,0.005450650174765426,0.0282333162518138,1,1,CORRECT
diver-retriever,robotics,0,0.833732430858625,0.015159119416444322,0.04050470359325509,0,0,CORRECT
diver-retriever,robotics,10,0.8047829887370241,0.017861573976174494,0.04242224468895328,0,0,INCORRECT
diver-retriever,robotics,5,0.831597078387142,0.02410347874692631,0.04089925115287607,0,0,INCORRECT
diver-retriever,robotics,4,0.8208060655219385,0.014698566371724842,0.024187037776358777,0,0,CORRECT
diver-retriever,robotics,8,0.8156550581443558,0.012694908263463311,0.05453847750648744,1,1,CORRECT
diver-retriever,robotics,9,0.8250914696676201,0.01264024444176004,0.040545187444054775,0,0,INCORRECT
diver-retriever,robotics,7,0.876098844389449,0.008506245960395953,0.043642233400243535,1,1,CORRECT
diver-retriever,robotics,11,0.8497832818887822,0.019432992520708514,0.054996480290308125,1,1,CORRECT
diver-retriever,robotics,13,0.8578761767084595,0.040406318803278274,0.060865142249892035,0,0,CORRECT
diver-retriever,robotics,12,0.828523819068965,0.008574240441534098,0.026431796714298406,1,1,CORRECT
diver-retriever,robotics,14,0.8380735215325165,0.016779768557294572,0.03364918571561759,0,0,INCORRECT
diver-retriever,robotics,16,0.8488780132983769,0.013756021013627495,0.02277315625219467,1,1,INCORRECT
diver-retriever,robotics,15,0.8519641186048106,0.005138036299583315,0.03029693451921245,1,1,CORRECT
diver-retriever,robotics,18,0.8482403248382929,0.020233073010529234,0.039128478248051435,1,1,CORRECT
diver-retriever,robotics,19,0.8430407105077276,0.01931245676588922,0.03550988871401772,0,1,CORRECT
diver-retriever,robotics,6,0.8382471921384559,0.030418337185003197,0.049918651175504425,0,0,CORRECT
diver-retriever,robotics,3,0.8111546784363848,0.017543208945102307,0.03841336624898384,0,1,INCORRECT
diver-retriever,robotics,17,0.8761711448808792,0.019461299118071262,0.03963730451751957,1,1,CORRECT
diver-retriever,robotics,20,0.8416494640177908,0.00782070942591584,0.02989678204787727,1,1,CORRECT
diver-retriever,robotics,22,0.8002893404437411,0.022978335435913655,0.04172614969123167,1,1,CORRECT
diver-retriever,robotics,23,0.8379450861025695,0.0018414103088846279,0.014659873362097064,0,1,CORRECT
diver-retriever,robotics,31,0.7945219470708087,0.0077319250339134005,0.022387033685606794,1,1,CORRECT
diver-retriever,robotics,24,0.8129667551167034,0.016613560807311245,0.02722914055436465,1,1,CORRECT
diver-retriever,robotics,21,0.8549537660287196,0.041844139146534065,0.07324510751417646,0,0,CORRECT
diver-retriever,robotics,27,0.8428729259556582,0.04186917101363119,0.06887291065904266,1,1,CORRECT
diver-retriever,robotics,26,0.8429788707394488,0.014046728190688862,0.031364580148841026,0,1,CORRECT
diver-retriever,robotics,25,0.8443401592380864,0.04184413979503099,0.056772383802002224,0,0,INCORRECT
diver-retriever,robotics,28,0.8746438415407741,0.027389253346040476,0.039865862233782745,0,0,CORRECT
diver-retriever,robotics,29,0.8259886403325706,0.03315098148310347,0.052598850958404,0,0,CORRECT
diver-retriever,robotics,30,0.8359940644597169,0.006050451878191199,0.03275642247493227,0,0,CORRECT
diver-retriever,robotics,35,0.807495656868224,0.015228650039230018,0.03008229867949397,0,0,CORRECT
diver-retriever,robotics,33,0.850904070355387,0.025391425090381503,0.03913259521030765,0,0,CORRECT
diver-retriever,robotics,32,0.8293083392348112,0.01815877849787184,0.04166286753997639,0,0,CORRECT
diver-retriever,robotics,34,0.8211993958083604,0.006471257056602453,0.01683578680651765,0,0,INCORRECT
diver-retriever,robotics,36,0.8417294126749483,0.04224684795069533,0.05595791880732226,1,1,CORRECT
diver-retriever,robotics,40,0.8669493242585663,0.009704500557884632,0.028523501717432453,0,1,INCORRECT
diver-retriever,robotics,38,0.9237845871338684,0.07312197549413468,0.10290911937642133,1,1,INCORRECT
diver-retriever,robotics,43,0.8326852391897328,0.004277495429648948,0.024590304975759203,1,1,CORRECT
diver-retriever,robotics,44,0.8380880057319201,0.009535304888677154,0.02577170484684943,0,0,INCORRECT
diver-retriever,robotics,37,0.8482111400621094,0.0036427237095497667,0.02069388549950213,0,0,CORRECT
diver-retriever,robotics,42,0.8625042869131612,0.03460900407915579,0.05168152087345301,0,0,INCORRECT
diver-retriever,robotics,41,0.8296104702491744,0.011202630804612923,0.015505760771125976,0,0,CORRECT
diver-retriever,robotics,39,0.7853657822434628,0.007730734666489658,0.036107435727222525,1,1,CORRECT
diver-retriever,robotics,51,0.8065150454493333,0.009544590822143317,0.029675365532440767,0,0,CORRECT
diver-retriever,robotics,45,0.8895711122813345,0.021953115167489656,0.05077194926944162,1,1,CORRECT
diver-retriever,robotics,52,0.8028353803201954,0.0038341345305943353,0.011895165091173499,0,0,INCORRECT
diver-retriever,robotics,49,0.8807100910518195,0.03652349684477951,0.05475063603268604,0,1,CORRECT
diver-retriever,robotics,50,0.8510575918216776,0.019672193786861247,0.039130746964653795,1,1,CORRECT
diver-retriever,robotics,46,0.8303644993945638,0.010116363890246616,0.032909394471543174,0,1,CORRECT
diver-retriever,robotics,47,0.8469272414760446,0.0013971100960109561,0.01866484255186618,1,1,CORRECT
diver-retriever,robotics,48,0.8543495539169517,0.024003445700174875,0.04637353611354922,1,1,CORRECT
diver-retriever,robotics,54,0.8694530752240859,0.03799202343672814,0.05339283917824078,1,1,CORRECT
diver-retriever,robotics,53,0.8392446426342475,0.01381767080144991,0.024979658607397703,0,0,CORRECT
diver-retriever,robotics,60,0.8481407035446975,0.017319011465189327,0.03535292524489131,0,0,CORRECT
diver-retriever,robotics,57,0.8680344892565154,0.01822524992060548,0.055467770159993934,0,0,CORRECT
diver-retriever,robotics,56,0.8318944737261239,0.010281113871172254,0.024957686388239364,0,1,CORRECT
diver-retriever,robotics,58,0.8926802042905142,0.014318737205393561,0.0718225799004567,0,1,CORRECT
diver-retriever,robotics,59,0.8826344801094993,0.023192014560573626,0.06471941454325869,1,1,CORRECT
diver-retriever,robotics,55,0.8741268341218865,0.0205727063761717,0.047180304506492354,0,0,CORRECT
diver-retriever,robotics,67,0.859620381451495,0.017704076301289673,0.04465059359420953,0,0,CORRECT
diver-retriever,robotics,63,0.8750518681074343,0.05746430792012036,0.0769119560071867,1,1,CORRECT
diver-retriever,robotics,65,0.8865022919870686,0.02342982921510106,0.03942733143318555,1,1,CORRECT
diver-retriever,robotics,68,0.8525051768557799,0.04535789445240457,0.0816703695977623,1,1,CORRECT
diver-retriever,robotics,66,0.8352811607408789,0.02304562128433396,0.04120514858076607,0,0,CORRECT
diver-retriever,robotics,64,0.8560365670184321,0.024538025055637624,0.059746630269794876,0,1,INCORRECT
diver-retriever,robotics,61,0.9015139988668092,0.02964166647464206,0.08422935823628219,0,1,INCORRECT
diver-retriever,robotics,62,0.9034003011294756,0.03030310436234085,0.05325452115977103,0,1,CORRECT
diver-retriever,robotics,73,0.8363201695338227,0.008919159366150176,0.036963486026866055,1,1,CORRECT
diver-retriever,robotics,71,0.8734212563426279,0.022940469794707874,0.04690595781290474,1,1,CORRECT
diver-retriever,robotics,75,0.8801001742237022,0.022379659805952246,0.05538471607882234,0,1,CORRECT
diver-retriever,robotics,74,0.8632166519257495,0.022590025868470587,0.041520370125153194,0,0,INCORRECT
diver-retriever,robotics,69,0.8724478694795115,0.020246833147384624,0.0406467854493221,1,1,CORRECT
diver-retriever,robotics,72,0.8364614078541817,0.02238255552349444,0.0393844683619019,0,1,CORRECT
diver-retriever,robotics,70,0.8736576080695078,0.019950459148653787,0.036149782421420196,1,1,CORRECT
diver-retriever,robotics,76,0.886854313532133,0.04752646200007338,0.06965536846366682,0,0,CORRECT
diver-retriever,robotics,77,0.8361533873267715,0.01513118386360035,0.04626248440734626,0,0,INCORRECT
diver-retriever,robotics,83,0.8434124973803384,0.006652698847406047,0.017097211421839842,1,1,CORRECT
diver-retriever,robotics,79,0.8378642636452792,0.006015922542825569,0.02199279043776603,0,0,CORRECT
diver-retriever,robotics,82,0.814160954458591,0.015306014352943986,0.028859337024952136,0,0,CORRECT
diver-retriever,robotics,81,0.8589035907639114,0.015346611360092965,0.033693449664941366,0,0,CORRECT
diver-retriever,robotics,80,0.8466641724880906,0.004556212776277602,0.027194511110372632,0,0,CORRECT
diver-retriever,robotics,84,0.8964051306948094,0.036056468735708336,0.06046776816700006,1,1,CORRECT
diver-retriever,robotics,92,0.8343730346322149,0.05722492662517886,0.07872771699007175,1,1,CORRECT
diver-retriever,robotics,88,0.8196117390231441,0.015111029623691152,0.031263421355788634,0,0,CORRECT
diver-retriever,robotics,78,0.8532519364358797,0.014017837904489738,0.04152214033784096,1,1,CORRECT
diver-retriever,robotics,87,0.8183047206791985,0.010883540775053269,0.0232144426696147,0,0,INCORRECT
diver-retriever,robotics,86,0.84533240539701,0.029915128318102946,0.05359235862875855,1,1,CORRECT
diver-retriever,robotics,90,0.8156432150801171,0.010116988456651876,0.023584485369659514,0,0,CORRECT
diver-retriever,robotics,91,0.8525799509457045,0.034024752724654994,0.06703900594517176,1,1,CORRECT
diver-retriever,robotics,85,0.844941465554903,0.010317532567710064,0.0247470495142168,1,1,CORRECT
diver-retriever,robotics,89,0.8677749455950358,0.014394842245603945,0.03190892794003353,0,0,CORRECT
diver-retriever,robotics,93,0.930935841576688,0.11763681078873756,0.13996716887169347,1,1,CORRECT
diver-retriever,robotics,96,0.8481804247626357,0.028200839460231886,0.059695200053101694,0,0,INCORRECT
diver-retriever,robotics,95,0.8597166181886972,0.04399637287007818,0.06531137816753363,0,0,INCORRECT
diver-retriever,robotics,98,0.8229192238360161,0.00865564013556508,0.029152436979343666,0,1,CORRECT
diver-retriever,robotics,97,0.8249697137815418,0.01801541734904999,0.032689547187996215,1,1,CORRECT
diver-retriever,robotics,94,0.891274606243921,0.059526888806830214,0.08272828647767949,1,1,CORRECT
diver-retriever,robotics,99,0.8687691222114967,0.03651139910211543,0.05906476213866796,0,1,INCORRECT
diver-retriever,stackoverflow,1,0.8525352682458882,0.03127451147580784,0.04233372502106014,0,1,CORRECT
diver-retriever,robotics,100,0.8551784592573557,0.010152760534681837,0.023968692911701672,0,0,CORRECT
diver-retriever,stackoverflow,0,0.8546161118859793,0.008595134479111644,0.0387903414340397,0,1,CORRECT
diver-retriever,stackoverflow,2,0.8100521770681843,0.016659483219548576,0.03613939575071756,0,0,CORRECT
diver-retriever,stackoverflow,4,0.8186191055318673,0.011304564418314844,0.029743294208457893,0,0,CORRECT
diver-retriever,stackoverflow,5,0.810652069482188,0.0005594000792594755,0.0016172536293320716,0,0,CORRECT
diver-retriever,stackoverflow,7,0.8043735022986611,0.006456059970425421,0.014907835819883641,0,0,CORRECT
diver-retriever,stackoverflow,6,0.8117596306203754,0.003827264538892372,0.019715577499456294,0,0,INCORRECT
diver-retriever,stackoverflow,10,0.8929201534107857,0.0065530226738835795,0.03844121535029976,1,1,CORRECT
diver-retriever,stackoverflow,8,0.8440631709551865,0.028403889326752085,0.05578417697370419,1,1,CORRECT
diver-retriever,stackoverflow,11,0.8370284782631754,0.003460966509702512,0.013335091221935658,0,0,CORRECT
diver-retriever,stackoverflow,9,0.8202419521528763,0.03808567913393279,0.04409640989552599,0,0,INCORRECT
diver-retriever,stackoverflow,12,0.801770979954792,0.02094977156940736,0.03642788472584202,1,1,INCORRECT
diver-retriever,stackoverflow,14,0.843432716171223,0.030448327212533988,0.07961171149680557,1,1,CORRECT
diver-retriever,stackoverflow,16,0.8109256339057911,0.017907614306256536,0.059011221484655874,1,1,CORRECT
diver-retriever,stackoverflow,15,0.833816007570481,0.007873930329594603,0.03256632399044235,0,0,CORRECT
diver-retriever,stackoverflow,17,0.8106736048022037,0.011890969517339256,0.019165264740417687,0,1,CORRECT
diver-retriever,stackoverflow,20,0.7757199555849045,0.0129077536772646,0.02491534427852804,0,1,CORRECT
diver-retriever,stackoverflow,19,0.8077578779311081,0.008994221669335944,0.020470762091972072,0,0,CORRECT
diver-retriever,stackoverflow,3,0.8235650996131009,0.005612247295495254,0.023909215353223545,0,1,CORRECT
diver-retriever,stackoverflow,22,0.8937447895529285,0.02768294244150682,0.07578451299573652,0,0,INCORRECT
diver-retriever,stackoverflow,18,0.8449046884747622,0.013992820426045993,0.04485312231583649,0,0,CORRECT
diver-retriever,stackoverflow,21,0.7910101143371229,0.023759359273589742,0.032551886188015855,0,0,CORRECT
diver-retriever,stackoverflow,31,0.8560378120918375,0.02167197535989107,0.06016866665742393,1,1,CORRECT
diver-retriever,stackoverflow,27,0.8505920572148467,0.01693686451188725,0.06899455356426987,0,0,CORRECT
diver-retriever,stackoverflow,24,0.858194127700136,0.014583560122721884,0.03355246880823182,0,0,CORRECT
diver-retriever,stackoverflow,29,0.8372253002499602,0.02083596354092332,0.05735249431103806,0,0,CORRECT
diver-retriever,stackoverflow,23,0.8478233160735144,0.010927187840033992,0.03976399251892493,1,1,CORRECT
diver-retriever,stackoverflow,26,0.8280095145260551,0.0245121516164003,0.04258621747150548,0,0,CORRECT
diver-retriever,stackoverflow,13,0.8699591716276407,0.006681746169069358,0.03975662500813337,1,1,CORRECT
diver-retriever,stackoverflow,30,0.8310771192072878,0.007677065236935232,0.022051648638414578,0,0,CORRECT
diver-retriever,stackoverflow,36,0.8339245289565254,0.0045531129184746,0.05366354472523571,0,0,INCORRECT
diver-retriever,stackoverflow,25,0.8181285826674684,0.011940706436532444,0.03806698311569123,0,0,CORRECT
diver-retriever,stackoverflow,28,0.8295289018786676,0.01431261329340272,0.03278150330685403,0,1,CORRECT
diver-retriever,stackoverflow,34,0.8662885302374275,0.03037010043128452,0.06420387864168509,1,1,CORRECT
diver-retriever,stackoverflow,33,0.839636839098724,0.007933420870607999,0.03640530194181313,0,0,CORRECT
diver-retriever,stackoverflow,37,0.8080259336882261,0.012314775863216387,0.026034631119858487,0,1,CORRECT
diver-retriever,stackoverflow,38,0.8736766886745835,0.019938518036515918,0.04500677809876796,0,1,INCORRECT
diver-retriever,stackoverflow,32,0.8166568164565017,0.030796970561445258,0.04263420049593114,0,1,INCORRECT
diver-retriever,stackoverflow,46,0.8082952346088124,0.010304905549843202,0.032902196470382616,1,1,CORRECT
diver-retriever,stackoverflow,41,0.8927765268311721,0.0045252640493080865,0.044788962683231515,0,1,CORRECT
diver-retriever,stackoverflow,40,0.7966580212747889,0.026540590930775876,0.04247340068226679,0,1,CORRECT
diver-retriever,stackoverflow,35,0.8241436114780671,0.008127036721584213,0.02820990983915872,0,0,CORRECT
diver-retriever,stackoverflow,43,0.8638298384186971,0.04097439113751555,0.051946741669804286,1,1,CORRECT
diver-retriever,stackoverflow,48,0.8162739684632083,0.020902143634153103,0.05311915868424388,1,1,CORRECT
diver-retriever,stackoverflow,47,0.9138568971598446,0.09290248203944418,0.13082721424866073,0,1,CORRECT
diver-retriever,stackoverflow,42,0.8485405913356244,0.05322566400272066,0.09095809784678777,1,1,CORRECT
diver-retriever,stackoverflow,44,0.8972676253562699,0.05577998445802268,0.09312306551829619,1,1,CORRECT
diver-retriever,stackoverflow,49,0.8171578928112027,0.012936084398026182,0.03947395927136044,0,1,CORRECT
diver-retriever,stackoverflow,50,0.8334789814468727,0.02176082854757022,0.04661700929162904,1,1,CORRECT
diver-retriever,stackoverflow,51,0.8132358345435539,0.012513404471876766,0.029319550850605114,0,1,CORRECT
diver-retriever,stackoverflow,53,0.8465080921795344,0.036460128782670576,0.0658077729122456,0,1,CORRECT
diver-retriever,stackoverflow,52,0.8398803021271715,0.016921415092709835,0.03908502749031506,1,1,CORRECT
diver-retriever,stackoverflow,55,0.7867718967335463,0.018135636638833885,0.03478499675422697,0,1,CORRECT
diver-retriever,stackoverflow,54,0.8397967199019256,0.015257672499608743,0.04561793041034301,0,1,CORRECT
diver-retriever,stackoverflow,58,0.8061555804346224,0.012238265235852253,0.02349433454025862,0,0,CORRECT
diver-retriever,stackoverflow,57,0.8149331131668901,0.007362268528057436,0.01699405343117666,0,1,CORRECT
diver-retriever,stackoverflow,56,0.8906558537697075,0.02633164066673821,0.06564383953322095,0,1,CORRECT
diver-retriever,stackoverflow,59,0.8454947721863757,0.031829769560010934,0.05675755564803153,0,0,CORRECT
diver-retriever,stackoverflow,62,0.8297792652755995,0.011852345006696519,0.0334948117304934,1,1,CORRECT
diver-retriever,stackoverflow,61,0.8593024758251313,0.03821404329542477,0.05304048502289538,1,1,CORRECT
diver-retriever,stackoverflow,60,0.8082816210251711,0.007123435895696972,0.021987003469059796,0,1,CORRECT
diver-retriever,stackoverflow,39,0.8692882822748984,0.01968364915072396,0.04358379384828259,1,1,CORRECT
diver-retriever,stackoverflow,45,0.8221080509684316,0.007967860388844783,0.02220075609785288,0,1,CORRECT
diver-retriever,stackoverflow,63,0.8401136662135191,0.05371987057137406,0.09930101428943161,1,1,CORRECT
diver-retriever,stackoverflow,64,0.8325202924582513,0.030009604441575077,0.05063710728710169,0,1,CORRECT
diver-retriever,stackoverflow,66,0.8359867102580097,0.021199426011273004,0.048806165185753536,0,1,CORRECT
diver-retriever,stackoverflow,67,0.8102766770371964,0.011151177970018744,0.027613376676203005,0,1,CORRECT
diver-retriever,stackoverflow,68,0.8444602888870866,0.01085370234314087,0.03690317534090559,0,0,CORRECT
diver-retriever,stackoverflow,70,0.8640063772006358,0.0024711666596659576,0.04260621191340197,0,1,INCORRECT
diver-retriever,stackoverflow,69,0.8136903901532216,0.024160799229606678,0.04512643305550712,0,0,INCORRECT
diver-retriever,stackoverflow,71,0.8319811340314883,0.02983903525439624,0.057546906999483505,0,1,CORRECT
diver-retriever,stackoverflow,82,0.7568441714684323,0.022546018286959013,0.03966104845017737,1,1,CORRECT
diver-retriever,stackoverflow,73,0.8253895198391323,0.012483503818609964,0.03175892006433911,0,0,CORRECT
diver-retriever,stackoverflow,76,0.8244485975694474,0.013152002842259924,0.04203306326721312,0,1,CORRECT
diver-retriever,stackoverflow,75,0.8646446224853168,0.03480091451288447,0.06520629931339572,1,1,CORRECT
diver-retriever,stackoverflow,72,0.844763168096342,0.040357605356581616,0.06575043555624083,1,1,CORRECT
diver-retriever,stackoverflow,77,0.898230124057116,0.03193508867399697,0.0607101452143648,0,1,INCORRECT
diver-retriever,stackoverflow,74,0.8328552097360672,0.012219596131299748,0.029816957879885253,0,0,CORRECT
diver-retriever,stackoverflow,78,0.7845322777126331,0.018470387256330434,0.034287289408879706,0,0,INCORRECT
diver-retriever,stackoverflow,80,0.8605230401232105,0.042364315397396046,0.06789688168477703,0,0,CORRECT
diver-retriever,stackoverflow,81,0.8109365699175194,0.020205659681371668,0.03688525091932526,0,0,INCORRECT
diver-retriever,stackoverflow,89,0.8113332313470778,0.0011929287003877853,0.016076185944232435,0,0,CORRECT
diver-retriever,stackoverflow,84,0.8403982648524728,0.023785916404046814,0.06480652988532365,1,1,CORRECT
diver-retriever,stackoverflow,86,0.8442583475500296,0.05419575117778963,0.09475966959974513,1,1,CORRECT
diver-retriever,stackoverflow,65,0.8671996500208804,0.06044334003945662,0.07985532843242227,0,1,INCORRECT
diver-retriever,stackoverflow,92,0.8439913131617791,0.009014135190276718,0.027469879296664557,1,1,CORRECT
diver-retriever,stackoverflow,91,0.8186106078866527,0.010552492857091478,0.03388318510423638,0,1,INCORRECT
diver-retriever,stackoverflow,87,0.8772298632075275,0.03347222547947737,0.07174394939435969,0,0,INCORRECT
diver-retriever,stackoverflow,83,0.8092023816126296,0.018601967016348753,0.0385611021379032,1,1,CORRECT
diver-retriever,stackoverflow,88,0.8522580259983609,0.03553927088162423,0.08371882006330889,1,1,CORRECT
diver-retriever,stackoverflow,85,0.8402137510460967,0.025565748842435676,0.052281075949083045,1,1,CORRECT
diver-retriever,stackoverflow,93,0.8739996411998043,0.034499425300786646,0.05776744768893316,0,0,INCORRECT
diver-retriever,stackoverflow,94,0.7859949563138894,0.011722176917117189,0.03402106027236751,0,0,CORRECT
diver-retriever,stackoverflow,95,0.8479857756159833,0.04468005564133659,0.11175211088855586,0,0,CORRECT
diver-retriever,stackoverflow,96,0.8204353246637407,0.03440498107115453,0.05492831286405331,0,0,CORRECT
diver-retriever,stackoverflow,106,0.8416101128407668,0.024000048930704065,0.06330502334299382,1,1,CORRECT
diver-retriever,stackoverflow,97,0.8074854355316959,0.021371852994528817,0.03603554402486653,0,0,CORRECT
diver-retriever,stackoverflow,101,0.8367040661665252,0.0,0.0074671489679275505,0,0,CORRECT
diver-retriever,stackoverflow,104,0.8155950855157773,0.02673572643273081,0.05021595458006756,1,1,CORRECT
diver-retriever,stackoverflow,98,0.8704450532756932,0.03771520812463425,0.06809186958046021,0,1,CORRECT
diver-retriever,stackoverflow,99,0.8027627920162443,0.011680478309993747,0.019129822212123226,1,1,CORRECT
diver-retriever,stackoverflow,108,0.8425728122011894,0.01791423645195178,0.03337246413023476,0,1,CORRECT
diver-retriever,stackoverflow,105,0.8648025969324539,0.013216320603236631,0.05092184543433709,1,1,CORRECT
diver-retriever,stackoverflow,79,0.8411032726685942,0.02243335721899864,0.04727358188438946,1,1,CORRECT
diver-retriever,stackoverflow,102,0.8664610026261615,0.031841690737447026,0.07470030525096849,1,1,CORRECT
diver-retriever,stackoverflow,109,0.8701767089205666,0.01164733726072753,0.06460633869836796,0,0,CORRECT
diver-retriever,stackoverflow,90,0.8548543338921846,0.018245392025998397,0.05521395395328155,0,0,INCORRECT
diver-retriever,stackoverflow,110,0.8404119269083603,0.020484048176464542,0.04707905182823002,1,1,CORRECT
diver-retriever,stackoverflow,103,0.8801029631900869,0.03072122357847984,0.07635143607498929,1,1,CORRECT
diver-retriever,stackoverflow,107,0.8505905808592745,0.018516492546671537,0.06835681195757093,0,1,CORRECT
diver-retriever,stackoverflow,100,0.9049517651723668,0.05310321383061223,0.10075854975652132,0,1,CORRECT
diver-retriever,stackoverflow,113,0.8521040865776593,0.03271258179113845,0.06755847146872884,1,1,CORRECT
diver-retriever,stackoverflow,112,0.8835978368727871,0.017920402698988203,0.048447090384128866,0,1,INCORRECT
diver-retriever,sustainable_living,1,0.7694624337731505,0.005664804927086209,0.015781666512752812,1,1,INCORRECT
diver-retriever,stackoverflow,111,0.8378562936693937,0.014635068986278421,0.04261988403546091,0,1,CORRECT
diver-retriever,sustainable_living,2,0.9010540861075511,0.021070991556980445,0.0747862632983789,1,1,CORRECT
diver-retriever,sustainable_living,0,0.7878899352043246,0.01605357143578645,0.03539209398445731,1,1,CORRECT
diver-retriever,sustainable_living,4,0.7719232784387617,0.010620805610053075,0.024276059804549388,0,1,INCORRECT
diver-retriever,sustainable_living,6,0.7871506656725613,0.024044334768997366,0.05686825346217517,1,1,CORRECT
diver-retriever,stackoverflow,114,0.8747413550880538,0.03626644835718107,0.07368215189996397,1,1,CORRECT
diver-retriever,sustainable_living,3,0.7575091516642949,0.03438505199802455,0.05485011568297182,1,1,CORRECT
diver-retriever,sustainable_living,12,0.793485712358619,0.043021770190389774,0.09219744776631211,0,0,CORRECT
diver-retriever,sustainable_living,8,0.7657301758139328,0.002720104223408182,0.025595104953849535,0,0,CORRECT
diver-retriever,sustainable_living,5,0.8187198917672124,0.009841377411396457,0.04467644588571895,0,0,CORRECT
diver-retriever,sustainable_living,7,0.8031529294643739,0.02309894819202596,0.038554907376563974,0,0,INCORRECT
diver-retriever,sustainable_living,9,0.8073921374895334,0.015122679319108268,0.03844188041888752,1,1,INCORRECT
diver-retriever,sustainable_living,13,0.826406559971759,0.03413446277905585,0.07057059484774653,1,1,CORRECT
diver-retriever,sustainable_living,14,0.8342223035621313,0.01836013488007493,0.04431142898093754,0,0,INCORRECT
diver-retriever,sustainable_living,11,0.8225859474909026,0.01729179979413009,0.036484507421520984,0,0,CORRECT
diver-retriever,sustainable_living,15,0.7847899445493693,0.04194615403908608,0.06875538965019679,1,1,CORRECT
diver-retriever,sustainable_living,16,0.7975716177443989,0.03335242205237188,0.07265049341392626,0,1,CORRECT
diver-retriever,sustainable_living,17,0.805187136494999,0.01158877644937617,0.03579251845378084,0,0,INCORRECT
diver-retriever,sustainable_living,19,0.8350539776087733,0.00416959848980325,0.012847360633299387,0,0,CORRECT
diver-retriever,sustainable_living,18,0.7825698392467753,0.04190323307595867,0.05932033853925056,0,0,INCORRECT
diver-retriever,sustainable_living,26,0.7839365535842441,0.006361359183862714,0.02151038135711747,1,1,CORRECT
diver-retriever,sustainable_living,10,0.7739082727919143,0.017061002244931234,0.031154880701295462,0,0,INCORRECT
diver-retriever,sustainable_living,20,0.8446701650847861,0.0453463681337557,0.07074921809048296,1,1,CORRECT
diver-retriever,sustainable_living,24,0.7780812191840347,0.015241242866894544,0.0354891398218421,0,0,INCORRECT
diver-retriever,sustainable_living,22,0.781844898479524,0.009105893909679308,0.027307062259486425,1,1,CORRECT
diver-retriever,sustainable_living,21,0.805051042910713,0.017041112893269927,0.05542656122990197,0,1,INCORRECT
diver-retriever,stackoverflow,116,0.8349025517825773,0.013703852352330625,0.03567808371159242,0,0,CORRECT
diver-retriever,stackoverflow,115,0.8041642395729339,0.005885012703390258,0.023723363240254258,1,1,CORRECT
diver-retriever,sustainable_living,25,0.7999024594075544,0.024764895317185398,0.05608554347124828,0,1,CORRECT
diver-retriever,sustainable_living,35,0.8012042553868183,0.033044488586831844,0.05703956439988034,0,0,INCORRECT
diver-retriever,sustainable_living,34,0.7484324449368078,0.008985039420392193,0.021384543517539822,0,0,INCORRECT
diver-retriever,sustainable_living,27,0.7233064474815584,0.009807630388847799,0.023720702956492756,0,1,INCORRECT
diver-retriever,sustainable_living,33,0.8141149684434156,0.030015879593332073,0.09014972883954409,0,1,CORRECT
diver-retriever,sustainable_living,28,0.7718318350932463,0.014451169127234431,0.036773774776378776,1,1,CORRECT
diver-retriever,sustainable_living,29,0.7412623166870399,0.0359540536319547,0.06298972486391519,0,1,INCORRECT
diver-retriever,sustainable_living,23,0.7858154445210467,0.038103791833505984,0.06991435870323914,1,1,CORRECT
diver-retriever,sustainable_living,30,0.8618202060071912,0.041198346491773674,0.06407130598715371,1,1,CORRECT
diver-retriever,sustainable_living,31,0.8227482875799363,0.03745410594793808,0.07838940411722672,1,1,CORRECT
diver-retriever,sustainable_living,32,0.8510098270859928,0.0555674831511197,0.08830033557699457,1,1,CORRECT
diver-retriever,sustainable_living,41,0.7688912807694915,0.015374470603321644,0.029426060800271436,1,1,CORRECT
diver-retriever,sustainable_living,44,0.8161018984336366,0.053970523910570334,0.08549271288044069,1,1,CORRECT
diver-retriever,sustainable_living,36,0.8103629759520092,0.03423178831595419,0.057306925054879776,0,0,INCORRECT
diver-retriever,sustainable_living,40,0.8271725018120462,0.04821462767581597,0.0816469744745758,1,1,INCORRECT
diver-retriever,sustainable_living,38,0.80329700416685,0.017430820399934155,0.04136030698627968,0,1,CORRECT
diver-retriever,sustainable_living,37,0.7358086456498384,0.00794794617501371,0.0279309340263193,0,0,INCORRECT
diver-retriever,sustainable_living,42,0.7930862045565668,0.019094293993435985,0.04581489133343364,1,1,CORRECT
diver-retriever,sustainable_living,43,0.7901551379642252,0.07803609982535797,0.10891101199340236,0,1,CORRECT
diver-retriever,sustainable_living,46,0.8265846249169031,0.029368125597779904,0.05589974138812981,0,0,INCORRECT
diver-retriever,sustainable_living,52,0.7758568597764735,0.02613986984201644,0.05317647033456274,0,1,CORRECT
diver-retriever,sustainable_living,39,0.8800384348924065,0.01901913607761907,0.08902247520489015,1,1,CORRECT
diver-retriever,sustainable_living,47,0.7721264855125289,0.004767066873240244,0.02225122637681709,1,1,CORRECT
diver-retriever,sustainable_living,48,0.8074145836154524,0.0360829300433968,0.05644702375108457,1,1,INCORRECT
diver-retriever,sustainable_living,51,0.8503485526988117,0.020418208893706047,0.10111110732447959,1,1,CORRECT
diver-retriever,sustainable_living,54,0.854067921330235,0.030909376847170322,0.085577303341272,0,1,INCORRECT
diver-retriever,sustainable_living,49,0.824643226807507,0.010304510179019899,0.04177797553372431,0,1,CORRECT
diver-retriever,sustainable_living,50,0.8250175573807295,0.027102751905630384,0.07637279066618319,1,1,CORRECT
diver-retriever,sustainable_living,56,0.9064187875860208,0.034723832869536175,0.06177685755377793,0,1,CORRECT
diver-retriever,sustainable_living,53,0.741146993137066,0.01649541044243452,0.034854010313277284,0,0,CORRECT
diver-retriever,sustainable_living,45,0.8331350812433613,0.02893213881630896,0.06208011743881048,1,1,CORRECT
diver-retriever,sustainable_living,55,0.7927930932025047,0.030263392727232885,0.059844275823702664,1,1,CORRECT
diver-retriever,sustainable_living,58,0.7770585822738507,0.00706036613121408,0.03999312733344229,1,1,CORRECT
diver-retriever,sustainable_living,59,0.7419106334095933,0.025534870339808724,0.06837359328483861,0,0,INCORRECT
diver-retriever,sustainable_living,60,0.7561058121084445,0.010528814923055907,0.03176997507350665,0,0,INCORRECT
diver-retriever,sustainable_living,57,0.8331194324403901,0.01796295952042981,0.050131314285265516,0,1,CORRECT
diver-retriever,sustainable_living,63,0.7511487354539169,0.009216317201467872,0.02608172528312891,0,0,CORRECT
diver-retriever,sustainable_living,61,0.7874987316399178,0.03542683012195724,0.06054724494385255,1,1,CORRECT
diver-retriever,sustainable_living,62,0.78694828364436,0.014738466533419259,0.043090833025176356,0,1,CORRECT
diver-retriever,sustainable_living,64,0.8027511821665018,0.009154063606148233,0.03387405207455629,0,0,CORRECT
diver-retriever,sustainable_living,65,0.8018454307523888,0.04180643969819253,0.07783558595329787,1,1,INCORRECT
diver-retriever,sustainable_living,67,0.8056679585589847,0.019292696183641378,0.055577069585596495,0,1,CORRECT
diver-retriever,sustainable_living,69,0.7750088849643673,0.03422621192760378,0.06281428834428293,1,1,CORRECT
diver-retriever,sustainable_living,68,0.7600348609114896,0.015289861497972401,0.04967885841061592,0,0,CORRECT
diver-retriever,sustainable_living,66,0.8147762001237119,0.02350597589439951,0.05934783489170259,0,1,CORRECT
diver-retriever,sustainable_living,70,0.8083372667952526,0.00682009407741524,0.02678778235125623,0,1,INCORRECT
diver-retriever,sustainable_living,71,0.749762989215633,0.019776057242941958,0.04361683998913879,0,0,INCORRECT
diver-retriever,sustainable_living,72,0.7940130133398599,0.01971838946276605,0.04694272796450871,1,1,CORRECT
diver-retriever,sustainable_living,73,0.8273273029230467,0.019301753084222217,0.04572150607309722,1,1,CORRECT
diver-retriever,sustainable_living,76,0.7684195485295705,0.021936566568156568,0.04843943149805385,0,1,CORRECT
diver-retriever,sustainable_living,74,0.8170924347305341,0.026429784787637023,0.056899100873193276,0,0,CORRECT
diver-retriever,sustainable_living,79,0.8287190884850139,0.03791141050453606,0.06597373363268,0,1,INCORRECT
diver-retriever,sustainable_living,77,0.8334496626989405,0.02018915736144966,0.04623169891878043,0,1,INCORRECT
diver-retriever,sustainable_living,78,0.8559374327988405,0.02696622957524597,0.07056436335629868,1,1,CORRECT
diver-retriever,sustainable_living,80,0.7804296850174817,0.029617641684863028,0.052314706209878215,0,0,INCORRECT
diver-retriever,sustainable_living,83,0.8110069704023749,0.01000224048478926,0.045095255891735464,1,1,CORRECT
diver-retriever,sustainable_living,81,0.8123286685112507,0.01896737049158914,0.05556500625384897,0,0,CORRECT
diver-retriever,sustainable_living,82,0.8185390876862827,0.016887437400727956,0.049567500865642544,1,1,CORRECT
diver-retriever,sustainable_living,84,0.811341868996818,0.03874200104612113,0.0860948429306394,1,1,CORRECT
diver-retriever,sustainable_living,75,0.8029613431441723,0.018020776726216825,0.0607426365493593,0,1,INCORRECT
diver-retriever,sustainable_living,85,0.7874231922896913,0.046797766294315535,0.05858023795448397,0,1,CORRECT
diver-retriever,sustainable_living,89,0.8235899061440489,0.03143397925239966,0.05298269943540623,0,0,INCORRECT
diver-retriever,sustainable_living,91,0.7789778237867114,0.02409039906754107,0.05000302709958515,0,0,INCORRECT
diver-retriever,sustainable_living,86,0.8296615297519863,0.017237772092657533,0.0467339925547845,0,1,CORRECT
diver-retriever,sustainable_living,88,0.8077360695559719,0.029383396709129483,0.06392620991400522,1,1,INCORRECT
diver-retriever,sustainable_living,87,0.8269345675086412,0.039495395306619496,0.0665719127058999,0,0,CORRECT
diver-retriever,sustainable_living,90,0.7795709007549877,0.03193595950745942,0.059410663287266297,0,0,INCORRECT
diver-retriever,sustainable_living,93,0.7464514601536547,0.02164535991283234,0.03937923307762714,0,0,INCORRECT
diver-retriever,sustainable_living,95,0.8341559403038089,0.06999322673058805,0.09615964854761061,1,1,CORRECT
diver-retriever,sustainable_living,100,0.8107078617231411,0.02101146732627046,0.05464659639621072,0,1,INCORRECT
diver-retriever,sustainable_living,99,0.8226349840722624,0.03571070025712153,0.07325437947270441,0,1,INCORRECT
diver-retriever,sustainable_living,96,0.8643301604425577,0.0431044626986522,0.09325778477873392,1,1,CORRECT
diver-retriever,sustainable_living,94,0.7528404078588237,0.006926009897944674,0.02711630485653671,0,0,CORRECT
diver-retriever,sustainable_living,97,0.8272335892383328,0.043200413168937746,0.0676543004368555,0,0,INCORRECT
diver-retriever,sustainable_living,101,0.8469309770598757,0.026349195293860928,0.08150118302356213,1,1,CORRECT
diver-retriever,sustainable_living,92,0.7857583008542565,0.037629583202392736,0.07013244657281636,0,1,CORRECT
diver-retriever,sustainable_living,105,0.7847534919320172,0.01984346437514717,0.04367235959612148,1,1,CORRECT
diver-retriever,sustainable_living,98,0.8690315576366221,0.03351187535385236,0.08566668796506105,0,1,INCORRECT
diver-retriever,sustainable_living,103,0.8222417254416015,0.018326826123997497,0.04983922788662065,1,1,CORRECT
diver-retriever,sustainable_living,106,0.7668814891119939,0.022063170294236656,0.04992051316430157,1,1,CORRECT
diver-retriever,sustainable_living,104,0.7698521732832145,0.019979371525752798,0.03777569240348133,1,1,INCORRECT
diver-retriever,sustainable_living,102,0.7928310891458289,0.016315370849775745,0.03851356063106459,0,1,INCORRECT
diver-retriever,theoremqa_questions,TheoremQA_elainewan/math_calculus_5_2.json,0.7872946200706833,0.013951552815693713,0.02078189751658388,0,0,CORRECT
diver-retriever,sustainable_living,107,0.7658748636294639,0.017731966104663766,0.038261654037556214,1,1,CORRECT
diver-retriever,theoremqa_questions,TheoremQA_jianyu_xu/pigeonhole_3.json,0.7784043027394554,0.003859883564205524,0.027947270214746966,1,1,CORRECT
diver-retriever,theoremqa_questions,TheoremQA_xinyi/rotation.json,0.8284464774732091,0.004414392237805376,0.014012951332550871,0,0,INCORRECT
diver-retriever,theoremqa_questions,TheoremQA_xueguangma/future_value_2.json,0.8639570798194708,0.005002641063054258,0.026375725072419143,0,0,INCORRECT
diver-retriever,theoremqa_questions,TheoremQA_elainewan/math_algebra_1.json,0.8460421659496777,0.012885879244662779,0.022332517121484763,0,0,INCORRECT
diver-retriever,theoremqa_questions,TheoremQA_maxku/cv-imageprocessing6-histogram.json,0.7657132431188454,0.022665810205114045,0.038233816425903955,0,0,INCORRECT
diver-retriever,theoremqa_questions,TheoremQA_elainewan/math_algebra_1_2.json,0.821751946258846,0.010025604807645028,0.02033932617183054,0,0,CORRECT
diver-retriever,theoremqa_questions,TheoremQA_jianyu_xu/pigeonhole_2.json,0.8186348978597566,0.0893832203701137,0.10466392932869162,0,1,INCORRECT
diver-retriever,theoremqa_questions,TheoremQA_wenhuchen/definite_matrix1.json,0.8235995645933023,0.0712130969255097,0.10611992872767018,1,1,CORRECT
diver-retriever,theoremqa_questions,TheoremQA_wenhuchen/eigen_value1.json,0.8794421549870576,0.05615095397586456,0.08103401555362033,0,0,INCORRECT
diver-retriever,theoremqa_questions,TheoremQA_wenhuchen/optics2.json,0.79752829633817,0.026016878071464022,0.04173622203365468,1,1,CORRECT
diver-retriever,theoremqa_questions,TheoremQA_wenhuchen/L'Hôpital_rule1.json,0.7779294953377884,0.024478936221884018,0.030995749632851455,0,0,INCORRECT
diver-retriever,theoremqa_questions,TheoremQA_wenhuchen/optics7.json,0.7930310406612913,0.08756042334677694,0.09293413231077796,1,1,INCORRECT
diver-retriever,theoremqa_questions,TheoremQA_elainewan/math_algebra_4.json,0.7548673355444337,0.008499078463200416,0.02522947340252346,0,1,CORRECT
diver-retriever,theoremqa_questions,TheoremQA_elainewan/math_calculus_2_11.json,0.7236281789754323,0.019243270257860656,0.035912852203675794,0,0,CORRECT
diver-retriever,theoremqa_questions,TheoremQA_wenhuchen/gauss_lemma.json,0.676912164169578,0.011032761011956493,0.02551263955736338,1,1,INCORRECT
diver-retriever,theoremqa_questions,TheoremQA_tonyxia/euler-graph3.json,0.8491666885410482,0.038221353365691546,0.0716969479596582,1,1,CORRECT
diver-retriever,theoremqa_questions,TheoremQA_elainewan/math_calculus_2_5.json,0.7425283522934528,0.01733043775950327,0.032343221729480454,0,0,CORRECT
diver-retriever,theoremqa_questions,TheoremQA_xueguangma/dividend_discount_model_2.json,0.8113344982394948,0.049248457326015904,0.057494873620091425,1,1,INCORRECT
diver-retriever,theoremqa_questions,TheoremQA_jianyu_xu/Stirling_number_first_kind_5.json,0.8432055789587826,0.03220483975587529,0.04571674896726474,1,1,CORRECT
diver-retriever,theoremqa_questions,TheoremQA_maxku/ipnetwork13-hammingdist.json,0.8535432342389468,0.08811163100206731,0.10739676963773948,1,1,INCORRECT
diver-retriever,theoremqa_questions,TheoremQA_mingyin/stopping-time1.json,0.7137118066625245,0.01572276045988208,0.02547761139925686,0,0,INCORRECT
diver-retriever,theoremqa_questions,TheoremQA_maxku/signalprocessing11-nyquist.json,0.8794604179061968,0.07582760627238294,0.1330943522264404,1,1,CORRECT
diver-retriever,theoremqa_questions,TheoremQA_panlu/similarity2.json,0.8186604313713137,0.030543194226093973,0.047116580225861626,1,1,CORRECT
diver-retriever,theoremqa_questions,TheoremQA_xueguangma/forward_price_2.json,0.8479571340316205,0.05199727416670763,0.07626853867369088,0,0,CORRECT
diver-retriever,theoremqa_questions,TheoremQA_maxku/cv-colorsci2-hsi.json,0.8135495617697157,0.11782685456555353,0.12485966151324779,1,1,CORRECT
diver-retriever,theoremqa_questions,TheoremQA_xinyi/maximum_entropy_2.json,0.7460078091542336,0.021820104949109687,0.035330847442256674,1,1,CORRECT
diver-retriever,theoremqa_questions,TheoremQA_xinyi/linear_projection.json,0.8029452661211323,0.010215040426615918,0.03197829969005028,0,1,CORRECT
diver-retriever,theoremqa_questions,TheoremQA_maxku/signalprocessing15-DB.json,0.7919364746034464,0.039688259667988834,0.07014833809430154,1,1,CORRECT
diver-retriever,theoremqa_questions,TheoremQA_tonyxia/semiconductor1.json,0.8143650160433935,0.026403804654360208,0.049643349919899604,0,0,CORRECT
diver-retriever,theoremqa_questions,TheoremQA_maxku/signalprocessing5-nyquist.json,0.8317139293677277,0.022583955262015287,0.10755790381098662,1,1,CORRECT
diver-retriever,theoremqa_questions,TheoremQA_jianyu_xu/combination_1.json,0.8699884982849913,0.006121160767742051,0.01720838741482056,0,0,INCORRECT
diver-retriever,theoremqa_questions,TheoremQA_wenhuchen/Liouville’s_theorem1.json,0.7960913571336876,0.07352740836029847,0.09772583242631772,1,1,CORRECT
diver-retriever,theoremqa_questions,TheoremQA_mingyin/series2.json,0.8295595108593949,0.039491440114125975,0.05902177636683481,0,0,INCORRECT
diver-retriever,theoremqa_questions,TheoremQA_mingyin/Lebesgue-measure1.json,0.7702687586071848,0.012066093436238545,0.025807512292224888,0,0,INCORRECT
diver-retriever,theoremqa_questions,TheoremQA_xinyi/cramer_rao_lower_bound_2.json,0.82582863233726,0.05012448089259658,0.07079438093517709,1,1,INCORRECT
diver-retriever,theoremqa_questions,TheoremQA_wenhuchen/ODE2.json,0.8474757851619747,0.035663649694054333,0.04609131309185832,0,0,INCORRECT
diver-retriever,theoremqa_questions,TheoremQA_xueguangma/binomial_model_2.json,0.8256805040652024,0.006891668595312428,0.01537552937632769,0,0,INCORRECT
diver-retriever,theoremqa_questions,TheoremQA_panlu/rigid-body3.json,0.7241297116108202,0.00913023193456819,0.022861911717639627,0,0,INCORRECT
diver-retriever,theoremqa_questions,TheoremQA_xueguangma/spot_rate.json,0.8049652684311348,0.04184447648288647,0.07310616912883872,0,0,CORRECT
diver-retriever,theoremqa_questions,TheoremQA_elainewan/math_algebra_5.json,0.8123152368046834,0.005821766493601999,0.026826263847823495,0,0,CORRECT
diver-retriever,theoremqa_questions,TheoremQA_xueguangma/taylors_approximation_theorem.json,0.751389369106982,0.03027326269718089,0.04581056742816558,0,0,INCORRECT
diver-retriever,theoremqa_questions,TheoremQA_elainewan/math_abstact_algebra_7_8.json,0.7825297937690953,0.026240417854074494,0.03973318002519166,0,0,CORRECT
diver-retriever,theoremqa_questions,TheoremQA_panlu/molar_heat_capacity2.json,0.791992179215029,0.05915445568111566,0.07644571692121704,1,1,INCORRECT
diver-retriever,theoremqa_questions,TheoremQA_tonyxia/wave2.json,0.7271921702271639,0.03457328124965375,0.037797596014694346,0,0,INCORRECT
diver-retriever,theoremqa_questions,TheoremQA_elainewan/math_abstact_algebra_7_5.json,0.8034425525211559,0.022722550808934483,0.040378798974080365,0,0,CORRECT
diver-retriever,theoremqa_questions,TheoremQA_jianyu_xu/Ramsey_4.json,0.7948813292758773,0.04257518122006709,0.0703030535263428,1,1,CORRECT
diver-retriever,theoremqa_questions,TheoremQA_wenhuchen/determinant2.json,0.8336331843328028,0.06251250412775233,0.09654130038561903,1,1,INCORRECT
diver-retriever,theoremqa_questions,TheoremQA_mingyin/cauchy-integral-theorem1.json,0.7295404814362736,0.021369901774887623,0.05267822819655665,1,1,INCORRECT
diver-retriever,theoremqa_questions,TheoremQA_wenhuchen/determinant1.json,0.8402511330130399,0.03281977395944591,0.08608523179756522,1,1,INCORRECT
diver-retriever,theoremqa_questions,TheoremQA_wenhuchen/ODE3.json,0.8211967597768376,0.011438152772066945,0.029127785385568816,0,0,INCORRECT
diver-retriever,theoremqa_questions,TheoremQA_xinyi/huffman_code_1.json,0.792220689981631,0.053487443117582245,0.0663848851439891,1,1,CORRECT
diver-retriever,theoremqa_questions,TheoremQA_wenhuchen/trapezoidal_rule2.json,0.8072642885562172,0.013546532198760342,0.02289038571780666,0,0,CORRECT
diver-retriever,theoremqa_questions,TheoremQA_maxku/graphtheory5-vertexcover.json,0.7995699506289395,0.01937617328890484,0.07085996939050332,1,1,CORRECT
diver-retriever,theoremqa_questions,TheoremQA_maxku/ipnetwork4-mac.json,0.7514112298470571,0.007133658755839489,0.015606711263639661,0,0,INCORRECT
diver-retriever,theoremqa_questions,TheoremQA_xueguangma/dividend_discount_model_5.json,0.836255302122881,0.09418877980678964,0.11193715441359064,1,1,INCORRECT
diver-retriever,theoremqa_questions,TheoremQA_maxku/ipnetwork5-mac.json,0.7528281458573649,0.01902315368006946,0.031867558999985945,0,0,INCORRECT
diver-retriever,theoremqa_questions,TheoremQA_wenhuchen/t_test1.json,0.7725801024076189,0.041035315015884644,0.049167243797635485,1,1,INCORRECT
diver-retriever,theoremqa_questions,TheoremQA_maxku/signalprocessing6-Ztransform.json,0.757600785463873,0.0457678415273316,0.06781534629297381,1,1,CORRECT
diver-retriever,theoremqa_questions,TheoremQA_jianyu_xu/Ramsey_2.json,0.7525173905042644,0.0190407364291596,0.03397037263738112,1,1,CORRECT
diver-retriever,theoremqa_questions,TheoremQA_maxku/ipnetwork14-hammingdist.json,0.8374483757214195,0.07821259876203968,0.1081793898765081,1,1,INCORRECT
diver-retriever,theoremqa_questions,TheoremQA_tonyxia/semiconductor5.json,0.6488199088473925,0.003380812130835742,0.012075542750606738,0,0,INCORRECT
diver-retriever,theoremqa_questions,TheoremQA_xinyi/dag_2.json,0.7119794295976363,0.0328585896451804,0.06508918762834826,1,1,CORRECT
diver-retriever,theoremqa_questions,TheoremQA_wenhuchen/optics8.json,0.8317061690861872,0.07871607779214884,0.08792624968463059,1,1,INCORRECT
diver-retriever,theoremqa_questions,TheoremQA_wenhuchen/viterbi2.json,0.9134507680876482,0.15944265972674487,0.1713496841782003,1,1,CORRECT
diver-retriever,theoremqa_questions,TheoremQA_panlu/molar_heat_capacity1.json,0.8043273299967969,0.026815514842276844,0.03387955819339816,1,1,INCORRECT
diver-retriever,theoremqa_questions,TheoremQA_wenhuchen/gauss_lemma2.json,0.7349090481698035,0.007549150018840378,0.03179182442376294,0,0,CORRECT
diver-retriever,theoremqa_questions,TheoremQA_elainewan/math_calculus_12.json,0.9245497085896487,0.0391987078107594,0.09110161865729738,0,0,INCORRECT
diver-retriever,theoremqa_questions,TheoremQA_maxku/graphtheory7-shortestpath.json,0.8742037637800495,0.095000479285957,0.12300315172162912,1,1,CORRECT
diver-retriever,theoremqa_questions,TheoremQA_elainewan/econ_micro_7.json,0.7731720276734103,0.005756349407199268,0.038814471612012125,1,1,INCORRECT
diver-retriever,theoremqa_questions,TheoremQA_tonyxia/particle6.json,0.7567323681136358,0.09934190047356384,0.10699150703269666,1,1,INCORRECT
diver-retriever,theoremqa_questions,TheoremQA_tonyxia/semiconductor3.json,0.8371486140188181,0.12499600397316768,0.16258322097472333,1,1,INCORRECT
diver-retriever,theoremqa_questions,TheoremQA_tonyxia/statisticalphysics2.json,0.7228788755712126,0.018355683528113342,0.03670414111174736,0,0,INCORRECT
diver-retriever,theoremqa_questions,TheoremQA_panlu/angular_frequency3.json,0.834561017844383,0.010530582668599742,0.025829138626630388,0,0,CORRECT
diver-retriever,theoremqa_questions,TheoremQA_xinyi/channel_capacity_1.json,0.6875763227069883,0.01825937624346985,0.035391082448758326,1,1,CORRECT
diver-retriever,theoremqa_questions,TheoremQA_elainewan/math_algebra_3_2.json,0.7623623523542546,0.013817144528272318,0.03291355861471812,0,1,CORRECT
diver-retriever,theoremqa_questions,TheoremQA_jianyu_xu/Stirling_number_second_kind_3.json,0.8448417729439578,0.003641856209375627,0.030729656522041737,0,1,INCORRECT
diver-retriever,theoremqa_questions,TheoremQA_panlu/trapezoid1.json,0.7864050340462572,0.0024079897762532276,0.007829853945304888,0,0,CORRECT
diver-retriever,theoremqa_questions,TheoremQA_wenhuchen/t_test2.json,0.8033286325680454,0.04836665954290276,0.07996984398271867,1,1,INCORRECT
diver-retriever,theoremqa_questions,TheoremQA_wenhuchen/Rolle's_theorem.json,0.7511399522706697,0.01815827755549626,0.03260627300496699,0,1,CORRECT
diver-retriever,theoremqa_questions,TheoremQA_maxku/cv-cnn4.json,0.7661466868218845,0.02330395830696763,0.04378804164325911,0,1,CORRECT
diver-retriever,theoremqa_questions,TheoremQA_jianyu_xu/Stirling_number_second_kind_6.json,0.8635490729445843,0.011298103162238893,0.050153097818916526,0,1,INCORRECT
diver-retriever,theoremqa_questions,TheoremQA_maxku/graphtheory3-vertexcover.json,0.8123351620975603,0.04964597575060081,0.07377490049069158,1,1,CORRECT
diver-retriever,theoremqa_questions,TheoremQA_jianyu_xu/Catalan_2.json,0.8445946135256114,0.006130454913818695,0.06044851385370675,0,0,CORRECT
diver-retriever,theoremqa_questions,TheoremQA_wenhuchen/double_integral2.json,0.7393928896909784,0.04695372492902894,0.07147757670110177,0,0,INCORRECT
diver-retriever,theoremqa_questions,TheoremQA_wenhuchen/euler's_method1.json,0.7705181314442151,0.016472669994805567,0.026726022675027994,1,1,INCORRECT
diver-retriever,theoremqa_questions,TheoremQA_wenhuchen/cauchy_integral1.json,0.7542218292119435,0.003529511003718233,0.017639684876628592,0,0,INCORRECT
diver-retriever,theoremqa_questions,TheoremQA_maxku/graphtheory10-shortestpath.json,0.8610830703258694,0.08297728231787349,0.10974756256666507,1,1,CORRECT
diver-retriever,theoremqa_questions,TheoremQA_wenhuchen/euler's_method2.json,0.81154882355036,0.032698922257828555,0.04362859892914028,1,1,INCORRECT
diver-retriever,theoremqa_questions,TheoremQA_elainewan/econ_micro_14_3.json,0.8829973552752263,0.0023055252054186015,0.011049095724516622,0,0,INCORRECT
diver-retriever,theoremqa_questions,TheoremQA_xueguangma/forward_price_1.json,0.7736902214353879,0.010005574153857055,0.01911393239677661,1,1,CORRECT
diver-retriever,theoremqa_questions,TheoremQA_panlu/gravitational_force1.json,0.8405352967337691,0.10465872331207271,0.11291789795128371,1,1,CORRECT
diver-retriever,theoremqa_questions,TheoremQA_maxku/ipnetwork21-ip-2.json,0.7270860871072365,0.0035760815731369355,0.015001785350194141,0,0,INCORRECT
diver-retriever,theoremqa_questions,TheoremQA_jianyu_xu/Multinomial_2.json,0.8690617249461788,0.02103086457603276,0.04855937434215274,0,1,INCORRECT
diver-retriever,theoremqa_questions,TheoremQA_maxku/signalprocessing13-Ztransform.json,0.824809137930799,0.10683981145957877,0.12660581717158748,1,1,CORRECT
diver-retriever,theoremqa_questions,TheoremQA_maxku/signalprocessing19-period.json,0.7870857253082073,0.0079478868690811,0.028339729607268604,0,0,CORRECT
diver-retriever,theoremqa_questions,TheoremQA_jianyu_xu/Stirling_number_first_kind_6.json,0.9033692212347826,0.010249408979038366,0.02870253978318127,0,0,CORRECT
diver-retriever,theoremqa_questions,TheoremQA_tonyxia/euler-graph2.json,0.8506525780800771,0.02508201022311085,0.04651450283771996,1,1,CORRECT
diver-retriever,theoremqa_questions,TheoremQA_jianyu_xu/Graph_2.json,0.7520701342333082,0.011342470002328131,0.033190345078872086,0,0,CORRECT
diver-retriever,theoremqa_questions,TheoremQA_jianyu_xu/pigeonhole_4.json,0.8160235235583082,0.03309046633251711,0.05135270331285391,1,1,CORRECT
diver-retriever,theoremqa_questions,TheoremQA_wenhuchen/kepler's_law1.json,0.7984851929750229,0.004293941599287199,0.012099723277913643,0,1,CORRECT
diver-retriever,theoremqa_questions,TheoremQA_elainewan/math_calculus_5.json,0.8040386731250916,0.033078748139466874,0.06134544503705386,0,0,CORRECT
diver-retriever,theoremqa_questions,TheoremQA_maxku/cv-imageprocessing9-digital-image.json,0.8411987587153604,0.08948257824103312,0.1163037532498784,1,1,CORRECT
diver-retriever,theoremqa_questions,TheoremQA_xueguangma/present_value_1.json,0.8746755987191085,0.05327753039991123,0.0797377243901346,0,1,CORRECT
diver-retriever,theoremqa_questions,TheoremQA_maxku/graphtheory4-vertexcover.json,0.7884628141120262,0.03906164807889878,0.08339937835070887,1,1,CORRECT
diver-retriever,theoremqa_questions,TheoremQA_xinyi/dag_3.json,0.7565136991052777,0.015750257641819254,0.029689893313911808,0,0,INCORRECT
diver-retriever,theoremqa_questions,TheoremQA_maxku/signalprocessing9-signalrep.json,0.7637660074745182,0.022496698302469587,0.03919773919754477,0,0,CORRECT
diver-retriever,theoremqa_questions,TheoremQA_jianyu_xu/Stirling_number_second_kind_5.json,0.841346716812572,0.007275216892511205,0.03781641410171799,0,1,INCORRECT
diver-retriever,theoremqa_questions,TheoremQA_xueguangma/dividend_discount_model_4.json,0.853130870460375,0.0745472859046753,0.08914528318594761,1,1,CORRECT
diver-retriever,theoremqa_questions,TheoremQA_jianyu_xu/Multinomial_1.json,0.8627027915126863,0.022845838653828165,0.04306247967162846,0,0,CORRECT
diver-retriever,theoremqa_questions,TheoremQA_wenhuchen/infinite_series_sum3.json,0.790832286674649,0.013071161529567443,0.03387596137291926,0,1,CORRECT
diver-retriever,theoremqa_questions,TheoremQA_wenhuchen/trapezoidal_rule3.json,0.8070953992571859,0.0598553143986007,0.06655868822575817,1,1,INCORRECT
diver-retriever,theoremqa_questions,TheoremQA_maxku/cv-colorsci3-rgb.json,0.6973173846213923,0.012544090008941522,0.035100264731480424,1,1,CORRECT
diver-retriever,theoremqa_questions,TheoremQA_maxku/cv-colorsci1-rgb.json,0.7426847430709,0.020202528318424617,0.03738036580702009,0,0,CORRECT
diver-retriever,theoremqa_questions,TheoremQA_elainewan/econ_micro_7_2.json,0.7865717279541965,0.009519611987847898,0.019916956410109377,1,1,CORRECT
diver-retriever,theoremqa_questions,TheoremQA_panlu/similarity3.json,0.7967835117031784,0.007687507431021978,0.02400781211734726,1,1,CORRECT
diver-retriever,theoremqa_questions,TheoremQA_elainewan/math_calculus_3_8.json,0.8129507802744311,0.012337842067838278,0.03742392478344725,0,0,INCORRECT
diver-retriever,theoremqa_questions,TheoremQA_jianyu_xu/Binomial_5.json,0.8501838203701063,0.009911101029438263,0.017484847978447182,0,0,CORRECT
diver-retriever,theoremqa_questions,TheoremQA_jianyu_xu/Cayley_3.json,0.7814192503618019,0.012022224114256352,0.028722597308852515,0,0,CORRECT
diver-retriever,theoremqa_questions,TheoremQA_xueguangma/effective_rates_1.json,0.8376347875094181,0.007148910606532666,0.028237929273955853,0,1,CORRECT
diver-retriever,theoremqa_questions,TheoremQA_maxku/cv-cnn1.json,0.7642816181869714,0.006024410205116348,0.03198337263297635,1,1,INCORRECT
diver-retriever,theoremqa_questions,TheoremQA_maxku/signalprocessing7-phaseshift.json,0.7730688695234577,0.005848353514035454,0.011285233088565327,0,0,CORRECT
diver-retriever,theoremqa_questions,TheoremQA_wenhuchen/t_test3.json,0.7933521111632256,0.04572161611948622,0.08830919872736698,1,1,INCORRECT
diver-retriever,theoremqa_questions,TheoremQA_maxku/fourier6-FT.json,0.7139281286312262,0.011202405863500964,0.021607403582825424,0,0,CORRECT
diver-retriever,theoremqa_questions,TheoremQA_jianyu_xu/Multinomial_4.json,0.8567548880673128,0.02083038759148126,0.05130486594127537,1,1,CORRECT
diver-retriever,theoremqa_questions,TheoremQA_xinyi/kernel_1.json,0.6810721288266678,0.01141471900772062,0.02257904042185377,0,0,CORRECT
diver-retriever,theoremqa_questions,TheoremQA_xinyi/sum_product_algorithm.json,0.6928794315286089,0.02390476980751466,0.039979555013641255,0,0,CORRECT
diver-retriever,theoremqa_questions,TheoremQA_xinyi/neural_networks.json,0.7073742473160703,0.0076389819883770915,0.01884060035984947,0,0,CORRECT
diver-retriever,theoremqa_questions,TheoremQA_jianyu_xu/Binomial_4.json,0.8840781315587191,0.021707837418883158,0.041807874537346135,0,0,CORRECT
diver-retriever,theoremqa_questions,TheoremQA_jianyu_xu/pigeonhole_1.json,0.8189261614179304,0.04686832974111821,0.06493016923516703,1,1,CORRECT
diver-retriever,theoremqa_questions,TheoremQA_wenhuchen/kepler's_law3.json,0.7796061271002519,0.0445584945982751,0.0522748299351804,1,1,CORRECT
diver-retriever,theoremqa_questions,TheoremQA_wenhuchen/Poisson_process2.json,0.7413048313653139,0.03278151667108187,0.041153325700627796,0,1,INCORRECT
diver-retriever,theoremqa_questions,TheoremQA_xueguangma/future_value_1.json,0.8733039467665668,0.010128401339311477,0.026610539683653123,0,0,INCORRECT
diver-retriever,theoremqa_questions,TheoremQA_jianyu_xu/Ramsey_3.json,0.7963011550992041,0.08470174385484608,0.10583932513423489,1,1,CORRECT
diver-retriever,theoremqa_questions,TheoremQA_wenhuchen/jensen2.json,0.7507203336262676,0.038160431544962625,0.04636706056045492,0,0,CORRECT
diver-retriever,theoremqa_questions,TheoremQA_xueguangma/binomial_model_1.json,0.8358071628504917,0.009476812678014257,0.027414761019634692,0,0,INCORRECT
diver-retriever,theoremqa_questions,TheoremQA_wenhuchen/newton2.json,0.8076166795874431,0.004854209595244741,0.03785648987115797,1,1,INCORRECT
diver-retriever,theoremqa_questions,TheoremQA_elainewan/math_calculus_2_6.json,0.7401210606848254,0.00634839277862731,0.01644780863429829,0,0,INCORRECT
diver-retriever,theoremqa_questions,TheoremQA_wenhuchen/viterbi1.json,0.8418931270525077,0.06770433742036919,0.09180195995936236,1,1,CORRECT
diver-retriever,theoremqa_questions,TheoremQA_wenhuchen/L'Hôpital_rule2.json,0.7509489100210168,0.013602888707526573,0.03353422524174665,0,0,INCORRECT
diver-retriever,theoremqa_questions,TheoremQA_jianyu_xu/Catalan_1.json,0.8139737778420595,0.030749729396484904,0.06472998118578432,1,1,CORRECT
diver-retriever,theoremqa_questions,TheoremQA_elainewan/econ_micro_11.json,0.8414274554072753,0.019656321735502802,0.038660295076180184,0,0,CORRECT
diver-retriever,theoremqa_questions,TheoremQA_jianyu_xu/Binomial_3.json,0.9140668383560364,0.04999633662349201,0.057651444720400624,0,1,CORRECT
diver-retriever,theoremqa_questions,TheoremQA_elainewan/math_abstact_algebra_7.json,0.8004054706090716,0.015223630954802059,0.04483913682954832,0,0,CORRECT
diver-retriever,theoremqa_questions,TheoremQA_elainewan/econ_micro_18.json,0.808525824786353,0.014018904307869784,0.02305771536940926,0,1,CORRECT
diver-retriever,theoremqa_questions,TheoremQA_jianyu_xu/Multinomial_3.json,0.8872633106941262,0.02911538184689122,0.048714902754627754,1,1,CORRECT
diver-retriever,theoremqa_questions,TheoremQA_tonyxia/semiconductor2.json,0.8041604680569296,0.09892003945343864,0.11391774391188902,1,1,INCORRECT
diver-retriever,theoremqa_questions,TheoremQA_maxku/graphtheory11-shortestpath-hard.json,0.8796301087863889,0.07641713686511076,0.10879363531742903,1,1,INCORRECT
diver-retriever,theoremqa_questions,TheoremQA_xueguangma/present_value_2.json,0.8005462745932119,0.022579311904266097,0.03403068113880947,1,1,INCORRECT
diver-retriever,theoremqa_questions,TheoremQA_wenhuchen/p_value2.json,0.8599776519698283,0.07496308065777424,0.0912903476676935,1,1,INCORRECT
diver-retriever,theoremqa_questions,TheoremQA_xueguangma/dividend_discount_model_1.json,0.8320334540596398,0.05472265043533686,0.08524031468556048,1,1,CORRECT
diver-retriever,theoremqa_questions,TheoremQA_wenhuchen/jensen1.json,0.7471650880702388,0.00820217221913866,0.018788186874690194,0,0,CORRECT
diver-retriever,theoremqa_questions,TheoremQA_xinyi/rate_distortion_function_2.json,0.7191721730063036,0.03649995169023512,0.0604947762247624,1,1,CORRECT
diver-retriever,theoremqa_questions,TheoremQA_maxku/signalprocessing14-Ztransform.json,0.7649993445241834,0.016478699438475575,0.039471704957168785,1,1,CORRECT
diver-retriever,theoremqa_questions,TheoremQA_maxku/signalprocessing2-DB.json,0.7597646989044288,0.011480907543572005,0.054329867616571326,0,1,CORRECT
diver-retriever,theoremqa_questions,TheoremQA_elainewan/math_calculus_11.json,0.7524690345794981,0.041709703931954945,0.07180716205299598,0,1,INCORRECT
diver-retriever,theoremqa_questions,TheoremQA_maxku/cv-imageprocessing8-fourier2.json,0.8064234360889961,0.09938482007549676,0.1113008973443228,1,1,INCORRECT
diver-retriever,theoremqa_questions,TheoremQA_panlu/gravitational_force2.json,0.7945045827814583,0.04058598069856678,0.06282137689753065,1,1,CORRECT
diver-retriever,theoremqa_questions,TheoremQA_mingyin/Fundamental-Theorem-of-Calculus3.json,0.7572633752973176,0.004908515844019745,0.015725232132076217,0,1,INCORRECT
diver-retriever,theoremqa_questions,TheoremQA_mingyin/convexity1.json,0.6621627215505919,0.0230265724897053,0.03949208008678007,0,1,CORRECT
diver-retriever,theoremqa_questions,TheoremQA_wenhuchen/Liouville’s_theorem2.json,0.7475372893538959,0.020766363163919888,0.041510970822664306,1,1,CORRECT
diver-retriever,theoremqa_questions,TheoremQA_jianyu_xu/Binomial_1.json,0.843829256431914,0.005460924716904292,0.016977498191807494,0,0,INCORRECT
diver-retriever,theoremqa_questions,TheoremQA_tonyxia/maxplanar3.json,0.7361389557628819,0.011181845867860751,0.03941259121399043,1,1,INCORRECT
diver-retriever,theoremqa_questions,TheoremQA_wenhuchen/series_convergen3.json,0.7298348269356457,0.006615538196258597,0.01955990917846473,1,1,CORRECT
diver-retriever,theoremqa_questions,TheoremQA_xueguangma/forward_rate_1.json,0.8323416807594667,0.004150514067528421,0.017535117900133068,0,0,INCORRECT
diver-retriever,theoremqa_questions,TheoremQA_jianyu_xu/Binomial_6.json,0.8368844577064667,0.004055090498081948,0.01978519080221408,0,1,CORRECT
diver-retriever,theoremqa_questions,TheoremQA_xueguangma/forward_price_3.json,0.8261489971870166,0.003319385278837461,0.017620571964301113,0,0,INCORRECT
diver-retriever,theoremqa_questions,TheoremQA_elainewan/math_algebra_4_3.json,0.7402215989558337,0.008713877731872044,0.030959470140850764,0,0,CORRECT
diver-retriever,theoremqa_questions,TheoremQA_elainewan/math_abstact_algebra_7_3.json,0.7670257736168348,0.01785214096233856,0.0314475328378212,0,1,CORRECT
diver-retriever,theoremqa_questions,TheoremQA_mingyin/Limit-of-sequence2.json,0.7356032521820259,0.02614993386438913,0.03927417948851153,1,1,CORRECT
diver-retriever,theoremqa_questions,TheoremQA_xueguangma/intermediate_value_theorem.json,0.783015950494615,0.03885233397617616,0.07260738394366173,0,1,INCORRECT
diver-retriever,theoremqa_questions,TheoremQA_maxku/fourier1-FS.json,0.8312834469303275,0.022558597518971046,0.056093993951744525,0,1,CORRECT
diver-retriever,theoremqa_questions,TheoremQA_tonyxia/maxplanar1.json,0.8027073111017927,0.01408492854399479,0.03915674895631327,0,0,CORRECT
diver-retriever,theoremqa_questions,TheoremQA_elainewan/math_calculus_2_7.json,0.6856840443261885,0.008566074908481935,0.014772260986013364,0,0,CORRECT
diver-retriever,theoremqa_questions,TheoremQA_xinyi/dag_1.json,0.70364934044973,0.005434269765122068,0.0360567143531193,0,1,CORRECT
diver-retriever,theoremqa_questions,TheoremQA_elainewan/math_algebra_7_2.json,0.6856751043147936,0.0146370177668248,0.0313796240121188,0,1,INCORRECT
diver-retriever,theoremqa_questions,TheoremQA_jianyu_xu/Multinomial_6.json,0.8196067869739777,0.005180420126692509,0.015093313660238583,0,0,INCORRECT
diver-retriever,theoremqa_questions,TheoremQA_mingyin/Limit-of-sequence3.json,0.7411002378281422,0.0038321257963824795,0.020569449754438085,0,0,CORRECT
diver-retriever,theoremqa_questions,TheoremQA_wenhuchen/optics3.json,0.8535959337618716,0.11603735100896462,0.1271083064862678,1,1,CORRECT
diver-retriever,theoremqa_questions,TheoremQA_maxku/graphtheory6-shortestpath.json,0.8580519859511974,0.06929158359010379,0.11294525163169244,1,1,CORRECT
diver-retriever,theoremqa_questions,TheoremQA_panlu/wave_length1.json,0.7940708063170459,0.012704317405830556,0.043258058627902884,0,0,CORRECT
diver-retriever,theoremqa_questions,TheoremQA_wenhuchen/Poisson_process3.json,0.7796918671413394,0.030341859236407087,0.046378090051637844,0,0,CORRECT
diver-retriever,theoremqa_questions,TheoremQA_xinyi/distortion_rate_function_2.json,0.8243635105642111,0.07363782839236754,0.12453807198059197,1,1,CORRECT
diver-retriever,theoremqa_questions,TheoremQA_xueguangma/geometric_brownian_motion.json,0.7838276164932221,0.00800667344004502,0.0213710047777953,0,0,INCORRECT
diver-retriever,theoremqa_questions,TheoremQA_maxku/graphtheory2-vertexcover.json,0.825440523483709,0.04830272687900039,0.07233875016571245,1,1,CORRECT
diver-retriever,theoremqa_questions,TheoremQA_maxku/cv-imageprocessing2-morphology.json,0.6679118417777781,0.14136673001112965,0.15440846452951285,1,1,CORRECT
diver-retriever,theoremqa_questions,TheoremQA_xinyi/rate_distortion_function_1.json,0.762618858073409,0.04938248047996141,0.09156397472862743,1,1,INCORRECT
diver-retriever,theoremqa_questions,TheoremQA_tonyxia/particle4.json,0.7743690307761671,0.1173657506332918,0.13307442978831063,1,1,CORRECT
diver-retriever,theoremqa_questions,TheoremQA_jianyu_xu/Ramsey_5.json,0.7735260009734972,0.0287843863353614,0.047706274449148656,1,1,CORRECT
diver-retriever,theoremqa_questions,TheoremQA_jianyu_xu/Binomial_2.json,0.8614310574120038,0.02074332238639398,0.04667132815044195,0,0,CORRECT
diver-retriever,theoremqa_questions,TheoremQA_jianyu_xu/Ramsey_6.json,0.8390286569771948,0.09284734079251133,0.12764782746494618,1,1,INCORRECT
diver-retriever,theoremqa_questions,TheoremQA_wenhuchen/series_convergen2.json,0.7686642777318832,0.01698894570351117,0.03182494115499479,0,0,INCORRECT
diver-retriever,theoremqa_questions,TheoremQA_xinyi/channel_capacity_3.json,0.7503255512828914,0.025201870411555638,0.0342325558250407,0,1,INCORRECT
diver-retriever,theoremqa_theorems,TheoremQA_jianyu_xu/pigeonhole_2.json,0.7645166259977291,0.030681247511996412,0.05172056026175731,1,1,INCORRECT
diver-retriever,theoremqa_questions,TheoremQA_xinyi/huffman_code_3.json,0.8274802496781843,0.04260382612945124,0.07439423232289,0,0,CORRECT
diver-retriever,theoremqa_theorems,TheoremQA_wenhuchen/definite_matrix1.json,0.8217597249766455,0.05740402806944611,0.09274054578355073,1,1,INCORRECT
diver-retriever,theoremqa_theorems,TheoremQA_elainewan/math_algebra_1.json,0.8217553343901535,0.011654408686492368,0.050788668134455595,0,1,INCORRECT
diver-retriever,theoremqa_theorems,TheoremQA_wenhuchen/eigen_value1.json,0.8741040182393159,0.013648103236991393,0.09955617237117076,1,1,CORRECT
diver-retriever,theoremqa_theorems,TheoremQA_jianyu_xu/pigeonhole_3.json,0.7962259120921413,0.07839279072977778,0.0921419255832382,1,1,CORRECT
diver-retriever,theoremqa_theorems,TheoremQA_elainewan/math_algebra_1_2.json,0.8461855828417466,0.04015475066163765,0.05507787602868519,0,0,CORRECT
diver-retriever,theoremqa_theorems,TheoremQA_elainewan/math_calculus_2_11.json,0.72489813001633,0.022190460359068354,0.03736534669344593,1,1,CORRECT
diver-retriever,theoremqa_theorems,TheoremQA_wenhuchen/Liouville’s_theorem1.json,0.8530529839296436,0.059937945615921806,0.09700962140484426,1,1,CORRECT
diver-retriever,theoremqa_theorems,TheoremQA_wenhuchen/L'Hôpital_rule1.json,0.8129436179690769,0.037965482845516374,0.06767489898190293,1,1,CORRECT
diver-retriever,theoremqa_theorems,TheoremQA_elainewan/math_algebra_4.json,0.8057458754854562,0.017578701918439132,0.03571645302724291,1,1,CORRECT
diver-retriever,theoremqa_theorems,TheoremQA_panlu/similarity2.json,0.8091785632422116,0.038207902111893066,0.0721163576670113,1,1,CORRECT
diver-retriever,theoremqa_theorems,TheoremQA_xinyi/maximum_entropy_2.json,0.7577328530748396,0.011364125392500979,0.03808429815857217,0,1,CORRECT
diver-retriever,theoremqa_theorems,TheoremQA_maxku/signalprocessing11-nyquist.json,0.773095245437901,0.02368028549022816,0.03631218291770244,1,1,CORRECT
diver-retriever,theoremqa_theorems,TheoremQA_jianyu_xu/Stirling_number_first_kind_5.json,0.7765926424015349,0.014949586172422813,0.037184540548711675,0,1,INCORRECT
diver-retriever,theoremqa_theorems,TheoremQA_mingyin/series2.json,0.8060743218591438,0.009299773293681368,0.045360597801831215,0,1,CORRECT
diver-retriever,theoremqa_theorems,TheoremQA_maxku/ipnetwork13-hammingdist.json,0.8148391819653342,0.020613172180362405,0.047257917971633034,0,0,INCORRECT
diver-retriever,theoremqa_theorems,TheoremQA_panlu/rigid-body3.json,0.7783469997172314,0.03787331814317785,0.0735874623183993,1,1,INCORRECT
diver-retriever,theoremqa_theorems,TheoremQA_wenhuchen/ODE2.json,0.8105167218975559,0.02343218584515827,0.045225379271770394,1,1,CORRECT
diver-retriever,theoremqa_theorems,TheoremQA_mingyin/Lebesgue-measure1.json,0.78333244958096,0.006191202867247059,0.03377113601695747,1,1,CORRECT
diver-retriever,theoremqa_theorems,TheoremQA_xinyi/linear_projection.json,0.7934684916627598,0.024204469416516772,0.06232050164852565,1,1,CORRECT
diver-retriever,theoremqa_theorems,TheoremQA_elainewan/math_algebra_5.json,0.8025566827008185,0.014724668652076112,0.06410305940560979,1,1,CORRECT
diver-retriever,theoremqa_theorems,TheoremQA_xueguangma/taylors_approximation_theorem.json,0.775313602321349,0.028499570813130037,0.062441725183157826,0,1,INCORRECT
diver-retriever,theoremqa_theorems,TheoremQA_wenhuchen/ODE3.json,0.8087432788463949,0.010039112618056678,0.028524077652632207,1,1,INCORRECT
diver-retriever,theoremqa_theorems,TheoremQA_wenhuchen/t_test1.json,0.7503677922931864,0.0125376471232157,0.036622953482579046,1,1,INCORRECT
diver-retriever,theoremqa_theorems,TheoremQA_mingyin/cauchy-integral-theorem1.json,0.7654098876503054,0.03866618574739644,0.06026918732807818,0,1,CORRECT
diver-retriever,theoremqa_theorems,TheoremQA_wenhuchen/viterbi2.json,0.7893227119069367,0.03658719568049029,0.05269780250345957,1,1,CORRECT
diver-retriever,theoremqa_theorems,TheoremQA_jianyu_xu/Ramsey_4.json,0.8106324765603231,0.06211785031338313,0.09994432909401973,1,1,CORRECT
diver-retriever,theoremqa_theorems,TheoremQA_jianyu_xu/Ramsey_2.json,0.7796227641973822,0.031116298001397813,0.07318366063647075,1,1,CORRECT
diver-retriever,theoremqa_theorems,TheoremQA_elainewan/math_algebra_3_2.json,0.799540705361383,0.039319750869878045,0.05894788612836077,0,0,INCORRECT
diver-retriever,theoremqa_theorems,TheoremQA_xinyi/dag_2.json,0.7321999902125509,0.014913955976304849,0.039341134096875896,1,1,CORRECT
diver-retriever,theoremqa_theorems,TheoremQA_elainewan/math_calculus_12.json,0.827615604627894,0.01937655310699926,0.05173574609558074,0,0,CORRECT
diver-retriever,theoremqa_theorems,TheoremQA_jianyu_xu/Catalan_2.json,0.8278611259450132,0.05867047294030281,0.0833384858003049,0,1,CORRECT
diver-retriever,theoremqa_theorems,TheoremQA_wenhuchen/Rolle's_theorem.json,0.7857919987228237,0.044440792262333106,0.07499826364594397,1,1,CORRECT
diver-retriever,theoremqa_theorems,TheoremQA_elainewan/econ_micro_7.json,0.7738206131040399,0.028087847848153102,0.05695100412838838,1,1,INCORRECT
diver-retriever,theoremqa_theorems,TheoremQA_jianyu_xu/Stirling_number_second_kind_3.json,0.8047084550497469,0.0251336364190895,0.04525151735096189,0,1,INCORRECT
diver-retriever,theoremqa_theorems,TheoremQA_wenhuchen/t_test2.json,0.7360614962821463,0.013545412595706408,0.03455940952900083,1,1,INCORRECT
diver-retriever,theoremqa_theorems,TheoremQA_wenhuchen/cauchy_integral1.json,0.7655598640427252,0.01676681619003606,0.0367054385896729,0,0,CORRECT
diver-retriever,theoremqa_theorems,TheoremQA_wenhuchen/kepler's_law1.json,0.8177563189709939,0.04953791637992366,0.06834167502648592,1,1,CORRECT
diver-retriever,theoremqa_theorems,TheoremQA_jianyu_xu/Graph_2.json,0.7697361773184873,0.027430633583879316,0.07838150863244442,0,1,CORRECT
diver-retriever,theoremqa_theorems,TheoremQA_xinyi/dag_3.json,0.7407679554399577,0.010171432547390058,0.02017717300087829,0,0,INCORRECT
diver-retriever,theoremqa_theorems,TheoremQA_jianyu_xu/Stirling_number_second_kind_5.json,0.7814673064862409,0.013191136473031606,0.04084661222188957,0,1,CORRECT
diver-retriever,theoremqa_theorems,TheoremQA_jianyu_xu/Multinomial_2.json,0.7980763268205524,0.02406780336843861,0.04893662556979095,1,1,INCORRECT
diver-retriever,theoremqa_theorems,TheoremQA_jianyu_xu/pigeonhole_4.json,0.803572734736701,0.06867618784773477,0.08254577127874341,1,1,CORRECT
diver-retriever,theoremqa_theorems,TheoremQA_wenhuchen/trapezoidal_rule3.json,0.7783593276909787,0.02365739189671201,0.047387464716259986,1,1,INCORRECT
diver-retriever,theoremqa_theorems,TheoremQA_jianyu_xu/Multinomial_1.json,0.8035341282959951,0.051160799521016376,0.07237908527950909,1,1,CORRECT
diver-retriever,theoremqa_theorems,TheoremQA_jianyu_xu/Cayley_3.json,0.7845883856070356,0.018436715849823537,0.06171963852973117,0,0,CORRECT
diver-retriever,theoremqa_theorems,TheoremQA_panlu/similarity3.json,0.8298311389792535,0.025154362082477677,0.05364061237053119,0,0,CORRECT
diver-retriever,theoremqa_theorems,TheoremQA_elainewan/math_calculus_3_8.json,0.8129307886707939,0.018087574054518996,0.0379422230290849,0,0,INCORRECT
diver-retriever,theoremqa_theorems,TheoremQA_jianyu_xu/Multinomial_4.json,0.8091595071908868,0.058930614102302936,0.08187697462267451,1,1,CORRECT
diver-retriever,theoremqa_theorems,TheoremQA_jianyu_xu/Binomial_5.json,0.8024322230682112,0.028782777948574534,0.04806131776739164,1,1,CORRECT
diver-retriever,theoremqa_theorems,TheoremQA_wenhuchen/t_test3.json,0.7392766200958628,0.013193090485681958,0.038977454383190335,1,1,INCORRECT
diver-retriever,theoremqa_theorems,TheoremQA_jianyu_xu/Binomial_4.json,0.8065932217110431,0.03960568654434782,0.06121948732578564,0,0,CORRECT
diver-retriever,theoremqa_theorems,TheoremQA_wenhuchen/kepler's_law3.json,0.8116380443504244,0.042218604464360654,0.09258634700988921,1,1,CORRECT
diver-retriever,theoremqa_theorems,TheoremQA_jianyu_xu/Binomial_3.json,0.8197205271477146,0.03358413055373022,0.05610696803835058,0,1,CORRECT
diver-retriever,theoremqa_theorems,TheoremQA_panlu/gravitational_force2.json,0.809937918988763,0.027640908898444283,0.0698446729989094,1,1,CORRECT
diver-retriever,theoremqa_theorems,TheoremQA_jianyu_xu/pigeonhole_1.json,0.816840866843285,0.08456510894359359,0.09401330332019575,1,1,CORRECT
diver-retriever,theoremqa_theorems,TheoremQA_wenhuchen/jensen1.json,0.748048212454266,0.015612429111894421,0.04120565334228632,0,0,CORRECT
diver-retriever,theoremqa_theorems,TheoremQA_jianyu_xu/Multinomial_3.json,0.8330050041411557,0.05381977226248069,0.07777410398517526,1,1,CORRECT
diver-retriever,theoremqa_theorems,TheoremQA_jianyu_xu/Catalan_1.json,0.8031996773510461,0.06744493039077992,0.09470040423980464,1,1,CORRECT
diver-retriever,theoremqa_theorems,TheoremQA_mingyin/Fundamental-Theorem-of-Calculus3.json,0.7803720422620346,0.005534308211118999,0.023818654306579923,0,1,INCORRECT
diver-retriever,theoremqa_theorems,TheoremQA_wenhuchen/Liouville’s_theorem2.json,0.7611249436284532,0.01877319855078452,0.03403695386848671,1,1,CORRECT
diver-retriever,theoremqa_theorems,TheoremQA_jianyu_xu/Ramsey_3.json,0.7716291826606234,0.06972873353441789,0.09720875427345876,1,1,CORRECT
diver-retriever,theoremqa_theorems,TheoremQA_tonyxia/maxplanar3.json,0.7813145207878213,0.051319841778730724,0.07916409096630306,1,1,INCORRECT
diver-retriever,theoremqa_theorems,TheoremQA_tonyxia/maxplanar1.json,0.7906691045510154,0.008036954444615163,0.04140858991096141,0,1,CORRECT
diver-retriever,theoremqa_theorems,TheoremQA_jianyu_xu/Binomial_6.json,0.7931873789450335,0.022120251721547635,0.05522480867338131,0,0,CORRECT
diver-retriever,theoremqa_theorems,TheoremQA_xueguangma/intermediate_value_theorem.json,0.7858121922300887,0.028091725313979632,0.05727846292893024,1,1,CORRECT
diver-retriever,theoremqa_theorems,TheoremQA_elainewan/math_algebra_4_3.json,0.7267392757654161,0.005513358761477294,0.03396047607027297,0,0,CORRECT
diver-retriever,theoremqa_theorems,TheoremQA_mingyin/convexity1.json,0.7025296647532059,0.012508069617905182,0.044611371724930904,0,1,CORRECT
diver-retriever,theoremqa_theorems,TheoremQA_jianyu_xu/Multinomial_6.json,0.7994911164893969,0.022687438329675014,0.046292120188382024,0,1,INCORRECT
diver-retriever,theoremqa_theorems,TheoremQA_elainewan/math_calculus_2_7.json,0.7345649655997505,0.03334970978865237,0.04936705541391295,0,0,CORRECT
diver-retriever,theoremqa_theorems,TheoremQA_elainewan/math_algebra_7_2.json,0.7229657549046573,0.02563149515132679,0.05973393121264692,1,1,CORRECT
diver-retriever,theoremqa_theorems,TheoremQA_jianyu_xu/Binomial_2.json,0.7850679336871638,0.04171654130071645,0.06879061184435498,0,1,CORRECT
diver-retriever,theoremqa_theorems,TheoremQA_jianyu_xu/Ramsey_5.json,0.8039924208062365,0.05857866624463981,0.1022171888184813,1,1,CORRECT
diver-retriever,theoremqa_theorems,TheoremQA_jianyu_xu/Ramsey_6.json,0.8510813049761838,0.10207169825429341,0.14373234892996012,1,1,CORRECT
diver-retriever,theoremqa_theorems,TheoremQA_wenhuchen/series_convergen2.json,0.7669840995991538,0.013869772006174563,0.038242311579278265,0,1,CORRECT
diver-retriever,theoremqa_theorems,TheoremQA_xinyi/dag_1.json,0.7188366443303845,0.005250230705488801,0.026118015114424242,1,1,CORRECT
