retriever,task,query_id,max_score,gap_ctx,gap_25,retrieval_success_5,retrieval_success_25,judgment
e5,biology,8,77.16497802734375,3.5876235961914062,6.71258544921875,1,1,CORRECT
e5,biology,12,77.3262710571289,2.2536087036132812,4.700187683105469,0,0,INCORRECT
e5,biology,4,74.20390319824219,1.1369476318359375,3.78167724609375,0,1,CORRECT
e5,biology,6,73.49269104003906,2.328460693359375,3.8975296020507812,0,1,CORRECT
e5,biology,5,81.32533264160156,4.707122802734375,10.067253112792969,1,1,CORRECT
e5,biology,0,72.05258178710938,1.2220687866210938,4.044677734375,1,1,CORRECT
e5,biology,11,73.08631896972656,1.88623046875,3.8874053955078125,1,1,CORRECT
e5,biology,14,78.743896484375,1.6334381103515625,4.332221984863281,1,1,INCORRECT
e5,biology,1,76.81779479980469,1.8502426147460938,6.934486389160156,0,1,INCORRECT
e5,biology,10,81.24960327148438,8.222679138183594,10.456123352050781,1,1,CORRECT
e5,biology,7,80.39469146728516,4.277000427246094,10.265083312988281,1,1,CORRECT
e5,biology,2,74.94642639160156,2.9824981689453125,4.780403137207031,0,1,CORRECT
e5,biology,9,79.73886108398438,1.4776153564453125,4.33831787109375,0,0,CORRECT
e5,biology,3,78.34523010253906,7.3336639404296875,9.716499328613281,1,1,CORRECT
e5,biology,15,73.95442962646484,2.2470321655273438,4.615348815917969,1,1,CORRECT
e5,biology,13,74.40511322021484,1.3219757080078125,4.2682647705078125,1,1,CORRECT
e5,biology,18,72.30607604980469,1.479644775390625,2.3919754028320312,0,1,CORRECT
e5,biology,20,80.04325866699219,3.1453399658203125,8.4835205078125,0,1,INCORRECT
e5,biology,17,75.81977081298828,2.2364120483398438,6.4116363525390625,1,1,CORRECT
e5,biology,22,74.23819732666016,3.9568939208984375,6.426872253417969,1,1,CORRECT
e5,biology,26,71.84430694580078,1.7307968139648438,2.751190185546875,0,0,INCORRECT
e5,biology,21,77.08953857421875,3.6625900268554688,7.983757019042969,1,1,CORRECT
e5,biology,16,75.56278991699219,1.5737457275390625,5.024078369140625,0,0,CORRECT
e5,biology,19,79.62765502929688,6.308540344238281,10.210121154785156,1,1,CORRECT
e5,biology,30,77.72592163085938,1.690826416015625,4.675201416015625,1,1,CORRECT
e5,biology,23,75.00445556640625,3.1476058959960938,5.042449951171875,0,0,INCORRECT
e5,biology,24,77.79438781738281,3.0740127563476562,5.396087646484375,1,1,CORRECT
e5,biology,27,72.30525970458984,1.9410934448242188,3.6115493774414062,1,1,CORRECT
e5,biology,25,74.88178253173828,2.2337493896484375,3.63262939453125,1,1,INCORRECT
e5,biology,29,81.41222381591797,1.965911865234375,3.7846603393554688,0,1,CORRECT
e5,biology,31,78.79943084716797,4.7859039306640625,7.9617767333984375,1,1,CORRECT
e5,biology,28,77.33964538574219,5.3984832763671875,7.81072998046875,0,0,CORRECT
e5,biology,37,74.40050506591797,2.50244140625,4.4034271240234375,0,0,INCORRECT
e5,biology,36,76.18115234375,0.7080154418945312,2.036041259765625,0,0,INCORRECT
e5,biology,43,71.85578918457031,0.42232513427734375,2.0876007080078125,0,0,INCORRECT
e5,biology,42,78.70037841796875,0.80767822265625,1.88671875,0,0,CORRECT
e5,biology,32,72.16849517822266,2.3234481811523438,3.9203338623046875,1,1,CORRECT
e5,biology,39,78.62545776367188,1.782257080078125,3.128326416015625,0,0,INCORRECT
e5,biology,33,76.14179229736328,3.0134811401367188,5.577262878417969,0,1,CORRECT
e5,biology,34,73.53440856933594,2.0547027587890625,3.6466293334960938,0,0,INCORRECT
e5,biology,45,76.71538543701172,0.8395004272460938,3.4317474365234375,0,0,INCORRECT
e5,biology,40,78.6378173828125,1.763763427734375,2.974334716796875,0,0,INCORRECT
e5,biology,38,74.87870788574219,0.5536956787109375,2.635833740234375,0,1,CORRECT
e5,biology,41,76.79332733154297,1.3734512329101562,4.337608337402344,0,0,CORRECT
e5,biology,47,79.9608383178711,2.3695449829101562,7.268226623535156,0,0,CORRECT
e5,biology,35,74.62474822998047,0.6767501831054688,3.911834716796875,1,1,CORRECT
e5,biology,53,77.61866760253906,2.1649932861328125,3.8767623901367188,0,0,CORRECT
e5,biology,54,78.22750854492188,4.0228729248046875,6.985435485839844,0,0,CORRECT
e5,biology,44,75.1387939453125,0.827880859375,2.2134857177734375,0,1,INCORRECT
e5,biology,48,73.72262573242188,0.9620437622070312,2.79962158203125,1,1,CORRECT
e5,biology,46,78.04862213134766,2.121917724609375,3.8172073364257812,0,0,INCORRECT
e5,biology,50,79.03816986083984,3.2677078247070312,6.1611480712890625,0,0,CORRECT
e5,biology,49,79.7061767578125,1.5809555053710938,5.0090484619140625,0,0,INCORRECT
e5,biology,52,80.07547760009766,4.146759033203125,5.806632995605469,0,0,INCORRECT
e5,biology,51,80.55879211425781,1.67791748046875,5.775634765625,0,0,CORRECT
e5,biology,64,77.60869598388672,3.3573150634765625,6.7306976318359375,0,1,INCORRECT
e5,biology,58,78.4128189086914,1.2235183715820312,4.709449768066406,0,0,INCORRECT
e5,biology,55,78.5682373046875,0.628875732421875,4.3410491943359375,1,1,CORRECT
e5,biology,56,80.91305541992188,3.8086776733398438,8.20263671875,0,0,CORRECT
e5,biology,57,78.51860809326172,0.42008209228515625,5.060333251953125,0,1,CORRECT
e5,biology,62,78.8592300415039,2.0647964477539062,4.852302551269531,0,1,CORRECT
e5,biology,59,78.18268585205078,1.3383255004882812,4.417594909667969,0,1,CORRECT
e5,biology,65,77.28850555419922,0.48345947265625,5.495735168457031,1,1,CORRECT
e5,biology,60,79.2231216430664,4.058387756347656,6.716682434082031,0,0,CORRECT
e5,biology,67,73.22084045410156,1.9403457641601562,4.4026641845703125,0,1,INCORRECT
e5,biology,61,77.66419219970703,4.8297119140625,7.955497741699219,1,1,CORRECT
e5,biology,66,75.24396514892578,4.667900085449219,7.686531066894531,1,1,CORRECT
e5,biology,63,72.03327941894531,0.573516845703125,4.197227478027344,0,0,INCORRECT
e5,biology,69,78.14403533935547,1.5728530883789062,6.5649871826171875,0,1,CORRECT
e5,biology,74,72.01931762695312,2.189178466796875,3.9801177978515625,0,1,INCORRECT
e5,biology,68,81.43112182617188,3.4980392456054688,5.5112762451171875,0,0,CORRECT
e5,biology,70,73.3233642578125,0.9166336059570312,3.6428680419921875,1,1,CORRECT
e5,biology,81,78.3238754272461,2.0571517944335938,3.8751068115234375,0,0,CORRECT
e5,biology,72,76.27227020263672,2.3013229370117188,5.478034973144531,1,1,CORRECT
e5,biology,71,79.60293579101562,1.2997817993164062,3.1070785522460938,0,0,INCORRECT
e5,biology,82,72.27876281738281,1.64141845703125,4.2548980712890625,0,0,CORRECT
e5,biology,73,78.65907287597656,2.5090103149414062,4.44891357421875,0,0,INCORRECT
e5,biology,76,72.96527099609375,1.081329345703125,2.6443099975585938,0,0,INCORRECT
e5,biology,83,76.18529510498047,0.935943603515625,4.501670837402344,0,0,INCORRECT
e5,biology,75,76.9892578125,3.6438369750976562,6.61529541015625,0,0,INCORRECT
e5,biology,79,76.04940032958984,0.757476806640625,2.8303451538085938,0,1,CORRECT
e5,biology,77,77.38626861572266,1.8460845947265625,3.8709640502929688,0,0,INCORRECT
e5,biology,80,81.53167724609375,4.192131042480469,7.115318298339844,0,0,CORRECT
e5,biology,78,81.18695831298828,1.1803436279296875,2.5829620361328125,0,1,CORRECT
e5,biology,84,85.70433044433594,7.2888336181640625,9.742134094238281,1,1,CORRECT
e5,biology,92,75.3681411743164,0.9422760009765625,2.2076263427734375,0,0,INCORRECT
e5,biology,93,72.97618865966797,1.7816162109375,4.3364410400390625,0,0,INCORRECT
e5,biology,85,79.72855377197266,5.482704162597656,8.505256652832031,1,1,CORRECT
e5,biology,88,79.72606658935547,3.9356613159179688,6.381134033203125,0,0,CORRECT
e5,biology,86,73.60394287109375,2.1863784790039062,4.389137268066406,1,1,CORRECT
e5,biology,89,77.96329498291016,1.1582183837890625,2.8354873657226562,0,0,INCORRECT
e5,biology,91,80.26237487792969,5.2042694091796875,8.479438781738281,0,0,INCORRECT
e5,biology,87,77.095703125,1.2718048095703125,4.171058654785156,0,0,INCORRECT
e5,biology,94,76.89025115966797,2.5273971557617188,4.9372406005859375,1,1,CORRECT
e5,biology,90,83.11308288574219,8.732467651367188,11.136283874511719,0,0,INCORRECT
e5,biology,100,77.11790466308594,5.16986083984375,6.6851043701171875,0,0,INCORRECT
e5,biology,101,80.6434555053711,1.2403488159179688,3.5488433837890625,0,0,CORRECT
e5,biology,96,77.37168884277344,0.5173721313476562,2.6193466186523438,1,1,CORRECT
e5,biology,95,77.33909606933594,4.955513000488281,8.5263671875,0,1,INCORRECT
e5,biology,98,75.50884246826172,1.12664794921875,3.64166259765625,0,0,INCORRECT
e5,biology,99,78.5643310546875,6.384040832519531,8.768577575683594,1,1,CORRECT
e5,biology,97,80.42355346679688,2.2615432739257812,6.2928009033203125,0,1,CORRECT
e5,biology,102,80.51598358154297,0.8242568969726562,6.753936767578125,0,0,INCORRECT
e5,aops,aops_2019_AMC_12A_Problems/Problem_17,84.71609497070312,1.2562637329101562,3.1048736572265625,1,1,INCORRECT
e5,aops,math_test_intermediate_algebra_1179,87.55377197265625,5.115135192871094,7.379814147949219,0,0,INCORRECT
e5,aops,math_train_intermediate_algebra_513,82.27672576904297,0.6726303100585938,3.2099990844726562,1,1,INCORRECT
e5,aops,aops_2015_AMC_10B_Problems/Problem_15,80.48260498046875,1.2663421630859375,2.199554443359375,0,0,INCORRECT
e5,aops,math_train_number_theory_839,85.3931655883789,0.5546112060546875,2.2963638305664062,0,0,INCORRECT
e5,aops,math_train_number_theory_7012,85.63731384277344,0.9584274291992188,2.9112472534179688,0,0,INCORRECT
e5,aops,math_train_number_theory_7095,78.11150360107422,1.0845108032226562,3.4243621826171875,0,0,INCORRECT
e5,aops,math_train_counting_and_probability_5024,78.1136474609375,2.3097610473632812,3.379364013671875,0,0,INCORRECT
e5,aops,aops_2000_AIME_I_Problems/Problem_9,85.07081604003906,1.8654022216796875,3.567230224609375,0,0,INCORRECT
e5,aops,aops_2008_AMC_12B_Problems/Problem_16,79.73468017578125,0.0721893310546875,0.7244338989257812,0,0,INCORRECT
e5,aops,math_train_number_theory_7030,90.20623779296875,11.3857421875,13.938758850097656,0,0,INCORRECT
e5,aops,math_train_number_theory_7016,78.19776916503906,1.1403656005859375,2.5557708740234375,0,0,INCORRECT
e5,aops,aops_2005_IMO_Problems/Problem_4,80.87194061279297,2.4202041625976562,4.07806396484375,0,0,INCORRECT
e5,aops,aops_2021_AIME_I_Problems/Problem_14,81.63807678222656,2.1663970947265625,3.888214111328125,0,1,INCORRECT
e5,aops,aops_2017_AMC_10B_Problems/Problem_14,84.89936828613281,0.4559173583984375,2.1676177978515625,0,0,INCORRECT
e5,aops,aops_2024_AIME_I_Problems/Problem_13,83.03980255126953,2.7094650268554688,4.732048034667969,0,0,INCORRECT
e5,aops,math_train_counting_and_probability_5035,77.0084228515625,0.33727264404296875,1.5889892578125,0,0,INCORRECT
e5,aops,math_train_geometry_6018,78.89136505126953,1.1251220703125,3.8785324096679688,0,0,INCORRECT
e5,aops,math_train_geometry_6173,84.13774871826172,0.757965087890625,1.7842178344726562,0,0,INCORRECT
e5,aops,aops_2023_AIME_I_Problems/Problem_5,82.53559875488281,1.45123291015625,2.8611907958984375,0,0,INCORRECT
e5,aops,aops_2004_AIME_I_Problems/Problem_10,83.024169921875,3.0371475219726562,4.247047424316406,0,0,INCORRECT
e5,aops,math_test_geometry_454,86.04800415039062,1.7087249755859375,5.712699890136719,0,0,INCORRECT
e5,aops,aops_2005_USAMO_Problems/Problem_2,85.45964050292969,5.944145202636719,7.785270690917969,0,0,INCORRECT
e5,aops,math_train_counting_and_probability_5011,80.29290771484375,1.8295745849609375,3.8361282348632812,0,0,INCORRECT
e5,aops,aops_2001_AMC_10_Problems/Problem_19,82.93167114257812,1.592987060546875,3.146636962890625,1,1,CORRECT
e5,aops,math_test_counting_and_probability_1009,82.62096405029297,0.8110580444335938,3.9888687133789062,1,1,CORRECT
e5,aops,aops_2018_AMC_8_Problems/Problem_23,82.831787109375,2.1979141235351562,5.061668395996094,0,0,INCORRECT
e5,aops,aops_2007_AIME_I_Problems/Problem_10,79.72870635986328,0.8570175170898438,2.2606658935546875,0,1,INCORRECT
e5,aops,math_train_counting_and_probability_5131,82.58345794677734,1.1700515747070312,2.674774169921875,0,0,INCORRECT
e5,aops,aops_2019_AMC_8_Problems/Problem_25,83.83181762695312,1.0257339477539062,2.99395751953125,0,0,INCORRECT
e5,aops,aops_2018_AMC_10A_Problems/Problem_11,85.62837219238281,1.368865966796875,2.9117279052734375,0,0,INCORRECT
e5,aops,aops_2020_AMC_10B_Problems/Problem_25,82.63436889648438,2.7753448486328125,3.7557296752929688,0,0,INCORRECT
e5,aops,math_train_number_theory_7003,80.75897979736328,0.7002410888671875,2.67236328125,0,1,CORRECT
e5,aops,aops_1959_IMO_Problems/Problem_1,77.77425384521484,1.2161026000976562,2.8342132568359375,0,0,INCORRECT
e5,aops,aops_2021_AIME_II_Problems/Problem_9,80.11587524414062,1.746856689453125,3.3344573974609375,0,1,CORRECT
e5,aops,aops_2021_AIME_I_Problems/Problem_10,82.94438934326172,3.4515304565429688,4.89105224609375,0,0,INCORRECT
e5,aops,aops_2007_iTest_Problems/Problem_6,88.03237915039062,1.3498001098632812,3.9103851318359375,0,0,INCORRECT
e5,aops,math_train_number_theory_7066,80.90879821777344,0.5015411376953125,3.1165390014648438,0,0,INCORRECT
e5,aops,math_test_counting_and_probability_838,84.25090026855469,1.673095703125,2.855682373046875,0,0,CORRECT
e5,aops,aops_1987_IMO_Problems/Problem_1,78.24212646484375,1.6777572631835938,5.0758819580078125,0,0,INCORRECT
e5,aops,aops_2020_AMC_10A_Problems/Problem_24,86.03395080566406,0.5342864990234375,3.1577301025390625,0,0,INCORRECT
e5,aops,math_train_intermediate_algebra_659,80.88338470458984,0.9399032592773438,2.14892578125,0,0,INCORRECT
e5,aops,aops_2000_AMC_12_Problems/Problem_4,81.61861419677734,1.3300857543945312,2.51287841796875,0,0,INCORRECT
e5,aops,math_train_intermediate_algebra_477,87.21377563476562,4.834747314453125,7.2221221923828125,0,0,INCORRECT
e5,aops,aops_1981_IMO_Problems/Problem_3,81.70438385009766,1.48175048828125,3.3705215454101562,0,0,INCORRECT
e5,aops,aops_2011_AMC_8_Problems/Problem_6,82.72306060791016,1.4545974731445312,3.5300140380859375,0,0,CORRECT
e5,aops,aops_1990_AIME_Problems/Problem_9,82.62268829345703,1.969940185546875,2.4253005981445312,0,0,INCORRECT
e5,aops,aops_2005_AMC_12A_Problems/Problem_18,84.18103790283203,0.744354248046875,1.9978103637695312,0,0,INCORRECT
e5,aops,aops_2017_AMC_10B_Problems/Problem_13,84.03789520263672,2.7624664306640625,4.231903076171875,0,0,INCORRECT
e5,aops,math_train_counting_and_probability_5047,79.23193359375,0.26998138427734375,1.19189453125,0,0,INCORRECT
e5,aops,math_train_counting_and_probability_5048,80.91846466064453,1.0081558227539062,2.7344436645507812,0,0,INCORRECT
e5,aops,aops_2020_AIME_II_Problems/Problem_9,78.33575439453125,1.1158523559570312,1.8260421752929688,0,0,INCORRECT
e5,aops,math_test_counting_and_probability_430,86.13593292236328,1.5784759521484375,4.724937438964844,0,0,INCORRECT
e5,aops,math_train_counting_and_probability_5045,82.26628112792969,0.5113449096679688,4.544853210449219,0,0,CORRECT
e5,aops,aops_2017_AIME_II_Problems/Problem_1,81.75225830078125,2.3107757568359375,4.596832275390625,0,0,INCORRECT
e5,aops,aops_2020_AMC_8_Problems/Problem_12,86.89144897460938,2.6335906982421875,4.4405670166015625,0,0,INCORRECT
e5,aops,math_test_counting_and_probability_1003,81.13023376464844,0.9007339477539062,2.3746261596679688,0,0,INCORRECT
e5,aops,aops_2008_AMC_12A_Problems/Problem_15,88.1007308959961,1.8102340698242188,3.7970352172851562,0,0,INCORRECT
e5,aops,math_test_prealgebra_1987,86.34040832519531,2.7047348022460938,4.859855651855469,0,1,CORRECT
e5,aops,math_train_geometry_317,84.4515380859375,3.4524993896484375,6.2255401611328125,0,0,INCORRECT
e5,aops,aops_2007_AIME_II_Problems/Problem_10,80.75849151611328,0.742889404296875,1.904541015625,0,0,INCORRECT
e5,aops,math_train_geometry_6060,83.79434204101562,1.8385543823242188,4.615470886230469,0,1,INCORRECT
e5,aops,aops_1985_AIME_Problems/Problem_6,82.61286163330078,2.5402908325195312,4.458831787109375,0,0,INCORRECT
e5,aops,math_train_geometry_6022,79.1936264038086,0.7536773681640625,2.1264801025390625,0,1,INCORRECT
e5,aops,math_train_geometry_6116,83.05469512939453,1.4644622802734375,3.2338638305664062,0,0,INCORRECT
e5,aops,aops_2016_AMC_10A_Problems/Problem_19,84.68136596679688,1.5160446166992188,2.5489883422851562,1,1,INCORRECT
e5,aops,aops_1988_AIME_Problems/Problem_12,79.384765625,1.2749710083007812,3.33148193359375,1,1,INCORRECT
e5,aops,aops_1971_AHSME_Problems/Problem_26,87.7607421875,3.1413955688476562,5.864082336425781,1,1,INCORRECT
e5,aops,math_train_geometry_6115,80.48980712890625,1.2029571533203125,3.1787567138671875,0,1,INCORRECT
e5,aops,math_train_intermediate_algebra_2060,83.83927154541016,1.6788558959960938,3.2978363037109375,0,0,CORRECT
e5,aops,math_test_intermediate_algebra_951,81.71611785888672,0.6338729858398438,1.9240951538085938,0,0,INCORRECT
e5,aops,math_test_algebra_1208,81.98675537109375,1.9868316650390625,2.84393310546875,1,1,CORRECT
e5,aops,math_train_algebra_2521,86.03467559814453,1.5954132080078125,3.9181365966796875,0,0,INCORRECT
e5,aops,math_train_intermediate_algebra_1822,83.57133483886719,0.33329010009765625,3.0604476928710938,0,0,INCORRECT
e5,aops,math_train_number_theory_7078,79.61351776123047,0.4533538818359375,2.5212783813476562,0,0,INCORRECT
e5,aops,math_test_intermediate_algebra_1812,85.66858673095703,1.6097869873046875,3.3057479858398438,0,0,INCORRECT
e5,aops,aops_2009_AMC_12A_Problems/Problem_17,81.80481719970703,1.8554000854492188,3.5593414306640625,1,1,INCORRECT
e5,aops,aops_2002_AIME_I_Problems/Problem_6,84.28059387207031,4.3867340087890625,5.392303466796875,0,0,INCORRECT
e5,aops,aops_1994_AIME_Problems/Problem_9,80.48851776123047,0.388580322265625,4.631233215332031,0,0,INCORRECT
e5,aops,math_train_counting_and_probability_5064,78.53762817382812,1.1671371459960938,2.3577194213867188,0,0,INCORRECT
e5,aops,math_train_counting_and_probability_822,88.58517456054688,2.9070892333984375,5.642494201660156,0,1,INCORRECT
e5,aops,math_train_intermediate_algebra_1268,86.50271606445312,1.883819580078125,3.3331985473632812,0,0,CORRECT
e5,aops,aops_2021_AMC_12B_Problems/Problem_9,85.94857788085938,1.6490707397460938,3.22479248046875,0,0,INCORRECT
e5,aops,aops_2021_Fall_AMC_12A_Problems/Problem_12,82.55824279785156,2.8887405395507812,4.318870544433594,0,0,INCORRECT
e5,aops,math_train_geometry_747,88.63720703125,2.8093948364257812,5.5567169189453125,0,0,INCORRECT
e5,aops,aops_2008_AMC_12A_Problems/Problem_16,85.36260223388672,2.0691604614257812,3.5570449829101562,0,0,INCORRECT
e5,aops,aops_2015_AMC_12A_Problems/Problem_22,84.51901245117188,2.4594879150390625,3.2513351440429688,0,0,INCORRECT
e5,aops,aops_2022_AMC_10B_Problems/Problem_9,83.96855163574219,1.083282470703125,2.3956756591796875,0,0,INCORRECT
e5,aops,math_train_counting_and_probability_5111,81.48876953125,2.250244140625,3.9108505249023438,0,1,INCORRECT
e5,aops,math_train_algebra_2826,90.09667205810547,4.585166931152344,7.300254821777344,0,0,CORRECT
e5,aops,aops_2019_AMC_10A_Problems/Problem_12,82.15296173095703,0.9566726684570312,2.0303802490234375,1,1,INCORRECT
e5,aops,aops_2000_AMC_12_Problems/Problem_14,85.31980895996094,0.5298538208007812,3.8055419921875,0,1,INCORRECT
e5,aops,aops_2013_AMC_12A_Problems/Problem_13,85.03174591064453,2.0762100219726562,3.515411376953125,0,0,INCORRECT
e5,aops,aops_1998_AIME_Problems/Problem_2,83.87560272216797,2.368927001953125,5.670013427734375,0,0,INCORRECT
e5,aops,math_train_geometry_6092,82.01216125488281,2.5555877685546875,4.302040100097656,1,1,INCORRECT
e5,aops,aops_2015_AIME_I_Problems/Problem_4,82.23152160644531,0.31488800048828125,2.0360641479492188,0,0,INCORRECT
e5,aops,aops_1971_Canadian_MO_Problems/Problem_1,78.32331848144531,1.0791473388671875,3.1306533813476562,0,0,INCORRECT
e5,aops,aops_2020_AIME_I_Problems/Problem_15,84.23626708984375,2.2764892578125,5.790985107421875,1,1,INCORRECT
e5,aops,aops_2016_AIME_I_Problems/Problem_15,83.00279235839844,2.0837173461914062,4.71429443359375,1,1,INCORRECT
e5,aops,math_train_geometry_6105,78.43052673339844,1.6565475463867188,2.7701339721679688,0,0,INCORRECT
e5,aops,aops_2022_AIME_I_Problems/Problem_11,85.38643646240234,2.1105499267578125,4.623504638671875,1,1,INCORRECT
e5,aops,aops_2016_AIME_II_Problems/Problem_10,84.24659729003906,3.55694580078125,5.889892578125,1,1,INCORRECT
e5,aops,aops_2024_AIME_I_Problems/Problem_10,85.68016815185547,3.769866943359375,6.5433502197265625,1,1,INCORRECT
e5,aops,aops_2023_AIME_II_Problems/Problem_9,83.96781158447266,2.9121551513671875,5.637519836425781,1,1,INCORRECT
e5,aops,math_train_geometry_6112,81.7318115234375,3.5418243408203125,4.5486907958984375,0,0,INCORRECT
e5,aops,aops_2016_AMC_10A_Problems/Problem_7,86.80315399169922,1.8734054565429688,3.9228897094726562,1,1,CORRECT
e5,earth_science,3,80.05081176757812,1.6913681030273438,4.331565856933594,1,1,CORRECT
e5,earth_science,7,79.3920669555664,2.16778564453125,6.13262939453125,0,1,CORRECT
e5,aops,aops_2002_AIME_I_Problems/Problem_10,82.351806640625,1.6246490478515625,3.0654449462890625,0,0,INCORRECT
e5,earth_science,6,81.23812866210938,1.5468215942382812,8.186386108398438,1,1,CORRECT
e5,earth_science,1,80.67919921875,1.5511932373046875,6.4385986328125,0,0,CORRECT
e5,aops,aops_2019_AIME_I_Problems/Problem_3,81.92091369628906,1.8370895385742188,3.7873611450195312,1,1,INCORRECT
e5,aops,math_train_geometry_6051,81.85938262939453,3.6046142578125,4.842803955078125,1,1,INCORRECT
e5,earth_science,0,77.92948913574219,3.7440567016601562,6.59088134765625,0,0,CORRECT
e5,earth_science,8,81.85900115966797,3.8882598876953125,10.807647705078125,1,1,CORRECT
e5,earth_science,4,77.33663177490234,2.567596435546875,4.997894287109375,1,1,CORRECT
e5,aops,aops_2017_AIME_II_Problems/Problem_3,84.6688232421875,2.0854949951171875,5.1507720947265625,0,0,INCORRECT
e5,aops,math_train_geometry_6078,82.2258529663086,2.623077392578125,3.9617691040039062,1,1,INCORRECT
e5,earth_science,2,79.34717559814453,2.0422134399414062,6.769554138183594,0,1,INCORRECT
e5,earth_science,5,81.56884002685547,2.821929931640625,7.02838134765625,0,0,CORRECT
e5,earth_science,9,76.47691345214844,2.4340438842773438,4.175300598144531,1,1,INCORRECT
e5,earth_science,10,75.4535140991211,4.792610168457031,6.472846984863281,0,0,CORRECT
e5,earth_science,17,81.70796966552734,2.3759231567382812,4.742462158203125,0,0,INCORRECT
e5,earth_science,11,78.83444213867188,2.7988128662109375,6.185089111328125,0,0,CORRECT
e5,earth_science,13,78.75282287597656,3.5406036376953125,6.4270782470703125,1,1,CORRECT
e5,earth_science,23,78.62104797363281,4.6322021484375,7.6555328369140625,0,0,INCORRECT
e5,earth_science,14,75.86837005615234,1.876251220703125,3.7701950073242188,0,0,INCORRECT
e5,earth_science,27,73.42643737792969,1.1044998168945312,3.3351516723632812,0,0,INCORRECT
e5,earth_science,12,76.548095703125,2.9993667602539062,5.243080139160156,0,0,INCORRECT
e5,earth_science,25,76.01638793945312,1.83001708984375,4.430908203125,1,1,CORRECT
e5,earth_science,15,82.36305236816406,4.870582580566406,8.292999267578125,0,1,CORRECT
e5,earth_science,19,79.58970642089844,1.5455398559570312,3.6128463745117188,1,1,CORRECT
e5,earth_science,26,75.57477569580078,1.4596710205078125,3.9792327880859375,1,1,CORRECT
e5,earth_science,20,79.26847076416016,3.0935821533203125,4.661537170410156,0,1,CORRECT
e5,earth_science,18,76.94097900390625,0.45078277587890625,2.8357925415039062,1,1,CORRECT
e5,earth_science,22,80.61245727539062,3.0092849731445312,6.612815856933594,0,0,CORRECT
e5,earth_science,16,79.37847137451172,7.609123229980469,11.765113830566406,0,0,INCORRECT
e5,earth_science,24,79.57452392578125,1.8892364501953125,7.124732971191406,1,1,CORRECT
e5,earth_science,21,74.60009002685547,2.2213897705078125,3.7368698120117188,0,1,INCORRECT
e5,earth_science,34,76.20199584960938,2.4143447875976562,4.9818878173828125,0,1,CORRECT
e5,earth_science,37,79.72004699707031,7.017173767089844,8.907684326171875,1,1,INCORRECT
e5,earth_science,38,74.73451232910156,6.006622314453125,7.662452697753906,1,1,CORRECT
e5,earth_science,42,69.91194152832031,1.0036773681640625,2.6649246215820312,0,0,CORRECT
e5,earth_science,28,76.57177734375,4.7377166748046875,8.906173706054688,0,1,CORRECT
e5,earth_science,33,77.73324584960938,2.3375930786132812,3.8590621948242188,0,0,INCORRECT
e5,earth_science,29,77.66548156738281,3.2726058959960938,5.1622161865234375,0,0,INCORRECT
e5,earth_science,32,73.04351043701172,1.8765716552734375,3.6414794921875,0,0,CORRECT
e5,earth_science,31,74.8768539428711,3.4768218994140625,6.1038360595703125,1,1,CORRECT
e5,earth_science,30,76.7707748413086,2.4058685302734375,4.354736328125,0,1,INCORRECT
e5,earth_science,43,70.97725677490234,1.2108383178710938,3.5043563842773438,1,1,INCORRECT
e5,earth_science,39,83.75860595703125,3.521759033203125,7.553009033203125,0,1,INCORRECT
e5,earth_science,36,80.1561508178711,3.3499832153320312,8.438301086425781,1,1,CORRECT
e5,earth_science,35,74.9456787109375,2.6359405517578125,4.776100158691406,1,1,CORRECT
e5,earth_science,40,73.24832916259766,1.1111373901367188,4.296966552734375,0,0,CORRECT
e5,earth_science,41,81.20792388916016,5.738311767578125,8.302398681640625,1,1,CORRECT
e5,earth_science,54,76.8139419555664,2.913665771484375,6.1963348388671875,0,1,INCORRECT
e5,earth_science,50,75.30985260009766,2.9475631713867188,6.163825988769531,1,1,INCORRECT
e5,earth_science,55,79.10171508789062,5.529571533203125,7.463294982910156,1,1,INCORRECT
e5,earth_science,44,76.8370361328125,1.4958267211914062,5.257316589355469,0,0,CORRECT
e5,earth_science,53,80.52510833740234,2.2215347290039062,6.1426544189453125,1,1,CORRECT
e5,earth_science,57,75.68517303466797,2.8297042846679688,4.999824523925781,1,1,CORRECT
e5,earth_science,45,72.73041534423828,1.8699493408203125,3.7993392944335938,0,0,INCORRECT
e5,earth_science,51,80.8840560913086,5.08563232421875,11.045402526855469,1,1,CORRECT
e5,earth_science,46,79.87004089355469,4.0229644775390625,9.767646789550781,0,1,CORRECT
e5,earth_science,48,77.09797668457031,1.0129013061523438,2.8395156860351562,0,0,CORRECT
e5,earth_science,52,74.3296890258789,1.0633468627929688,1.9448013305664062,0,0,CORRECT
e5,earth_science,49,74.55685424804688,2.5874786376953125,5.8922882080078125,1,1,CORRECT
e5,earth_science,47,83.15715026855469,4.541770935058594,8.005302429199219,0,1,CORRECT
e5,earth_science,60,73.00732421875,0.444549560546875,3.0994491577148438,0,0,INCORRECT
e5,earth_science,58,79.57710266113281,3.7356185913085938,8.559577941894531,0,0,INCORRECT
e5,earth_science,56,77.4713134765625,4.897056579589844,7.968727111816406,0,1,CORRECT
e5,earth_science,59,78.10700225830078,0.8260345458984375,3.704559326171875,1,1,CORRECT
e5,earth_science,72,73.14827728271484,3.0863800048828125,6.999565124511719,1,1,CORRECT
e5,earth_science,63,80.2696304321289,4.999298095703125,7.454071044921875,0,1,CORRECT
e5,earth_science,71,77.86741638183594,2.840972900390625,7.3433380126953125,1,1,CORRECT
e5,earth_science,62,74.50056457519531,3.0657196044921875,4.837150573730469,0,1,CORRECT
e5,earth_science,61,75.69654846191406,0.9779052734375,2.9395828247070312,0,0,INCORRECT
e5,earth_science,64,71.95452117919922,0.7753372192382812,2.557952880859375,1,1,CORRECT
e5,earth_science,67,73.83792877197266,1.8044662475585938,3.9564895629882812,1,1,INCORRECT
e5,earth_science,66,74.45281219482422,2.2797927856445312,5.212821960449219,1,1,CORRECT
e5,earth_science,68,72.22593688964844,2.3150482177734375,4.0245819091796875,0,0,CORRECT
e5,earth_science,69,75.11287689208984,5.07562255859375,8.593399047851562,1,1,CORRECT
e5,earth_science,70,81.28175354003906,5.90130615234375,9.057624816894531,1,1,CORRECT
e5,earth_science,65,79.46308898925781,7.227256774902344,9.378158569335938,1,1,CORRECT
e5,earth_science,73,79.57600402832031,1.8726882934570312,4.25177001953125,1,1,CORRECT
e5,earth_science,76,82.05657958984375,5.883232116699219,7.678550720214844,0,0,CORRECT
e5,earth_science,75,80.18252563476562,6.0332489013671875,7.80816650390625,1,1,CORRECT
e5,earth_science,87,80.7320556640625,7.118896484375,10.249053955078125,1,1,CORRECT
e5,earth_science,74,77.76983642578125,2.7472381591796875,4.817207336425781,1,1,CORRECT
e5,earth_science,88,72.58341979980469,0.0,3.84283447265625,0,1,INCORRECT
e5,earth_science,77,75.00639343261719,2.2386322021484375,3.574432373046875,0,0,INCORRECT
e5,earth_science,83,79.12582397460938,0.7384872436523438,3.2940444946289062,1,1,CORRECT
e5,earth_science,79,80.63540649414062,5.9956817626953125,8.571647644042969,0,0,INCORRECT
e5,earth_science,78,76.01297760009766,1.5423049926757812,3.6005172729492188,0,0,CORRECT
e5,earth_science,84,70.59675598144531,2.137237548828125,4.759986877441406,0,0,CORRECT
e5,earth_science,80,80.60865783691406,7.5586700439453125,12.075233459472656,1,1,CORRECT
e5,earth_science,81,80.42250061035156,3.077972412109375,5.520904541015625,1,1,CORRECT
e5,earth_science,82,79.70170593261719,2.035491943359375,5.0998992919921875,0,1,CORRECT
e5,earth_science,86,75.99781799316406,0.8307723999023438,5.937309265136719,1,1,CORRECT
e5,earth_science,85,74.36917877197266,2.2147293090820312,5.0242919921875,1,1,INCORRECT
e5,earth_science,96,79.0053939819336,2.999725341796875,4.548988342285156,1,1,CORRECT
e5,earth_science,97,76.7209701538086,2.8662261962890625,5.153312683105469,0,1,INCORRECT
e5,earth_science,101,84.40525817871094,13.034530639648438,18.705398559570312,1,1,CORRECT
e5,earth_science,94,75.3531265258789,5.664848327636719,8.028915405273438,0,0,INCORRECT
e5,earth_science,92,71.16085815429688,1.1570053100585938,2.3090057373046875,0,1,INCORRECT
e5,earth_science,102,74.98878479003906,2.8751068115234375,5.169036865234375,0,0,CORRECT
e5,earth_science,100,74.14876556396484,2.8873825073242188,7.002586364746094,0,0,INCORRECT
e5,earth_science,95,76.90596008300781,1.7040863037109375,3.7237548828125,1,1,CORRECT
e5,earth_science,90,75.9140396118164,1.6704635620117188,4.290931701660156,1,1,CORRECT
e5,earth_science,89,73.05330657958984,1.3112716674804688,2.8507614135742188,0,0,INCORRECT
e5,earth_science,91,75.58238983154297,2.8627777099609375,6.010688781738281,1,1,CORRECT
e5,earth_science,103,74.86341857910156,2.4991226196289062,3.8494949340820312,0,0,CORRECT
e5,earth_science,98,80.32806396484375,2.5547637939453125,5.827667236328125,1,1,CORRECT
e5,earth_science,93,75.67448425292969,1.1598892211914062,4.456932067871094,1,1,CORRECT
e5,earth_science,99,81.46934509277344,4.4156646728515625,6.786903381347656,0,0,CORRECT
e5,earth_science,106,71.70865631103516,1.2642364501953125,3.4376754760742188,0,0,INCORRECT
e5,earth_science,110,72.37403106689453,0.9451904296875,2.0869140625,0,0,CORRECT
e5,earth_science,111,74.82373046875,1.091888427734375,2.8749542236328125,0,1,INCORRECT
e5,earth_science,104,74.51457214355469,1.4754791259765625,3.9130630493164062,0,1,CORRECT
e5,earth_science,114,73.22708892822266,3.1844635009765625,5.057373046875,0,1,CORRECT
e5,earth_science,105,70.4547119140625,1.6945648193359375,2.8822174072265625,0,0,CORRECT
e5,earth_science,113,76.21566772460938,1.6246566772460938,5.8499908447265625,1,1,CORRECT
e5,earth_science,112,74.55683135986328,1.1807098388671875,3.5530242919921875,0,0,INCORRECT
e5,earth_science,108,70.96399688720703,0.720367431640625,2.7126846313476562,0,0,INCORRECT
e5,earth_science,107,82.05738830566406,7.28448486328125,9.655044555664062,0,0,INCORRECT
e5,earth_science,115,84.0537109375,2.8572769165039062,6.176567077636719,0,0,CORRECT
e5,earth_science,109,79.60012817382812,3.5296783447265625,6.557533264160156,0,0,CORRECT
e5,economics,0,77.03419494628906,3.793548583984375,5.457489013671875,0,0,CORRECT
e5,economics,1,78.3637466430664,2.1974105834960938,5.303802490234375,0,0,CORRECT
e5,economics,9,72.57533264160156,0.6337127685546875,1.8728713989257812,1,1,CORRECT
e5,economics,3,75.30792999267578,2.4900283813476562,4.640403747558594,0,1,CORRECT
e5,economics,2,75.76864624023438,2.3369522094726562,4.558952331542969,0,0,CORRECT
e5,economics,15,78.88301849365234,0.6784286499023438,2.8458175659179688,0,0,CORRECT
e5,economics,5,75.00273132324219,2.1749801635742188,4.2433929443359375,0,0,INCORRECT
e5,economics,6,75.70372009277344,1.6388397216796875,4.811454772949219,0,0,INCORRECT
e5,economics,8,78.77952575683594,3.8082275390625,5.452903747558594,0,0,CORRECT
e5,economics,7,79.1185531616211,1.5215072631835938,4.438728332519531,0,0,INCORRECT
e5,economics,10,84.72997283935547,5.0040130615234375,8.039810180664062,0,0,INCORRECT
e5,economics,4,77.48605346679688,2.2787551879882812,6.413543701171875,0,0,CORRECT
e5,economics,14,77.4174575805664,2.44317626953125,6.0266876220703125,0,0,CORRECT
e5,economics,13,74.65342712402344,1.0856857299804688,3.9843826293945312,0,0,INCORRECT
e5,economics,12,77.49961853027344,2.0587997436523438,4.398384094238281,1,1,CORRECT
e5,economics,11,76.6249771118164,1.917388916015625,5.029609680175781,0,0,CORRECT
e5,economics,16,77.96286010742188,1.7527618408203125,4.923667907714844,0,0,CORRECT
e5,economics,18,79.88069915771484,2.5909805297851562,4.80792236328125,1,1,CORRECT
e5,economics,17,84.2229995727539,1.8654708862304688,5.5442352294921875,1,1,CORRECT
e5,economics,20,76.14549255371094,0.9840621948242188,3.102508544921875,0,0,INCORRECT
e5,economics,19,81.52014923095703,2.4573745727539062,4.121429443359375,0,0,CORRECT
e5,economics,21,77.50463104248047,1.5838851928710938,4.063438415527344,0,0,CORRECT
e5,economics,26,79.7420883178711,1.0383682250976562,4.398780822753906,1,1,CORRECT
e5,economics,24,77.59078979492188,2.412109375,4.443359375,0,0,CORRECT
e5,economics,25,83.82051086425781,4.9638671875,9.680030822753906,1,1,CORRECT
e5,economics,23,79.11717224121094,1.296722412109375,2.4432754516601562,1,1,CORRECT
e5,economics,22,83.06685638427734,4.683601379394531,8.1610107421875,0,1,INCORRECT
e5,economics,27,83.33708953857422,1.0781707763671875,5.623649597167969,0,1,CORRECT
e5,economics,33,79.89774322509766,1.6991043090820312,5.59283447265625,1,1,CORRECT
e5,economics,28,77.81991577148438,1.7234878540039062,3.606170654296875,1,1,CORRECT
e5,economics,29,80.28385925292969,1.5270538330078125,5.8541412353515625,1,1,CORRECT
e5,economics,31,81.74359130859375,2.3625259399414062,4.7460479736328125,0,0,INCORRECT
e5,economics,30,74.61544799804688,1.02349853515625,3.77532958984375,0,0,INCORRECT
e5,economics,36,75.44270324707031,4.6207733154296875,5.8555450439453125,0,0,CORRECT
e5,economics,34,76.89632415771484,2.2289886474609375,4.0466766357421875,1,1,CORRECT
e5,economics,32,75.45891571044922,2.160308837890625,4.215888977050781,1,1,INCORRECT
e5,economics,41,78.532470703125,0.8997344970703125,2.966888427734375,0,1,CORRECT
e5,economics,35,76.58679962158203,0.9459152221679688,2.3073806762695312,0,0,CORRECT
e5,economics,37,88.94005584716797,1.1834869384765625,6.571983337402344,0,0,INCORRECT
e5,economics,43,73.03253173828125,0.9005966186523438,3.50604248046875,0,0,INCORRECT
e5,economics,38,79.4249267578125,4.650260925292969,7.726524353027344,1,1,CORRECT
e5,economics,40,76.68073272705078,0.2351226806640625,2.683319091796875,0,0,CORRECT
e5,economics,42,82.12628173828125,2.5804977416992188,6.884651184082031,0,1,INCORRECT
e5,economics,39,77.69174194335938,1.202484130859375,2.690521240234375,0,0,CORRECT
e5,economics,44,76.3330078125,1.8698577880859375,3.4423065185546875,0,0,INCORRECT
e5,economics,45,83.45751953125,3.5280532836914062,7.512779235839844,0,0,INCORRECT
e5,economics,48,81.1149673461914,1.3177566528320312,3.9610748291015625,0,0,INCORRECT
e5,economics,54,77.63330078125,0.0,3.9684600830078125,0,0,INCORRECT
e5,economics,46,75.75214385986328,4.058692932128906,6.42822265625,1,1,CORRECT
e5,economics,47,80.48702239990234,1.5931243896484375,4.3797454833984375,0,0,INCORRECT
e5,economics,50,76.74989318847656,1.0943984985351562,3.0030136108398438,0,0,INCORRECT
e5,economics,49,80.30867767333984,2.3403167724609375,5.316650390625,1,1,CORRECT
e5,economics,53,79.64253997802734,1.8748245239257812,4.5888214111328125,0,0,CORRECT
e5,economics,55,74.62207794189453,1.7978286743164062,3.3978729248046875,1,1,CORRECT
e5,economics,52,81.14604949951172,3.676422119140625,7.037757873535156,1,1,CORRECT
e5,economics,56,75.75325012207031,1.833953857421875,5.0226593017578125,1,1,CORRECT
e5,economics,58,80.67601776123047,2.02545166015625,3.7543792724609375,0,0,CORRECT
e5,economics,57,77.49491882324219,1.5806503295898438,3.7671890258789062,0,0,CORRECT
e5,economics,59,77.2274169921875,1.1012802124023438,3.1336212158203125,0,1,CORRECT
e5,economics,60,80.01119232177734,1.926055908203125,4.6852264404296875,0,1,CORRECT
e5,economics,62,78.5505142211914,1.4664764404296875,3.4439697265625,0,1,CORRECT
e5,economics,65,75.5224838256836,1.188079833984375,2.40771484375,0,1,INCORRECT
e5,economics,66,84.1357421875,4.016654968261719,6.354736328125,0,1,INCORRECT
e5,economics,61,80.35443115234375,6.921356201171875,10.450973510742188,0,0,CORRECT
e5,economics,64,78.2587890625,3.501953125,5.500274658203125,0,0,INCORRECT
e5,economics,63,80.20396423339844,2.0582046508789062,5.805084228515625,0,0,INCORRECT
e5,economics,67,83.72335815429688,1.15234375,4.179901123046875,0,0,CORRECT
e5,economics,68,80.09291076660156,1.440460205078125,3.862518310546875,0,0,CORRECT
e5,economics,69,80.02275085449219,3.9330978393554688,8.418388366699219,0,1,CORRECT
e5,economics,70,83.24420166015625,9.702339172363281,13.549308776855469,0,1,CORRECT
e5,economics,73,77.44924926757812,1.9526519775390625,3.687469482421875,1,1,CORRECT
e5,economics,71,78.88964080810547,5.593605041503906,7.697975158691406,0,0,CORRECT
e5,economics,74,78.73648834228516,1.0306015014648438,2.738433837890625,0,1,CORRECT
e5,economics,72,79.43507385253906,1.6745834350585938,3.5500869750976562,0,1,CORRECT
e5,economics,75,77.14559173583984,0.8183364868164062,3.00921630859375,1,1,CORRECT
e5,economics,76,81.9468994140625,5.562477111816406,10.20458984375,0,0,INCORRECT
e5,economics,87,77.51847839355469,1.0840072631835938,5.244987487792969,0,0,INCORRECT
e5,economics,77,75.33123779296875,1.3789291381835938,2.5440292358398438,0,0,INCORRECT
e5,economics,80,84.46125030517578,1.5129241943359375,4.484016418457031,0,0,CORRECT
e5,economics,78,75.86943817138672,3.4087753295898438,5.671073913574219,0,0,CORRECT
e5,economics,79,78.17676544189453,1.114013671875,3.7620468139648438,1,1,CORRECT
e5,economics,82,77.5938491821289,2.5862274169921875,4.66009521484375,0,0,CORRECT
e5,economics,83,78.07962036132812,1.6326980590820312,3.0829086303710938,1,1,CORRECT
e5,economics,88,79.51285552978516,5.323760986328125,8.862007141113281,0,1,INCORRECT
e5,economics,86,81.3144302368164,5.2186431884765625,8.615333557128906,0,0,INCORRECT
e5,economics,84,87.10447692871094,12.318572998046875,14.019767761230469,0,1,CORRECT
e5,economics,81,80.81938934326172,2.773468017578125,5.6290130615234375,0,0,CORRECT
e5,economics,85,77.90937042236328,2.0521621704101562,7.736686706542969,1,1,CORRECT
e5,economics,90,76.08663177490234,2.1124801635742188,4.3183746337890625,0,0,CORRECT
e5,economics,96,75.8439712524414,4.1320648193359375,6.127464294433594,1,1,CORRECT
e5,economics,89,78.4924545288086,1.2545852661132812,4.20684814453125,1,1,CORRECT
e5,economics,92,74.16525268554688,2.979339599609375,4.4609222412109375,1,1,CORRECT
e5,economics,91,78.56898498535156,1.4715957641601562,5.605934143066406,0,0,INCORRECT
e5,economics,93,78.67732238769531,2.5493316650390625,5.9332427978515625,1,1,CORRECT
e5,economics,95,77.6667709350586,1.2877960205078125,3.606964111328125,1,1,CORRECT
e5,economics,94,75.26078033447266,3.0650482177734375,5.555351257324219,0,0,CORRECT
e5,economics,102,79.55154418945312,1.9804916381835938,7.334503173828125,0,0,INCORRECT
e5,economics,97,82.37203216552734,1.1014328002929688,3.8711776733398438,0,1,CORRECT
e5,economics,101,79.62501525878906,1.9568099975585938,4.593009948730469,0,0,INCORRECT
e5,economics,100,76.16264343261719,1.3047561645507812,3.368560791015625,0,0,CORRECT
e5,economics,98,82.6114501953125,4.111259460449219,5.834358215332031,0,1,CORRECT
e5,leetcode,0,90.6307601928711,15.006851196289062,18.494247436523438,1,1,CORRECT
e5,economics,99,79.02214050292969,1.9141616821289062,3.7109298706054688,0,0,CORRECT
e5,leetcode,1,92.42142486572266,13.762908935546875,18.344337463378906,1,1,CORRECT
e5,leetcode,2,93.49126434326172,13.531661987304688,17.310882568359375,1,1,CORRECT
e5,leetcode,3,86.94459533691406,6.793365478515625,10.495735168457031,1,1,CORRECT
e5,leetcode,8,81.73329162597656,2.0161972045898438,4.8177642822265625,1,1,CORRECT
e5,leetcode,7,90.01322937011719,10.123832702636719,14.326286315917969,0,1,INCORRECT
e5,leetcode,6,93.35333251953125,12.085517883300781,15.904388427734375,1,1,CORRECT
e5,leetcode,9,93.39787292480469,19.77924346923828,21.075515747070312,1,1,CORRECT
e5,leetcode,4,81.81080627441406,2.2298507690429688,4.989112854003906,1,1,INCORRECT
e5,leetcode,5,91.2012710571289,12.862724304199219,14.177383422851562,1,1,CORRECT
e5,leetcode,10,77.53673553466797,1.841949462890625,3.9789810180664062,1,1,CORRECT
e5,leetcode,11,88.04532623291016,3.7670059204101562,11.594795227050781,0,0,CORRECT
e5,leetcode,12,80.37440490722656,2.8028717041015625,3.8800201416015625,0,0,INCORRECT
e5,leetcode,14,83.77960968017578,7.4694671630859375,9.936180114746094,1,1,CORRECT
e5,leetcode,13,83.85555267333984,2.1936874389648438,4.469306945800781,0,0,CORRECT
e5,leetcode,15,84.60578155517578,3.2963714599609375,6.783821105957031,0,0,CORRECT
e5,leetcode,16,80.23423767089844,1.3592529296875,4.62396240234375,0,1,CORRECT
e5,leetcode,18,89.27780151367188,8.623153686523438,10.190338134765625,1,1,CORRECT
e5,leetcode,17,85.53203582763672,7.34326171875,9.538787841796875,1,1,CORRECT
e5,leetcode,22,88.28736877441406,6.2457275390625,8.81060791015625,1,1,INCORRECT
e5,leetcode,19,79.03730010986328,2.3855361938476562,3.5334701538085938,0,0,INCORRECT
e5,leetcode,20,90.79863739013672,12.698638916015625,14.848655700683594,0,0,CORRECT
e5,leetcode,21,86.80450439453125,9.02520751953125,11.501907348632812,1,1,CORRECT
e5,leetcode,23,81.40470886230469,1.8169784545898438,3.4769210815429688,0,0,CORRECT
e5,leetcode,25,85.58045959472656,4.452430725097656,7.401283264160156,0,1,CORRECT
e5,leetcode,28,78.6707763671875,1.6265716552734375,3.1029434204101562,0,0,INCORRECT
e5,leetcode,27,84.32426452636719,3.5291290283203125,6.915138244628906,1,1,CORRECT
e5,leetcode,26,86.19236755371094,5.587921142578125,9.298042297363281,0,1,INCORRECT
e5,leetcode,24,89.77426147460938,3.2049942016601562,9.489204406738281,1,1,CORRECT
e5,leetcode,29,84.02108001708984,3.44622802734375,7.2288665771484375,1,1,CORRECT
e5,leetcode,30,85.91299438476562,4.573631286621094,6.9111175537109375,1,1,CORRECT
e5,leetcode,31,86.77120971679688,8.847328186035156,10.446907043457031,1,1,INCORRECT
e5,leetcode,33,89.55374145507812,7.79449462890625,11.201454162597656,1,1,CORRECT
e5,leetcode,32,82.58916473388672,1.9932403564453125,3.7641067504882812,0,0,CORRECT
e5,leetcode,37,89.01702117919922,3.4797744750976562,6.706031799316406,1,1,CORRECT
e5,leetcode,35,80.93683624267578,1.0199737548828125,2.9901199340820312,0,0,CORRECT
e5,leetcode,36,76.54975891113281,1.306365966796875,3.0063629150390625,0,1,CORRECT
e5,leetcode,34,85.94383239746094,4.7593536376953125,7.5015716552734375,1,1,CORRECT
e5,leetcode,38,87.16720581054688,8.492141723632812,10.955894470214844,0,0,CORRECT
e5,leetcode,39,84.0985107421875,3.8439865112304688,6.090118408203125,0,0,CORRECT
e5,leetcode,40,88.53002166748047,8.60662841796875,11.371665954589844,1,1,CORRECT
e5,leetcode,41,83.92414093017578,1.160675048828125,4.501213073730469,0,1,CORRECT
e5,leetcode,42,87.03489685058594,5.271018981933594,7.8213043212890625,1,1,CORRECT
e5,leetcode,46,86.21186065673828,5.2165679931640625,8.200263977050781,1,1,CORRECT
e5,leetcode,43,91.92875671386719,9.592620849609375,14.589134216308594,1,1,INCORRECT
e5,leetcode,48,87.59884643554688,7.184715270996094,10.927711486816406,1,1,INCORRECT
e5,leetcode,45,88.41981506347656,5.670661926269531,7.505958557128906,0,0,CORRECT
e5,leetcode,44,83.15339660644531,6.801063537597656,8.554374694824219,0,1,CORRECT
e5,leetcode,47,82.39961242675781,2.54608154296875,4.417243957519531,0,0,CORRECT
e5,leetcode,49,88.62310028076172,6.56689453125,9.591384887695312,0,1,INCORRECT
e5,leetcode,50,89.57734680175781,6.3254241943359375,11.282455444335938,1,1,INCORRECT
e5,leetcode,51,87.33480834960938,8.596878051757812,11.194282531738281,0,0,INCORRECT
e5,leetcode,52,85.53797149658203,5.480857849121094,8.597007751464844,0,0,INCORRECT
e5,leetcode,53,89.00790405273438,3.839447021484375,7.3009033203125,1,1,INCORRECT
e5,leetcode,58,88.90836334228516,4.971672058105469,10.719268798828125,1,1,CORRECT
e5,leetcode,55,87.92886352539062,4.71923828125,8.138229370117188,0,0,CORRECT
e5,leetcode,56,88.07693481445312,5.203498840332031,9.296798706054688,0,0,CORRECT
e5,leetcode,57,82.75381469726562,2.1602706909179688,3.86944580078125,0,1,INCORRECT
e5,leetcode,54,80.65788269042969,3.1735382080078125,4.902618408203125,1,1,CORRECT
e5,leetcode,59,93.09502410888672,11.006866455078125,15.516578674316406,0,0,CORRECT
e5,leetcode,61,88.93709564208984,4.611274719238281,7.030601501464844,1,1,CORRECT
e5,leetcode,62,92.23015594482422,7.1325531005859375,13.627388000488281,1,1,CORRECT
e5,leetcode,63,91.97936248779297,12.203987121582031,14.980827331542969,0,0,INCORRECT
e5,leetcode,64,79.97237396240234,2.8672714233398438,4.311614990234375,0,1,CORRECT
e5,leetcode,65,85.65037536621094,8.843711853027344,10.913330078125,1,1,CORRECT
e5,leetcode,66,78.65727996826172,0.697113037109375,2.2762680053710938,0,0,CORRECT
e5,leetcode,67,88.450439453125,3.8033828735351562,8.828025817871094,1,1,INCORRECT
e5,leetcode,68,88.12207794189453,7.1417236328125,9.140090942382812,0,0,CORRECT
e5,leetcode,60,91.65836334228516,5.895347595214844,10.566848754882812,0,0,INCORRECT
e5,leetcode,69,81.97540283203125,4.899726867675781,7.284812927246094,1,1,CORRECT
e5,leetcode,70,84.91815948486328,6.637672424316406,9.940452575683594,1,1,CORRECT
e5,leetcode,73,91.38777160644531,8.470901489257812,11.250236511230469,0,0,CORRECT
e5,leetcode,71,84.74220275878906,6.2737274169921875,8.89263916015625,1,1,CORRECT
e5,leetcode,72,86.63642883300781,5.924041748046875,8.014335632324219,0,0,CORRECT
e5,leetcode,75,84.87861633300781,3.702606201171875,5.7803497314453125,0,0,INCORRECT
e5,leetcode,74,80.2143325805664,0.92626953125,2.8737716674804688,0,0,INCORRECT
e5,leetcode,77,92.06472778320312,12.964248657226562,16.36316680908203,0,1,CORRECT
e5,leetcode,76,85.04618072509766,3.8349151611328125,5.916419982910156,0,0,CORRECT
e5,leetcode,83,82.61883544921875,2.0672531127929688,6.319267272949219,1,1,INCORRECT
e5,leetcode,78,86.01560974121094,4.297798156738281,7.858001708984375,0,1,CORRECT
e5,leetcode,79,90.93791198730469,10.588531494140625,13.982627868652344,1,1,CORRECT
e5,leetcode,81,87.19591522216797,6.320030212402344,11.509559631347656,1,1,INCORRECT
e5,leetcode,82,87.56048583984375,3.6497879028320312,6.87127685546875,0,0,INCORRECT
e5,leetcode,80,93.58397674560547,14.41693115234375,17.725982666015625,1,1,CORRECT
e5,leetcode,86,80.2625961303711,1.6413421630859375,3.9334793090820312,0,0,CORRECT
e5,leetcode,85,86.8018798828125,5.0639495849609375,8.539421081542969,1,1,INCORRECT
e5,leetcode,84,77.43731689453125,1.3231353759765625,3.3111953735351562,0,0,CORRECT
e5,leetcode,87,83.38128662109375,5.2183380126953125,7.637504577636719,0,0,CORRECT
e5,leetcode,92,87.41996002197266,4.94976806640625,9.159339904785156,1,1,INCORRECT
e5,leetcode,91,83.92308807373047,1.9361038208007812,5.048957824707031,0,0,CORRECT
e5,leetcode,88,83.98531341552734,1.4918975830078125,5.6555023193359375,0,0,CORRECT
e5,leetcode,89,81.46688079833984,0.829071044921875,3.1583633422851562,1,1,CORRECT
e5,leetcode,90,86.62737274169922,2.4293746948242188,5.125831604003906,0,1,CORRECT
e5,leetcode,95,92.27812957763672,11.924652099609375,15.072715759277344,1,1,CORRECT
e5,leetcode,97,84.70604705810547,3.0291061401367188,5.4853973388671875,0,0,INCORRECT
e5,leetcode,94,82.55911254882812,1.62823486328125,4.87628173828125,0,0,CORRECT
e5,leetcode,96,85.30789184570312,3.6594085693359375,6.361297607421875,1,1,INCORRECT
e5,leetcode,98,88.30661010742188,4.93695068359375,9.692481994628906,1,1,CORRECT
e5,leetcode,93,79.15895080566406,4.379402160644531,5.830207824707031,0,0,CORRECT
e5,leetcode,103,91.76790618896484,10.806297302246094,15.093650817871094,1,1,INCORRECT
e5,leetcode,101,86.96247863769531,10.197494506835938,11.675453186035156,0,0,INCORRECT
e5,leetcode,102,87.28682708740234,8.771278381347656,11.197555541992188,0,0,CORRECT
e5,leetcode,99,88.72493743896484,10.90447998046875,12.97418212890625,1,1,CORRECT
e5,leetcode,100,81.00813293457031,4.118766784667969,5.980690002441406,1,1,CORRECT
e5,leetcode,104,83.70368194580078,1.3907318115234375,4.4180908203125,0,0,INCORRECT
e5,leetcode,105,89.9792251586914,13.937225341796875,15.925628662109375,0,0,CORRECT
e5,leetcode,107,88.59325408935547,6.0446929931640625,8.599250793457031,0,0,INCORRECT
e5,leetcode,106,84.83552551269531,8.579849243164062,10.067192077636719,0,0,CORRECT
e5,leetcode,109,80.6193618774414,0.668609619140625,2.170654296875,0,0,INCORRECT
e5,leetcode,110,88.63605499267578,9.008140563964844,10.769287109375,0,1,INCORRECT
e5,leetcode,111,86.02578735351562,5.1834259033203125,8.825103759765625,0,0,INCORRECT
e5,leetcode,108,87.66984558105469,7.8394775390625,9.668411254882812,0,1,INCORRECT
e5,leetcode,112,84.65892028808594,3.1317977905273438,8.699783325195312,0,0,INCORRECT
e5,leetcode,113,81.92474365234375,1.8822097778320312,5.0952606201171875,0,0,CORRECT
e5,leetcode,119,78.94202423095703,1.4210662841796875,2.8575057983398438,0,0,CORRECT
e5,leetcode,118,83.5276870727539,3.9328994750976562,9.295463562011719,0,0,CORRECT
e5,leetcode,114,83.33580017089844,1.3111572265625,3.9017181396484375,0,0,CORRECT
e5,leetcode,117,86.80677795410156,2.7973480224609375,6.6552886962890625,1,1,CORRECT
e5,leetcode,116,88.05535888671875,8.825332641601562,11.013168334960938,1,1,CORRECT
e5,leetcode,121,79.2529525756836,1.9103469848632812,3.6150665283203125,0,1,CORRECT
e5,leetcode,120,89.65187072753906,11.233261108398438,14.097976684570312,0,0,INCORRECT
e5,leetcode,115,84.99896240234375,1.1679306030273438,3.8182601928710938,0,1,INCORRECT
e5,leetcode,122,80.12533569335938,1.6873779296875,3.21600341796875,1,1,CORRECT
e5,leetcode,125,86.49491119384766,3.9369735717773438,7.10003662109375,1,1,INCORRECT
e5,leetcode,126,86.97601318359375,3.9494552612304688,7.5149993896484375,1,1,CORRECT
e5,leetcode,123,90.75435638427734,6.353614807128906,9.721885681152344,1,1,CORRECT
e5,leetcode,124,83.67919921875,5.8902740478515625,8.406745910644531,0,0,CORRECT
e5,leetcode,127,80.04273223876953,1.6729965209960938,5.239418029785156,0,0,CORRECT
e5,leetcode,128,85.75626373291016,3.1551666259765625,6.425422668457031,0,1,CORRECT
e5,leetcode,133,84.50758361816406,2.963958740234375,4.694831848144531,0,0,INCORRECT
e5,leetcode,129,77.88227844238281,0.8243484497070312,2.4055023193359375,1,1,CORRECT
e5,leetcode,134,79.97303009033203,1.3404693603515625,3.8690032958984375,0,0,CORRECT
e5,leetcode,131,83.32073211669922,4.454017639160156,6.6946563720703125,0,0,CORRECT
e5,leetcode,132,87.38726043701172,6.10101318359375,9.334457397460938,1,1,INCORRECT
e5,leetcode,136,79.01097869873047,2.5796890258789062,4.155731201171875,0,0,CORRECT
e5,leetcode,130,80.3292465209961,4.334228515625,7.137397766113281,1,1,CORRECT
e5,leetcode,135,86.18712615966797,2.4271926879882812,5.652618408203125,0,1,CORRECT
e5,pony,1,81.62559509277344,1.9965057373046875,3.1283111572265625,0,1,CORRECT
e5,leetcode,137,82.77450561523438,1.9623947143554688,4.326934814453125,0,0,INCORRECT
e5,pony,0,84.85282135009766,2.9090652465820312,5.194976806640625,1,1,INCORRECT
e5,leetcode,138,80.6734848022461,1.1423263549804688,2.749908447265625,0,0,INCORRECT
e5,leetcode,139,83.2874984741211,2.445648193359375,4.129936218261719,0,0,INCORRECT
e5,leetcode,140,82.60845947265625,1.707275390625,3.383514404296875,0,0,CORRECT
e5,leetcode,141,80.00066375732422,1.2506484985351562,3.120849609375,0,0,CORRECT
e5,economics,51,82.431884765625,4.6562347412109375,7.9874114990234375,0,0,INCORRECT
e5,pony,5,80.99958801269531,0.9182662963867188,2.401763916015625,0,1,INCORRECT
e5,pony,8,81.76136016845703,1.6433639526367188,2.78900146484375,0,1,CORRECT
e5,pony,6,81.35857391357422,1.1656265258789062,2.7226791381835938,0,0,INCORRECT
e5,pony,2,83.17350769042969,1.3053054809570312,3.0434646606445312,0,1,INCORRECT
e5,pony,3,82.535400390625,2.0466079711914062,3.9903945922851562,0,1,INCORRECT
e5,pony,4,81.25756072998047,1.7832107543945312,2.9646072387695312,1,1,CORRECT
e5,pony,7,82.85308837890625,0.4909820556640625,2.2102127075195312,1,1,INCORRECT
e5,pony,14,81.24921417236328,0.9833602905273438,2.4893798828125,0,1,INCORRECT
e5,pony,13,81.4692611694336,0.3501434326171875,2.3403701782226562,1,1,CORRECT
e5,pony,12,81.53421020507812,1.4322967529296875,2.9368057250976562,0,0,CORRECT
e5,pony,10,81.45008850097656,0.5217971801757812,2.5508804321289062,0,1,CORRECT
e5,pony,11,82.60771179199219,1.3632125854492188,2.9576797485351562,0,1,CORRECT
e5,pony,16,82.39984130859375,1.590972900390625,2.956787109375,0,1,INCORRECT
e5,pony,15,79.5628662109375,0.5876388549804688,2.3818130493164062,0,0,INCORRECT
e5,pony,26,80.70597839355469,0.7593994140625,2.50567626953125,1,1,CORRECT
e5,pony,17,82.1972427368164,0.7252578735351562,2.28997802734375,0,1,CORRECT
e5,pony,9,82.26343536376953,1.3958511352539062,2.9473342895507812,0,1,CORRECT
e5,pony,19,82.77287292480469,0.399139404296875,2.4637298583984375,0,0,CORRECT
e5,pony,18,81.5100326538086,1.0069427490234375,2.3423538208007812,0,1,INCORRECT
e5,pony,22,81.75313568115234,1.0444717407226562,2.5384445190429688,0,1,CORRECT
e5,pony,20,81.69012451171875,0.86529541015625,2.6516952514648438,1,1,CORRECT
e5,pony,24,85.00688171386719,3.9760360717773438,5.44342041015625,0,1,INCORRECT
e5,pony,23,82.41604614257812,1.3732376098632812,3.0034713745117188,0,0,CORRECT
e5,pony,21,82.33124542236328,1.7101974487304688,3.2860107421875,0,1,INCORRECT
e5,pony,27,82.12630462646484,0.8498992919921875,2.700531005859375,0,1,INCORRECT
e5,pony,25,84.10806274414062,1.8257369995117188,3.3701324462890625,0,1,INCORRECT
e5,pony,28,81.39398956298828,0.7720489501953125,2.6028518676757812,0,1,INCORRECT
e5,pony,30,82.51327514648438,0.9680328369140625,2.4741058349609375,0,1,CORRECT
e5,pony,29,82.3841781616211,1.08538818359375,2.6142120361328125,0,0,CORRECT
e5,pony,31,81.0703125,0.8149185180664062,2.096038818359375,0,0,INCORRECT
e5,pony,35,84.11968994140625,2.1005325317382812,3.3574676513671875,0,1,CORRECT
e5,pony,34,81.73971557617188,1.0155105590820312,2.5632858276367188,0,0,CORRECT
e5,pony,32,82.54635620117188,0.8946151733398438,2.970855712890625,0,1,CORRECT
e5,pony,33,81.82931518554688,2.050994873046875,3.6404190063476562,1,1,INCORRECT
e5,pony,42,82.7563247680664,1.7108612060546875,3.2145004272460938,0,1,CORRECT
e5,pony,38,82.55390167236328,0.9705886840820312,3.0862503051757812,1,1,CORRECT
e5,pony,37,84.61983489990234,4.252799987792969,5.6859130859375,0,1,CORRECT
e5,pony,36,80.4704818725586,1.0507888793945312,2.60003662109375,0,1,CORRECT
e5,pony,39,83.56525421142578,1.365814208984375,4.1606597900390625,0,1,INCORRECT
e5,pony,41,82.7909164428711,1.0850601196289062,2.8303680419921875,0,1,INCORRECT
e5,pony,40,81.93767547607422,1.384429931640625,2.8863449096679688,0,1,CORRECT
e5,pony,43,82.3517074584961,0.5715484619140625,2.4147186279296875,0,1,CORRECT
e5,pony,44,84.12220001220703,1.51336669921875,3.4596023559570312,0,0,CORRECT
e5,pony,45,82.60932159423828,0.8765182495117188,2.7420120239257812,1,1,CORRECT
e5,pony,48,86.12208557128906,1.5706787109375,4.223564147949219,1,1,CORRECT
e5,pony,46,82.60448455810547,1.8752593994140625,3.0326309204101562,0,1,CORRECT
e5,pony,49,82.52898406982422,1.1894073486328125,3.226654052734375,0,1,CORRECT
e5,pony,47,80.29241943359375,0.849212646484375,2.2567214965820312,0,0,INCORRECT
e5,pony,50,82.67796325683594,0.9065475463867188,2.5808258056640625,0,1,CORRECT
e5,pony,51,82.51605987548828,1.2345504760742188,3.5360641479492188,1,1,CORRECT
e5,pony,52,81.38654327392578,0.6340484619140625,2.65863037109375,0,1,CORRECT
e5,pony,53,81.89218139648438,0.9313583374023438,2.6768417358398438,0,1,INCORRECT
e5,pony,54,82.36259460449219,1.1650314331054688,2.8041305541992188,1,1,CORRECT
e5,pony,56,80.89159393310547,0.7866134643554688,2.4365692138671875,0,1,CORRECT
e5,pony,57,83.18006896972656,2.02178955078125,3.8835830688476562,0,1,INCORRECT
e5,pony,58,82.29218292236328,1.34783935546875,3.18011474609375,0,1,CORRECT
e5,pony,55,82.4027099609375,1.2208251953125,2.8813018798828125,0,1,CORRECT
e5,pony,60,81.9461441040039,1.9063644409179688,3.414703369140625,1,1,CORRECT
e5,pony,61,81.52328491210938,0.6600265502929688,2.6035614013671875,1,1,CORRECT
e5,pony,59,82.07804107666016,0.7832870483398438,2.1709213256835938,0,0,CORRECT
e5,pony,63,82.1397705078125,2.468414306640625,3.936126708984375,0,1,INCORRECT
e5,pony,65,84.30874633789062,3.595001220703125,4.735176086425781,1,1,INCORRECT
e5,pony,62,82.23587036132812,1.3625640869140625,3.3764190673828125,1,1,CORRECT
e5,pony,67,81.5450668334961,0.6481552124023438,2.0464935302734375,0,1,INCORRECT
e5,pony,66,81.31112670898438,0.5333175659179688,2.2806320190429688,0,0,CORRECT
e5,pony,69,84.91006469726562,2.31585693359375,3.4886093139648438,1,1,CORRECT
e5,pony,68,81.26499938964844,1.0587310791015625,2.7236404418945312,0,0,CORRECT
e5,pony,72,81.43032836914062,0.6649017333984375,2.4197921752929688,0,1,INCORRECT
e5,pony,71,80.37325286865234,0.5087051391601562,2.2912445068359375,0,1,INCORRECT
e5,pony,73,82.36722564697266,0.8991622924804688,2.7708511352539062,0,0,CORRECT
e5,pony,76,81.35810089111328,0.38239288330078125,1.9967193603515625,0,1,CORRECT
e5,pony,70,81.90235137939453,1.5376739501953125,3.4299774169921875,1,1,CORRECT
e5,pony,74,82.82614135742188,2.383544921875,4.43634033203125,0,1,INCORRECT
e5,pony,75,82.00341796875,0.9859085083007812,2.7841873168945312,0,1,INCORRECT
e5,pony,77,80.92733764648438,0.7714309692382812,2.3302536010742188,0,0,CORRECT
e5,pony,78,82.45459747314453,1.0124588012695312,2.3590621948242188,0,1,INCORRECT
e5,pony,82,82.67107391357422,0.9520263671875,2.8780288696289062,0,1,CORRECT
e5,pony,79,82.97832489013672,1.0278244018554688,2.401519775390625,0,1,INCORRECT
e5,pony,80,83.4033203125,1.5613327026367188,3.603759765625,0,1,INCORRECT
e5,pony,84,82.42339324951172,0.7874603271484375,2.4258346557617188,0,1,INCORRECT
e5,pony,81,82.44573974609375,0.8699111938476562,2.59033203125,0,1,CORRECT
e5,pony,83,82.67082214355469,1.3232803344726562,2.8515548706054688,0,0,CORRECT
e5,pony,87,82.71880340576172,1.5622482299804688,2.880462646484375,0,0,INCORRECT
e5,pony,88,80.97998809814453,0.30391693115234375,2.0478668212890625,0,1,CORRECT
e5,pony,85,81.47437286376953,0.5286178588867188,2.4244155883789062,0,1,CORRECT
e5,pony,89,82.62041473388672,1.3208770751953125,2.8956451416015625,0,1,INCORRECT
e5,pony,86,82.71627807617188,1.4058609008789062,2.9592666625976562,0,1,CORRECT
e5,pony,90,83.01612091064453,2.8466110229492188,4.309333801269531,0,1,CORRECT
e5,pony,91,84.85382843017578,3.3342742919921875,5.629936218261719,0,0,CORRECT
e5,pony,92,84.53296661376953,1.84710693359375,3.7404098510742188,1,1,CORRECT
e5,pony,93,82.66881561279297,1.09686279296875,3.1335220336914062,0,1,INCORRECT
e5,pony,97,82.94351196289062,1.2614898681640625,2.6612167358398438,0,1,CORRECT
e5,pony,94,82.69727325439453,1.3838424682617188,2.9867095947265625,0,1,CORRECT
e5,pony,95,81.31715393066406,1.0059127807617188,2.6744384765625,0,1,CORRECT
e5,pony,98,83.27883911132812,0.53387451171875,2.3527679443359375,0,1,CORRECT
e5,pony,99,81.15311431884766,0.910736083984375,2.39471435546875,0,0,INCORRECT
e5,pony,105,82.75332641601562,1.4187164306640625,2.7750778198242188,0,1,CORRECT
e5,pony,96,83.33528900146484,2.450042724609375,3.9165573120117188,0,1,CORRECT
e5,pony,102,79.37590026855469,1.1512603759765625,2.7149581909179688,1,1,CORRECT
e5,pony,100,82.5682144165039,0.8785247802734375,2.6191940307617188,0,1,CORRECT
e5,pony,64,81.85352325439453,0.617218017578125,2.0421371459960938,1,1,INCORRECT
e5,pony,101,81.21929168701172,1.3628311157226562,2.7410125732421875,0,1,CORRECT
e5,pony,103,81.07254791259766,0.7451171875,2.7539901733398438,1,1,CORRECT
e5,pony,104,82.0782241821289,1.5997238159179688,3.3132247924804688,0,1,CORRECT
e5,pony,106,81.63788604736328,1.5840682983398438,2.87890625,1,1,INCORRECT
e5,pony,107,81.59595489501953,0.9874954223632812,2.6081390380859375,0,1,CORRECT
e5,pony,108,80.05966186523438,0.94207763671875,2.4522857666015625,0,0,CORRECT
e5,psychology,9,74.84075164794922,1.8456649780273438,4.954353332519531,1,1,CORRECT
e5,pony,111,80.63870239257812,0.6582565307617188,2.2215347290039062,0,1,CORRECT
e5,pony,109,83.05329895019531,1.5158462524414062,2.8988113403320312,0,0,INCORRECT
e5,pony,110,82.67643737792969,1.0405426025390625,2.9168548583984375,0,0,CORRECT
e5,psychology,1,78.8169174194336,3.475799560546875,5.7769775390625,1,1,INCORRECT
e5,psychology,0,74.42170715332031,0.616241455078125,3.5447006225585938,0,0,INCORRECT
e5,psychology,2,82.75068664550781,1.1270523071289062,4.2876129150390625,0,1,CORRECT
e5,psychology,11,74.52096557617188,1.3273162841796875,3.3164215087890625,0,0,INCORRECT
e5,psychology,7,75.37560272216797,2.3644485473632812,4.3915557861328125,0,0,CORRECT
e5,psychology,3,76.06046295166016,1.9073867797851562,4.645668029785156,0,0,CORRECT
e5,psychology,8,76.24220275878906,2.3549346923828125,5.7135009765625,0,0,CORRECT
e5,psychology,5,82.70633697509766,2.7560272216796875,9.249122619628906,0,0,CORRECT
e5,psychology,12,74.60188293457031,1.994415283203125,3.4713363647460938,0,1,CORRECT
e5,psychology,10,78.95162200927734,0.429534912109375,3.3842620849609375,0,1,CORRECT
e5,psychology,6,74.96589660644531,1.0997161865234375,2.3629302978515625,0,0,CORRECT
e5,psychology,20,82.14411163330078,7.119384765625,8.994621276855469,0,1,CORRECT
e5,psychology,18,76.79523468017578,1.3656845092773438,4.409889221191406,0,1,CORRECT
e5,psychology,4,75.20072174072266,1.822601318359375,3.3342819213867188,0,1,INCORRECT
e5,psychology,16,79.21139526367188,4.3297576904296875,7.743812561035156,0,0,CORRECT
e5,psychology,17,75.07164764404297,1.4673385620117188,3.3077468872070312,0,1,CORRECT
e5,psychology,13,79.84960174560547,2.3641510009765625,4.800025939941406,0,0,INCORRECT
e5,psychology,15,73.60470581054688,1.7444915771484375,3.4075698852539062,0,0,CORRECT
e5,psychology,14,78.2175064086914,1.8926315307617188,4.46038818359375,0,0,CORRECT
e5,psychology,19,82.84986114501953,1.6167678833007812,12.377731323242188,1,1,CORRECT
e5,psychology,21,79.11515045166016,3.4432296752929688,5.80828857421875,0,0,INCORRECT
e5,psychology,29,77.96192169189453,1.9341888427734375,3.9200820922851562,0,0,INCORRECT
e5,psychology,23,80.1180191040039,4.043525695800781,6.7728118896484375,0,0,CORRECT
e5,psychology,24,75.11162567138672,1.8979949951171875,4.0579986572265625,0,0,CORRECT
e5,psychology,22,86.05606842041016,4.622703552246094,8.85723876953125,0,0,CORRECT
e5,psychology,26,83.167724609375,4.517829895019531,12.169486999511719,0,1,CORRECT
e5,psychology,33,75.61386108398438,1.29742431640625,3.4825210571289062,0,1,CORRECT
e5,psychology,25,74.97565460205078,1.4700469970703125,3.8302536010742188,0,1,CORRECT
e5,psychology,31,75.67434692382812,1.4393081665039062,5.406547546386719,1,1,CORRECT
e5,psychology,28,77.28360748291016,1.3659591674804688,4.0978546142578125,1,1,CORRECT
e5,psychology,27,76.11077880859375,0.9397735595703125,3.7422409057617188,0,1,INCORRECT
e5,psychology,30,82.85879516601562,3.7153778076171875,8.057579040527344,1,1,CORRECT
e5,psychology,32,75.48770141601562,2.3520965576171875,3.7368316650390625,0,0,CORRECT
e5,psychology,34,79.04679107666016,0.6811904907226562,4.4530181884765625,0,0,CORRECT
e5,psychology,35,76.36976623535156,3.7038040161132812,6.848686218261719,1,1,CORRECT
e5,psychology,44,78.437255859375,1.7661209106445312,3.4723129272460938,1,1,CORRECT
e5,psychology,39,74.89067840576172,1.8334579467773438,3.3628005981445312,0,0,INCORRECT
e5,psychology,38,78.20529174804688,2.7318878173828125,5.8129730224609375,0,1,CORRECT
e5,psychology,36,71.69377899169922,1.278350830078125,3.1227493286132812,0,0,CORRECT
e5,psychology,43,81.07762908935547,5.736480712890625,7.48419189453125,0,1,CORRECT
e5,psychology,37,79.55701446533203,1.9924850463867188,4.32159423828125,1,1,CORRECT
e5,psychology,40,83.3885269165039,4.758659362792969,6.505882263183594,0,0,CORRECT
e5,psychology,42,82.83889770507812,2.7132110595703125,5.1984710693359375,0,0,CORRECT
e5,psychology,41,76.73344421386719,3.073150634765625,4.590339660644531,0,0,CORRECT
e5,psychology,51,73.1304931640625,1.278961181640625,3.8664169311523438,0,0,INCORRECT
e5,psychology,45,81.34306335449219,3.2433929443359375,5.415565490722656,0,0,CORRECT
e5,psychology,46,82.72447967529297,5.57275390625,7.744911193847656,1,1,CORRECT
e5,psychology,47,75.20085906982422,2.114898681640625,4.750846862792969,1,1,CORRECT
e5,psychology,48,75.44693756103516,2.4659881591796875,4.185859680175781,0,0,CORRECT
e5,psychology,50,75.48138427734375,1.2102737426757812,3.0188827514648438,0,1,CORRECT
e5,psychology,53,79.18533325195312,6.272148132324219,8.623985290527344,0,1,CORRECT
e5,psychology,49,77.43745422363281,0.6974105834960938,2.9587173461914062,0,0,INCORRECT
e5,psychology,52,78.6834716796875,3.183197021484375,5.10595703125,0,1,INCORRECT
e5,psychology,58,79.802490234375,1.1135711669921875,3.6151275634765625,0,0,CORRECT
e5,psychology,55,76.4988021850586,1.56927490234375,3.8930282592773438,0,0,CORRECT
e5,psychology,56,72.45643615722656,1.6368560791015625,2.6141510009765625,0,1,CORRECT
e5,psychology,54,77.07147979736328,0.9454421997070312,3.7091064453125,0,0,CORRECT
e5,psychology,65,78.88471221923828,4.796028137207031,8.032470703125,0,1,INCORRECT
e5,psychology,59,80.96676635742188,1.5949859619140625,4.392097473144531,0,0,CORRECT
e5,psychology,61,74.36031341552734,2.2130050659179688,4.43426513671875,1,1,CORRECT
e5,psychology,60,77.98267364501953,3.0781707763671875,5.1815338134765625,0,0,CORRECT
e5,psychology,57,75.56475067138672,0.6807327270507812,6.5528564453125,1,1,CORRECT
e5,psychology,62,75.48026275634766,2.5590972900390625,4.3021392822265625,0,0,CORRECT
e5,psychology,63,77.2215576171875,3.0481719970703125,5.728858947753906,0,1,INCORRECT
e5,psychology,70,80.6662826538086,1.816650390625,4.3662261962890625,0,0,INCORRECT
e5,psychology,71,79.3113021850586,1.9235076904296875,3.5389175415039062,0,0,CORRECT
e5,psychology,73,77.6076431274414,0.079437255859375,3.303497314453125,0,0,INCORRECT
e5,psychology,64,71.60133361816406,1.0066986083984375,2.6886367797851562,0,0,INCORRECT
e5,psychology,66,80.93478393554688,2.19189453125,5.830047607421875,0,0,CORRECT
e5,psychology,79,82.58512115478516,5.445152282714844,8.256599426269531,1,1,CORRECT
e5,psychology,67,77.9030532836914,2.4266204833984375,5.509666442871094,1,1,CORRECT
e5,psychology,69,77.962890625,2.0715560913085938,4.9201202392578125,0,1,INCORRECT
e5,psychology,68,81.9964370727539,2.4207992553710938,6.231101989746094,0,1,INCORRECT
e5,psychology,77,72.02566528320312,1.436492919921875,2.6261215209960938,0,0,INCORRECT
e5,psychology,72,79.47110748291016,0.9139404296875,3.7765121459960938,1,1,CORRECT
e5,psychology,83,77.31428527832031,1.546112060546875,3.0734481811523438,0,0,INCORRECT
e5,psychology,75,83.53433990478516,4.175788879394531,7.787384033203125,0,0,CORRECT
e5,psychology,78,76.02918243408203,0.7931747436523438,2.4748687744140625,0,0,CORRECT
e5,psychology,74,77.24591064453125,2.9631118774414062,6.087005615234375,1,1,CORRECT
e5,psychology,76,75.08739471435547,1.6401443481445312,4.09490966796875,1,1,CORRECT
e5,psychology,81,75.99354553222656,1.0979766845703125,3.594268798828125,0,0,INCORRECT
e5,psychology,80,77.87504577636719,2.5988616943359375,5.457527160644531,1,1,CORRECT
e5,psychology,89,78.1751480102539,3.6196212768554688,5.15814208984375,0,0,INCORRECT
e5,psychology,86,74.47742462158203,2.0216522216796875,6.049873352050781,1,1,CORRECT
e5,psychology,85,78.57281494140625,2.778167724609375,7.43572998046875,0,0,CORRECT
e5,psychology,87,73.51991271972656,2.81011962890625,4.061248779296875,0,0,CORRECT
e5,psychology,82,73.97445678710938,0.9472503662109375,2.5880661010742188,0,1,CORRECT
e5,psychology,84,77.48185729980469,3.628326416015625,6.470909118652344,1,1,CORRECT
e5,psychology,88,77.02132415771484,1.0987319946289062,3.6498336791992188,1,1,CORRECT
e5,psychology,94,74.74531555175781,1.1712875366210938,3.5244903564453125,0,0,INCORRECT
e5,psychology,90,80.92798614501953,2.8190231323242188,7.796356201171875,0,1,CORRECT
e5,psychology,92,77.24397277832031,3.2328948974609375,5.921379089355469,1,1,CORRECT
e5,psychology,91,79.00670623779297,4.949714660644531,8.300895690917969,1,1,CORRECT
e5,psychology,100,81.44487762451172,3.3038711547851562,7.354393005371094,0,0,INCORRECT
e5,psychology,95,73.80645751953125,1.2086639404296875,2.8228530883789062,0,0,CORRECT
e5,psychology,93,73.78604888916016,0.993743896484375,2.9522552490234375,0,1,INCORRECT
e5,psychology,96,75.29048919677734,1.0352096557617188,2.3107986450195312,0,0,CORRECT
e5,psychology,98,77.66035461425781,2.0359268188476562,4.082664489746094,0,0,INCORRECT
e5,psychology,99,82.37374877929688,3.5027694702148438,9.509002685546875,0,0,CORRECT
e5,psychology,97,75.25367736816406,4.257987976074219,5.975410461425781,1,1,CORRECT
e5,robotics,3,83.45684051513672,2.5670928955078125,4.641387939453125,0,0,INCORRECT
e5,robotics,0,84.99528503417969,2.4459075927734375,4.703117370605469,0,0,CORRECT
e5,robotics,4,83.96395111083984,1.8998794555664062,3.01458740234375,0,0,CORRECT
e5,robotics,1,79.8946304321289,0.7732009887695312,2.0542755126953125,0,0,INCORRECT
e5,robotics,2,90.93157958984375,2.1030426025390625,3.61614990234375,0,0,CORRECT
e5,robotics,10,80.86973571777344,1.094757080078125,3.422882080078125,0,0,INCORRECT
e5,robotics,5,87.47906494140625,4.5895233154296875,6.399993896484375,0,0,CORRECT
e5,robotics,8,82.92322540283203,1.6602554321289062,4.5731353759765625,1,1,CORRECT
e5,robotics,6,84.85488891601562,2.1445846557617188,3.9291229248046875,1,1,CORRECT
e5,robotics,7,82.00782775878906,0.7824859619140625,2.3647003173828125,1,1,CORRECT
e5,robotics,9,84.05073547363281,0.6944427490234375,4.9236907958984375,0,0,INCORRECT
e5,robotics,11,86.34038543701172,3.7269515991210938,6.638702392578125,0,0,CORRECT
e5,robotics,13,82.52886199951172,0.6865081787109375,2.2118301391601562,0,0,CORRECT
e5,robotics,12,82.66877746582031,1.404998779296875,2.71112060546875,0,0,CORRECT
e5,robotics,14,81.25382995605469,1.641510009765625,2.7684097290039062,0,0,INCORRECT
e5,robotics,15,83.30692291259766,0.9875869750976562,2.5940093994140625,1,1,CORRECT
e5,robotics,16,82.76617431640625,1.5924453735351562,2.7869110107421875,1,1,CORRECT
e5,robotics,19,83.92418670654297,2.6756744384765625,4.013999938964844,0,0,CORRECT
e5,robotics,17,86.74418640136719,1.0573501586914062,5.236442565917969,0,1,CORRECT
e5,robotics,18,87.06536865234375,2.2856597900390625,5.135383605957031,1,1,CORRECT
e5,robotics,20,88.25668334960938,0.7676773071289062,2.7093353271484375,1,1,CORRECT
e5,robotics,30,89.13570404052734,1.4013137817382812,3.95587158203125,0,0,INCORRECT
e5,robotics,25,83.56979370117188,4.7575836181640625,6.687904357910156,0,0,CORRECT
e5,robotics,22,77.55590057373047,2.7699203491210938,4.178619384765625,0,0,CORRECT
e5,robotics,21,86.81065368652344,3.8525619506835938,6.619232177734375,0,0,CORRECT
e5,robotics,29,84.47156524658203,2.4127578735351562,3.9032745361328125,0,0,INCORRECT
e5,robotics,28,85.89210510253906,0.8877487182617188,1.8285675048828125,0,0,CORRECT
e5,robotics,24,83.98321533203125,2.3202056884765625,3.8087310791015625,1,1,CORRECT
e5,robotics,27,86.97500610351562,1.3037796020507812,6.223823547363281,1,1,CORRECT
e5,robotics,26,87.12489318847656,2.636505126953125,4.403572082519531,1,1,CORRECT
e5,robotics,23,86.59584045410156,1.890594482421875,3.7334518432617188,0,1,CORRECT
e5,robotics,31,81.20095825195312,1.4938888549804688,2.849822998046875,1,1,CORRECT
e5,robotics,34,82.3438720703125,1.54071044921875,3.5014495849609375,0,0,CORRECT
e5,robotics,36,82.32071685791016,1.6993408203125,3.4632720947265625,1,1,CORRECT
e5,robotics,32,85.97562408447266,2.117340087890625,5.022834777832031,0,0,CORRECT
e5,robotics,33,84.75628662109375,0.7953643798828125,3.0113372802734375,0,0,CORRECT
e5,robotics,35,81.24500274658203,1.2651596069335938,3.5178680419921875,0,0,CORRECT
e5,robotics,39,80.6115951538086,1.2801742553710938,2.5396499633789062,0,1,CORRECT
e5,robotics,37,86.86090850830078,0.29494476318359375,2.9339141845703125,0,0,CORRECT
e5,robotics,38,90.72196197509766,5.622802734375,9.578453063964844,1,1,CORRECT
e5,robotics,43,83.3123779296875,0.7550277709960938,1.5586471557617188,1,1,CORRECT
e5,robotics,44,80.83094024658203,0.9895401000976562,2.3574371337890625,0,0,CORRECT
e5,robotics,41,85.59888458251953,0.8207473754882812,2.2760696411132812,0,0,CORRECT
e5,robotics,42,78.96987915039062,2.7707672119140625,4.104888916015625,0,0,INCORRECT
e5,robotics,40,85.6060791015625,1.11016845703125,2.9159698486328125,0,0,INCORRECT
e5,robotics,46,85.33013153076172,1.8214874267578125,4.612678527832031,0,0,CORRECT
e5,robotics,45,90.80810546875,3.4558029174804688,5.738471984863281,1,1,CORRECT
e5,robotics,47,84.67005157470703,0.8039474487304688,1.5186386108398438,1,1,CORRECT
e5,robotics,48,83.67108917236328,1.9162521362304688,2.6243667602539062,0,1,INCORRECT
e5,robotics,52,78.15900421142578,0.7589492797851562,2.3165130615234375,0,0,CORRECT
e5,robotics,51,83.23641967773438,2.87255859375,4.38861083984375,0,0,CORRECT
e5,robotics,50,81.51024627685547,0.5494155883789062,2.4041213989257812,0,1,CORRECT
e5,robotics,49,84.25665283203125,1.1890335083007812,3.5940399169921875,0,1,CORRECT
e5,robotics,53,85.97759246826172,3.7994003295898438,5.937126159667969,0,0,CORRECT
e5,robotics,55,86.3571548461914,2.1640548706054688,3.5358657836914062,0,0,CORRECT
e5,robotics,54,85.43287658691406,1.918548583984375,4.6021728515625,1,1,CORRECT
e5,robotics,60,82.45854949951172,0.11992645263671875,1.9498214721679688,0,0,CORRECT
e5,robotics,57,85.26937103271484,1.3213653564453125,4.039970397949219,1,1,CORRECT
e5,robotics,63,91.18045806884766,4.942626953125,5.811210632324219,1,1,CORRECT
e5,robotics,59,87.2132568359375,1.0272064208984375,6.0038909912109375,1,1,CORRECT
e5,robotics,64,84.5016860961914,2.1141738891601562,4.1521453857421875,0,1,CORRECT
e5,robotics,61,90.3103256225586,2.2308425903320312,7.133949279785156,0,0,INCORRECT
e5,robotics,56,86.04015350341797,2.3758392333984375,3.880279541015625,0,0,CORRECT
e5,robotics,58,89.37644958496094,1.6440658569335938,5.375083923339844,0,1,CORRECT
e5,robotics,67,85.9175796508789,1.1695632934570312,3.3063583374023438,0,0,CORRECT
e5,robotics,62,92.34326171875,5.013252258300781,7.050132751464844,0,0,CORRECT
e5,robotics,65,85.18122100830078,0.9452056884765625,2.2293548583984375,0,0,CORRECT
e5,robotics,66,85.8145980834961,2.173858642578125,4.866249084472656,0,1,CORRECT
e5,robotics,68,84.42110443115234,2.9873275756835938,6.173423767089844,1,1,CORRECT
e5,robotics,77,83.61384582519531,1.8024673461914062,5.80059814453125,0,0,INCORRECT
e5,robotics,69,86.62479400634766,1.05804443359375,3.3547897338867188,1,1,CORRECT
e5,robotics,80,83.94782257080078,1.151824951171875,3.1846466064453125,0,0,CORRECT
e5,robotics,72,80.80048370361328,0.7449798583984375,1.8680343627929688,0,1,CORRECT
e5,robotics,73,86.15301513671875,3.1433029174804688,4.42022705078125,1,1,INCORRECT
e5,robotics,70,83.3528060913086,1.53570556640625,3.5127029418945312,1,1,CORRECT
e5,robotics,71,86.22605895996094,4.5059814453125,5.9061737060546875,0,0,CORRECT
e5,robotics,75,87.35173034667969,4.2719573974609375,7.0957794189453125,1,1,CORRECT
e5,robotics,76,85.97127532958984,2.1684036254882812,4.684562683105469,0,0,CORRECT
e5,robotics,79,82.42976379394531,0.5008468627929688,2.6952438354492188,0,0,CORRECT
e5,robotics,78,87.7081069946289,1.0913619995117188,3.714263916015625,1,1,CORRECT
e5,robotics,74,85.99201965332031,1.1269607543945312,5.097679138183594,0,0,CORRECT
e5,robotics,81,84.12071990966797,0.5080184936523438,1.7453689575195312,0,0,CORRECT
e5,robotics,82,81.74810028076172,1.07257080078125,2.8494033813476562,0,0,CORRECT
e5,robotics,86,88.52345275878906,5.627723693847656,7.6821441650390625,0,1,INCORRECT
e5,robotics,92,81.24150085449219,2.7089080810546875,4.177162170410156,1,1,CORRECT
e5,robotics,84,88.74261474609375,1.1654052734375,5.823234558105469,1,1,CORRECT
e5,robotics,85,86.78549194335938,0.9291915893554688,2.3054580688476562,0,1,CORRECT
e5,robotics,83,84.17288970947266,2.9669952392578125,4.278572082519531,0,1,CORRECT
e5,robotics,88,82.5788345336914,0.8305511474609375,4.19940185546875,0,0,CORRECT
e5,robotics,87,85.00125122070312,2.717803955078125,5.687110900878906,0,0,INCORRECT
e5,robotics,93,93.1049575805664,8.554710388183594,11.451416015625,1,1,CORRECT
e5,robotics,90,83.9004898071289,1.9203033447265625,3.6165390014648438,0,0,CORRECT
e5,robotics,91,83.77864837646484,1.8128814697265625,5.4645843505859375,1,1,CORRECT
e5,robotics,96,85.99330139160156,1.9937667846679688,5.96044921875,0,0,INCORRECT
e5,robotics,99,83.1566390991211,1.0031661987304688,2.569366455078125,1,1,CORRECT
e5,robotics,97,78.73065185546875,2.618621826171875,3.6739273071289062,0,0,INCORRECT
e5,stackoverflow,0,80.47199249267578,0.5382537841796875,3.6605072021484375,0,0,INCORRECT
e5,robotics,94,89.24311828613281,4.7660369873046875,7.4040679931640625,1,1,CORRECT
e5,robotics,89,86.41340637207031,1.4240875244140625,3.1596450805664062,0,0,CORRECT
e5,robotics,95,82.03025817871094,0.6591567993164062,2.8055801391601562,0,0,CORRECT
e5,robotics,100,84.92504119873047,1.3680877685546875,2.5760726928710938,0,0,CORRECT
e5,robotics,98,84.19385528564453,2.6212692260742188,4.720634460449219,0,0,INCORRECT
e5,stackoverflow,2,79.90724182128906,1.3428115844726562,3.1454925537109375,0,0,CORRECT
e5,stackoverflow,1,85.44986724853516,1.5425491333007812,3.9645156860351562,0,0,CORRECT
e5,stackoverflow,3,81.61373901367188,0.9982452392578125,2.4209518432617188,0,0,CORRECT
e5,stackoverflow,4,80.29972076416016,2.9309463500976562,5.5106353759765625,0,0,CORRECT
e5,stackoverflow,5,82.69843292236328,2.9187545776367188,4.821807861328125,1,1,CORRECT
e5,stackoverflow,6,83.38093566894531,2.0360031127929688,3.8371505737304688,0,0,CORRECT
e5,stackoverflow,13,84.39971160888672,2.4494247436523438,3.7757568359375,1,1,CORRECT
e5,stackoverflow,9,78.50101470947266,0.44950103759765625,2.2511825561523438,0,0,CORRECT
e5,stackoverflow,8,77.86634826660156,0.47888946533203125,2.9677658081054688,0,0,CORRECT
e5,stackoverflow,14,81.17052459716797,2.3751449584960938,6.4445953369140625,0,1,CORRECT
e5,stackoverflow,12,80.14188385009766,2.2773590087890625,3.8043899536132812,1,1,CORRECT
e5,stackoverflow,7,79.0840835571289,1.0360641479492188,2.0124130249023438,0,0,INCORRECT
e5,stackoverflow,10,83.66860961914062,1.26654052734375,3.3621444702148438,1,1,CORRECT
e5,stackoverflow,11,80.55443572998047,0.45194244384765625,1.4383544921875,0,0,CORRECT
e5,stackoverflow,15,83.53550720214844,2.2011566162109375,4.420906066894531,0,0,CORRECT
e5,stackoverflow,16,82.13408660888672,1.5202865600585938,3.7784652709960938,0,1,CORRECT
e5,stackoverflow,17,83.65635681152344,1.9217681884765625,4.821952819824219,1,1,CORRECT
e5,stackoverflow,19,80.11162567138672,2.0475921630859375,3.521697998046875,0,0,CORRECT
e5,stackoverflow,28,82.97122955322266,2.51263427734375,4.8922576904296875,0,0,CORRECT
e5,stackoverflow,18,85.96881103515625,1.21710205078125,3.7389678955078125,0,0,CORRECT
e5,stackoverflow,20,84.75727081298828,3.503326416015625,6.984222412109375,0,0,CORRECT
e5,stackoverflow,22,91.69142150878906,3.2380142211914062,9.354728698730469,0,0,INCORRECT
e5,stackoverflow,21,78.49066162109375,2.2726669311523438,2.974609375,0,0,CORRECT
e5,stackoverflow,23,85.6571273803711,2.6312255859375,8.355789184570312,0,1,CORRECT
e5,stackoverflow,24,82.6106185913086,0.17256927490234375,2.3434066772460938,0,0,CORRECT
e5,stackoverflow,29,83.38864135742188,1.0960693359375,4.103370666503906,0,0,INCORRECT
e5,stackoverflow,25,83.5959701538086,2.0960845947265625,3.950653076171875,0,0,CORRECT
e5,stackoverflow,26,82.09744262695312,1.6858978271484375,3.7102508544921875,0,0,INCORRECT
e5,stackoverflow,27,85.01107025146484,1.141937255859375,8.1448974609375,0,0,CORRECT
e5,stackoverflow,30,79.63982391357422,0.466644287109375,0.854644775390625,0,0,CORRECT
e5,stackoverflow,31,81.48204803466797,2.412841796875,3.6979904174804688,1,1,CORRECT
e5,stackoverflow,34,83.8619384765625,2.9073867797851562,7.417686462402344,1,1,CORRECT
e5,stackoverflow,32,80.007568359375,0.327545166015625,3.1133651733398438,0,0,INCORRECT
e5,stackoverflow,33,83.41264343261719,2.3336868286132812,3.4532089233398438,0,0,CORRECT
e5,stackoverflow,47,91.33528137207031,5.373565673828125,11.969322204589844,0,1,INCORRECT
e5,stackoverflow,35,78.02056884765625,0.7245941162109375,2.3475875854492188,0,0,CORRECT
e5,stackoverflow,36,88.69354248046875,4.820930480957031,9.587669372558594,0,0,INCORRECT
e5,stackoverflow,46,76.51282501220703,2.2427215576171875,4.6012725830078125,0,1,CORRECT
e5,stackoverflow,38,81.43659210205078,1.55523681640625,4.510795593261719,0,0,INCORRECT
e5,stackoverflow,39,82.61259460449219,2.8968276977539062,5.529998779296875,0,1,CORRECT
e5,stackoverflow,37,81.67566680908203,2.7048797607421875,3.5096969604492188,0,1,CORRECT
e5,stackoverflow,42,78.40519714355469,2.6725997924804688,4.528923034667969,1,1,CORRECT
e5,stackoverflow,45,80.2960433959961,1.368499755859375,2.8598403930664062,1,1,CORRECT
e5,stackoverflow,40,81.03450775146484,2.512969970703125,3.7264862060546875,0,0,INCORRECT
e5,stackoverflow,44,85.94601440429688,3.1394882202148438,9.785026550292969,1,1,INCORRECT
e5,stackoverflow,41,85.77884674072266,0.6636199951171875,3.326202392578125,1,1,CORRECT
e5,stackoverflow,43,85.96327209472656,3.1184844970703125,5.188850402832031,1,1,CORRECT
e5,stackoverflow,48,79.57321166992188,1.389556884765625,3.89971923828125,1,1,CORRECT
e5,stackoverflow,50,81.66547393798828,2.0760421752929688,5.081138610839844,0,0,CORRECT
e5,stackoverflow,49,84.60269927978516,3.3056640625,5.906585693359375,0,0,CORRECT
e5,stackoverflow,52,82.62838745117188,1.8830947875976562,4.498931884765625,0,1,CORRECT
e5,stackoverflow,51,79.10446166992188,3.4188003540039062,4.537872314453125,0,0,CORRECT
e5,stackoverflow,61,84.1510009765625,2.1872024536132812,5.082923889160156,0,0,CORRECT
e5,stackoverflow,53,86.34966278076172,3.548095703125,5.084693908691406,0,0,CORRECT
e5,stackoverflow,55,81.61945343017578,3.342681884765625,4.873382568359375,0,0,CORRECT
e5,stackoverflow,58,78.83904266357422,1.0262451171875,2.0963897705078125,0,0,CORRECT
e5,stackoverflow,56,84.75740051269531,1.1863555908203125,3.6435317993164062,0,1,CORRECT
e5,stackoverflow,60,81.96051788330078,3.1042633056640625,5.2084808349609375,0,0,CORRECT
e5,stackoverflow,54,78.75566101074219,0.9996719360351562,2.9417266845703125,0,0,CORRECT
e5,stackoverflow,57,83.14471435546875,0.8304519653320312,2.8005752563476562,0,0,CORRECT
e5,stackoverflow,63,88.03182983398438,5.909049987792969,10.656394958496094,0,1,CORRECT
e5,stackoverflow,59,85.92582702636719,1.8230209350585938,7.5618133544921875,0,0,CORRECT
e5,stackoverflow,62,83.60820007324219,1.3041915893554688,4.184272766113281,1,1,CORRECT
e5,stackoverflow,65,86.51887512207031,1.9165878295898438,8.878669738769531,0,0,INCORRECT
e5,stackoverflow,64,85.9966049194336,3.1545791625976562,6.137237548828125,0,1,CORRECT
e5,stackoverflow,66,84.8324203491211,1.5194015502929688,3.7568435668945312,0,0,CORRECT
e5,stackoverflow,68,84.76557922363281,0.6898269653320312,3.0547103881835938,0,0,CORRECT
e5,stackoverflow,67,81.69670104980469,2.5301895141601562,4.870292663574219,0,0,CORRECT
e5,stackoverflow,71,84.24150848388672,5.3624114990234375,8.294570922851562,0,0,CORRECT
e5,stackoverflow,74,84.71961212158203,2.0826263427734375,4.3446807861328125,0,0,CORRECT
e5,stackoverflow,70,87.69312286376953,3.3988723754882812,6.716377258300781,0,0,CORRECT
e5,stackoverflow,72,85.46199798583984,3.686798095703125,7.3819732666015625,1,1,CORRECT
e5,stackoverflow,76,84.521728515625,1.3054275512695312,3.5746536254882812,0,0,CORRECT
e5,stackoverflow,77,86.36993408203125,1.0386810302734375,4.520904541015625,0,0,INCORRECT
e5,stackoverflow,73,85.89376068115234,2.8407211303710938,5.9694976806640625,0,0,CORRECT
e5,stackoverflow,75,82.634033203125,1.0151596069335938,4.260520935058594,0,1,CORRECT
e5,stackoverflow,79,82.6583251953125,0.1140899658203125,2.9751129150390625,0,0,CORRECT
e5,stackoverflow,78,80.26933288574219,0.8974609375,4.6910552978515625,0,0,INCORRECT
e5,stackoverflow,82,79.04679870605469,4.444892883300781,6.9979705810546875,0,1,CORRECT
e5,stackoverflow,69,84.1825180053711,1.2509536743164062,3.5569686889648438,0,0,INCORRECT
e5,stackoverflow,86,86.05165100097656,3.268035888671875,7.397422790527344,1,1,CORRECT
e5,stackoverflow,81,83.5676040649414,5.065483093261719,6.6531982421875,0,0,INCORRECT
e5,stackoverflow,80,89.16172790527344,4.271476745605469,7.923591613769531,0,0,CORRECT
e5,stackoverflow,84,78.65264892578125,1.832977294921875,4.0335845947265625,1,1,CORRECT
e5,stackoverflow,83,79.78353881835938,2.5500717163085938,5.225128173828125,1,1,CORRECT
e5,stackoverflow,88,85.91385650634766,4.921417236328125,9.9207763671875,0,1,CORRECT
e5,stackoverflow,87,83.00529479980469,2.7063446044921875,6.70751953125,0,0,CORRECT
e5,stackoverflow,89,77.63124084472656,0.5680007934570312,2.1540069580078125,0,0,CORRECT
e5,stackoverflow,91,81.4380111694336,1.716644287109375,4.4368896484375,0,0,CORRECT
e5,stackoverflow,92,85.41336059570312,1.8994598388671875,3.4171295166015625,0,0,CORRECT
e5,stackoverflow,85,79.83389282226562,1.4074783325195312,3.2286758422851562,1,1,CORRECT
e5,stackoverflow,90,82.60909271240234,1.2599029541015625,4.777046203613281,0,0,CORRECT
e5,stackoverflow,95,89.13668823242188,4.665657043457031,10.595001220703125,0,0,CORRECT
e5,stackoverflow,93,89.40263366699219,2.7300949096679688,6.059333801269531,0,0,CORRECT
e5,stackoverflow,96,81.02629089355469,2.5036468505859375,4.817291259765625,1,1,CORRECT
e5,stackoverflow,94,81.92033386230469,3.5274276733398438,5.4295654296875,0,0,CORRECT
e5,stackoverflow,100,92.7235107421875,5.5026092529296875,10.123344421386719,0,0,CORRECT
e5,stackoverflow,101,82.9777603149414,1.3622283935546875,1.9167861938476562,0,0,INCORRECT
e5,stackoverflow,98,88.22947692871094,3.3795166015625,7.19598388671875,0,1,CORRECT
e5,stackoverflow,102,87.84530639648438,1.941802978515625,9.06939697265625,0,1,CORRECT
e5,stackoverflow,97,78.82430267333984,0.37738037109375,1.6838150024414062,0,0,CORRECT
e5,stackoverflow,99,82.1233139038086,0.83697509765625,3.2003097534179688,1,1,CORRECT
e5,stackoverflow,104,82.34358978271484,1.2325439453125,4.2354583740234375,0,0,CORRECT
e5,stackoverflow,106,84.640380859375,1.7781219482421875,5.1413116455078125,0,1,CORRECT
e5,stackoverflow,105,84.17640686035156,2.3344650268554688,4.105644226074219,1,1,CORRECT
e5,stackoverflow,109,87.86499786376953,1.7279510498046875,8.457427978515625,0,0,CORRECT
e5,stackoverflow,110,86.49263000488281,3.0364456176757812,7.393829345703125,0,0,INCORRECT
e5,stackoverflow,111,81.22337341308594,0.97430419921875,3.615142822265625,0,1,CORRECT
e5,stackoverflow,107,86.47333526611328,0.6674118041992188,6.160675048828125,1,1,CORRECT
e5,stackoverflow,108,83.6641616821289,1.665435791015625,3.7810821533203125,0,0,CORRECT
e5,stackoverflow,103,91.3738021850586,6.782264709472656,10.211257934570312,0,1,CORRECT
e5,stackoverflow,112,87.85835266113281,1.3675155639648438,5.84637451171875,0,1,INCORRECT
e5,sustainable_living,0,76.5031509399414,1.2050704956054688,3.1923828125,1,1,CORRECT
e5,sustainable_living,9,78.82877349853516,2.39434814453125,3.9668807983398438,0,0,INCORRECT
e5,sustainable_living,1,77.28097534179688,1.3658981323242188,3.112701416015625,0,1,INCORRECT
e5,stackoverflow,113,85.10093688964844,2.1260528564453125,5.913917541503906,0,0,CORRECT
e5,stackoverflow,114,83.91695404052734,1.9517288208007812,5.0654296875,1,1,CORRECT
e5,stackoverflow,115,82.12642669677734,2.6943283081054688,4.7326812744140625,0,0,INCORRECT
e5,sustainable_living,8,79.97612762451172,0.841278076171875,2.4852294921875,0,0,CORRECT
e5,stackoverflow,116,84.13538360595703,1.2894363403320312,4.971794128417969,0,0,CORRECT
e5,sustainable_living,12,81.83309936523438,2.4944686889648438,11.564338684082031,0,0,CORRECT
e5,sustainable_living,4,78.87020874023438,1.0444717407226562,2.813140869140625,0,0,INCORRECT
e5,sustainable_living,10,75.1899185180664,2.2713546752929688,4.7818450927734375,0,0,INCORRECT
e5,sustainable_living,6,76.44801330566406,0.796722412109375,3.7251129150390625,0,1,CORRECT
e5,sustainable_living,7,77.61695098876953,3.2826766967773438,5.0647735595703125,0,0,INCORRECT
e5,sustainable_living,11,80.70946502685547,3.7354278564453125,5.4833221435546875,0,0,INCORRECT
e5,sustainable_living,18,74.91307067871094,0.9996185302734375,1.3743896484375,0,0,INCORRECT
e5,sustainable_living,2,83.58621215820312,2.1015090942382812,7.576866149902344,1,1,CORRECT
e5,sustainable_living,5,81.68168640136719,1.4199981689453125,6.076087951660156,0,0,CORRECT
e5,sustainable_living,3,73.68787384033203,0.6614532470703125,2.4894866943359375,0,1,CORRECT
e5,sustainable_living,15,78.16871643066406,3.3447189331054688,7.848243713378906,0,0,INCORRECT
e5,sustainable_living,20,81.83502197265625,4.560546875,7.449058532714844,0,1,CORRECT
e5,sustainable_living,24,77.59339141845703,2.4851608276367188,4.490669250488281,0,0,INCORRECT
e5,sustainable_living,26,78.27477264404297,0.41698455810546875,1.9015731811523438,0,1,INCORRECT
e5,sustainable_living,13,77.91168212890625,2.2291946411132812,4.578147888183594,1,1,CORRECT
e5,sustainable_living,17,78.07585144042969,1.5632476806640625,3.4482574462890625,0,0,INCORRECT
e5,sustainable_living,14,79.50621032714844,1.6741943359375,2.8162155151367188,0,0,INCORRECT
e5,sustainable_living,16,77.11872100830078,1.3665542602539062,4.252647399902344,0,0,INCORRECT
e5,sustainable_living,19,79.01536560058594,1.1470718383789062,1.9832534790039062,0,0,CORRECT
e5,sustainable_living,25,80.19544982910156,4.0525665283203125,6.969978332519531,0,0,CORRECT
e5,sustainable_living,21,81.04546356201172,3.22412109375,7.0433197021484375,0,0,CORRECT
e5,sustainable_living,22,75.06090545654297,0.7632217407226562,2.3721084594726562,0,1,CORRECT
e5,sustainable_living,37,74.76751708984375,0.592864990234375,1.1104660034179688,0,0,INCORRECT
e5,sustainable_living,27,75.21306610107422,2.2643203735351562,4.291038513183594,0,0,CORRECT
e5,sustainable_living,23,78.4950942993164,4.924201965332031,7.234413146972656,1,1,CORRECT
e5,sustainable_living,28,74.31062316894531,2.1018218994140625,3.9930801391601562,0,0,INCORRECT
e5,sustainable_living,38,78.89350128173828,2.0261154174804688,7.552497863769531,0,0,CORRECT
e5,sustainable_living,29,76.27684020996094,0.36492919921875,2.6674880981445312,0,0,INCORRECT
e5,sustainable_living,35,77.77977752685547,2.97491455078125,5.182151794433594,0,0,INCORRECT
e5,sustainable_living,30,80.86290740966797,2.165740966796875,5.254066467285156,1,1,CORRECT
e5,sustainable_living,44,79.98454284667969,5.320701599121094,8.369003295898438,1,1,CORRECT
e5,sustainable_living,34,79.04322052001953,1.7578506469726562,3.5132827758789062,0,0,INCORRECT
e5,sustainable_living,31,81.3348617553711,4.540473937988281,8.503646850585938,1,1,CORRECT
e5,sustainable_living,36,75.43840026855469,1.3012237548828125,3.6241378784179688,0,0,CORRECT
e5,sustainable_living,32,78.35950469970703,2.9234466552734375,5.694877624511719,1,1,CORRECT
e5,sustainable_living,33,78.9986572265625,2.9340744018554688,7.2932586669921875,1,1,INCORRECT
e5,sustainable_living,41,76.02839660644531,2.2291183471679688,4.519523620605469,1,1,CORRECT
e5,sustainable_living,46,78.83795928955078,1.4114990234375,4.661895751953125,0,0,CORRECT
e5,sustainable_living,40,82.14439392089844,4.989936828613281,11.688446044921875,1,1,CORRECT
e5,sustainable_living,39,83.40629577636719,3.9315109252929688,8.395828247070312,1,1,CORRECT
e5,sustainable_living,42,82.59243774414062,3.7657318115234375,6.874671936035156,1,1,CORRECT
e5,sustainable_living,45,87.00618743896484,8.986381530761719,10.969047546386719,1,1,CORRECT
e5,sustainable_living,43,80.39854431152344,4.1558074951171875,6.680625915527344,1,1,CORRECT
e5,sustainable_living,48,81.41805267333984,2.8829574584960938,8.406974792480469,0,1,INCORRECT
e5,sustainable_living,47,76.79450225830078,1.1103286743164062,3.5244522094726562,0,0,CORRECT
e5,sustainable_living,63,78.6851806640625,0.0,1.3037033081054688,0,0,INCORRECT
e5,sustainable_living,51,85.0976791381836,1.9375839233398438,9.711288452148438,1,1,CORRECT
e5,sustainable_living,49,84.00662994384766,3.2880859375,6.393348693847656,0,1,CORRECT
e5,sustainable_living,52,78.63560485839844,3.00830078125,5.101432800292969,0,0,CORRECT
e5,sustainable_living,60,81.04405212402344,2.3871536254882812,6.6496734619140625,0,0,INCORRECT
e5,sustainable_living,50,80.5789794921875,2.70538330078125,6.1447906494140625,1,1,CORRECT
e5,sustainable_living,54,83.65165710449219,2.4927902221679688,8.516792297363281,1,1,CORRECT
e5,sustainable_living,53,74.4308853149414,1.3922576904296875,3.7137374877929688,0,0,CORRECT
e5,sustainable_living,55,77.74591064453125,3.1258621215820312,6.226348876953125,1,1,CORRECT
e5,sustainable_living,58,75.1278305053711,1.124664306640625,3.9836578369140625,1,1,CORRECT
e5,sustainable_living,68,78.33438110351562,3.2255935668945312,4.673774719238281,0,0,INCORRECT
e5,sustainable_living,57,77.33907318115234,0.8726806640625,2.8840179443359375,1,1,CORRECT
e5,sustainable_living,59,81.66649627685547,3.3542327880859375,5.971992492675781,0,0,INCORRECT
e5,sustainable_living,67,76.70455169677734,0.57977294921875,3.4897613525390625,0,0,CORRECT
e5,sustainable_living,61,83.75537872314453,4.093803405761719,7.086921691894531,1,1,CORRECT
e5,sustainable_living,62,75.5293960571289,1.4550247192382812,3.8448715209960938,0,0,CORRECT
e5,sustainable_living,56,84.13629913330078,1.1853256225585938,3.4587783813476562,1,1,CORRECT
e5,sustainable_living,69,82.04561614990234,3.2512283325195312,7.051872253417969,1,1,CORRECT
e5,sustainable_living,64,81.23233795166016,4.739250183105469,6.340087890625,0,0,CORRECT
e5,sustainable_living,66,80.11808013916016,4.445640563964844,5.565254211425781,0,0,INCORRECT
e5,sustainable_living,74,76.41764068603516,0.5195465087890625,2.7655181884765625,0,0,CORRECT
e5,sustainable_living,65,81.93486022949219,4.226234436035156,6.333351135253906,1,1,INCORRECT
e5,sustainable_living,70,79.13760375976562,3.22088623046875,4.688117980957031,0,0,CORRECT
e5,sustainable_living,73,80.18878936767578,1.4932632446289062,3.9460372924804688,1,1,CORRECT
e5,sustainable_living,81,78.7567367553711,2.173431396484375,5.141349792480469,0,0,CORRECT
e5,sustainable_living,71,81.62968444824219,2.4235382080078125,5.6044158935546875,0,0,CORRECT
e5,sustainable_living,79,80.02417755126953,3.6262130737304688,7.320068359375,0,0,INCORRECT
e5,sustainable_living,72,80.3852310180664,3.541412353515625,5.683074951171875,1,1,INCORRECT
e5,sustainable_living,75,82.3502197265625,3.7371673583984375,7.837440490722656,0,0,INCORRECT
e5,sustainable_living,76,78.7877197265625,5.985137939453125,8.134605407714844,1,1,CORRECT
e5,sustainable_living,80,77.14498901367188,1.8394927978515625,5.453544616699219,0,0,INCORRECT
e5,sustainable_living,78,76.3619613647461,1.7332229614257812,4.645881652832031,0,0,CORRECT
e5,sustainable_living,77,79.25038146972656,4.1351776123046875,6.12896728515625,1,1,INCORRECT
e5,sustainable_living,83,81.47491455078125,1.3461456298828125,5.684181213378906,1,1,CORRECT
e5,sustainable_living,82,83.00617218017578,2.448516845703125,8.484214782714844,1,1,CORRECT
e5,sustainable_living,84,78.05460357666016,1.65606689453125,5.058784484863281,1,1,CORRECT
e5,sustainable_living,88,81.83966064453125,3.6111297607421875,7.037422180175781,1,1,CORRECT
e5,sustainable_living,87,79.60282897949219,1.2952041625976562,3.6316757202148438,0,0,CORRECT
e5,sustainable_living,91,78.68754577636719,2.9369888305664062,6.582664489746094,0,0,INCORRECT
e5,sustainable_living,85,77.37870025634766,1.9456100463867188,5.3097076416015625,0,0,CORRECT
e5,sustainable_living,86,84.93858337402344,1.5377273559570312,4.893501281738281,0,0,INCORRECT
e5,sustainable_living,92,76.5368881225586,3.3668441772460938,6.27044677734375,0,0,INCORRECT
e5,sustainable_living,95,79.06405639648438,2.6062088012695312,7.735618591308594,1,1,CORRECT
e5,sustainable_living,94,76.53921508789062,1.2072067260742188,3.4744873046875,0,0,CORRECT
e5,sustainable_living,89,80.936767578125,2.4175872802734375,5.643577575683594,0,1,INCORRECT
e5,sustainable_living,98,82.5741958618164,1.582183837890625,6.570686340332031,0,0,INCORRECT
e5,sustainable_living,90,76.27017211914062,1.6115188598632812,4.37103271484375,1,1,INCORRECT
e5,sustainable_living,93,77.50978088378906,0.6998825073242188,3.2511138916015625,0,0,INCORRECT
e5,sustainable_living,100,77.91617584228516,1.7810897827148438,3.8170318603515625,1,1,CORRECT
e5,sustainable_living,101,82.78303527832031,2.0173797607421875,9.038543701171875,0,1,INCORRECT
e5,sustainable_living,107,74.8729476928711,1.2411041259765625,3.7592391967773438,0,0,INCORRECT
e5,sustainable_living,96,81.36505126953125,1.2693634033203125,5.145660400390625,0,1,CORRECT
e5,sustainable_living,99,78.50035095214844,1.4306488037109375,4.7026824951171875,1,1,CORRECT
e5,sustainable_living,97,79.59489440917969,2.1798019409179688,4.864204406738281,0,0,INCORRECT
e5,sustainable_living,105,81.61116027832031,1.4346923828125,4.538238525390625,0,0,INCORRECT
e5,sustainable_living,102,78.93577575683594,1.4886093139648438,4.951316833496094,0,0,INCORRECT
e5,sustainable_living,103,83.86857604980469,1.01348876953125,3.8485794067382812,1,1,CORRECT
e5,sustainable_living,104,75.98345947265625,3.0083160400390625,4.463493347167969,0,0,INCORRECT
e5,sustainable_living,106,76.21173095703125,3.1268157958984375,4.522575378417969,0,0,CORRECT
e5,theoremqa_questions,TheoremQA_jianyu_xu/pigeonhole_2.json,75.47187042236328,1.5066375732421875,2.2930450439453125,0,0,INCORRECT
e5,theoremqa_questions,TheoremQA_elainewan/math_calculus_5_2.json,77.8942642211914,0.706207275390625,3.9306793212890625,0,0,INCORRECT
e5,theoremqa_questions,TheoremQA_maxku/cv-imageprocessing6-histogram.json,75.33145904541016,1.284912109375,2.8831558227539062,0,0,INCORRECT
e5,theoremqa_questions,TheoremQA_elainewan/math_algebra_1.json,81.37619018554688,0.6375274658203125,3.7082748413085938,0,0,INCORRECT
e5,theoremqa_questions,TheoremQA_jianyu_xu/pigeonhole_3.json,77.5198974609375,1.869659423828125,2.832000732421875,0,0,CORRECT
e5,theoremqa_questions,TheoremQA_xinyi/rotation.json,75.82584381103516,0.9041366577148438,2.1409225463867188,0,0,INCORRECT
e5,theoremqa_questions,TheoremQA_elainewan/math_algebra_1_2.json,74.62222290039062,1.2422027587890625,1.8110275268554688,0,0,CORRECT
e5,theoremqa_questions,TheoremQA_wenhuchen/eigen_value1.json,78.05853271484375,2.1528701782226562,3.945953369140625,0,0,INCORRECT
e5,theoremqa_questions,TheoremQA_xueguangma/future_value_2.json,83.82994079589844,1.5923843383789062,4.010162353515625,0,0,INCORRECT
e5,theoremqa_questions,TheoremQA_wenhuchen/optics2.json,73.95475769042969,4.4484100341796875,5.042716979980469,1,1,INCORRECT
e5,theoremqa_questions,TheoremQA_wenhuchen/definite_matrix1.json,78.25007629394531,8.138870239257812,9.684722900390625,1,1,CORRECT
e5,theoremqa_questions,TheoremQA_wenhuchen/L'Hôpital_rule1.json,73.93629455566406,1.4990692138671875,2.500762939453125,0,0,CORRECT
e5,theoremqa_questions,TheoremQA_elainewan/math_algebra_4.json,75.4879150390625,2.0496902465820312,3.7772979736328125,0,0,CORRECT
e5,theoremqa_questions,TheoremQA_elainewan/math_calculus_2_11.json,75.18282318115234,1.16680908203125,1.9749755859375,0,0,CORRECT
e5,theoremqa_questions,TheoremQA_wenhuchen/optics7.json,77.27388000488281,7.091636657714844,8.086006164550781,1,1,INCORRECT
e5,theoremqa_questions,TheoremQA_elainewan/math_calculus_2_5.json,78.19190216064453,4.8084869384765625,5.841361999511719,0,0,CORRECT
e5,theoremqa_questions,TheoremQA_wenhuchen/gauss_lemma.json,76.00033569335938,1.6597518920898438,2.7539596557617188,0,0,CORRECT
e5,theoremqa_questions,TheoremQA_tonyxia/euler-graph3.json,77.68408966064453,5.2224273681640625,7.562202453613281,1,1,CORRECT
e5,theoremqa_questions,TheoremQA_panlu/similarity2.json,74.8038330078125,0.8199615478515625,2.1619338989257812,0,0,CORRECT
e5,theoremqa_questions,TheoremQA_xueguangma/dividend_discount_model_2.json,75.6643295288086,0.7241287231445312,1.6671524047851562,0,1,CORRECT
e5,theoremqa_questions,TheoremQA_jianyu_xu/Stirling_number_first_kind_5.json,83.78266143798828,1.673797607421875,3.4528350830078125,0,0,INCORRECT
e5,theoremqa_questions,TheoremQA_maxku/signalprocessing11-nyquist.json,82.89839935302734,6.0774383544921875,11.072898864746094,1,1,CORRECT
e5,theoremqa_questions,TheoremQA_xinyi/maximum_entropy_2.json,75.49256896972656,0.72027587890625,2.5813217163085938,1,1,INCORRECT
e5,theoremqa_questions,TheoremQA_mingyin/stopping-time1.json,73.74586486816406,1.2617645263671875,3.1925277709960938,1,1,INCORRECT
e5,theoremqa_questions,TheoremQA_maxku/cv-colorsci2-hsi.json,79.61212921142578,11.080696105957031,12.745193481445312,1,1,CORRECT
e5,theoremqa_questions,TheoremQA_xueguangma/forward_price_2.json,77.74269104003906,2.2360305786132812,3.2452392578125,0,0,INCORRECT
e5,theoremqa_questions,TheoremQA_maxku/ipnetwork13-hammingdist.json,73.53593444824219,0.5340652465820312,1.4448471069335938,0,1,CORRECT
e5,theoremqa_questions,TheoremQA_jianyu_xu/combination_1.json,78.12853240966797,0.872528076171875,1.5056610107421875,0,0,INCORRECT
e5,theoremqa_questions,TheoremQA_wenhuchen/Liouville’s_theorem1.json,76.45982360839844,5.062385559082031,6.369773864746094,1,1,CORRECT
e5,theoremqa_questions,TheoremQA_maxku/signalprocessing15-DB.json,69.45840454101562,3.8433303833007812,5.524494171142578,1,1,INCORRECT
e5,theoremqa_questions,TheoremQA_tonyxia/semiconductor1.json,76.13296508789062,0.809295654296875,2.8692703247070312,0,0,CORRECT
e5,theoremqa_questions,TheoremQA_mingyin/Lebesgue-measure1.json,75.42941284179688,1.871307373046875,3.317291259765625,0,1,INCORRECT
e5,theoremqa_questions,TheoremQA_xinyi/linear_projection.json,78.55400085449219,1.516387939453125,3.0726165771484375,0,0,CORRECT
e5,theoremqa_questions,TheoremQA_maxku/signalprocessing5-nyquist.json,79.49410247802734,7.179603576660156,11.860694885253906,1,1,CORRECT
e5,theoremqa_questions,TheoremQA_mingyin/series2.json,77.61727905273438,1.3263092041015625,2.6427459716796875,0,0,INCORRECT
e5,theoremqa_questions,TheoremQA_wenhuchen/ODE2.json,81.68085479736328,3.11846923828125,7.427650451660156,0,0,INCORRECT
e5,theoremqa_questions,TheoremQA_elainewan/math_abstact_algebra_7_8.json,74.4201889038086,0.5197601318359375,1.872100830078125,0,0,CORRECT
e5,theoremqa_questions,TheoremQA_xinyi/cramer_rao_lower_bound_2.json,82.92411041259766,7.236785888671875,9.098258972167969,1,1,INCORRECT
e5,theoremqa_questions,TheoremQA_panlu/rigid-body3.json,71.33395385742188,1.0488204956054688,3.3370819091796875,0,0,CORRECT
e5,theoremqa_questions,TheoremQA_xueguangma/spot_rate.json,82.23082733154297,5.290870666503906,7.4654693603515625,0,0,INCORRECT
e5,theoremqa_questions,TheoremQA_elainewan/math_algebra_5.json,77.9644775390625,0.9558258056640625,2.2813644409179688,0,0,INCORRECT
e5,theoremqa_questions,TheoremQA_xueguangma/taylors_approximation_theorem.json,79.15927124023438,1.1085968017578125,2.2829132080078125,0,0,INCORRECT
e5,theoremqa_questions,TheoremQA_xueguangma/binomial_model_2.json,78.45779418945312,1.2300033569335938,1.9287872314453125,0,0,INCORRECT
e5,theoremqa_questions,TheoremQA_panlu/molar_heat_capacity2.json,73.94361877441406,1.636810302734375,2.5465011596679688,1,1,INCORRECT
e5,theoremqa_questions,TheoremQA_wenhuchen/determinant2.json,79.54593658447266,3.6106338500976562,5.985389709472656,1,1,INCORRECT
e5,theoremqa_questions,TheoremQA_tonyxia/wave2.json,71.50794219970703,1.8610458374023438,3.9372634887695312,0,0,INCORRECT
e5,theoremqa_questions,TheoremQA_elainewan/math_abstact_algebra_7_5.json,75.98310852050781,1.5080795288085938,3.3656005859375,0,0,INCORRECT
e5,theoremqa_questions,TheoremQA_mingyin/cauchy-integral-theorem1.json,78.99886322021484,2.4853591918945312,4.7741851806640625,1,1,INCORRECT
e5,theoremqa_questions,TheoremQA_jianyu_xu/Ramsey_4.json,75.51054382324219,1.8774185180664062,3.6973800659179688,1,1,INCORRECT
e5,theoremqa_questions,TheoremQA_maxku/signalprocessing6-Ztransform.json,71.67427062988281,0.7852859497070312,1.667449951171875,1,1,CORRECT
e5,theoremqa_questions,TheoremQA_wenhuchen/determinant1.json,79.20895385742188,3.736328125,5.5647430419921875,1,1,CORRECT
e5,theoremqa_questions,TheoremQA_xinyi/huffman_code_1.json,77.01390838623047,6.000129699707031,6.83709716796875,1,1,CORRECT
e5,theoremqa_questions,TheoremQA_wenhuchen/ODE3.json,75.10042572021484,1.447906494140625,4.0009765625,0,0,INCORRECT
e5,theoremqa_questions,TheoremQA_maxku/ipnetwork4-mac.json,76.09392547607422,0.9584197998046875,1.8564682006835938,0,0,INCORRECT
e5,theoremqa_questions,TheoremQA_xueguangma/dividend_discount_model_5.json,83.03765869140625,4.866432189941406,7.45556640625,1,1,INCORRECT
e5,theoremqa_questions,TheoremQA_maxku/ipnetwork5-mac.json,72.18953704833984,0.908050537109375,2.1078948974609375,0,0,INCORRECT
e5,theoremqa_questions,TheoremQA_maxku/graphtheory5-vertexcover.json,72.55645751953125,1.8319549560546875,2.6753921508789062,0,0,INCORRECT
e5,theoremqa_questions,TheoremQA_wenhuchen/t_test1.json,72.95640563964844,1.6928939819335938,2.8602142333984375,1,1,INCORRECT
e5,theoremqa_questions,TheoremQA_wenhuchen/trapezoidal_rule2.json,78.5464859008789,0.5978317260742188,2.5545120239257812,0,0,INCORRECT
e5,theoremqa_questions,TheoremQA_wenhuchen/optics8.json,77.39368438720703,8.722030639648438,10.663505554199219,1,1,INCORRECT
e5,theoremqa_questions,TheoremQA_jianyu_xu/Ramsey_2.json,76.18043518066406,1.3257217407226562,2.1666107177734375,0,0,INCORRECT
e5,theoremqa_questions,TheoremQA_maxku/ipnetwork14-hammingdist.json,74.68621063232422,1.3559951782226562,2.6309127807617188,1,1,INCORRECT
e5,theoremqa_questions,TheoremQA_wenhuchen/viterbi2.json,88.55301666259766,8.839317321777344,11.130683898925781,1,1,CORRECT
e5,theoremqa_questions,TheoremQA_tonyxia/semiconductor5.json,68.62507629394531,0.843505859375,3.0850677490234375,0,0,INCORRECT
e5,theoremqa_questions,TheoremQA_panlu/molar_heat_capacity1.json,76.67201232910156,0.6800384521484375,4.1734771728515625,0,1,INCORRECT
e5,theoremqa_questions,TheoremQA_xinyi/dag_2.json,73.59831237792969,4.0130615234375,6.87896728515625,1,1,CORRECT
e5,theoremqa_questions,TheoremQA_elainewan/math_algebra_3_2.json,74.48225402832031,0.8258285522460938,1.798370361328125,0,0,CORRECT
e5,theoremqa_questions,TheoremQA_elainewan/math_calculus_12.json,87.7008285522461,3.450897216796875,9.806449890136719,0,0,INCORRECT
e5,theoremqa_questions,TheoremQA_elainewan/econ_micro_7.json,76.45458984375,1.816558837890625,4.451484680175781,1,1,INCORRECT
e5,theoremqa_questions,TheoremQA_maxku/graphtheory7-shortestpath.json,76.09541320800781,1.8919830322265625,4.537445068359375,1,1,CORRECT
e5,theoremqa_questions,TheoremQA_wenhuchen/gauss_lemma2.json,76.29572296142578,1.4732131958007812,2.5697402954101562,0,0,CORRECT
e5,theoremqa_questions,TheoremQA_tonyxia/semiconductor3.json,80.6750259399414,13.323562622070312,15.432937622070312,1,1,INCORRECT
e5,theoremqa_questions,TheoremQA_panlu/angular_frequency3.json,75.98934173583984,1.5776596069335938,4.438232421875,0,0,INCORRECT
e5,theoremqa_questions,TheoremQA_tonyxia/statisticalphysics2.json,70.81909942626953,2.1774520874023438,3.6964340209960938,0,0,INCORRECT
e5,theoremqa_questions,TheoremQA_panlu/trapezoid1.json,75.7434310913086,0.4170684814453125,1.18072509765625,0,0,INCORRECT
e5,theoremqa_questions,TheoremQA_tonyxia/particle6.json,74.42962646484375,8.05145263671875,8.956642150878906,1,1,CORRECT
e5,theoremqa_questions,TheoremQA_xinyi/channel_capacity_1.json,73.07267761230469,1.4376373291015625,5.50860595703125,1,1,CORRECT
e5,theoremqa_questions,TheoremQA_maxku/cv-cnn4.json,76.53952026367188,2.78045654296875,5.367919921875,0,0,INCORRECT
e5,theoremqa_questions,TheoremQA_jianyu_xu/Stirling_number_second_kind_3.json,81.33821105957031,3.6063079833984375,6.0113067626953125,0,1,INCORRECT
e5,theoremqa_questions,TheoremQA_elainewan/econ_micro_14_3.json,87.53849029541016,0.8162841796875,2.1929550170898438,0,0,CORRECT
e5,theoremqa_questions,TheoremQA_wenhuchen/Rolle's_theorem.json,77.35511016845703,2.0958786010742188,3.3224029541015625,0,0,CORRECT
e5,theoremqa_questions,TheoremQA_jianyu_xu/Stirling_number_second_kind_6.json,77.67572021484375,2.1660842895507812,3.214080810546875,0,0,CORRECT
e5,theoremqa_questions,TheoremQA_maxku/graphtheory3-vertexcover.json,74.6668701171875,0.7685394287109375,2.6217880249023438,0,0,CORRECT
e5,theoremqa_questions,TheoremQA_wenhuchen/t_test2.json,76.0341567993164,5.20458984375,6.174934387207031,1,1,INCORRECT
e5,theoremqa_questions,TheoremQA_jianyu_xu/Catalan_2.json,81.006103515625,1.59759521484375,6.003204345703125,0,0,CORRECT
e5,theoremqa_questions,TheoremQA_maxku/graphtheory10-shortestpath.json,76.01747131347656,1.8275909423828125,4.377098083496094,1,1,CORRECT
e5,theoremqa_questions,TheoremQA_panlu/gravitational_force1.json,75.8492202758789,6.334907531738281,7.512718200683594,0,0,CORRECT
e5,theoremqa_questions,TheoremQA_wenhuchen/euler's_method2.json,73.87320709228516,0.8848724365234375,2.131134033203125,0,0,INCORRECT
e5,theoremqa_questions,TheoremQA_wenhuchen/euler's_method1.json,72.31932830810547,1.5423736572265625,2.0513687133789062,0,0,INCORRECT
e5,theoremqa_questions,TheoremQA_wenhuchen/cauchy_integral1.json,74.13926696777344,1.1558914184570312,2.3962173461914062,0,0,CORRECT
e5,theoremqa_questions,TheoremQA_wenhuchen/double_integral2.json,79.10913848876953,1.1182785034179688,3.323760986328125,0,0,CORRECT
e5,theoremqa_questions,TheoremQA_xueguangma/forward_price_1.json,77.21106719970703,0.9770736694335938,2.0080947875976562,1,1,CORRECT
e5,theoremqa_questions,TheoremQA_maxku/signalprocessing19-period.json,71.26683807373047,1.2413101196289062,2.880523681640625,1,1,CORRECT
e5,theoremqa_questions,TheoremQA_maxku/ipnetwork21-ip-2.json,74.3322525024414,1.016082763671875,2.6853866577148438,0,0,INCORRECT
e5,theoremqa_questions,TheoremQA_jianyu_xu/pigeonhole_4.json,79.1692123413086,4.383583068847656,7.1939697265625,1,1,CORRECT
e5,theoremqa_questions,TheoremQA_maxku/signalprocessing13-Ztransform.json,79.12789916992188,8.627182006835938,9.772804260253906,1,1,CORRECT
e5,theoremqa_questions,TheoremQA_jianyu_xu/Multinomial_2.json,78.71549987792969,1.3765029907226562,3.2779464721679688,0,0,CORRECT
e5,theoremqa_questions,TheoremQA_maxku/cv-imageprocessing9-digital-image.json,81.08282470703125,10.261512756347656,12.621292114257812,1,1,CORRECT
e5,theoremqa_questions,TheoremQA_wenhuchen/kepler's_law1.json,76.9380111694336,2.4390029907226562,3.6439895629882812,0,0,CORRECT
e5,theoremqa_questions,TheoremQA_elainewan/math_calculus_5.json,80.663818359375,0.37212371826171875,5.412055969238281,0,0,CORRECT
e5,theoremqa_questions,TheoremQA_jianyu_xu/Stirling_number_second_kind_5.json,76.7961196899414,1.6349868774414062,2.7948074340820312,0,1,INCORRECT
e5,theoremqa_questions,TheoremQA_tonyxia/euler-graph2.json,76.36964416503906,3.4659957885742188,5.405693054199219,1,1,CORRECT
e5,theoremqa_questions,TheoremQA_jianyu_xu/Graph_2.json,79.74683380126953,4.445068359375,6.941917419433594,0,0,INCORRECT
e5,theoremqa_questions,TheoremQA_xinyi/dag_3.json,76.18177795410156,2.4048919677734375,3.3540115356445312,0,0,INCORRECT
e5,theoremqa_questions,TheoremQA_xueguangma/present_value_1.json,79.9325180053711,1.1881942749023438,3.1029205322265625,0,0,CORRECT
e5,theoremqa_questions,TheoremQA_jianyu_xu/Stirling_number_first_kind_6.json,84.53833770751953,1.7569427490234375,2.9337081909179688,0,0,CORRECT
e5,theoremqa_questions,TheoremQA_maxku/graphtheory4-vertexcover.json,74.90895080566406,2.2358856201171875,3.7252273559570312,0,1,CORRECT
e5,theoremqa_questions,TheoremQA_maxku/signalprocessing9-signalrep.json,76.1943588256836,1.9886550903320312,4.973846435546875,0,0,CORRECT
e5,theoremqa_questions,TheoremQA_xueguangma/dividend_discount_model_4.json,80.29310607910156,1.7499465942382812,3.0685653686523438,1,1,CORRECT
e5,theoremqa_questions,TheoremQA_jianyu_xu/Cayley_3.json,77.63628387451172,2.884979248046875,4.975166320800781,0,0,CORRECT
e5,theoremqa_questions,TheoremQA_xinyi/sum_product_algorithm.json,70.96343994140625,1.1950302124023438,2.9602584838867188,0,1,CORRECT
e5,theoremqa_questions,TheoremQA_jianyu_xu/Multinomial_1.json,83.25633239746094,4.4238433837890625,6.829124450683594,0,1,CORRECT
e5,theoremqa_questions,TheoremQA_jianyu_xu/Binomial_5.json,81.41928100585938,2.85089111328125,4.3790283203125,1,1,CORRECT
e5,theoremqa_questions,TheoremQA_wenhuchen/infinite_series_sum3.json,74.01283264160156,1.9025421142578125,3.5599288940429688,0,0,CORRECT
e5,theoremqa_questions,TheoremQA_wenhuchen/trapezoidal_rule3.json,80.54710388183594,4.895729064941406,6.3593902587890625,1,1,INCORRECT
e5,theoremqa_questions,TheoremQA_maxku/cv-colorsci3-rgb.json,75.51042175292969,0.5879745483398438,5.6458892822265625,0,1,CORRECT
e5,theoremqa_questions,TheoremQA_elainewan/math_calculus_3_8.json,77.96389770507812,2.9888839721679688,4.601997375488281,0,0,INCORRECT
e5,theoremqa_questions,TheoremQA_elainewan/econ_micro_7_2.json,73.90519714355469,1.2404251098632812,2.598663330078125,1,1,CORRECT
e5,theoremqa_questions,TheoremQA_panlu/similarity3.json,75.32554626464844,0.5027923583984375,3.4159927368164062,0,0,CORRECT
e5,theoremqa_questions,TheoremQA_maxku/cv-colorsci1-rgb.json,70.49869537353516,0.5357666015625,2.8732147216796875,0,1,CORRECT
e5,theoremqa_questions,TheoremQA_jianyu_xu/Multinomial_4.json,81.66968536376953,1.3578948974609375,3.6587905883789062,0,1,CORRECT
e5,theoremqa_questions,TheoremQA_xueguangma/effective_rates_1.json,79.92498016357422,0.44954681396484375,1.6314620971679688,0,0,CORRECT
e5,theoremqa_questions,TheoremQA_maxku/signalprocessing7-phaseshift.json,76.92520904541016,0.8037185668945312,3.9895858764648438,0,0,CORRECT
e5,theoremqa_questions,TheoremQA_maxku/cv-cnn1.json,73.34652709960938,1.2434616088867188,2.974365234375,0,1,INCORRECT
e5,theoremqa_questions,TheoremQA_wenhuchen/t_test3.json,74.54949951171875,6.467559814453125,7.89495849609375,1,1,INCORRECT
e5,theoremqa_questions,TheoremQA_maxku/fourier6-FT.json,69.21879577636719,0.400360107421875,2.4985275268554688,0,0,CORRECT
e5,theoremqa_questions,TheoremQA_wenhuchen/Poisson_process2.json,71.14710235595703,1.9946136474609375,3.7784347534179688,0,0,INCORRECT
e5,theoremqa_questions,TheoremQA_jianyu_xu/Binomial_4.json,79.406005859375,0.801239013671875,2.455413818359375,0,0,CORRECT
e5,theoremqa_questions,TheoremQA_jianyu_xu/pigeonhole_1.json,74.92142486572266,2.6663131713867188,4.835716247558594,1,1,CORRECT
e5,theoremqa_questions,TheoremQA_xinyi/neural_networks.json,68.4606704711914,0.44844818115234375,1.9144668579101562,0,1,CORRECT
e5,theoremqa_questions,TheoremQA_xinyi/kernel_1.json,74.61138153076172,1.2346878051757812,2.875030517578125,0,0,INCORRECT
e5,theoremqa_questions,TheoremQA_xueguangma/future_value_1.json,82.61488342285156,0.9569778442382812,2.6785507202148438,0,0,CORRECT
e5,theoremqa_questions,TheoremQA_wenhuchen/kepler's_law3.json,78.37980651855469,6.31744384765625,8.716461181640625,0,1,INCORRECT
e5,theoremqa_questions,TheoremQA_elainewan/math_calculus_2_6.json,74.8536605834961,0.8495864868164062,1.6778717041015625,0,0,INCORRECT
e5,theoremqa_questions,TheoremQA_wenhuchen/L'Hôpital_rule2.json,78.46994018554688,0.9484710693359375,5.683952331542969,0,0,INCORRECT
e5,theoremqa_questions,TheoremQA_wenhuchen/viterbi1.json,80.60826110839844,5.770591735839844,7.195243835449219,1,1,CORRECT
e5,theoremqa_questions,TheoremQA_wenhuchen/jensen2.json,74.74478149414062,1.1830062866210938,2.3259429931640625,0,0,CORRECT
e5,theoremqa_questions,TheoremQA_elainewan/econ_micro_11.json,76.89191436767578,0.43308258056640625,1.8856353759765625,0,0,CORRECT
e5,theoremqa_questions,TheoremQA_jianyu_xu/Ramsey_3.json,80.11214447021484,3.4097671508789062,4.568695068359375,1,1,CORRECT
e5,theoremqa_questions,TheoremQA_wenhuchen/newton2.json,79.74300384521484,2.151397705078125,3.2563629150390625,0,0,INCORRECT
e5,theoremqa_questions,TheoremQA_xueguangma/binomial_model_1.json,83.3638916015625,1.4878311157226562,3.268341064453125,0,0,INCORRECT
e5,theoremqa_questions,TheoremQA_jianyu_xu/Catalan_1.json,76.64889526367188,1.9029083251953125,3.6908645629882812,0,0,INCORRECT
e5,theoremqa_questions,TheoremQA_elainewan/math_abstact_algebra_7.json,81.17748260498047,0.6769485473632812,3.5817337036132812,0,0,CORRECT
e5,theoremqa_questions,TheoremQA_jianyu_xu/Multinomial_3.json,81.46630096435547,1.3953857421875,3.6158599853515625,0,1,CORRECT
e5,theoremqa_questions,TheoremQA_elainewan/econ_micro_18.json,78.03524017333984,2.2027206420898438,4.859832763671875,1,1,INCORRECT
e5,theoremqa_questions,TheoremQA_xueguangma/present_value_2.json,80.36682891845703,2.978546142578125,4.88946533203125,1,1,CORRECT
e5,theoremqa_questions,TheoremQA_tonyxia/semiconductor2.json,77.6164321899414,9.044868469238281,11.345726013183594,1,1,INCORRECT
e5,theoremqa_questions,TheoremQA_jianyu_xu/Binomial_3.json,84.36258697509766,5.952888488769531,8.515914916992188,0,0,CORRECT
e5,theoremqa_questions,TheoremQA_xinyi/rate_distortion_function_2.json,71.68724822998047,2.2708587646484375,7.299461364746094,1,1,CORRECT
e5,theoremqa_questions,TheoremQA_maxku/graphtheory11-shortestpath-hard.json,76.14466857910156,1.7964248657226562,3.785491943359375,1,1,INCORRECT
e5,theoremqa_questions,TheoremQA_maxku/signalprocessing2-DB.json,69.84400177001953,0.24786376953125,1.5536117553710938,0,1,CORRECT
e5,theoremqa_questions,TheoremQA_xueguangma/dividend_discount_model_1.json,77.51187133789062,0.5510025024414062,2.0078277587890625,1,1,INCORRECT
e5,theoremqa_questions,TheoremQA_wenhuchen/p_value2.json,87.4160385131836,6.99212646484375,8.773178100585938,1,1,CORRECT
e5,theoremqa_questions,TheoremQA_wenhuchen/jensen1.json,75.77481079101562,0.8271865844726562,2.1120681762695312,0,0,CORRECT
e5,theoremqa_questions,TheoremQA_maxku/signalprocessing14-Ztransform.json,71.06349182128906,2.2572784423828125,3.1924819946289062,1,1,CORRECT
e5,theoremqa_questions,TheoremQA_maxku/cv-imageprocessing8-fourier2.json,78.46145629882812,8.802581787109375,9.517623901367188,1,1,INCORRECT
e5,theoremqa_questions,TheoremQA_panlu/gravitational_force2.json,74.64563751220703,1.9631881713867188,7.343536376953125,0,1,CORRECT
e5,theoremqa_questions,TheoremQA_elainewan/math_calculus_11.json,77.31317901611328,0.506195068359375,1.8225784301757812,0,0,INCORRECT
e5,theoremqa_questions,TheoremQA_mingyin/Fundamental-Theorem-of-Calculus3.json,76.7490234375,1.9277420043945312,3.3487777709960938,1,1,INCORRECT
e5,theoremqa_questions,TheoremQA_wenhuchen/Liouville’s_theorem2.json,73.39756774902344,1.2697219848632812,3.241455078125,1,1,CORRECT
e5,theoremqa_questions,TheoremQA_tonyxia/maxplanar3.json,74.75010681152344,1.824066162109375,3.5509185791015625,0,0,CORRECT
e5,theoremqa_questions,TheoremQA_wenhuchen/series_convergen3.json,77.8006362915039,0.4272308349609375,1.8555984497070312,0,0,CORRECT
e5,theoremqa_questions,TheoremQA_jianyu_xu/Binomial_1.json,81.97254180908203,3.90716552734375,5.289337158203125,0,0,INCORRECT
e5,theoremqa_questions,TheoremQA_jianyu_xu/Binomial_6.json,84.68289184570312,6.832237243652344,10.918876647949219,0,0,CORRECT
e5,theoremqa_questions,TheoremQA_xueguangma/forward_price_3.json,78.4362564086914,1.5734176635742188,3.1173019409179688,0,0,INCORRECT
e5,theoremqa_questions,TheoremQA_maxku/fourier1-FS.json,79.44677734375,1.3514404296875,3.9046401977539062,0,0,CORRECT
e5,theoremqa_questions,TheoremQA_elainewan/math_algebra_4_3.json,73.87039947509766,0.884979248046875,2.4281387329101562,0,0,CORRECT
e5,theoremqa_questions,TheoremQA_mingyin/convexity1.json,72.08324432373047,0.9785232543945312,2.5481185913085938,1,1,CORRECT
e5,theoremqa_questions,TheoremQA_xueguangma/forward_rate_1.json,78.1772232055664,0.43062591552734375,1.6180801391601562,0,0,CORRECT
e5,theoremqa_questions,TheoremQA_xueguangma/intermediate_value_theorem.json,71.80842590332031,1.374969482421875,3.1839523315429688,0,0,CORRECT
e5,theoremqa_questions,TheoremQA_tonyxia/maxplanar1.json,76.97577667236328,2.357666015625,4.628501892089844,0,0,CORRECT
e5,theoremqa_questions,TheoremQA_elainewan/math_abstact_algebra_7_3.json,77.79463195800781,5.6961517333984375,6.879051208496094,1,1,CORRECT
e5,theoremqa_questions,TheoremQA_jianyu_xu/Multinomial_6.json,77.34318542480469,0.8039932250976562,1.4738845825195312,0,0,INCORRECT
e5,theoremqa_questions,TheoremQA_mingyin/Limit-of-sequence2.json,71.94279479980469,1.6802825927734375,2.198272705078125,0,0,INCORRECT
e5,theoremqa_questions,TheoremQA_maxku/cv-imageprocessing2-morphology.json,79.31048583984375,12.706268310546875,14.052421569824219,1,1,INCORRECT
e5,theoremqa_questions,TheoremQA_xinyi/dag_1.json,76.61924743652344,2.8775711059570312,4.55902099609375,0,1,CORRECT
e5,theoremqa_questions,TheoremQA_elainewan/math_algebra_7_2.json,71.4380111694336,2.6935806274414062,3.9824295043945312,0,0,INCORRECT
e5,theoremqa_questions,TheoremQA_wenhuchen/optics3.json,77.98358154296875,8.851905822753906,10.206016540527344,1,1,CORRECT
e5,theoremqa_questions,TheoremQA_maxku/graphtheory6-shortestpath.json,79.19505310058594,4.613288879394531,8.682785034179688,1,1,CORRECT
e5,theoremqa_questions,TheoremQA_xueguangma/geometric_brownian_motion.json,79.95145416259766,1.0391387939453125,2.8502960205078125,0,0,INCORRECT
e5,theoremqa_questions,TheoremQA_elainewan/math_calculus_2_7.json,68.96687316894531,1.1274261474609375,2.5305099487304688,0,0,INCORRECT
e5,theoremqa_questions,TheoremQA_mingyin/Limit-of-sequence3.json,79.98450469970703,0.180389404296875,3.47479248046875,0,0,CORRECT
e5,theoremqa_questions,TheoremQA_wenhuchen/Poisson_process3.json,75.16361999511719,0.9061126708984375,1.6509475708007812,0,0,INCORRECT
e5,theoremqa_questions,TheoremQA_maxku/graphtheory2-vertexcover.json,74.75334930419922,1.3821334838867188,2.8882522583007812,0,0,CORRECT
e5,theoremqa_questions,TheoremQA_xinyi/distortion_rate_function_2.json,83.73152923583984,7.202232360839844,11.712181091308594,1,1,CORRECT
e5,theoremqa_questions,TheoremQA_tonyxia/particle4.json,77.89964294433594,12.752372741699219,15.204086303710938,1,1,CORRECT
e5,theoremqa_questions,TheoremQA_jianyu_xu/Ramsey_5.json,76.54147338867188,2.1196365356445312,3.7054901123046875,1,1,INCORRECT
e5,theoremqa_questions,TheoremQA_jianyu_xu/Binomial_2.json,79.7124252319336,0.5981674194335938,4.6357574462890625,0,0,CORRECT
e5,theoremqa_questions,TheoremQA_jianyu_xu/Ramsey_6.json,77.6918716430664,3.0666046142578125,4.904914855957031,1,1,INCORRECT
e5,theoremqa_questions,TheoremQA_wenhuchen/series_convergen2.json,76.75747680664062,1.2740936279296875,2.4549407958984375,0,0,CORRECT
e5,theoremqa_questions,TheoremQA_xinyi/channel_capacity_3.json,74.40229034423828,4.036705017089844,5.8360595703125,1,1,INCORRECT
e5,theoremqa_theorems,TheoremQA_jianyu_xu/pigeonhole_3.json,70.79176330566406,1.5116653442382812,2.735260009765625,0,0,CORRECT
e5,theoremqa_questions,TheoremQA_xinyi/huffman_code_3.json,83.60801696777344,6.748992919921875,8.67388916015625,0,0,CORRECT
e5,theoremqa_theorems,TheoremQA_wenhuchen/definite_matrix1.json,79.37012481689453,7.74444580078125,9.716972351074219,0,1,INCORRECT
e5,theoremqa_theorems,TheoremQA_jianyu_xu/pigeonhole_2.json,76.50450134277344,4.790740966796875,6.629844665527344,0,1,INCORRECT
e5,theoremqa_theorems,TheoremQA_elainewan/math_algebra_1.json,73.5904769897461,1.8296737670898438,4.730415344238281,0,0,CORRECT
e5,theoremqa_theorems,TheoremQA_wenhuchen/eigen_value1.json,80.87225341796875,2.683319091796875,7.839286804199219,1,1,CORRECT
e5,theoremqa_theorems,TheoremQA_wenhuchen/L'Hôpital_rule1.json,73.1350326538086,1.3386383056640625,3.1754150390625,0,0,CORRECT
e5,theoremqa_questions,TheoremQA_panlu/wave_length1.json,75.21566009521484,2.7645492553710938,4.8008575439453125,0,0,CORRECT
e5,theoremqa_questions,TheoremQA_xinyi/rate_distortion_function_1.json,76.14596557617188,1.5421066284179688,4.0159912109375,1,1,CORRECT
e5,theoremqa_theorems,TheoremQA_elainewan/math_algebra_1_2.json,74.37812805175781,2.6863174438476562,5.201866149902344,0,0,CORRECT
e5,theoremqa_theorems,TheoremQA_elainewan/math_calculus_2_11.json,73.36785888671875,1.646331787109375,2.548583984375,1,1,CORRECT
e5,theoremqa_theorems,TheoremQA_elainewan/math_algebra_4.json,79.13815307617188,2.1006317138671875,4.5396728515625,0,1,CORRECT
e5,theoremqa_theorems,TheoremQA_panlu/similarity2.json,75.73929595947266,2.043304443359375,3.8420791625976562,0,0,CORRECT
e5,theoremqa_theorems,TheoremQA_xinyi/maximum_entropy_2.json,75.03192138671875,1.6021652221679688,4.9463043212890625,0,1,CORRECT
e5,theoremqa_theorems,TheoremQA_maxku/signalprocessing11-nyquist.json,70.16889190673828,1.0893936157226562,4.009590148925781,1,1,CORRECT
e5,theoremqa_theorems,TheoremQA_wenhuchen/Liouville’s_theorem1.json,78.82589721679688,4.9540557861328125,7.3282318115234375,1,1,CORRECT
e5,theoremqa_theorems,TheoremQA_jianyu_xu/Stirling_number_first_kind_5.json,72.58089447021484,1.79443359375,3.5175094604492188,0,0,INCORRECT
e5,theoremqa_theorems,TheoremQA_maxku/ipnetwork13-hammingdist.json,72.15959167480469,2.5604324340820312,3.712799072265625,0,0,CORRECT
e5,theoremqa_theorems,TheoremQA_panlu/rigid-body3.json,70.3848876953125,1.5352325439453125,4.169921875,1,1,CORRECT
e5,theoremqa_theorems,TheoremQA_mingyin/series2.json,75.08782196044922,1.5653152465820312,2.5844039916992188,0,0,CORRECT
e5,theoremqa_theorems,TheoremQA_wenhuchen/ODE2.json,71.74934387207031,0.5929031372070312,2.7419281005859375,0,0,INCORRECT
e5,theoremqa_theorems,TheoremQA_mingyin/Lebesgue-measure1.json,78.60414123535156,1.6217117309570312,4.3171234130859375,1,1,CORRECT
e5,theoremqa_theorems,TheoremQA_xinyi/linear_projection.json,75.08800506591797,1.14715576171875,2.70062255859375,1,1,CORRECT
e5,theoremqa_theorems,TheoremQA_xueguangma/taylors_approximation_theorem.json,75.35542297363281,2.45404052734375,4.3831024169921875,0,0,CORRECT
e5,theoremqa_theorems,TheoremQA_elainewan/math_algebra_5.json,76.1559829711914,1.36297607421875,4.231636047363281,1,1,CORRECT
e5,theoremqa_theorems,TheoremQA_mingyin/cauchy-integral-theorem1.json,80.80497741699219,1.9530258178710938,5.7853546142578125,1,1,INCORRECT
e5,theoremqa_theorems,TheoremQA_wenhuchen/ODE3.json,70.98995208740234,2.0843887329101562,3.2652587890625,0,0,INCORRECT
e5,theoremqa_theorems,TheoremQA_jianyu_xu/Ramsey_4.json,71.83909606933594,2.163421630859375,3.9729080200195312,1,1,CORRECT
e5,theoremqa_theorems,TheoremQA_jianyu_xu/Ramsey_2.json,73.62479400634766,2.27227783203125,4.069541931152344,1,1,CORRECT
e5,theoremqa_theorems,TheoremQA_wenhuchen/t_test1.json,70.2013931274414,1.6088485717773438,3.3428268432617188,1,1,INCORRECT
e5,theoremqa_theorems,TheoremQA_wenhuchen/viterbi2.json,71.40542602539062,2.4102630615234375,4.247184753417969,1,1,INCORRECT
e5,theoremqa_theorems,TheoremQA_elainewan/math_algebra_3_2.json,78.07401275634766,3.1665267944335938,4.801841735839844,0,0,CORRECT
e5,theoremqa_theorems,TheoremQA_elainewan/math_calculus_12.json,73.87967681884766,2.9127883911132812,6.529701232910156,0,0,INCORRECT
e5,theoremqa_theorems,TheoremQA_elainewan/econ_micro_7.json,70.96357727050781,1.3474655151367188,4.075508117675781,0,1,CORRECT
e5,theoremqa_theorems,TheoremQA_wenhuchen/cauchy_integral1.json,74.14239501953125,1.9888687133789062,3.8505020141601562,0,1,CORRECT
e5,theoremqa_theorems,TheoremQA_xinyi/dag_2.json,75.08634185791016,2.5494766235351562,4.777839660644531,0,0,CORRECT
e5,theoremqa_theorems,TheoremQA_wenhuchen/Rolle's_theorem.json,74.94120025634766,1.4808197021484375,3.3713912963867188,0,1,CORRECT
e5,theoremqa_theorems,TheoremQA_jianyu_xu/Stirling_number_second_kind_3.json,70.95896911621094,0.5030364990234375,2.551025390625,0,1,CORRECT
e5,theoremqa_theorems,TheoremQA_jianyu_xu/Multinomial_2.json,71.837890625,1.6082229614257812,3.3134384155273438,0,0,CORRECT
e5,theoremqa_theorems,TheoremQA_wenhuchen/t_test2.json,67.91194915771484,1.93487548828125,4.022087097167969,1,1,INCORRECT
e5,theoremqa_theorems,TheoremQA_jianyu_xu/Catalan_2.json,72.63384246826172,1.72454833984375,3.5820693969726562,0,0,CORRECT
e5,theoremqa_theorems,TheoremQA_jianyu_xu/Stirling_number_second_kind_5.json,72.4269027709961,0.9099578857421875,2.7484970092773438,1,1,INCORRECT
e5,theoremqa_theorems,TheoremQA_wenhuchen/kepler's_law1.json,73.28848266601562,4.578277587890625,7.489158630371094,1,1,CORRECT
e5,theoremqa_theorems,TheoremQA_jianyu_xu/pigeonhole_4.json,75.76873016357422,8.421104431152344,10.499443054199219,1,1,CORRECT
e5,theoremqa_theorems,TheoremQA_xinyi/dag_3.json,73.672119140625,1.13677978515625,3.370697021484375,0,0,INCORRECT
e5,theoremqa_theorems,TheoremQA_jianyu_xu/Graph_2.json,73.22249603271484,2.5386428833007812,3.8728256225585938,1,1,CORRECT
e5,theoremqa_theorems,TheoremQA_panlu/similarity3.json,76.03668975830078,2.3569717407226562,4.927726745605469,0,1,CORRECT
e5,theoremqa_theorems,TheoremQA_jianyu_xu/Multinomial_1.json,72.33750915527344,2.0024490356445312,4.218818664550781,1,1,CORRECT
e5,theoremqa_theorems,TheoremQA_jianyu_xu/Cayley_3.json,73.63947296142578,1.8963699340820312,3.92181396484375,1,1,CORRECT
e5,theoremqa_theorems,TheoremQA_elainewan/math_calculus_3_8.json,76.68621063232422,3.6868667602539062,6.582359313964844,0,0,INCORRECT
e5,theoremqa_theorems,TheoremQA_wenhuchen/trapezoidal_rule3.json,74.39936065673828,2.0554733276367188,4.9524383544921875,1,1,INCORRECT
e5,theoremqa_theorems,TheoremQA_jianyu_xu/Binomial_5.json,74.67659759521484,3.3547134399414062,6.4672088623046875,1,1,CORRECT
e5,theoremqa_theorems,TheoremQA_wenhuchen/t_test3.json,65.00270080566406,1.3394737243652344,3.1757431030273438,1,1,CORRECT
e5,theoremqa_theorems,TheoremQA_wenhuchen/kepler's_law3.json,78.84748840332031,7.540016174316406,13.554718017578125,1,1,CORRECT
e5,theoremqa_theorems,TheoremQA_jianyu_xu/Binomial_4.json,72.98699951171875,3.644073486328125,6.614227294921875,0,1,CORRECT
e5,theoremqa_theorems,TheoremQA_jianyu_xu/Multinomial_4.json,74.392578125,0.8761825561523438,3.2162628173828125,0,0,CORRECT
e5,theoremqa_theorems,TheoremQA_jianyu_xu/pigeonhole_1.json,72.48604583740234,2.0728759765625,5.648887634277344,1,1,CORRECT
e5,theoremqa_theorems,TheoremQA_jianyu_xu/Catalan_1.json,71.1384506225586,0.31037139892578125,1.4847030639648438,0,1,CORRECT
e5,theoremqa_theorems,TheoremQA_jianyu_xu/Ramsey_3.json,73.26683807373047,1.7639617919921875,3.4801254272460938,1,1,CORRECT
e5,theoremqa_theorems,TheoremQA_jianyu_xu/Binomial_3.json,71.84294128417969,1.4734954833984375,4.8694305419921875,0,1,CORRECT
e5,theoremqa_theorems,TheoremQA_panlu/gravitational_force2.json,73.35376739501953,3.4124526977539062,7.906791687011719,0,1,INCORRECT
e5,theoremqa_theorems,TheoremQA_jianyu_xu/Multinomial_3.json,73.50849151611328,0.5594406127929688,2.4499282836914062,0,0,CORRECT
e5,theoremqa_theorems,TheoremQA_wenhuchen/jensen1.json,73.30882263183594,1.4048385620117188,2.9399566650390625,0,0,CORRECT
e5,theoremqa_theorems,TheoremQA_mingyin/Fundamental-Theorem-of-Calculus3.json,76.33387756347656,1.4825286865234375,2.234710693359375,0,0,INCORRECT
e5,theoremqa_theorems,TheoremQA_wenhuchen/Liouville’s_theorem2.json,73.02472686767578,0.8792495727539062,2.2570571899414062,1,1,CORRECT
e5,theoremqa_theorems,TheoremQA_elainewan/math_algebra_4_3.json,77.36524200439453,1.7545852661132812,3.5641021728515625,0,0,CORRECT
e5,theoremqa_theorems,TheoremQA_elainewan/math_algebra_7_2.json,73.677978515625,0.924224853515625,2.9944305419921875,0,1,CORRECT
e5,theoremqa_theorems,TheoremQA_xueguangma/intermediate_value_theorem.json,72.07283020019531,1.2049407958984375,2.5242996215820312,1,1,CORRECT
e5,theoremqa_theorems,TheoremQA_jianyu_xu/Binomial_6.json,71.98054504394531,2.486907958984375,4.254997253417969,0,1,CORRECT
e5,theoremqa_theorems,TheoremQA_tonyxia/maxplanar3.json,74.7208480834961,4.130340576171875,5.500091552734375,1,1,CORRECT
e5,theoremqa_theorems,TheoremQA_elainewan/math_calculus_2_7.json,72.74244689941406,1.6904296875,3.2901535034179688,0,0,CORRECT
e5,theoremqa_theorems,TheoremQA_tonyxia/maxplanar1.json,75.9850845336914,3.3438796997070312,4.936767578125,1,1,CORRECT
e5,theoremqa_theorems,TheoremQA_mingyin/convexity1.json,76.1529312133789,1.2550735473632812,3.434844970703125,0,1,CORRECT
e5,theoremqa_theorems,TheoremQA_jianyu_xu/Multinomial_6.json,75.64601135253906,2.3665695190429688,5.351806640625,0,0,INCORRECT
e5,theoremqa_theorems,TheoremQA_xinyi/dag_1.json,74.04444122314453,0.5555496215820312,2.2784805297851562,0,0,CORRECT
e5,theoremqa_theorems,TheoremQA_jianyu_xu/Binomial_2.json,73.4061279296875,2.7085723876953125,4.534446716308594,0,0,CORRECT
e5,theoremqa_theorems,TheoremQA_wenhuchen/series_convergen2.json,76.80289459228516,0.8950042724609375,2.3339080810546875,0,0,CORRECT
e5,theoremqa_theorems,TheoremQA_jianyu_xu/Ramsey_6.json,74.16309356689453,2.1579208374023438,4.221549987792969,1,1,CORRECT
e5,theoremqa_theorems,TheoremQA_jianyu_xu/Ramsey_5.json,72.08055877685547,2.5750885009765625,4.184104919433594,1,1,CORRECT
