retriever,task,query_id,max_score,gap_ctx,gap_25,retrieval_success_5,retrieval_success_25,judgment
rader,biology,12,0.8581525823948678,0.0046704127826325825,0.02029165525080978,0,0,INCORRECT
rader,biology,8,0.8609582640411195,0.04018567878999446,0.062453002106782285,0,1,INCORRECT
rader,biology,4,0.8700052645790186,0.04934368376665921,0.08433084607372132,1,1,CORRECT
rader,biology,5,0.8731548819240152,0.05272224596973618,0.08537464113283644,1,1,CORRECT
rader,biology,0,0.7755625024367436,0.02720291052828705,0.04081069462368492,1,1,INCORRECT
rader,biology,11,0.7514241572950341,0.022858585548198307,0.0431236124139498,1,1,INCORRECT
rader,biology,13,0.8179733803321493,0.019574587411990474,0.038237111867316265,1,1,INCORRECT
rader,biology,7,0.8799326175819582,0.02176844992139404,0.1290865340282319,1,1,CORRECT
rader,biology,1,0.8667399822257803,0.029532835199633567,0.08673499473109114,1,1,CORRECT
rader,biology,2,0.8356098269184865,0.04362916142079065,0.06342660376191667,0,1,INCORRECT
rader,biology,3,0.8681638439423087,0.03230391617459605,0.07252989547938304,1,1,CORRECT
rader,biology,6,0.8585740905630975,0.00846658293229674,0.028217299470193136,1,1,CORRECT
rader,biology,10,0.856284925880964,0.06168833740494184,0.07204920184030206,1,1,CORRECT
rader,biology,14,0.8380394851801203,0.015264884201395268,0.038884720766196534,1,1,CORRECT
rader,biology,15,0.8197194814295179,0.006316547734264044,0.02418966263660094,1,1,CORRECT
rader,biology,9,0.828679558028992,0.01137114661646299,0.026888482954179782,0,1,CORRECT
rader,biology,20,0.8503581797736046,0.008536771751090688,0.038997756501038316,0,1,INCORRECT
rader,biology,16,0.8407910443596868,0.011384532215540921,0.047734213379813206,0,1,INCORRECT
rader,biology,18,0.7953669773381049,0.019070074853182573,0.03628209248369385,0,1,CORRECT
rader,biology,24,0.8512382884139934,0.03410817187141346,0.0536162172234419,1,1,CORRECT
rader,biology,19,0.8915034225364058,0.05354935848630482,0.07935257888456693,1,1,CORRECT
rader,biology,22,0.7816655066898939,0.03404250403101072,0.06107518121449873,1,1,CORRECT
rader,biology,23,0.7842344355549622,0.004302047115347429,0.01566842619711295,0,0,CORRECT
rader,biology,25,0.863804814250686,0.032924410925217806,0.06446125336965547,1,1,CORRECT
rader,biology,28,0.8655075789726596,0.03445094326555287,0.06831608535974243,0,1,CORRECT
rader,biology,21,0.8796747208383657,0.016103458283663774,0.07305212096103608,1,1,CORRECT
rader,biology,26,0.8028820807816824,0.010152841437170101,0.025138009438816056,0,1,INCORRECT
rader,biology,29,0.8698953412613527,0.0036518726235904575,0.05659201194713148,0,1,INCORRECT
rader,biology,31,0.8625140123594882,0.014672166081995397,0.0521574429578876,0,1,CORRECT
rader,biology,30,0.8814940013224084,0.029666959111846802,0.060548938112011896,1,1,CORRECT
rader,biology,27,0.7858683701089233,0.012840694811041442,0.031295040639761074,0,1,CORRECT
rader,biology,17,0.8659907158848058,0.011994154778482646,0.04005818757108903,1,1,CORRECT
rader,biology,46,0.8282905817465058,0.009787843267566987,0.022506833502700885,0,0,CORRECT
rader,biology,34,0.8532249948559228,0.014900235463709222,0.045746173281075,0,0,INCORRECT
rader,biology,33,0.8550636326134727,0.011361742974277722,0.02167051745801285,0,0,CORRECT
rader,biology,36,0.8238334893910043,0.004532422144916004,0.013956341774475023,0,0,CORRECT
rader,biology,32,0.8050110433921581,0.01921170793011695,0.04671884929530001,0,1,CORRECT
rader,biology,42,0.8449036074293766,0.005913234285954361,0.02179104883477334,0,1,CORRECT
rader,biology,44,0.8453777445350085,0.025983725543644254,0.05920867088731263,0,0,INCORRECT
rader,biology,41,0.8672792967660506,0.016105247372905418,0.03924045423980638,0,1,CORRECT
rader,biology,43,0.8464824627957904,0.03463724391954037,0.05371092155212165,0,0,CORRECT
rader,biology,37,0.7668576313559766,0.014417262502178896,0.032492985884206904,1,1,CORRECT
rader,biology,38,0.8435346531269204,0.02003827067863817,0.04480200029783166,1,1,CORRECT
rader,biology,47,0.8608954587575927,0.006367940165766028,0.07698676580974961,0,1,CORRECT
rader,biology,40,0.8965159425974862,0.018319510105151537,0.03769487706008534,0,0,CORRECT
rader,biology,39,0.8709838796616668,0.004456384527694479,0.01723693572404894,0,0,INCORRECT
rader,biology,45,0.7948278382539157,0.028749084605015685,0.04573984165916711,1,1,CORRECT
rader,biology,35,0.8576369580624987,0.021152398451189658,0.07679163154895197,1,1,CORRECT
rader,biology,48,0.7833033025700618,0.014479415984193111,0.03724825847796309,1,1,CORRECT
rader,biology,49,0.8826776340747955,0.01940005460899208,0.03713905601987855,0,0,INCORRECT
rader,biology,50,0.8926812278329805,0.01021497462576848,0.04773692950857722,0,0,CORRECT
rader,biology,51,0.8566398150891907,0.012218361334287997,0.04349543607723416,0,0,CORRECT
rader,biology,53,0.8219909602751821,0.023125708148525215,0.04241374699398581,0,1,CORRECT
rader,biology,52,0.8529874103751891,0.015052852615012435,0.050297813012348924,0,1,CORRECT
rader,biology,54,0.8554568522427416,0.024497754968855978,0.05625548966477012,0,1,CORRECT
rader,biology,64,0.8341092772852191,0.03012280295920977,0.06831375396250594,0,1,CORRECT
rader,biology,59,0.8565350332569814,0.026576987563747823,0.05178115844320674,0,1,CORRECT
rader,biology,56,0.9006890065699604,0.03411693409349548,0.06752850005505029,0,0,CORRECT
rader,biology,58,0.816952770812246,0.006049916009014389,0.032305464725826294,0,1,CORRECT
rader,biology,62,0.8867649868115896,0.017802735752729615,0.03215578209027026,0,1,CORRECT
rader,biology,60,0.8355624156554307,0.03408736882223651,0.07150262782695282,0,0,CORRECT
rader,biology,57,0.8291351492798289,0.014228035222038526,0.05323416502378564,1,1,CORRECT
rader,biology,61,0.8220522308267773,0.03082551256636301,0.057195339828319036,1,1,CORRECT
rader,biology,67,0.7804740846251733,0.005997533976525138,0.025592670547781804,0,1,CORRECT
rader,biology,55,0.8055636675790394,0.019399069756856346,0.04220125592438917,1,1,CORRECT
rader,biology,70,0.8515329413998542,0.015352822390172105,0.02858841044720717,0,1,INCORRECT
rader,biology,75,0.8461480381077116,0.04508609464154645,0.06317426651365643,0,1,INCORRECT
rader,biology,65,0.8280763236267,0.0074471453919982,0.05543276013150433,1,1,CORRECT
rader,biology,66,0.8219681456132126,0.05587722336582168,0.08458210199765048,1,1,CORRECT
rader,biology,63,0.8063300358689929,0.03259666044197784,0.04844688862388247,1,1,CORRECT
rader,biology,74,0.8157898898699582,0.04028572180612633,0.06235632539842684,1,1,CORRECT
rader,biology,69,0.8975229157672915,0.016788402333334895,0.05718253950890495,0,1,INCORRECT
rader,biology,76,0.8326753006443116,0.017131709433707232,0.03019429353013825,0,0,INCORRECT
rader,biology,68,0.8546941477204653,0.009119966838938565,0.02679833214877969,0,0,INCORRECT
rader,biology,71,0.8718104106282296,0.01290994780352539,0.031435672950901106,0,0,INCORRECT
rader,biology,80,0.8789076419480498,0.03691668584222374,0.06499663080634122,0,0,INCORRECT
rader,biology,81,0.8463869368573138,0.010464761205956186,0.01991005513765054,0,0,CORRECT
rader,biology,72,0.8361704250363723,0.010215787126453546,0.03139790883178972,1,1,CORRECT
rader,biology,78,0.8951237857257613,0.015546011167815288,0.025252084803022656,1,1,CORRECT
rader,biology,82,0.7901566823610718,0.006569468996416528,0.03278823090108052,0,1,CORRECT
rader,biology,73,0.8476124537308246,0.062329105527024864,0.09115199237027238,0,0,CORRECT
rader,biology,77,0.856086082316745,0.0187561949982753,0.03733510052859812,0,0,CORRECT
rader,biology,79,0.8212210324874208,0.022756978408669748,0.043348084829690325,0,1,INCORRECT
rader,biology,85,0.8639544928866559,0.027170822873998413,0.045115388594536676,0,0,CORRECT
rader,biology,84,0.8837205026354003,0.04250304249280956,0.06159742263871548,1,1,CORRECT
rader,biology,93,0.8435596405136203,0.021603510573361517,0.040264064551529755,0,0,INCORRECT
rader,biology,88,0.906365165265013,0.030925926785062563,0.05409289536518669,0,0,CORRECT
rader,biology,89,0.8628463636060031,0.020567722809205824,0.04138774350974572,0,1,INCORRECT
rader,biology,91,0.8850743748988534,0.029298102058571085,0.06987472708449072,0,0,CORRECT
rader,biology,86,0.8532649563803437,0.005985822324391377,0.04093648122438054,1,1,CORRECT
rader,biology,83,0.8482482410978599,0.0071355367879627485,0.0414722167678524,0,1,INCORRECT
rader,biology,87,0.83821498678889,0.013991952010433573,0.047713247352784594,0,1,CORRECT
rader,biology,97,0.8431208488440752,0.016246213488482986,0.04956309046747265,1,1,CORRECT
rader,biology,92,0.8277126194219195,0.0074423673183858785,0.017861230107877657,0,0,CORRECT
rader,biology,94,0.8697371137429698,0.04559894037370249,0.06882260849766086,1,1,CORRECT
rader,biology,99,0.8304735589512957,0.05050815622464189,0.07568959385689022,1,1,CORRECT
rader,biology,95,0.8616199165073748,0.05994582255390046,0.07884285746234121,0,0,INCORRECT
rader,biology,98,0.8472478602810875,0.013917876552804409,0.04391011976108228,0,0,CORRECT
rader,biology,96,0.8423188065776026,0.011336849454567588,0.028996652246586097,1,1,CORRECT
rader,biology,101,0.8469888135728901,0.022522232187939584,0.03706586515456889,0,1,CORRECT
rader,biology,100,0.8669458085168608,0.05151475640087133,0.08089631294730282,1,1,CORRECT
rader,biology,90,0.7948152722798193,0.018020105864664626,0.03728653175440644,0,0,CORRECT
rader,aops,math_train_counting_and_probability_5024,0.7813514138185017,0.0029634040467010347,0.03400057153967806,0,0,INCORRECT
rader,aops,math_test_intermediate_algebra_1179,0.8235084817755426,0.007698684307730463,0.03863414335027249,0,1,INCORRECT
rader,aops,math_train_number_theory_7095,0.845482501148123,0.01915159261202437,0.0520373517864795,0,0,INCORRECT
rader,biology,102,0.8486872464361079,0.014175879029366456,0.0605017975045985,0,0,INCORRECT
rader,aops,aops_2019_AMC_12A_Problems/Problem_17,0.8371316651359778,0.004803628412673788,0.031626311724719414,0,1,INCORRECT
rader,aops,math_train_intermediate_algebra_513,0.8379806383714645,0.011037669019898444,0.03511295491196276,0,0,CORRECT
rader,aops,aops_2015_AMC_10B_Problems/Problem_15,0.8304274871239329,0.005947636437499515,0.016392397418340643,0,0,INCORRECT
rader,aops,math_train_number_theory_839,0.8596152486368525,0.0171227354447262,0.029689780944952116,0,0,INCORRECT
rader,aops,math_train_number_theory_7012,0.8496380037771788,0.00425111897577557,0.02235128660277652,0,0,INCORRECT
rader,aops,aops_2008_AMC_12A_Problems/Problem_15,0.8991208621187871,0.0038803768177344544,0.011751671820814491,0,0,INCORRECT
rader,aops,math_train_number_theory_7030,0.883573020419463,0.06108280770566832,0.07846495386187113,0,0,INCORRECT
rader,aops,aops_2005_IMO_Problems/Problem_4,0.8743694224709891,0.026292886386720116,0.04876516130216002,0,1,INCORRECT
rader,aops,aops_2000_AIME_I_Problems/Problem_9,0.8724213728228153,0.023610397233197244,0.04090951838746826,0,0,INCORRECT
rader,aops,aops_2021_AIME_I_Problems/Problem_14,0.8556186604426765,0.007350842416003811,0.018554799484241324,0,1,INCORRECT
rader,aops,math_train_number_theory_7016,0.8030572689460966,0.02876560337948697,0.04710441453943759,0,0,INCORRECT
rader,aops,aops_2008_AMC_12B_Problems/Problem_16,0.845301765491242,0.02045963970579645,0.030644157604582056,0,0,INCORRECT
rader,aops,aops_2004_AIME_I_Problems/Problem_10,0.8368045430305794,0.015522093316897578,0.03317998030112612,1,1,INCORRECT
rader,aops,math_train_geometry_6018,0.8298419077608783,0.03164984536027016,0.04264660407943077,0,0,INCORRECT
rader,aops,math_train_geometry_6173,0.8518051142161328,0.022292948455982398,0.03666037444256931,1,1,INCORRECT
rader,aops,math_train_counting_and_probability_5035,0.8420071552762102,0.03939738458929676,0.07289439030446154,1,1,INCORRECT
rader,aops,aops_2024_AIME_I_Problems/Problem_13,0.8500965264344545,0.025128316301831877,0.03791651294118159,1,1,INCORRECT
rader,aops,aops_2005_USAMO_Problems/Problem_2,0.8473388758666064,0.02026127987419457,0.038278879275167266,0,0,INCORRECT
rader,aops,aops_2023_AIME_I_Problems/Problem_5,0.8276340922256347,0.013653476778043627,0.03633172098726378,0,1,INCORRECT
rader,aops,math_test_geometry_454,0.8880485932959074,0.02138500101133667,0.06731334770653041,0,0,INCORRECT
rader,aops,aops_2017_AMC_10B_Problems/Problem_14,0.8832674153943023,0.005048269973229824,0.013365921275197867,0,0,INCORRECT
rader,aops,math_train_counting_and_probability_5011,0.748900622459764,0.01582987506788036,0.024858750028990073,0,0,INCORRECT
rader,aops,aops_2019_AMC_8_Problems/Problem_25,0.8676174263843517,0.028987078191469284,0.06858002167021271,0,1,CORRECT
rader,aops,aops_2007_AIME_I_Problems/Problem_10,0.8245552544701459,0.004467979965747326,0.04946262119401856,0,0,INCORRECT
rader,aops,math_test_counting_and_probability_1009,0.8623496711180967,0.03270957777863159,0.044004050378711024,1,1,CORRECT
rader,aops,aops_2018_AMC_8_Problems/Problem_23,0.863351929877963,0.008694432903548877,0.03143517911592708,0,0,INCORRECT
rader,aops,math_train_counting_and_probability_5131,0.8606487881083181,0.04490227012490178,0.07133282667776997,0,1,INCORRECT
rader,aops,aops_2001_AMC_10_Problems/Problem_19,0.8742211564766877,0.003926635504271303,0.034611242781979135,0,0,CORRECT
rader,aops,aops_2018_AMC_10A_Problems/Problem_11,0.8891735562343824,0.025099813639962276,0.05339466467942755,0,0,INCORRECT
rader,aops,aops_1959_IMO_Problems/Problem_1,0.8404566081420698,0.01673608867130738,0.030263688250347198,1,1,CORRECT
rader,aops,aops_2020_AMC_10B_Problems/Problem_25,0.8294757360329134,0.01033984492151252,0.019558513043572923,0,0,INCORRECT
rader,aops,aops_2020_AMC_10A_Problems/Problem_24,0.8833985963911232,0.004470905243636136,0.03142230421856551,0,0,INCORRECT
rader,aops,aops_2021_AIME_II_Problems/Problem_9,0.8497302046702228,0.010815711678618944,0.02530935812976276,1,1,INCORRECT
rader,aops,aops_2021_AIME_I_Problems/Problem_10,0.8339497421354214,0.035366397672749295,0.04427859808884438,0,0,INCORRECT
rader,aops,math_train_number_theory_7003,0.8383557596762974,0.002799756102556894,0.024056266254656955,0,1,CORRECT
rader,aops,aops_2007_iTest_Problems/Problem_6,0.891888268781238,0.00430873004437804,0.04277256390740647,0,0,INCORRECT
rader,aops,math_test_counting_and_probability_838,0.8951686814886365,0.045787540624532386,0.06690283475450631,1,1,INCORRECT
rader,aops,math_train_number_theory_7066,0.869239531665169,0.000924335414489108,0.024114306345002,0,0,INCORRECT
rader,aops,aops_1987_IMO_Problems/Problem_1,0.8388788259007087,0.01679024085847225,0.040408492127318896,0,0,INCORRECT
rader,aops,aops_2000_AMC_12_Problems/Problem_4,0.8282422931305072,0.0068280766218814515,0.024626493710996566,0,0,INCORRECT
rader,aops,math_train_intermediate_algebra_659,0.8305428064074142,0.02093280830152966,0.03918518865764509,0,0,INCORRECT
rader,aops,aops_2020_AMC_8_Problems/Problem_12,0.899721547714104,0.027994207912649727,0.056646393021102415,1,1,CORRECT
rader,aops,aops_1990_AIME_Problems/Problem_9,0.8721810587980419,0.0721231323997471,0.09283691568156405,0,0,INCORRECT
rader,aops,math_train_intermediate_algebra_477,0.8869580239895796,0.05619877154750552,0.08334140884898744,0,0,INCORRECT
rader,aops,aops_2020_AIME_II_Problems/Problem_9,0.8071869626598533,0.004077306983489959,0.026115740026436574,0,0,INCORRECT
rader,aops,aops_2005_AMC_12A_Problems/Problem_18,0.8968323860417351,0.009420640618007292,0.03173304853367431,0,0,INCORRECT
rader,aops,aops_2011_AMC_8_Problems/Problem_6,0.8726259590780103,0.0029657739812363193,0.012119685447061768,0,0,CORRECT
rader,aops,aops_1981_IMO_Problems/Problem_3,0.8094050767486874,0.015533567595481967,0.026493208962162895,0,0,INCORRECT
rader,aops,math_train_counting_and_probability_5045,0.8711068526949691,0.0029451739930671517,0.011644208533155176,0,0,INCORRECT
rader,aops,math_train_counting_and_probability_5047,0.8355599204130908,0.004278183846024963,0.013536196818689561,0,0,INCORRECT
rader,aops,math_train_counting_and_probability_5048,0.8324656629943156,0.004833126894576267,0.016723680953646625,0,0,INCORRECT
rader,aops,aops_2017_AMC_10B_Problems/Problem_13,0.9078473089901017,0.0019263973605296858,0.012602696247127065,0,0,INCORRECT
rader,aops,aops_2017_AIME_II_Problems/Problem_1,0.844326649910871,0.0073711152182164286,0.014642563837981792,0,0,INCORRECT
rader,aops,aops_2007_AIME_II_Problems/Problem_10,0.8908206816085189,0.011860669627751008,0.05916757741150702,0,0,INCORRECT
rader,aops,math_test_counting_and_probability_1003,0.8497858557091293,0.012643338783411173,0.026149508130781873,0,0,CORRECT
rader,aops,math_test_counting_and_probability_430,0.8196939750392129,0.006764655335592118,0.015543327314399114,0,0,INCORRECT
rader,aops,math_test_prealgebra_1987,0.8270132535085422,0.007410652759509029,0.01941929000518583,1,1,INCORRECT
rader,aops,aops_1971_AHSME_Problems/Problem_26,0.9230209918973551,0.02060569983808791,0.08053771454023917,1,1,INCORRECT
rader,aops,math_train_geometry_317,0.8721252316785548,0.04194954114734739,0.05490966587479884,0,1,INCORRECT
rader,aops,math_train_geometry_6060,0.8626044748829608,0.01368543125871613,0.04668875628658442,0,1,INCORRECT
rader,aops,aops_1988_AIME_Problems/Problem_12,0.8528232081724487,0.029848287172764554,0.06069997005789096,1,1,INCORRECT
rader,aops,aops_2016_AMC_10A_Problems/Problem_19,0.8869386337229532,0.013147549047548557,0.06651650034723067,1,1,INCORRECT
rader,aops,math_train_intermediate_algebra_2060,0.8758171094701629,0.03918289363549121,0.054421624614473085,0,0,INCORRECT
rader,aops,math_train_geometry_6022,0.8519748699892625,0.035180572573924485,0.06385713860897857,1,1,INCORRECT
rader,aops,math_train_geometry_6115,0.8875032825427184,0.020384062495554467,0.07090217281942945,1,1,INCORRECT
rader,aops,math_train_geometry_6116,0.8869207904373447,0.030942541157396475,0.06246822441621702,1,1,INCORRECT
rader,aops,aops_1985_AIME_Problems/Problem_6,0.8359952836016304,0.029607846518738823,0.05348966929745491,1,1,INCORRECT
rader,aops,math_train_algebra_2521,0.8618613537025617,0.0037885244126584228,0.03185164630156212,0,0,CORRECT
rader,aops,math_test_intermediate_algebra_951,0.8746606795580716,0.01977724622042243,0.036584371065110144,0,0,INCORRECT
rader,aops,aops_2009_AMC_12A_Problems/Problem_17,0.8744259030591062,0.043100034959539735,0.07277498056415621,1,1,INCORRECT
rader,aops,aops_2021_Fall_AMC_12A_Problems/Problem_12,0.8515821625697435,0.008312425349642827,0.05412143281737791,0,0,INCORRECT
rader,aops,math_train_intermediate_algebra_1822,0.8259828074827751,0.011740430436268712,0.04251556260874312,0,0,INCORRECT
rader,aops,math_train_number_theory_7078,0.8100313571874171,0.009703892668338598,0.0333820166158294,0,0,INCORRECT
rader,aops,math_test_algebra_1208,0.8413183305741853,0.021056618761998047,0.052261385631159674,1,1,INCORRECT
rader,aops,math_test_intermediate_algebra_1812,0.8402620613704185,0.010642370214453245,0.03595660161745595,0,0,INCORRECT
rader,aops,aops_2008_AMC_12A_Problems/Problem_16,0.8719432244138499,0.009739192486787562,0.039976106825865054,0,0,INCORRECT
rader,aops,math_train_geometry_747,0.9236399634518778,0.011355652614590706,0.024884263445244748,0,0,INCORRECT
rader,aops,aops_2002_AIME_I_Problems/Problem_6,0.8816277807263243,0.04498801133542829,0.053714764263950054,0,0,INCORRECT
rader,aops,math_train_counting_and_probability_5111,0.8579774988154354,0.026665177661965744,0.0488230405116068,1,1,INCORRECT
rader,aops,aops_2021_AMC_12B_Problems/Problem_9,0.8678315436743673,0.011213821946007285,0.02749894378553941,0,0,INCORRECT
rader,aops,math_train_counting_and_probability_822,0.9316401375720003,0.04646849823797239,0.05977741049152596,1,1,INCORRECT
rader,aops,math_train_intermediate_algebra_1268,0.9104849135631746,0.05315396848740572,0.07515777380943456,0,1,CORRECT
rader,aops,math_train_counting_and_probability_5064,0.806012340407835,0.006254929483963556,0.030587488572000887,0,1,INCORRECT
rader,aops,aops_1994_AIME_Problems/Problem_9,0.8355946476980595,0.004427389240237445,0.01843720251240344,0,0,INCORRECT
rader,aops,aops_2015_AMC_12A_Problems/Problem_22,0.8624691433686748,0.007755969634921089,0.04646898797850707,0,1,INCORRECT
rader,aops,aops_2023_AIME_II_Problems/Problem_9,0.8602760141858056,0.028810248447890263,0.04124985622620336,1,1,INCORRECT
rader,aops,aops_2016_AMC_10A_Problems/Problem_7,0.9081330303153873,0.024061306453698528,0.037325282637159174,0,1,INCORRECT
rader,aops,aops_2022_AMC_10B_Problems/Problem_9,0.8737172104689037,0.02891506057222426,0.0411943243946058,0,0,INCORRECT
rader,aops,aops_2000_AMC_12_Problems/Problem_14,0.878288778657263,0.0040881282411719955,0.016965929733271934,1,1,INCORRECT
rader,aops,aops_2019_AMC_10A_Problems/Problem_12,0.862631238865186,0.0026959075408377053,0.024315100309584725,0,1,INCORRECT
rader,aops,math_train_algebra_2826,0.9287260717255291,0.025058424119622336,0.05908245684536684,0,0,CORRECT
rader,aops,aops_1971_Canadian_MO_Problems/Problem_1,0.8197159200669654,0.017767868945539833,0.035754609144685756,1,1,INCORRECT
rader,aops,aops_2020_AIME_I_Problems/Problem_15,0.8654817232612355,0.029999976529106465,0.05959676865310193,1,1,INCORRECT
rader,aops,aops_2022_AIME_I_Problems/Problem_11,0.8640057866293099,0.018927620453325966,0.043573341967711454,1,1,INCORRECT
rader,aops,math_train_geometry_6092,0.8349956864969974,0.016295364330838336,0.029461836125183938,0,1,INCORRECT
rader,aops,aops_2013_AMC_12A_Problems/Problem_13,0.8789831189203873,0.02585239879048984,0.05766839844131677,0,0,INCORRECT
rader,aops,aops_2016_AIME_II_Problems/Problem_10,0.8749131221133832,0.06382475882292171,0.08488357229878574,1,1,INCORRECT
rader,aops,aops_1998_AIME_Problems/Problem_2,0.8542699739895988,0.048783007161632086,0.06703456691803511,0,0,INCORRECT
rader,aops,aops_2016_AIME_I_Problems/Problem_15,0.8693813921417195,0.03723959357992834,0.06348580782868307,1,1,INCORRECT
rader,aops,math_train_geometry_6105,0.8179603457699505,0.007876771216244527,0.03484784806159402,0,0,INCORRECT
rader,aops,aops_2024_AIME_I_Problems/Problem_10,0.8846406579951508,0.046094560799202156,0.06575423019306681,1,1,INCORRECT
rader,aops,aops_2019_AIME_I_Problems/Problem_3,0.8463248803242787,0.012828662212892472,0.027703680191687674,0,1,INCORRECT
rader,aops,aops_2002_AIME_I_Problems/Problem_10,0.8385654394726433,0.025839653915319283,0.035468885490523405,0,1,INCORRECT
rader,aops,aops_2015_AIME_I_Problems/Problem_4,0.8596114128821627,0.015825855111365916,0.03355821346374144,1,1,INCORRECT
rader,aops,math_train_geometry_6112,0.8315942940925717,0.013703503878767398,0.028912423154166422,0,0,INCORRECT
rader,aops,math_train_geometry_6078,0.8589165598489744,0.023405489515225475,0.048323367147596885,1,1,INCORRECT
rader,aops,math_train_geometry_6051,0.8439363405875471,0.043423968545438396,0.053538423240869326,0,0,INCORRECT
rader,aops,aops_2017_AIME_II_Problems/Problem_3,0.8850242519244547,0.06573128404794726,0.09999334102893542,0,0,INCORRECT
rader,earth_science,6,0.871933928421569,0.013309236782210854,0.07582923978705824,1,1,CORRECT
rader,earth_science,3,0.8834788157582543,0.022294132924589594,0.061261445035385775,1,1,CORRECT
rader,earth_science,0,0.8699313454676806,0.04096151316975272,0.05631248261369337,0,1,CORRECT
rader,earth_science,2,0.8618051741537335,0.022505466423070386,0.05782937829802781,1,1,INCORRECT
rader,earth_science,14,0.8072995088658567,0.015655034629255993,0.03242226553902183,0,1,INCORRECT
rader,earth_science,4,0.8412779071508741,0.011479085244424203,0.057387529343319366,1,1,CORRECT
rader,earth_science,1,0.8845567720937395,0.03780775959973215,0.06753915773234753,0,1,CORRECT
rader,earth_science,5,0.8771549332877556,0.025171484496611107,0.06494219832678683,0,0,INCORRECT
rader,earth_science,7,0.8558032698091828,0.0175409916744782,0.03570719728039251,0,1,CORRECT
rader,earth_science,8,0.8544713265396768,0.026335574576244802,0.0850372676994613,1,1,CORRECT
rader,earth_science,11,0.8577046309701571,0.02206073054908575,0.04873337777407849,0,0,CORRECT
rader,earth_science,15,0.8569183850446656,0.03661077627896003,0.06505246421786759,0,1,CORRECT
rader,earth_science,12,0.8631169368829656,0.01925512263897078,0.036012618197621915,0,1,INCORRECT
rader,earth_science,16,0.825550591186734,0.04021990106671136,0.06677070440689992,0,0,INCORRECT
rader,earth_science,13,0.8822328045163228,0.04277067043320959,0.08393530436916996,1,1,CORRECT
rader,earth_science,10,0.8187016550950591,0.009578080917717169,0.033017115496652205,1,1,CORRECT
rader,earth_science,9,0.8789229198312849,0.014262759923217572,0.0393424706804566,0,1,CORRECT
rader,earth_science,17,0.8783162619512235,0.013962001452028416,0.0374249975548373,0,0,CORRECT
rader,earth_science,25,0.8206650330597339,0.008237776083242276,0.03344949548358345,1,1,CORRECT
rader,earth_science,32,0.8019595285003105,0.028065588540050035,0.041609116950261704,0,0,CORRECT
rader,earth_science,18,0.8644272229625127,0.009823832857712045,0.04073301313836852,0,1,CORRECT
rader,earth_science,23,0.8555144080444126,0.03544942907993043,0.08283506454068668,0,1,INCORRECT
rader,earth_science,20,0.8617087705882751,0.007420545378467813,0.03898658010844702,1,1,CORRECT
rader,earth_science,22,0.8788218278987943,0.014068582718197664,0.0765422054395587,0,1,CORRECT
rader,earth_science,21,0.8343434135134289,0.033979881501953746,0.05812636118127157,0,0,CORRECT
rader,earth_science,19,0.8695229637545903,0.007736669383550443,0.02293656280805778,1,1,CORRECT
rader,earth_science,27,0.8112126396937049,0.030062037977945155,0.04362745046672378,1,1,INCORRECT
rader,earth_science,24,0.8849015839995416,0.03096420739939454,0.06749439995917539,0,1,CORRECT
rader,earth_science,26,0.8434901518697495,0.023182310350411184,0.05256775265313196,0,1,CORRECT
rader,earth_science,33,0.8309207883408445,0.0351211916018529,0.044355650699666294,0,1,CORRECT
rader,earth_science,28,0.8208104017989908,0.008920116657036625,0.0375400700928481,1,1,CORRECT
rader,earth_science,29,0.7751696523179571,0.021423604723504686,0.031377693342168445,0,0,INCORRECT
rader,earth_science,37,0.8373663999323608,0.018961622539355183,0.05244172836161276,0,1,INCORRECT
rader,earth_science,31,0.8362259184916926,0.020360149324621823,0.05276314844257002,1,1,CORRECT
rader,earth_science,40,0.7955465894728891,0.013710538753159862,0.03661714798080862,0,0,INCORRECT
rader,earth_science,34,0.8380960108664436,0.009897435797455056,0.0475241794490594,0,0,INCORRECT
rader,earth_science,38,0.791156823877343,0.01655026073616883,0.05500595451641199,1,1,CORRECT
rader,earth_science,30,0.8370730210268532,0.029088722465700156,0.05463972773740289,1,1,CORRECT
rader,earth_science,39,0.875449189089389,0.05127773084364251,0.08596457235873856,0,1,INCORRECT
rader,earth_science,36,0.9000941059793849,0.03720261244394396,0.07562015878028638,1,1,CORRECT
rader,earth_science,35,0.8530859649156923,0.012909724220510066,0.02868482227290281,1,1,INCORRECT
rader,earth_science,43,0.8202888872079609,0.017897160317186578,0.04591400982777216,1,1,INCORRECT
rader,earth_science,44,0.8753044471423372,0.014503711578201184,0.054588282586046755,0,0,CORRECT
rader,earth_science,42,0.8071515194638548,0.01507243706030803,0.03319880198107317,0,1,INCORRECT
rader,earth_science,53,0.9160105328736532,0.05995084637008219,0.10116496265239017,0,1,INCORRECT
rader,earth_science,50,0.8093829091381477,0.008724168803228571,0.027364803826118944,0,0,INCORRECT
rader,earth_science,45,0.7960534110503112,0.011776803932205926,0.029772056043654405,0,0,INCORRECT
rader,earth_science,48,0.8268752048406244,0.018250517647747766,0.03853982162733016,0,0,CORRECT
rader,earth_science,41,0.8854263046650162,0.07968355926458848,0.11552101438357654,1,1,CORRECT
rader,earth_science,49,0.8433093919038925,0.029363594443547636,0.07665769371278919,1,1,CORRECT
rader,earth_science,51,0.8813937660160112,0.028798098393332805,0.08750882675336769,1,1,CORRECT
rader,earth_science,46,0.8845614459407957,0.020520137037261188,0.08468358874055337,0,1,CORRECT
rader,earth_science,47,0.8318497949905747,0.015424425526579633,0.040146973905999195,1,1,CORRECT
rader,earth_science,52,0.8267426094193506,0.028519327986173404,0.05477710688176418,1,1,CORRECT
rader,earth_science,55,0.8185516648625307,0.01649929905444336,0.03411080717654291,0,1,CORRECT
rader,earth_science,54,0.8298761854801029,0.047427952618599556,0.061198351778354976,1,1,CORRECT
rader,earth_science,57,0.8488061627468398,0.033142978745438256,0.054624034428716106,1,1,CORRECT
rader,earth_science,56,0.8568290988597658,0.05810344667974354,0.09288138330843498,1,1,CORRECT
rader,earth_science,58,0.852716966607461,0.013093887055637632,0.09146195484529929,0,0,INCORRECT
rader,earth_science,60,0.8305729082872898,0.011933901245293033,0.04314599555955978,0,1,CORRECT
rader,earth_science,59,0.8347303898042493,0.013108821080205835,0.041939245582155005,1,1,CORRECT
rader,earth_science,61,0.8660840256198199,0.01828192666794204,0.035745344733705275,0,0,INCORRECT
rader,earth_science,67,0.838430567736746,0.022256934298833908,0.08333318150425117,0,1,INCORRECT
rader,earth_science,64,0.816055582812955,0.02312394473854351,0.04830765738448528,0,0,CORRECT
rader,earth_science,62,0.8062969951642784,0.013732983984569236,0.03869079607988857,1,1,CORRECT
rader,earth_science,71,0.8135685636617146,0.02430396425581338,0.04898223160787285,1,1,CORRECT
rader,earth_science,69,0.8815214272628152,0.039690318556920845,0.07936797021346864,1,1,CORRECT
rader,earth_science,72,0.8267965331201301,0.028704688388217936,0.07273720494343039,1,1,CORRECT
rader,earth_science,66,0.7603022102959803,0.0228269004457764,0.03797764893046851,0,1,INCORRECT
rader,earth_science,65,0.8807116789388925,0.033911152301290604,0.0625376294080836,1,1,CORRECT
rader,earth_science,63,0.8429385657009858,0.014912409715365671,0.03781201613994578,0,1,CORRECT
rader,earth_science,70,0.8388636590251929,0.015334155492879198,0.041257321472864095,1,1,CORRECT
rader,earth_science,68,0.7910414381291877,0.018488243829315687,0.04457140866511833,1,1,CORRECT
rader,earth_science,73,0.8427197960912562,0.023264790280151715,0.03788972355672693,0,1,CORRECT
rader,earth_science,75,0.8480540010977585,0.01389882184475999,0.07243746045447996,1,1,CORRECT
rader,earth_science,85,0.800024575609491,0.009112389437896717,0.036921652281768025,0,1,CORRECT
rader,earth_science,74,0.8717731010866969,0.06562907303148602,0.11485859243847851,1,1,CORRECT
rader,earth_science,77,0.8215585177985494,0.007472383217106304,0.03628124745461481,0,0,INCORRECT
rader,earth_science,76,0.8080302454221349,0.024423814539212163,0.04380924100283057,0,1,CORRECT
rader,earth_science,87,0.8764854499060505,0.04164814500210767,0.09113410417101375,1,1,CORRECT
rader,earth_science,83,0.8321462661589363,0.03618067010837356,0.0876027843387559,1,1,CORRECT
rader,earth_science,84,0.8315600681687603,0.033910015925605386,0.057770632354919194,0,0,INCORRECT
rader,earth_science,78,0.7955543267006617,0.007161670457486058,0.020481317631753093,0,1,CORRECT
rader,earth_science,81,0.8843083430774206,0.01778207981607338,0.03902920029443124,1,1,CORRECT
rader,earth_science,79,0.8494472390866231,0.019553544563542857,0.04320822119132872,0,0,CORRECT
rader,earth_science,80,0.907754542362374,0.07516770069706391,0.11303785749278028,1,1,CORRECT
rader,earth_science,82,0.8926915314745131,0.00950314672943664,0.04515286114026584,1,1,CORRECT
rader,earth_science,86,0.8284084795050422,0.016464513955715243,0.04835870617533611,1,1,CORRECT
rader,earth_science,96,0.8268565776641869,0.020047945250668664,0.03840525425212615,0,1,CORRECT
rader,earth_science,88,0.7767093110384287,0.014382847558427558,0.0381962800194775,1,1,CORRECT
rader,earth_science,92,0.8340861728763446,0.009349057003554595,0.03852214647594776,0,0,INCORRECT
rader,earth_science,95,0.8433410279211322,0.011270715153458122,0.03489653311154206,0,1,INCORRECT
rader,earth_science,91,0.8659571387970326,0.015703286169560626,0.042701925073013736,0,1,CORRECT
rader,earth_science,90,0.8597877574051368,0.03205602597393464,0.04628806593506407,1,1,CORRECT
rader,earth_science,102,0.8177295704453413,0.040586507580961495,0.057340596633369545,0,0,CORRECT
rader,earth_science,101,0.9138129946262888,0.12427325406476986,0.15254207286219978,1,1,CORRECT
rader,earth_science,93,0.8450133701691624,0.008516429235926215,0.032057726095977346,0,1,CORRECT
rader,earth_science,89,0.8067242398802309,0.010536073986897487,0.02763390333844129,0,0,INCORRECT
rader,earth_science,94,0.7780557472552497,0.009334025650665656,0.02447891013686243,0,0,INCORRECT
rader,earth_science,100,0.7950118156272087,0.004514820078839077,0.036515454066798125,0,0,INCORRECT
rader,earth_science,97,0.82907423938886,0.04640096390878112,0.059422082540549925,1,1,CORRECT
rader,earth_science,104,0.8140814855982188,0.03505960013535947,0.05609825791859535,1,1,CORRECT
rader,earth_science,98,0.8692742440075217,0.02693321418768102,0.07872205792080733,1,1,CORRECT
rader,earth_science,99,0.8401093209767132,0.025589425759940054,0.07055047090627742,0,0,CORRECT
rader,earth_science,103,0.8620069257036775,0.0022676506790978435,0.029029334974969512,0,0,CORRECT
rader,earth_science,105,0.8237776600934738,0.008298778419536634,0.032942946334530876,0,0,CORRECT
rader,earth_science,110,0.7950511997754499,0.01516677091997265,0.036639018973066095,0,0,CORRECT
rader,earth_science,106,0.8323391973930765,0.019791214864645856,0.02968967473557904,1,1,INCORRECT
rader,earth_science,114,0.8033673958268683,0.028756639821737373,0.046646264784617864,0,1,INCORRECT
rader,earth_science,108,0.839664099695682,0.025991597226292962,0.045898272577093335,0,0,CORRECT
rader,earth_science,107,0.8533602718873126,0.035312822090759366,0.05449878373339612,0,0,CORRECT
rader,earth_science,111,0.8123850494526911,0.02726705056632306,0.05341496287171066,0,1,CORRECT
rader,earth_science,113,0.8292883337338501,0.03033677342962382,0.06503216987519955,1,1,CORRECT
rader,earth_science,112,0.8345171174449391,0.01478075181188443,0.047393815813845164,0,0,INCORRECT
rader,earth_science,115,0.8553723015428055,0.07544870618326271,0.10620279877628236,0,0,CORRECT
rader,economics,1,0.8621962530444616,0.015684306290150163,0.04037169478661551,0,0,CORRECT
rader,economics,0,0.8315997708756819,0.04509047893213036,0.07309095633593399,0,1,INCORRECT
rader,economics,5,0.8250670894078451,0.026541289656303535,0.05261837965393579,0,0,CORRECT
rader,economics,3,0.8582650965538754,0.016615232529607615,0.04318076050876152,0,0,CORRECT
rader,economics,4,0.8415515444304076,0.02049386106974671,0.043324423753977714,0,0,CORRECT
rader,economics,2,0.8255538496332643,0.018431021608122267,0.03509150850095255,0,0,CORRECT
rader,economics,6,0.8380648620889893,0.015638121921484505,0.031132402485882338,0,0,INCORRECT
rader,economics,8,0.8379426155868289,0.013974852793232961,0.032575582419083204,0,0,CORRECT
rader,economics,9,0.8281905569246019,0.008833490674308164,0.02100274493169485,1,1,CORRECT
rader,economics,15,0.8962934986908794,0.03561130768986376,0.056652738471966835,0,0,CORRECT
rader,economics,10,0.877812798994009,0.016758747182208822,0.03800952215780429,0,0,CORRECT
rader,earth_science,109,0.8402425931540436,0.013120590319344982,0.037120517414576115,0,1,INCORRECT
rader,economics,11,0.8119481832104802,0.022417746462343846,0.03434196132231304,0,0,CORRECT
rader,economics,13,0.8037245466761586,0.011645396636605798,0.04663216289316008,0,0,CORRECT
rader,economics,12,0.8598187682712318,0.028780572284735073,0.06090862421871179,1,1,CORRECT
rader,economics,7,0.8839501420691104,0.014621040744887459,0.06321493141021095,0,0,CORRECT
rader,economics,14,0.8343970283140375,0.020193637339030124,0.042946875302629084,0,0,INCORRECT
rader,economics,20,0.8594767235556563,0.02538573874336303,0.04908211795557915,0,0,INCORRECT
rader,economics,16,0.8077695045724481,0.0156959680990707,0.03198104207875896,0,0,CORRECT
rader,economics,17,0.9051462564341222,0.023553435871126016,0.061013461963316584,1,1,INCORRECT
rader,economics,18,0.8722112868030537,0.005751553656706432,0.03656381461953151,0,1,CORRECT
rader,economics,19,0.8193104285435742,0.02348478891788841,0.047555740270040836,1,1,INCORRECT
rader,economics,21,0.8373205528701613,0.020872884587802787,0.04387450275318383,0,0,CORRECT
rader,economics,22,0.8801966814278659,0.011191953578004288,0.05133967227653824,0,1,INCORRECT
rader,economics,23,0.8588527873913356,0.017896713333821035,0.038566284819592234,0,0,CORRECT
rader,economics,26,0.853680788527259,0.006409692663331246,0.02324645551740978,1,1,CORRECT
rader,economics,25,0.8910442708038622,0.019024732094858,0.06480259551542045,1,1,CORRECT
rader,economics,24,0.8477602290263959,0.009037395182464159,0.0373639904687717,0,0,INCORRECT
rader,economics,33,0.8416967006849219,0.017724402318235244,0.043996522317217845,1,1,CORRECT
rader,economics,36,0.8569222754863268,0.020163023574881422,0.054244136828672906,1,1,CORRECT
rader,economics,32,0.8303033417201713,0.009913677979682345,0.018903716693129402,0,1,INCORRECT
rader,economics,27,0.9111004011341319,0.009698675343294272,0.041148984922384946,1,1,CORRECT
rader,economics,43,0.8122738731354335,0.01220332445705552,0.04160757770141299,0,0,INCORRECT
rader,economics,29,0.8589633651687385,0.01847361018153515,0.0593160132333177,1,1,CORRECT
rader,economics,28,0.838429768206408,0.009497057551701937,0.02609494065228013,1,1,CORRECT
rader,economics,31,0.8844524968469165,0.02249046131224397,0.05098286477246228,0,0,CORRECT
rader,economics,30,0.8508270086925591,0.01711875842802857,0.03526079945650362,0,0,INCORRECT
rader,economics,42,0.8239134579681452,0.0013466296978855707,0.026795281000674298,0,1,INCORRECT
rader,economics,34,0.8341435749007257,0.03731693432451966,0.0627504881630393,1,1,CORRECT
rader,economics,35,0.8060982236066904,0.017330983267342837,0.028131309439544783,0,0,CORRECT
rader,economics,41,0.838484917453653,0.006331418020512403,0.028292702587055185,0,1,CORRECT
rader,economics,37,0.918329097356617,0.024700826361222394,0.04862710261039904,0,0,CORRECT
rader,economics,45,0.8210282068099961,0.012372978655261435,0.052836573564914335,0,0,INCORRECT
rader,economics,38,0.879157349957684,0.03123326609519783,0.11089942544500997,1,1,CORRECT
rader,economics,44,0.8083733586474062,0.007233054712314502,0.02585968085092849,1,1,CORRECT
rader,economics,39,0.8497688613333702,0.0043595224116130815,0.01953846596892761,0,0,CORRECT
rader,economics,40,0.8378212662565157,0.01280633453982516,0.02488629830537281,0,0,CORRECT
rader,economics,50,0.8732110625684346,0.011756258900240901,0.04340903153783926,0,0,INCORRECT
rader,economics,46,0.8310154975653257,0.027147721492391086,0.0434513179837277,1,1,CORRECT
rader,economics,47,0.8849588332722257,0.011359681924427711,0.045904521910526186,0,0,INCORRECT
rader,economics,48,0.9019060766601178,0.04008676998776883,0.0638502962912737,0,0,CORRECT
rader,economics,49,0.858166803122022,0.011849136500854174,0.05359992652207268,1,1,INCORRECT
rader,economics,54,0.8138612125034499,0.03702547835924863,0.05980837200450151,0,0,CORRECT
rader,economics,52,0.9168165665465884,0.02762098793783252,0.04842262986921164,1,1,CORRECT
rader,economics,55,0.8301699075420451,0.01832251140621588,0.04156263766116941,1,1,CORRECT
rader,economics,53,0.850415769181708,0.0039033133619195137,0.03769300846239587,0,0,INCORRECT
rader,economics,62,0.8208614126532825,0.005718566487190158,0.027910808042436286,1,1,CORRECT
rader,economics,60,0.9015280929483305,0.021368170999026992,0.044091699900218995,0,0,CORRECT
rader,economics,56,0.8460656524338496,0.05078526716850296,0.06791261070120169,1,1,CORRECT
rader,economics,59,0.8648196978565239,0.01283690183198638,0.024365162004487795,0,0,CORRECT
rader,economics,58,0.8608580284638769,0.004009598786730351,0.031218898951874685,0,0,CORRECT
rader,economics,57,0.8216565132482638,0.004489868968208244,0.0215812249349584,0,1,CORRECT
rader,economics,61,0.854928464863502,0.05331022554369835,0.09848174797379605,0,0,INCORRECT
rader,economics,63,0.887038057899293,0.009165082649495782,0.06059962224567439,0,0,INCORRECT
rader,economics,66,0.8757800301981606,0.03094554286291573,0.052767037664311345,1,1,CORRECT
rader,economics,65,0.8388284840437481,0.054656285555988116,0.07102043214350962,1,1,INCORRECT
rader,economics,64,0.8232593437328145,0.009519384667440178,0.03516214557249275,0,0,INCORRECT
rader,economics,67,0.876827424179127,0.01021033353769707,0.03641697443357461,0,0,CORRECT
rader,economics,69,0.8846719334199158,0.05312395509008783,0.07295182660664479,1,1,CORRECT
rader,economics,70,0.858717922807516,0.035137226065542926,0.09178777584788678,1,1,CORRECT
rader,economics,68,0.8595655317848405,0.025305780989016924,0.04486573796307536,0,0,CORRECT
rader,economics,72,0.8579302261070593,0.017621315201663657,0.04006451177265469,1,1,CORRECT
rader,economics,74,0.8644196611732146,0.015511169851757267,0.03031032573103898,1,1,CORRECT
rader,economics,75,0.8143684304723352,0.026470929225478668,0.04725913853973196,1,1,CORRECT
rader,economics,77,0.8189503413199519,0.011520135977830304,0.033157166088435774,0,0,INCORRECT
rader,economics,76,0.8841281502949612,0.03750469586266547,0.08910269177210062,0,0,INCORRECT
rader,economics,73,0.8706492375598034,0.012541966036449859,0.024240461565956384,0,1,INCORRECT
rader,economics,71,0.8375200228503332,0.009123921059937201,0.055871651533692335,0,0,INCORRECT
rader,economics,78,0.855822671810502,0.010048046806435895,0.02893634664125866,0,1,INCORRECT
rader,economics,82,0.8346594415206119,0.02365840322185586,0.04263242025171987,0,0,CORRECT
rader,economics,80,0.8920110087205739,0.017916452986758813,0.0431014170730859,0,0,CORRECT
rader,economics,85,0.8570622560003086,0.012064399452432872,0.06943135940203438,1,1,CORRECT
rader,economics,81,0.8720121294818887,0.014347756763223196,0.036668526025753545,0,0,CORRECT
rader,economics,79,0.8533164513723913,0.01397013341019182,0.030752242636271965,0,1,CORRECT
rader,economics,84,0.924094063702781,0.10246855911871255,0.12593140260394964,1,1,CORRECT
rader,economics,83,0.8527908477979018,0.013264007331335925,0.027344883659163433,0,1,CORRECT
rader,economics,87,0.8409962618717863,0.03706453034127377,0.06679860817904426,0,0,INCORRECT
rader,economics,93,0.8412250871345807,0.008414473516513699,0.04849914404605071,0,1,CORRECT
rader,economics,86,0.8569508663520478,0.015805255872974766,0.04420049639177703,0,1,INCORRECT
rader,economics,88,0.8770223069203836,0.049543413881505516,0.07363545814961303,1,1,CORRECT
rader,economics,89,0.858188941030495,0.00867584288978196,0.035700117314641955,1,1,CORRECT
rader,economics,92,0.8770631756393475,0.021253897808877098,0.06281568239296853,0,0,INCORRECT
rader,economics,90,0.8327191299914791,0.00558483567697321,0.016626800041539824,0,0,CORRECT
rader,economics,91,0.8937529140484672,0.0294852981500775,0.0736875438221456,0,0,INCORRECT
rader,economics,94,0.856945031823799,0.00958125426737988,0.04402956315555917,0,0,INCORRECT
rader,economics,96,0.8400065283911279,0.018773888094751223,0.03983508701919869,0,1,INCORRECT
rader,economics,102,0.8368339282482766,0.02235343633998943,0.04855238854747923,0,0,INCORRECT
rader,economics,95,0.8984612526201591,0.015127948462660634,0.03812877940533366,0,1,CORRECT
rader,economics,97,0.8827025649629876,0.014650037291424667,0.03235875604787819,0,1,INCORRECT
rader,economics,98,0.898450137167517,0.02651738874891596,0.056872427170553075,0,1,CORRECT
rader,economics,101,0.8764698398865587,0.02957026798019524,0.06415514701658553,0,0,INCORRECT
rader,economics,100,0.8779430567091928,0.03365919915178062,0.0626383454042223,0,0,INCORRECT
rader,economics,99,0.8407447899206105,0.00863147104623374,0.030032125530887965,0,0,CORRECT
rader,leetcode,0,0.8676324136564411,0.06098788338839056,0.09183013361020609,1,1,CORRECT
rader,leetcode,1,0.9414707149526093,0.10248861905055573,0.14973369224535293,1,1,CORRECT
rader,leetcode,4,0.8530525500070663,0.022092749924336186,0.04751460273819863,1,1,INCORRECT
rader,leetcode,2,0.9464100839934937,0.1175779676443347,0.15656465212787773,1,1,CORRECT
rader,leetcode,3,0.8827474624609266,0.08785881589257971,0.12291686433282467,1,1,CORRECT
rader,leetcode,5,0.9243277256193719,0.04612094233747854,0.062279372064552585,1,1,CORRECT
rader,leetcode,6,0.9345798125090591,0.0391749748331357,0.05810373443406125,1,1,CORRECT
rader,leetcode,8,0.8865998390265574,0.0347413621362328,0.08880041544751505,0,0,INCORRECT
rader,leetcode,10,0.8896572570372239,0.0352107601855991,0.07170220198232036,1,1,CORRECT
rader,leetcode,7,0.9178600101130945,0.11179846122650405,0.14507291177414383,1,1,INCORRECT
rader,leetcode,9,0.9026429074626086,0.1095787229349463,0.11737815788341288,1,1,CORRECT
rader,leetcode,11,0.8741449204938535,0.01513357123146919,0.09645358144115268,0,0,INCORRECT
rader,leetcode,12,0.789914112813483,0.016688159081432175,0.0321975843920409,0,0,INCORRECT
rader,leetcode,14,0.7891876023467527,0.007948368015360252,0.030866041634168062,0,1,CORRECT
rader,leetcode,13,0.8273285150635374,0.006041568932746988,0.01950628083767214,0,1,CORRECT
rader,leetcode,19,0.798352077912798,0.014462281643888852,0.03050493773697094,0,0,INCORRECT
rader,leetcode,18,0.8293678725937769,0.017068667921230296,0.041420563912890396,1,1,CORRECT
rader,leetcode,15,0.83918452459515,0.018595832965272785,0.04183504341851485,0,1,CORRECT
rader,leetcode,17,0.8837420005811872,0.04815092197532811,0.07633972776437725,1,1,CORRECT
rader,leetcode,16,0.7892732059505854,0.009045279409894746,0.020278113191187774,1,1,CORRECT
rader,leetcode,20,0.9170000581880606,0.1421340101608337,0.15384734123076638,0,0,CORRECT
rader,leetcode,22,0.8609709598584707,0.03512872954127999,0.07083690698247413,1,1,CORRECT
rader,leetcode,24,0.8790444682867218,0.04371665528444291,0.08324602835653605,1,1,INCORRECT
rader,leetcode,23,0.821452380995336,0.043912510268256155,0.07050196102143269,0,0,CORRECT
rader,leetcode,25,0.8043467591170234,0.02698037626757388,0.057097510384785055,1,1,CORRECT
rader,leetcode,21,0.8331730089014527,0.030810555636868853,0.06001399730213419,1,1,CORRECT
rader,leetcode,26,0.9193403200180683,0.017481914326873405,0.09040702805713441,1,1,CORRECT
rader,leetcode,28,0.7381322756761658,0.02112772582597333,0.03231154591838514,0,0,INCORRECT
rader,leetcode,27,0.8496192032167234,0.03525833362137065,0.07632389741462997,1,1,CORRECT
rader,leetcode,29,0.794866819320152,0.02098212680453415,0.046059650063325575,0,1,CORRECT
rader,leetcode,35,0.8303561579935331,0.0032420343281767128,0.019082911080576914,1,1,CORRECT
rader,leetcode,30,0.8595423257455549,0.05758838178360093,0.07523300060305893,1,1,CORRECT
rader,leetcode,32,0.8028434999104611,0.024084222988574933,0.03924636270212445,0,0,CORRECT
rader,leetcode,34,0.8786230106250359,0.044055595539275516,0.07384830314579216,1,1,CORRECT
rader,leetcode,31,0.8070941956054576,0.008930548705759156,0.028944702665081312,0,0,INCORRECT
rader,leetcode,33,0.8629405417746414,0.006982287451625546,0.042603248621060574,1,1,CORRECT
rader,leetcode,38,0.876828785983497,0.10220691373255841,0.1234036430003701,1,1,CORRECT
rader,leetcode,37,0.820808377566953,0.013281623761750683,0.03408605749835247,0,1,CORRECT
rader,leetcode,39,0.8445809549778004,0.023087875905037802,0.05640031398556711,0,0,CORRECT
rader,leetcode,41,0.8480243658738392,0.03662627733634394,0.04983578341209216,1,1,CORRECT
rader,leetcode,36,0.8753654047930818,0.07815044141236915,0.11126400688870952,1,1,CORRECT
rader,leetcode,44,0.8691688564443454,0.10523027760140335,0.12089898872016791,1,1,CORRECT
rader,leetcode,40,0.8900565625557715,0.01715283264686296,0.07249589102386489,0,1,CORRECT
rader,leetcode,42,0.8593369358660002,0.03791116879086309,0.06553078523468725,1,1,CORRECT
rader,leetcode,43,0.8665517257797724,0.10006712702350773,0.12178016855912877,1,1,INCORRECT
rader,leetcode,47,0.872420093566062,0.03998078318050036,0.09486869705112788,0,0,INCORRECT
rader,leetcode,45,0.8461276107303634,0.007493730852084823,0.031758741054741524,0,0,INCORRECT
rader,leetcode,48,0.865316699162389,0.06908987472881256,0.09552729879950816,1,1,CORRECT
rader,leetcode,50,0.9078839344401269,0.046005454607517815,0.06691191580078493,0,1,CORRECT
rader,leetcode,46,0.9082749809171888,0.07911730810777207,0.1124703599373329,1,1,CORRECT
rader,leetcode,49,0.8899966128067234,0.06601421539572738,0.08163106174495782,1,1,CORRECT
rader,leetcode,52,0.8395834099964963,0.05408414386288285,0.07142319733252323,0,0,INCORRECT
rader,leetcode,55,0.8579401453959459,0.03323467841166483,0.06363570066486501,0,1,INCORRECT
rader,leetcode,56,0.8248610374396526,0.014598916144614171,0.03266143875519956,1,1,INCORRECT
rader,leetcode,54,0.8236230163871994,0.023277195965693664,0.04241022225245328,1,1,CORRECT
rader,leetcode,53,0.8505938863240249,0.04888083692205314,0.07427301634718697,1,1,INCORRECT
rader,leetcode,51,0.8953155856736918,0.08883989436961548,0.11937075921896134,0,0,INCORRECT
rader,leetcode,58,0.8604204729984374,0.02882921601253563,0.06489062450948757,1,1,CORRECT
rader,leetcode,59,0.8957750147178634,0.03389055974063182,0.10778934612853952,0,0,INCORRECT
rader,leetcode,57,0.8191868331725006,0.021152366036576997,0.042838665553719624,0,1,INCORRECT
rader,leetcode,61,0.841472519614903,0.02792754500219441,0.04728299024406635,0,0,CORRECT
rader,leetcode,62,0.8517215803869991,0.018189669797624597,0.06323958381635841,1,1,INCORRECT
rader,leetcode,64,0.782764366308287,0.020042354741711566,0.03409171596904592,0,0,CORRECT
rader,leetcode,63,0.8880239034458394,0.14942612189557913,0.16732033964876525,0,1,INCORRECT
rader,leetcode,65,0.8125694310003543,0.017827912449194794,0.04488769751645394,0,1,CORRECT
rader,leetcode,67,0.8717046320554517,0.05224944059047665,0.09113353251434875,1,1,CORRECT
rader,leetcode,70,0.8698766913661733,0.03861896769408646,0.0627242249998824,1,1,CORRECT
rader,leetcode,69,0.8878222370359588,0.07932147301232473,0.1029595825297358,1,1,CORRECT
rader,leetcode,68,0.8755964147014687,0.0702762264376332,0.10648214366513542,0,0,CORRECT
rader,leetcode,72,0.836059808021772,0.032427400804508344,0.04857877750755302,0,0,CORRECT
rader,leetcode,66,0.7672932329171911,0.00959605748747927,0.021316286545329355,0,0,CORRECT
rader,leetcode,74,0.8416789601778627,0.06382835387163377,0.08301345271219474,0,1,INCORRECT
rader,leetcode,73,0.8691954771873093,0.04577496560111283,0.06761433627987401,0,1,CORRECT
rader,leetcode,79,0.8746856552195824,0.07231371330509828,0.10069248211122961,1,1,INCORRECT
rader,leetcode,75,0.8105028993510177,0.013994799401713998,0.03326040826363097,0,1,CORRECT
rader,leetcode,76,0.8369969931172531,0.02721119604112332,0.045984104812861526,1,1,CORRECT
rader,leetcode,78,0.871872017508845,0.036720484364101025,0.06464212801850455,0,0,CORRECT
rader,leetcode,80,0.8507937167478551,0.014152617515776345,0.05043259304931069,1,1,CORRECT
rader,leetcode,77,0.8904904284369316,0.09302594298307831,0.11215462204435989,0,1,CORRECT
rader,leetcode,81,0.8279745198783671,0.04887170304061139,0.07464608484390134,0,1,INCORRECT
rader,leetcode,86,0.8151605992239401,0.012126337319079528,0.034285237507458155,1,1,INCORRECT
rader,leetcode,82,0.8598519337521237,0.01656722708703684,0.04748662697420403,0,0,INCORRECT
rader,leetcode,84,0.7998269729419949,0.030463635039484238,0.052328621295886224,1,1,INCORRECT
rader,leetcode,85,0.8350913494378323,0.044457064159394766,0.060049723752139905,1,1,CORRECT
rader,leetcode,83,0.8544386497358545,0.0330740087837883,0.051324159656662816,0,1,CORRECT
rader,leetcode,87,0.8035497745027671,0.030566688269305864,0.043538029468811135,0,0,CORRECT
rader,leetcode,91,0.8465034231369283,0.007819582680164028,0.04535151751003064,0,1,CORRECT
rader,leetcode,90,0.8776846173127902,0.006284704160881893,0.05201587866342783,1,1,CORRECT
rader,leetcode,92,0.8475030009120046,0.028863985720046337,0.04682721663274181,1,1,INCORRECT
rader,leetcode,88,0.8451001343234131,0.009092220114273464,0.045952512525429645,0,0,CORRECT
rader,leetcode,89,0.8902283113490093,0.05279869419627525,0.09179606644744065,1,1,CORRECT
rader,leetcode,93,0.7845042953989517,0.00921050697635828,0.020184366148214616,1,1,CORRECT
rader,leetcode,99,0.793920743529287,0.015517448050987537,0.03733393860606016,1,1,INCORRECT
rader,leetcode,96,0.8807465376437357,0.033554891380477736,0.07049253960538382,1,1,INCORRECT
rader,leetcode,95,0.8343845790718751,0.027499634524001615,0.04807414029346391,0,0,CORRECT
rader,leetcode,97,0.844194136990428,0.00890504004072723,0.025729134213186677,0,0,INCORRECT
rader,leetcode,98,0.858016867937781,0.009781856344116102,0.02775503127911072,0,0,CORRECT
rader,leetcode,94,0.8877076607605365,0.06229318479238388,0.10626991906302807,1,1,CORRECT
rader,leetcode,100,0.8846596928483211,0.09334767111084075,0.12630731449769383,1,1,CORRECT
rader,leetcode,103,0.7961976164742592,0.01682466962589335,0.03039366132119725,0,1,CORRECT
rader,leetcode,101,0.8576337261303427,0.04917018993875755,0.06674027882765088,0,0,CORRECT
rader,leetcode,106,0.7504182963948804,0.007932437022732386,0.023677257586651734,0,0,CORRECT
rader,leetcode,102,0.8186563544344981,0.042597933222666806,0.05440285004640455,0,0,INCORRECT
rader,leetcode,105,0.8384774517416019,0.04823883911744664,0.06811939976972126,1,1,INCORRECT
rader,leetcode,104,0.8235351244083139,0.009028006987912396,0.03826977844143942,0,0,CORRECT
rader,leetcode,108,0.8250109115174077,0.07364378142610128,0.0923506205572947,0,0,INCORRECT
rader,leetcode,110,0.8450527217697886,0.03808022668941957,0.05817018511690353,0,1,CORRECT
rader,leetcode,107,0.8653966701102127,0.02676591186460775,0.047468670694911896,1,1,CORRECT
rader,leetcode,111,0.8162761240182466,0.019427450984966788,0.044816007535642965,0,0,INCORRECT
rader,leetcode,112,0.8103489957091679,0.015363084222967949,0.03345331199232837,0,0,INCORRECT
rader,leetcode,109,0.79642314437849,0.01625507896644507,0.023172617762808434,0,0,CORRECT
rader,leetcode,113,0.8137632807513859,0.023329166655500222,0.05941134852681207,0,0,INCORRECT
rader,leetcode,117,0.7966404908307023,0.004054450608670601,0.015095922168683495,0,0,CORRECT
rader,leetcode,116,0.8816255827880104,0.03666136773659934,0.06311922431725336,1,1,CORRECT
rader,leetcode,115,0.8494153937776389,0.02908783797598924,0.053054474914046135,1,1,INCORRECT
rader,leetcode,118,0.8331862871264524,0.046245185401201705,0.06365980322225961,0,1,CORRECT
rader,leetcode,119,0.8150327799947743,0.00867208365381289,0.021785765040350236,0,0,INCORRECT
rader,leetcode,114,0.8194974494396103,0.04534013388163893,0.06702287904856963,1,1,CORRECT
rader,leetcode,120,0.8366477262300538,0.024892852779325292,0.0495592651343415,0,0,INCORRECT
rader,leetcode,122,0.8914362923882614,0.06389096230912494,0.08368127904092648,1,1,CORRECT
rader,leetcode,121,0.8167270798187121,0.02240221893872718,0.042473526799374994,0,1,CORRECT
rader,leetcode,125,0.8233070303087301,0.0270746617626183,0.051376384654898466,0,1,INCORRECT
rader,leetcode,123,0.894489104637545,0.056688609661525,0.08347039280444846,1,1,CORRECT
rader,leetcode,126,0.9037747955226665,0.0644621194603806,0.10085460300504367,1,1,CORRECT
rader,leetcode,124,0.8165986375706615,0.014443295610434337,0.03690634523472025,1,1,INCORRECT
rader,leetcode,127,0.818757681538253,0.018266706403548993,0.03177591036665872,0,0,CORRECT
rader,leetcode,132,0.8805279339671719,0.0835055154689257,0.10185184529259006,1,1,CORRECT
rader,leetcode,131,0.8799592451068641,0.014338607893784827,0.03943089726120386,0,0,CORRECT
rader,leetcode,130,0.8417271699346724,0.01908144121172972,0.03857977603811402,1,1,CORRECT
rader,leetcode,128,0.8753445174395772,0.036463315174940614,0.06351102948183407,1,1,CORRECT
rader,leetcode,129,0.8576043536404645,0.031623712123589276,0.052078741452347255,0,0,CORRECT
rader,leetcode,136,0.8100143973565285,0.03240692216795482,0.05077095324998304,1,1,CORRECT
rader,leetcode,133,0.8117860742418124,0.013315275068360943,0.029094074170273432,0,0,INCORRECT
rader,leetcode,134,0.7946991899767106,0.02472768393954672,0.034670940764959135,1,1,CORRECT
rader,leetcode,135,0.8480892745247979,0.014412207396129806,0.039086900068621366,1,1,CORRECT
rader,economics,51,0.8984823105667911,0.04811530897693428,0.08514751995109882,0,1,INCORRECT
rader,leetcode,137,0.8191793180740063,0.016892430088820243,0.04097992485538948,1,1,INCORRECT
rader,leetcode,139,0.8265383161042498,0.01275651568092695,0.030932180977556234,0,1,INCORRECT
rader,pony,0,0.8940785629457503,0.06497887129947777,0.10405647271504148,0,1,INCORRECT
rader,leetcode,138,0.7727584615773043,0.005133676530290954,0.015737650188112018,0,0,INCORRECT
rader,pony,1,0.7979264928128913,0.0327896342525944,0.052106541616932955,0,1,CORRECT
rader,pony,2,0.816084669621319,0.023218301048794854,0.04872223944957621,0,1,INCORRECT
rader,leetcode,141,0.787914629629349,0.01708522682178537,0.038445996321246456,0,0,INCORRECT
rader,pony,3,0.7704290182647346,0.01243213836225332,0.02581526430953429,1,1,INCORRECT
rader,leetcode,140,0.84171608867166,0.012613969268837844,0.02652499800742325,0,1,INCORRECT
rader,pony,6,0.7640142886140014,0.007442931933126284,0.02566206469577892,0,1,INCORRECT
rader,pony,4,0.7809179409334694,0.010822979688224765,0.026810672978713868,1,1,INCORRECT
rader,pony,7,0.8039806028857113,0.01355449397809072,0.03067527299835915,1,1,CORRECT
rader,pony,5,0.7601296772269345,0.009235714418141083,0.02188712819383276,0,1,CORRECT
rader,pony,9,0.7921870606667905,0.004687025576721515,0.015905670743476263,0,0,CORRECT
rader,pony,10,0.7764260513169834,0.010826695441233936,0.027846292810076778,1,1,CORRECT
rader,pony,11,0.7825909976760154,0.007274231145013688,0.022427583380623783,0,1,CORRECT
rader,pony,12,0.7919832778368947,0.021516008757680227,0.03640725124399735,1,1,CORRECT
rader,pony,8,0.8144927551555547,0.026233832572137294,0.04847170379672572,0,1,CORRECT
rader,pony,13,0.7906956700785612,0.009162372931913576,0.02314191105021224,1,1,CORRECT
rader,pony,15,0.7311279466722769,0.005568297604202743,0.0206181702236633,0,0,CORRECT
rader,pony,14,0.7800792918117414,0.019137226046104128,0.038029605427058466,1,1,INCORRECT
rader,pony,17,0.7960109558972013,0.018240165936408648,0.02993845204299106,1,1,CORRECT
rader,pony,16,0.7898050303967593,0.015471549787647865,0.03964451941424685,0,1,CORRECT
rader,pony,26,0.806952102195148,0.024418232963402287,0.04689144713762705,1,1,CORRECT
rader,pony,21,0.8361394190796753,0.01406017012512828,0.03784317689224925,0,1,INCORRECT
rader,pony,20,0.7755801967439978,0.012479611818272063,0.027799715900599264,1,1,INCORRECT
rader,pony,18,0.8252335871718727,0.023391416177232283,0.06230250993344755,0,1,INCORRECT
rader,pony,19,0.8213530500525468,0.013347535632467156,0.03207746236902076,0,1,CORRECT
rader,pony,23,0.8055057195517239,0.03342646113754466,0.05530723582804753,1,1,CORRECT
rader,pony,22,0.8036496288665852,0.017820029470254295,0.031490506282414676,1,1,CORRECT
rader,pony,24,0.841708416791547,0.0466447382310029,0.07547592069859355,0,1,INCORRECT
rader,pony,35,0.8017153268431791,0.025451822736502927,0.05066594324824025,1,1,CORRECT
rader,pony,28,0.7519368228868953,0.01361891963169748,0.02643394855800707,1,1,INCORRECT
rader,pony,27,0.797956576068122,0.00786413956077614,0.02474614000283748,1,1,CORRECT
rader,pony,30,0.7782876138062461,0.0164447409194044,0.027206705219115057,1,1,CORRECT
rader,pony,31,0.753777070743587,0.024302622438963306,0.03333451005943833,1,1,CORRECT
rader,pony,29,0.8472420974937689,0.02764677452473918,0.061959587022814566,0,1,CORRECT
rader,pony,25,0.7839623069349876,0.02931600492783626,0.04173843122554943,1,1,CORRECT
rader,pony,38,0.814224394546901,0.02979007989829907,0.07831258959288223,1,1,CORRECT
rader,pony,36,0.7970117660383643,0.007862203616812002,0.02100476021588027,0,1,CORRECT
rader,pony,32,0.8041968517895602,0.017878586803420027,0.030885291021666705,0,1,CORRECT
rader,pony,33,0.803461623314796,0.039643689386082315,0.07234406824734196,0,1,CORRECT
rader,pony,39,0.8688365574210903,0.058582182802447424,0.1017586831698204,0,1,CORRECT
rader,pony,37,0.8196293102194155,0.024334904820804693,0.058375431184870985,0,1,INCORRECT
rader,pony,44,0.8482120571070911,0.04476043071283198,0.07445287147728552,0,1,CORRECT
rader,pony,42,0.8117108631299216,0.021466775471636335,0.038366842448126826,1,1,CORRECT
rader,pony,34,0.808707283600349,0.03410418892739808,0.06319398848541269,1,1,CORRECT
rader,pony,41,0.786286183526529,0.020371233551931822,0.039873803738463054,1,1,INCORRECT
rader,pony,40,0.7748984463480526,0.018814916756674016,0.03269343267876801,1,1,CORRECT
rader,pony,43,0.8050714301821866,0.013660781450234083,0.02863090675355129,1,1,INCORRECT
rader,pony,45,0.805563746894676,0.01296487473111918,0.03015310861856768,1,1,INCORRECT
rader,pony,46,0.8207092207189947,0.020386957716230447,0.04806913463009166,1,1,CORRECT
rader,pony,47,0.7606648607852827,0.017451750801544264,0.036436944621974,0,1,CORRECT
rader,pony,59,0.8320982973937796,0.026221754899725003,0.07258114223278633,0,1,CORRECT
rader,pony,48,0.869118208588245,0.03623051448759018,0.06818196495832307,1,1,CORRECT
rader,pony,49,0.790426895106746,0.013525064901473982,0.03796878130669823,1,1,CORRECT
rader,pony,50,0.8028143255463652,0.013340677576999194,0.029632912761237362,1,1,INCORRECT
rader,pony,52,0.7908586860010963,0.028234507828199806,0.03978608578427012,0,1,INCORRECT
rader,pony,51,0.8340704454390551,0.019261929906980946,0.035396591352655826,1,1,CORRECT
rader,pony,54,0.7941154328153527,0.03145144225307073,0.06243434454686181,0,1,INCORRECT
rader,pony,53,0.7745212792537354,0.010387109854473553,0.02931146333119361,0,1,INCORRECT
rader,pony,55,0.778034133504526,0.005729167104153388,0.017176101881450467,1,1,INCORRECT
rader,pony,56,0.7851403880103806,0.012661113126248846,0.02866344511538954,1,1,INCORRECT
rader,pony,57,0.8290795953789609,0.04367742733700353,0.0660558070347147,0,1,INCORRECT
rader,pony,58,0.7602501151809061,0.0076257840798584775,0.020385090533663885,1,1,INCORRECT
rader,pony,60,0.7808716054660345,0.012200606258097713,0.030757579410617963,0,0,INCORRECT
rader,pony,61,0.7863950608543966,0.022378484699470347,0.03930035170521817,0,0,INCORRECT
rader,pony,63,0.8091869400207937,0.035080825291459505,0.05896795969575486,0,1,INCORRECT
rader,pony,62,0.8114819112790037,0.012962109811399558,0.030560894573292696,0,0,INCORRECT
rader,pony,67,0.7819738333975248,0.028439044054618723,0.042694499240871875,1,1,INCORRECT
rader,pony,64,0.7689555435041013,0.023848143737765004,0.036305449019798264,0,1,CORRECT
rader,pony,66,0.7985637836529463,0.008832539176328869,0.01977316219617775,0,0,CORRECT
rader,pony,65,0.7986782747175482,0.0157721915147383,0.0484944500464658,0,0,CORRECT
rader,pony,68,0.8132296125914278,0.05737475057752828,0.0737932660281897,0,0,CORRECT
rader,pony,69,0.8363654210933462,0.04273146753152468,0.061191170172141485,1,1,CORRECT
rader,pony,70,0.7555394991319874,0.01051418340666177,0.022256507140983817,0,0,CORRECT
rader,pony,71,0.7888864626141735,0.018160443865747555,0.039859353814432175,0,0,INCORRECT
rader,pony,72,0.7715867946344287,0.015282902422144029,0.03290433486826927,1,1,CORRECT
rader,pony,73,0.7713772773255123,0.011696025327127435,0.030154753423415226,0,0,INCORRECT
rader,pony,74,0.8304394058138307,0.052442170098287555,0.08560880868650567,0,1,INCORRECT
rader,pony,76,0.7787988185722152,0.012979698163916309,0.03347243850081871,1,1,CORRECT
rader,pony,77,0.798292722094858,0.032872309584962456,0.05018810332583701,0,1,CORRECT
rader,pony,75,0.7952207114990815,0.03951175733591328,0.052710230625010235,0,0,INCORRECT
rader,pony,79,0.7805363260111873,0.011226960973180877,0.03265638507974877,1,1,CORRECT
rader,pony,81,0.7813507980230834,0.022154775701827667,0.035688102484025874,0,1,CORRECT
rader,pony,82,0.7787165266640114,0.010938051187531772,0.02995298492500842,1,1,CORRECT
rader,pony,83,0.8032697291522112,0.015338110870756205,0.03614832377794275,1,1,CORRECT
rader,pony,84,0.7585606248684925,0.02152250609448203,0.03174641647561882,1,1,CORRECT
rader,pony,80,0.7977886862129026,0.034686904451401435,0.049577888566690764,1,1,INCORRECT
rader,pony,85,0.76079311376344,0.005889578563331277,0.02173421091386618,1,1,CORRECT
rader,pony,86,0.7663138826135267,0.020474684328094073,0.03551097923420721,0,1,INCORRECT
rader,pony,87,0.7730091785914566,0.01698416425613991,0.034161547182888885,0,1,INCORRECT
rader,pony,90,0.8006228683743086,0.037731705375922076,0.048826661160269236,0,1,INCORRECT
rader,pony,97,0.8108216205929696,0.03196132629042059,0.05251314360350523,1,1,CORRECT
rader,pony,89,0.7627593171732878,0.006315283114975978,0.014750872303621376,0,1,CORRECT
rader,pony,91,0.9098074950814898,0.09358116241444092,0.11968037048804425,1,1,INCORRECT
rader,pony,93,0.7858423934858552,0.02062929208267461,0.039569392998394126,1,1,INCORRECT
rader,pony,88,0.7896525140963668,0.014636318631739309,0.03336032658837296,1,1,INCORRECT
rader,pony,95,0.7542357895055678,0.010789477969990413,0.024441792071951407,1,1,CORRECT
rader,pony,94,0.7567685338375387,0.010222279194916029,0.02292407551017117,0,1,INCORRECT
rader,pony,92,0.8008395370822472,0.009569997565511468,0.025143688263083663,0,1,CORRECT
rader,pony,96,0.7795050293010621,0.011536612721299688,0.03541795485747612,0,1,INCORRECT
rader,pony,100,0.7860956978702186,0.018650623615504625,0.038090448635572316,1,1,CORRECT
rader,pony,99,0.7590238804464481,0.012685086779938848,0.026575717941620502,0,0,INCORRECT
rader,pony,102,0.8358352526496388,0.03306743817023594,0.04647378478322717,1,1,CORRECT
rader,pony,98,0.809531187625463,0.018049314434440022,0.04403441814386533,0,0,CORRECT
rader,pony,78,0.7755495297362912,0.011605828936516405,0.0268469363654108,0,1,INCORRECT
rader,pony,104,0.7796450695684634,0.013314494911566777,0.03390763091143867,0,1,CORRECT
rader,pony,103,0.7986856771773366,0.03788910840318371,0.05635205089812567,0,1,CORRECT
rader,pony,107,0.7996321544971989,0.020336303893224494,0.031925715731165316,0,1,INCORRECT
rader,pony,106,0.8105193129401517,0.022694748768576356,0.051961920223074554,0,1,CORRECT
rader,pony,109,0.7864842925993434,0.010291253025889402,0.018926140880082265,0,0,INCORRECT
rader,pony,105,0.8301246277195073,0.00746859232183783,0.03448165400221004,0,0,CORRECT
rader,pony,108,0.7773600055631278,0.023112468672093156,0.03547907071945433,1,1,INCORRECT
rader,pony,110,0.8028701693277868,0.022399827832140673,0.03562679901731258,1,1,CORRECT
rader,pony,101,0.7915427184316844,0.011501142852174295,0.029497511472831417,1,1,CORRECT
rader,psychology,12,0.8267904080450922,0.014003701174350569,0.028727269526790167,0,0,INCORRECT
rader,psychology,9,0.8447164846661737,0.02592105752405416,0.07806013290111546,1,1,CORRECT
rader,psychology,7,0.7989528777341035,0.014151543843377579,0.03648599610318182,0,0,INCORRECT
rader,psychology,11,0.8284589003036577,0.005203324482801142,0.02575985409530246,0,0,INCORRECT
rader,psychology,2,0.8757836402883924,0.009305986797165877,0.07515756008240537,1,1,CORRECT
rader,pony,111,0.7832906977219007,0.0064113636030045384,0.016663825814083322,1,1,CORRECT
rader,psychology,0,0.8378638900934787,0.02970954534599235,0.04318076171998064,0,0,CORRECT
rader,psychology,1,0.8309095809232294,0.03564796377951496,0.05794979321471594,1,1,INCORRECT
rader,psychology,4,0.8069817329471874,0.00403275394744862,0.022456432765515566,0,1,INCORRECT
rader,psychology,3,0.8645924818227257,0.020317582379677734,0.0655901918981937,0,0,CORRECT
rader,psychology,8,0.8193668202674058,0.007657156438269697,0.03340232426776868,0,1,CORRECT
rader,psychology,10,0.8410558780205353,0.014318198682218064,0.023604035052415817,0,1,CORRECT
rader,psychology,6,0.8272461388994793,0.005144147069338967,0.013745001984974858,0,0,CORRECT
rader,psychology,5,0.884018149391956,0.03342506526605271,0.05503345488746014,0,0,CORRECT
rader,psychology,20,0.8162907281155848,0.009933717031850087,0.029709538539410163,0,0,CORRECT
rader,psychology,13,0.8600898678453301,0.014981875064877914,0.03467415449499478,1,1,INCORRECT
rader,psychology,15,0.7917615778950127,0.014965658232563794,0.028712940610329474,0,1,CORRECT
rader,psychology,17,0.8467387107375695,0.026769698450137658,0.04896797294589095,1,1,CORRECT
rader,psychology,16,0.8654388347893535,0.011367181481991673,0.04487660160696094,0,0,CORRECT
rader,psychology,14,0.8272866036481811,0.01049985317252411,0.028599742525144523,0,0,CORRECT
rader,psychology,18,0.8768441446514599,0.0130141277441167,0.04584626424290472,0,0,CORRECT
rader,psychology,19,0.885359286783665,0.028788511831576935,0.13158282945370225,1,1,CORRECT
rader,psychology,23,0.843580322738506,0.006675597711687464,0.026813966365440978,0,0,INCORRECT
rader,psychology,21,0.8437297565771419,0.015723463134185156,0.05470521480519519,0,0,CORRECT
rader,psychology,22,0.9060755548768551,0.04057857397869091,0.07940558045960444,0,0,INCORRECT
rader,psychology,26,0.8863607608963198,0.012197981313255779,0.09127142875917726,0,1,CORRECT
rader,psychology,24,0.8614904556212007,0.024708949412379,0.04498950977695271,0,0,CORRECT
rader,psychology,25,0.8626897510054278,0.015586135565963888,0.048642439349821376,0,0,CORRECT
rader,psychology,31,0.8656347817497863,0.014472343130444987,0.08829884772588614,1,1,CORRECT
rader,psychology,27,0.8554296468623666,0.01944898175102483,0.055500857596120556,0,0,INCORRECT
rader,psychology,33,0.8517449723375018,0.014522372851850873,0.0655807771080319,1,1,CORRECT
rader,psychology,30,0.8830032680257603,0.027118904196955507,0.09555874445501411,1,1,CORRECT
rader,psychology,28,0.8500894026828388,0.005884965056707991,0.05303870141639533,1,1,CORRECT
rader,psychology,29,0.8716015235469868,0.011315653807192572,0.029784886504908736,0,1,CORRECT
rader,psychology,38,0.8232327334368835,0.02592899669937465,0.07001594481303652,1,1,CORRECT
rader,psychology,32,0.8334437510542544,0.029048181735682133,0.04518527192553068,0,0,CORRECT
rader,psychology,34,0.9006785085158124,0.012446184174018327,0.033463582185449425,0,0,CORRECT
rader,psychology,40,0.8664304724716061,0.016423306363317458,0.04733773617077941,0,1,INCORRECT
rader,psychology,35,0.8254292132478009,0.029010289886218343,0.07698797116204603,1,1,CORRECT
rader,psychology,36,0.8273529734644232,0.002842481096483329,0.026618234105358907,0,0,CORRECT
rader,psychology,43,0.8469933616399532,0.01399668448294289,0.046442067362164385,1,1,CORRECT
rader,psychology,39,0.8067266384105911,0.015122596462275428,0.030689888583812608,0,0,INCORRECT
rader,psychology,41,0.8500678717566532,0.014445907477850128,0.051645117908025284,0,1,INCORRECT
rader,psychology,37,0.858345444226763,0.012850382283029371,0.02238261530524266,1,1,CORRECT
rader,psychology,42,0.8681998093582898,0.005415530719038775,0.024687753973887117,0,1,CORRECT
rader,psychology,44,0.8340578982476087,0.011550576384989797,0.024759864818881927,1,1,CORRECT
rader,psychology,49,0.837821818286309,0.01717244840603438,0.03186638627406302,0,1,INCORRECT
rader,psychology,50,0.8377301450014409,0.016965953554463398,0.04690564219737525,0,0,CORRECT
rader,psychology,51,0.8518737266877472,0.0314525272837739,0.057704882860743045,1,1,CORRECT
rader,psychology,45,0.8731810296104975,0.01148221491886181,0.04469979383795808,1,1,CORRECT
rader,psychology,47,0.8390230289967203,0.016673341880955816,0.04736527127340695,1,1,CORRECT
rader,psychology,46,0.8582320821412699,0.025667869433151136,0.04534224751797711,1,1,CORRECT
rader,psychology,58,0.856298011927692,0.018459273148838884,0.03548181206868628,0,0,CORRECT
rader,psychology,61,0.8661185535134512,0.012171882067031459,0.03725808863302338,0,1,INCORRECT
rader,psychology,52,0.8527722668231406,0.01544809653020418,0.03215574273272348,1,1,CORRECT
rader,psychology,53,0.8520744450622749,0.047440488063668296,0.0708880397663535,1,1,CORRECT
rader,psychology,55,0.8119757223129351,0.028908369206468776,0.04858158195625517,0,0,CORRECT
rader,psychology,63,0.8555466262329509,0.008184571393272777,0.034964494631462784,0,0,CORRECT
rader,psychology,57,0.8764320497331185,0.019018857439954462,0.06897118495563725,1,1,CORRECT
rader,psychology,56,0.7948652951026041,0.012974018956029454,0.02719785697035282,1,1,CORRECT
rader,psychology,54,0.8370049589449818,0.014027099348903116,0.03508408902231264,0,0,CORRECT
rader,psychology,62,0.8424279551604608,0.011003928890309322,0.05645232960662072,1,1,CORRECT
rader,psychology,48,0.8170637234411059,0.009265656852118997,0.04244062992298803,0,1,INCORRECT
rader,psychology,59,0.916666854739941,0.006009987677997208,0.028653003191343673,0,0,CORRECT
rader,psychology,60,0.8903369600722867,0.008022603585736476,0.034551694374356345,0,0,CORRECT
rader,psychology,67,0.8828248890990481,0.038887048131355684,0.06471525347985152,1,1,CORRECT
rader,psychology,64,0.799142804279214,0.02562553443090554,0.040682988809753406,0,1,INCORRECT
rader,psychology,66,0.8784020524935264,0.04030652571925575,0.0646074496975515,0,0,CORRECT
rader,psychology,65,0.8221277576389291,0.014953280501114885,0.03943807636645125,0,1,CORRECT
rader,psychology,77,0.8272684458528988,0.04160354934661725,0.0811977087714324,0,1,CORRECT
rader,psychology,68,0.8959105550070048,0.015797355504365673,0.055129790257870126,1,1,CORRECT
rader,psychology,75,0.8905398563830658,0.049275807729889376,0.06857910098035158,0,0,INCORRECT
rader,psychology,70,0.8535915550360929,0.011349352387201916,0.027274486260058683,0,0,CORRECT
rader,psychology,69,0.858172542354714,0.017763195442432544,0.049048194084200136,0,1,CORRECT
rader,psychology,81,0.8233581763724009,0.04123956282088237,0.061252715805539704,1,1,CORRECT
rader,psychology,71,0.8840885897737242,0.01043491794653928,0.03565738181324263,0,0,CORRECT
rader,psychology,73,0.851949778205977,0.012921430723185856,0.027363268177461486,0,1,CORRECT
rader,psychology,72,0.822517562650457,0.0031825499798848744,0.022817195091610065,1,1,CORRECT
rader,psychology,76,0.8409777707108024,0.016063438272429842,0.044214304743315,0,1,CORRECT
rader,psychology,74,0.8936536689246927,0.03869918084610757,0.05619718773389404,1,1,CORRECT
rader,psychology,78,0.8305764897219163,0.023146733347904624,0.0336825061899646,0,1,CORRECT
rader,psychology,83,0.8847849036855795,0.01592156250928567,0.03944197671717553,0,0,INCORRECT
rader,psychology,79,0.8809540186697524,0.033435057721357464,0.06820110072331653,1,1,CORRECT
rader,psychology,80,0.8758880010093596,0.03762157079197903,0.08253454145835737,1,1,CORRECT
rader,psychology,86,0.8007001844262503,0.010106403142872589,0.040135656298536104,1,1,CORRECT
rader,psychology,82,0.8558697687965657,0.011956789791356504,0.03609009931366047,0,1,CORRECT
rader,psychology,84,0.8453965904754893,0.012171780729193338,0.05255179190182713,1,1,CORRECT
rader,psychology,85,0.8790488157270799,0.016154688752399893,0.04472534098779013,0,0,CORRECT
rader,psychology,87,0.8150681444763187,0.011481301067970073,0.03326955515113217,0,0,CORRECT
rader,psychology,92,0.8469065948717384,0.012448289525764822,0.0325664750336252,1,1,CORRECT
rader,psychology,91,0.8503518332787577,0.034488435131420525,0.06403738635378575,1,1,CORRECT
rader,psychology,90,0.9031487840305981,0.030397906169469024,0.06510045157414579,0,1,CORRECT
rader,psychology,88,0.8707921030523057,0.015843388035959305,0.05781939008379333,1,1,CORRECT
rader,psychology,95,0.8094258404834128,0.014971553719484443,0.02487397435279981,0,1,CORRECT
rader,psychology,93,0.8162690752234495,0.01764479067850011,0.03944817078358198,0,0,CORRECT
rader,psychology,94,0.8169456877541615,0.02299742186603637,0.03841582250873088,0,0,INCORRECT
rader,psychology,96,0.8213529095851949,0.02111675368245458,0.03064661461487761,1,1,CORRECT
rader,psychology,99,0.8910417517037869,0.020292160428060813,0.0843158302226974,0,0,CORRECT
rader,psychology,89,0.8416192290598214,0.00882514943200119,0.027699924096372897,0,0,INCORRECT
rader,psychology,100,0.8482017215751564,0.029145367763629415,0.06472207739339864,0,0,INCORRECT
rader,psychology,98,0.8097731409974915,0.016346399318847626,0.04279760186834092,0,0,INCORRECT
rader,psychology,97,0.8274763000232198,0.039706920278323676,0.06369038675435534,1,1,CORRECT
rader,robotics,0,0.880667601398518,0.006028021934592287,0.03460442386256335,0,0,CORRECT
rader,robotics,1,0.8482984899920438,0.020035945738933303,0.04509322516915171,0,0,INCORRECT
rader,robotics,3,0.8452104370016262,0.016140771258650988,0.02897865757990714,0,0,INCORRECT
rader,robotics,4,0.8245372775156491,0.015757276730631764,0.033652811302807506,1,1,CORRECT
rader,robotics,2,0.9085757373455635,0.011870460916225456,0.03363046309733009,1,1,CORRECT
rader,robotics,10,0.8307372206998437,0.015829794646167517,0.02419995544147624,0,0,INCORRECT
rader,robotics,13,0.8558371908371959,0.004125128561473956,0.016679598951927832,0,0,INCORRECT
rader,robotics,5,0.8800806514697418,0.02236013146121918,0.03905339908104344,1,1,CORRECT
rader,robotics,6,0.905528774065145,0.02041666738480208,0.049230327986003686,0,0,CORRECT
rader,robotics,8,0.8556201946717067,0.023474973529503673,0.05399892683125518,1,1,CORRECT
rader,robotics,9,0.8916874121775664,0.03397764120741442,0.054073081284063296,0,0,INCORRECT
rader,robotics,12,0.8807118818163291,0.015807011748907973,0.028851076691528643,0,0,CORRECT
rader,robotics,7,0.8579467387533115,0.019997798404478573,0.04100419027252544,1,1,CORRECT
rader,robotics,14,0.8658559645275395,0.009731930941526579,0.025407178658068963,0,0,CORRECT
rader,robotics,11,0.8811125366396141,0.029206525663969862,0.064568570847506,0,0,CORRECT
rader,robotics,25,0.872429656215438,0.0003072133073898087,0.017412661172150457,0,0,INCORRECT
rader,robotics,16,0.8658009859539593,0.007202354573673131,0.020557796516390114,0,1,CORRECT
rader,robotics,21,0.8747420232861676,0.017363608651017493,0.059332983480921864,0,0,CORRECT
rader,robotics,15,0.9017961030325017,0.006707815678578033,0.037106291233474975,0,0,CORRECT
rader,robotics,19,0.856729694304248,0.011537398122510756,0.024780413436639392,0,1,CORRECT
rader,robotics,17,0.9042928016589573,0.010846635023059492,0.042152709725478354,0,1,CORRECT
rader,robotics,18,0.9027351076507827,0.01577938970156756,0.03474033836141188,1,1,CORRECT
rader,robotics,22,0.8259574106582973,0.008342228473151359,0.028368955259007622,0,0,CORRECT
rader,robotics,20,0.8834806529199849,0.013577557878570512,0.02086885250104009,0,1,CORRECT
rader,robotics,24,0.8796474994308108,0.02918934148107022,0.04655596338830814,1,1,CORRECT
rader,robotics,23,0.8560788932371113,0.017445684565485342,0.037049299245392686,0,1,CORRECT
rader,robotics,26,0.9132913590475604,0.015936043307029024,0.027357844892431094,0,0,INCORRECT
rader,robotics,27,0.8545735181446337,0.00988033070040939,0.042975880257533516,1,1,CORRECT
rader,robotics,28,0.8795522910639791,0.013543176033554039,0.018320386573294156,0,0,INCORRECT
rader,robotics,30,0.912204871629004,0.011242468828224217,0.01905961182486815,0,0,CORRECT
rader,robotics,34,0.8567326734244651,0.024284707272901995,0.0415654558610018,0,0,INCORRECT
rader,robotics,29,0.8462459185343364,0.017517779198645278,0.04632683055219611,0,0,CORRECT
rader,robotics,32,0.8614513982732429,0.017500429653968808,0.03507480993091694,0,0,CORRECT
rader,robotics,31,0.8487055286744848,0.007484002543815427,0.026773737746666137,0,0,CORRECT
rader,robotics,33,0.8887463317460951,0.03510499494698294,0.0447087783404897,0,0,CORRECT
rader,robotics,35,0.8391782613117947,0.012706738416127239,0.03114011609544476,0,0,CORRECT
rader,robotics,37,0.8862124544661545,0.01818197793501719,0.02930619249114108,0,0,CORRECT
rader,robotics,36,0.8670700741989006,0.010448562018217755,0.024795487966820184,1,1,CORRECT
rader,robotics,38,0.9462583696046285,0.06176349856757901,0.10695788029586473,1,1,CORRECT
rader,robotics,40,0.8934549817198792,0.027443427831149503,0.041140801392704596,0,0,CORRECT
rader,robotics,39,0.8757841279480004,0.0398292751577084,0.054491823231630154,0,1,CORRECT
rader,robotics,42,0.8545209208326442,0.0106357912341829,0.024546163844954227,0,0,INCORRECT
rader,robotics,43,0.8902937021791433,0.022146455190870773,0.033431337236795367,0,0,CORRECT
rader,robotics,49,0.9250822359256952,0.013833331635681678,0.03754895128292923,0,1,INCORRECT
rader,robotics,44,0.8714402281274665,0.004368146192642031,0.016080628356097137,0,0,INCORRECT
rader,robotics,41,0.8385817744311901,0.0009903252126961526,0.01300357546640174,0,0,CORRECT
rader,robotics,46,0.887560189227991,0.0149313065965897,0.03974064060257676,0,1,CORRECT
rader,robotics,45,0.9045031953513029,0.021565967633323746,0.045702126169130275,1,1,CORRECT
rader,robotics,51,0.853322945216458,0.01776463160073871,0.041279110554180765,0,0,CORRECT
rader,robotics,47,0.881803764091448,0.007057681568029217,0.02050603208187951,1,1,CORRECT
rader,robotics,48,0.8256129441487108,0.006688062640273218,0.015025191180340625,0,1,CORRECT
rader,robotics,50,0.8821328491954569,0.03397376811560138,0.05977005005983549,0,1,CORRECT
rader,robotics,54,0.8661783634127999,0.02653004793363911,0.03901780488934292,0,0,CORRECT
rader,robotics,56,0.8560242005520043,0.007351317750257214,0.026093227816462394,0,0,CORRECT
rader,robotics,55,0.8966120887062451,0.036978111485751586,0.051609462716131094,0,0,CORRECT
rader,robotics,53,0.8508378385061794,0.017169638727858816,0.035422075387509855,0,0,CORRECT
rader,robotics,57,0.9151715722442985,0.00852947015447747,0.045861200021701465,0,0,CORRECT
rader,robotics,52,0.8698344051022567,0.03125191490824819,0.04271048851228443,0,0,CORRECT
rader,robotics,58,0.9035590471818987,0.03105026877567807,0.07915087862977277,0,0,CORRECT
rader,robotics,59,0.8953850868648027,0.013236490734295336,0.04871948656871672,1,1,CORRECT
rader,robotics,63,0.8970198330942968,0.05008944069933141,0.0631122779083233,1,1,CORRECT
rader,robotics,60,0.8714459823878279,0.007207240256213998,0.02841325004524342,0,0,CORRECT
rader,robotics,61,0.8805850116537894,0.03004255485120233,0.08199484893716602,0,1,INCORRECT
rader,robotics,65,0.8983646638880082,0.01721101408074821,0.033453269142289854,0,1,INCORRECT
rader,robotics,64,0.878717281926174,0.001638132711062834,0.032945236491110585,1,1,CORRECT
rader,robotics,67,0.8614933518767369,0.02157660511641557,0.038065922003063024,0,0,CORRECT
rader,robotics,73,0.9011912033165096,0.005078945205021834,0.021719220298896724,0,0,INCORRECT
rader,robotics,71,0.8884381350115034,0.032259676752266375,0.05667229427431386,1,1,CORRECT
rader,robotics,70,0.8953915636306864,0.03371277523867211,0.05432843240847918,1,1,CORRECT
rader,robotics,68,0.9002826582232878,0.02476675092903169,0.058953870494903304,1,1,CORRECT
rader,robotics,62,0.9137106890374025,0.019949120649051855,0.046273869047618876,0,0,CORRECT
rader,robotics,72,0.8663232061054135,0.028490763766293115,0.048386351527760385,0,1,CORRECT
rader,robotics,69,0.8737946108637441,0.009277393601457296,0.024697412636479843,0,1,CORRECT
rader,robotics,75,0.8763200737047574,0.006712879272653183,0.04428527762286838,0,1,CORRECT
rader,robotics,78,0.916636368939794,0.03350858143102897,0.044947153579967924,1,1,CORRECT
rader,robotics,77,0.8718511609583841,0.00934833414904268,0.030452606541393035,0,0,INCORRECT
rader,robotics,76,0.877470033048912,0.009631830391716445,0.03461810755795103,0,0,CORRECT
rader,robotics,74,0.9191496444437516,0.01437809787950528,0.03841249956787618,0,0,CORRECT
rader,robotics,66,0.8937107965908072,0.01832510425093592,0.043425507618255144,0,0,INCORRECT
rader,robotics,79,0.9043038084676,0.016602132752642773,0.035864134984294305,0,0,CORRECT
rader,robotics,92,0.8572145876300366,0.028966487202800595,0.05695041363195208,1,1,CORRECT
rader,robotics,80,0.8971087591527672,0.011373296632467333,0.026820470364702254,0,0,CORRECT
rader,robotics,82,0.8425698131972564,0.023633861918818888,0.04006972357725391,0,0,INCORRECT
rader,robotics,81,0.8997447613127361,0.02135609019846474,0.045238690854667585,0,0,CORRECT
rader,robotics,83,0.8893721327909574,0.016973336085596813,0.04448280198968424,1,1,CORRECT
rader,robotics,84,0.8995940631935078,0.04809910772516768,0.07865472870433154,1,1,CORRECT
rader,robotics,86,0.8586344885738385,0.019646380308632527,0.03253521319835617,1,1,INCORRECT
rader,robotics,85,0.8742178961071492,0.02545262491264766,0.03580081094085885,1,1,CORRECT
rader,robotics,88,0.8514326132683988,0.010645707558669448,0.025565642362511132,0,0,CORRECT
rader,robotics,90,0.8645787089398292,0.0211552400002466,0.04127927828408873,0,0,CORRECT
rader,robotics,91,0.8255732481887923,0.008619597096504061,0.0342231583568442,1,1,CORRECT
rader,robotics,87,0.8753957318144483,0.03683083839222945,0.06618619394957992,0,0,INCORRECT
rader,robotics,89,0.8815627730948471,0.009901001721877245,0.02623588121789644,0,0,CORRECT
rader,robotics,93,0.9239935152603723,0.07302559419459775,0.10264587435867578,1,1,CORRECT
rader,robotics,99,0.8993217965228096,0.04687570764710336,0.07210063035184966,0,1,CORRECT
rader,robotics,94,0.8910132995440135,0.006734648932227083,0.04387109761223751,1,1,CORRECT
rader,robotics,95,0.8693193322083382,0.02306223013844022,0.037247377679497595,0,0,INCORRECT
rader,stackoverflow,0,0.8701614111736261,0.013190807386925907,0.06618114414147114,0,0,INCORRECT
rader,robotics,100,0.8727717023472177,0.016178514274349354,0.024347933307364844,0,0,CORRECT
rader,robotics,98,0.8611910723423842,0.004354092033114654,0.016906978256775007,0,0,INCORRECT
rader,robotics,96,0.8901631434831281,0.02104067100541418,0.049896642458254314,0,0,INCORRECT
rader,robotics,97,0.8534283666675492,0.012736179472147002,0.028257286785346447,0,0,CORRECT
rader,stackoverflow,1,0.8557612196323239,0.008104981857792848,0.019375211449927376,0,1,CORRECT
rader,stackoverflow,5,0.8457604183437331,0.0044596131821266205,0.008479638627654884,0,0,CORRECT
rader,stackoverflow,2,0.8421582527903356,0.00877078728026015,0.036518484846396526,0,0,CORRECT
rader,stackoverflow,3,0.8587271974935224,0.005422167286520008,0.01864626726677765,0,1,CORRECT
rader,stackoverflow,4,0.8055716650866294,0.01097851424564733,0.020093211124750487,0,0,CORRECT
rader,stackoverflow,6,0.8303832684018873,0.019535463714156154,0.03369073612236173,0,0,CORRECT
rader,stackoverflow,7,0.7801001015444977,0.010724338218410123,0.022317621307487157,0,0,CORRECT
rader,stackoverflow,8,0.8467050794935872,0.014052358888823058,0.05029641257570272,0,1,CORRECT
rader,stackoverflow,14,0.8978068626169706,0.03210373294222857,0.06677714869334572,0,1,CORRECT
rader,stackoverflow,9,0.8013738493809126,0.004828936617375379,0.029320299564153496,0,0,INCORRECT
rader,stackoverflow,11,0.864452890507057,0.01372459766042522,0.037801087807451283,0,0,CORRECT
rader,stackoverflow,13,0.8602115219332764,0.002285547420376899,0.03420562053846432,1,1,CORRECT
rader,stackoverflow,10,0.8867585480606704,0.006030237135756122,0.033251958474023735,1,1,CORRECT
rader,stackoverflow,15,0.8100642712223183,0.010840246442122115,0.02425874076044765,0,0,CORRECT
rader,stackoverflow,16,0.8678778185858484,0.021609726392928352,0.06602577372299456,1,1,CORRECT
rader,stackoverflow,19,0.782668941352745,0.014858399252745569,0.02027459599877246,0,0,CORRECT
rader,stackoverflow,18,0.9022969429270465,0.002572666300499238,0.04325641030259264,0,0,CORRECT
rader,stackoverflow,17,0.8321839048459994,0.02561019288591404,0.03145580897140654,0,0,CORRECT
rader,stackoverflow,12,0.8193071486954764,0.004825738001605462,0.023030700412082772,1,1,CORRECT
rader,stackoverflow,31,0.8389687193361209,0.017579435490590045,0.030750916540597695,0,1,INCORRECT
rader,stackoverflow,22,0.9106667751194091,0.018647575962360774,0.0821582878846947,0,0,INCORRECT
rader,stackoverflow,24,0.8803859527664962,0.009150154323707249,0.03293179453916595,0,0,CORRECT
rader,stackoverflow,20,0.8496890592850703,0.012999044511244673,0.03932155001933613,0,1,CORRECT
rader,stackoverflow,21,0.7954873255060453,0.012621389521122683,0.028931003070189032,0,0,CORRECT
rader,stackoverflow,23,0.8625624643614225,0.02534890427570413,0.06282877367959183,1,1,CORRECT
rader,stackoverflow,26,0.8305920744255149,0.02108463312166098,0.040906686258225244,0,0,CORRECT
rader,stackoverflow,27,0.880334544755439,0.010474697232724095,0.060838666056775126,0,0,CORRECT
rader,stackoverflow,25,0.8786763758131507,0.009016643637938748,0.0366938550663386,0,0,CORRECT
rader,stackoverflow,28,0.8341071677824707,0.010186358551706132,0.043951546029345145,0,1,CORRECT
rader,stackoverflow,32,0.8308730278130098,0.007063330512512733,0.019654111286140585,0,0,CORRECT
rader,stackoverflow,30,0.8730708332686334,0.0016949894749368477,0.0025510266779322777,0,0,INCORRECT
rader,stackoverflow,29,0.884967852480043,0.03147427087886201,0.04618627376603801,0,0,CORRECT
rader,stackoverflow,33,0.8347234450695963,0.01573759707712552,0.022412647982504086,0,0,CORRECT
rader,stackoverflow,34,0.906209098074971,0.03564156657963691,0.06616012715779596,1,1,CORRECT
rader,stackoverflow,35,0.8315228522383491,0.009609863515365191,0.01746014778092808,0,0,CORRECT
rader,stackoverflow,36,0.8816093826446503,0.024411763851531765,0.07928719707538434,0,0,INCORRECT
rader,stackoverflow,40,0.8300241462318245,0.0426069134590088,0.06497464670737374,0,0,CORRECT
rader,stackoverflow,42,0.8426490225393968,0.04283674413115712,0.09534555851969484,1,1,CORRECT
rader,stackoverflow,41,0.9103114206462375,0.009310771248923433,0.04620730252772143,0,1,CORRECT
rader,stackoverflow,37,0.8402425702543997,0.00362969622539977,0.009863312223933107,0,0,CORRECT
rader,stackoverflow,39,0.8961263749931769,0.021886415674929993,0.05207321602720305,1,1,CORRECT
rader,stackoverflow,44,0.9003441169414722,0.045620629587512895,0.09089315357879546,1,1,CORRECT
rader,stackoverflow,47,0.9306894109037138,0.02643234243717152,0.09656466949509257,0,1,INCORRECT
rader,stackoverflow,46,0.8425319598559553,0.0222355989820191,0.04550092049543997,0,1,CORRECT
rader,stackoverflow,38,0.8709709786390814,0.02094672107721751,0.05336514072902376,0,0,INCORRECT
rader,stackoverflow,43,0.8787358012564525,0.012380653989126467,0.025728199298755805,0,1,CORRECT
rader,stackoverflow,45,0.8679199076721049,0.01279410788363955,0.02737892685779042,1,1,CORRECT
rader,stackoverflow,49,0.8468365243428418,0.010203295865105266,0.04005055732875551,0,0,CORRECT
rader,stackoverflow,48,0.8578160176180252,0.01774120229136844,0.07980590309926427,1,1,CORRECT
rader,stackoverflow,50,0.8407090546210623,0.008745077244682986,0.04090589125305655,0,0,CORRECT
rader,stackoverflow,51,0.8262295599415027,0.01634317509617056,0.026842009983097936,0,1,CORRECT
rader,stackoverflow,53,0.8923302832907132,0.03573313540744005,0.05264188452270313,1,1,CORRECT
rader,stackoverflow,52,0.8593858203002851,0.013508074340027432,0.06027357949621237,1,1,INCORRECT
rader,stackoverflow,55,0.8038079673990705,0.016869344989621782,0.03242096219456825,1,1,CORRECT
rader,stackoverflow,58,0.8431861579659145,0.009409860408012838,0.022876292527536868,0,0,CORRECT
rader,stackoverflow,57,0.8438466704350328,0.01244581789354382,0.01991528525102315,0,0,CORRECT
rader,stackoverflow,56,0.8857341532407657,0.024637200243011415,0.06123548133360179,0,1,CORRECT
rader,stackoverflow,59,0.8648665811782257,0.03795855083566013,0.05623545823607079,0,0,INCORRECT
rader,stackoverflow,60,0.8118051310556125,0.005656692704208877,0.01950406330079235,0,0,CORRECT
rader,stackoverflow,61,0.8495766818687436,0.0048441858160540585,0.02838366556022931,1,1,CORRECT
rader,stackoverflow,54,0.8781684273363835,0.014230818862860928,0.036684965196743136,0,1,CORRECT
rader,stackoverflow,62,0.8388288649870561,0.022196974108982692,0.037562503148934945,1,1,CORRECT
rader,stackoverflow,63,0.8698259997796082,0.05717527250953569,0.06992646412663728,1,1,CORRECT
rader,stackoverflow,64,0.8596779523273954,0.018183362758144694,0.04072888721387913,0,1,CORRECT
rader,stackoverflow,66,0.8577177882275905,0.014944076913323667,0.034241379329633004,0,1,CORRECT
rader,stackoverflow,67,0.7958166564597731,0.019494133215723797,0.03342135019421533,0,1,CORRECT
rader,stackoverflow,71,0.8429785747198602,0.031122875019095053,0.05938441242070569,0,0,CORRECT
rader,stackoverflow,68,0.8587946386242996,0.010208351724019349,0.03379500157347137,0,0,CORRECT
rader,stackoverflow,69,0.8601256764768711,0.04142111020894257,0.06284390167632103,0,0,INCORRECT
rader,stackoverflow,70,0.8979918966546916,0.018758925566021767,0.042301996716127,1,1,CORRECT
rader,stackoverflow,74,0.8733625612533941,0.012292372244152916,0.025686067371554322,0,0,CORRECT
rader,stackoverflow,76,0.8376663853304307,0.022541788358928394,0.03555252834106648,0,1,CORRECT
rader,stackoverflow,72,0.8747082424284921,0.03511287295487553,0.06086889212020641,1,1,CORRECT
rader,stackoverflow,75,0.8924638781591832,0.05472711791610496,0.0861014071293269,1,1,CORRECT
rader,stackoverflow,73,0.8433168100357389,0.022724388424834485,0.0343080741202606,0,0,INCORRECT
rader,stackoverflow,78,0.8214626880612848,0.006532638865523133,0.02460760400809836,0,0,INCORRECT
rader,stackoverflow,77,0.9067776565805638,0.01436666134095066,0.037844163823917865,0,0,INCORRECT
rader,stackoverflow,65,0.8897249440187941,0.026924000756398225,0.059473896822601624,0,0,INCORRECT
rader,stackoverflow,82,0.8287633043049302,0.04481792775425264,0.07645413173802262,1,1,CORRECT
rader,stackoverflow,80,0.8995425206341543,0.04802140816223832,0.09600837340378976,0,0,CORRECT
rader,stackoverflow,86,0.8614066806927789,0.022817537783953235,0.08986247450474483,1,1,CORRECT
rader,stackoverflow,81,0.8411103240477056,0.009728013937646218,0.03362600805812099,0,0,INCORRECT
rader,stackoverflow,84,0.8713208201697428,0.01980860129820028,0.08167625029690107,1,1,CORRECT
rader,stackoverflow,85,0.8681148899530182,0.020706338143846925,0.05924127377830202,1,1,CORRECT
rader,stackoverflow,89,0.8169285021356302,0.004321429330245596,0.018812525867249685,0,1,INCORRECT
rader,stackoverflow,88,0.8637387832052139,0.01211511767569362,0.03221551121989663,1,1,CORRECT
rader,stackoverflow,87,0.9179601508778752,0.019012202433270065,0.05346380442094523,0,0,CORRECT
rader,stackoverflow,79,0.8301715519535813,0.017352555672394243,0.039378701163680585,0,0,CORRECT
rader,stackoverflow,83,0.8849336821674969,0.02810058589034592,0.062344471013287106,1,1,CORRECT
rader,stackoverflow,91,0.8502367729518678,0.012999875689305496,0.03650052759805389,0,0,CORRECT
rader,stackoverflow,90,0.893684155098734,0.03213338122619347,0.04797533725976155,0,0,CORRECT
rader,stackoverflow,93,0.8785390218914273,0.014376198695985498,0.05241747750978887,0,0,INCORRECT
rader,stackoverflow,92,0.8706499765963198,0.017320143413143252,0.04090836581846258,0,1,CORRECT
rader,stackoverflow,94,0.7966914459454112,0.015767065040594552,0.02528899483093161,0,1,CORRECT
rader,stackoverflow,95,0.8968636780951132,0.06927828173708672,0.1222184420498883,0,0,CORRECT
rader,stackoverflow,96,0.8332863987786624,0.048874125482591846,0.06646419843476381,0,1,CORRECT
rader,stackoverflow,101,0.8764049428504797,0.0,0.0024672603218321987,0,0,CORRECT
rader,stackoverflow,97,0.8260932229607559,0.020543878486039335,0.03829563386697987,0,0,CORRECT
rader,stackoverflow,98,0.8540403507848751,0.024731801527650865,0.06609040949889722,0,1,INCORRECT
rader,stackoverflow,102,0.8972516528704702,0.0341206671700135,0.0891011236125927,1,1,CORRECT
rader,stackoverflow,99,0.8422706665756761,0.006007597829679523,0.0264871896672928,0,1,CORRECT
rader,stackoverflow,106,0.8516366806175673,0.010598973619743157,0.04240021909356462,1,1,CORRECT
rader,stackoverflow,103,0.9104915168749894,0.06541422124878093,0.11501873580186173,1,1,CORRECT
rader,stackoverflow,104,0.8606063589005226,0.023489413943173276,0.04489867323535379,0,1,CORRECT
rader,stackoverflow,100,0.8926748769409824,0.03558115697600117,0.07980391310033974,0,0,CORRECT
rader,stackoverflow,105,0.8825902261041649,0.02250105486829812,0.0464245147325163,1,1,CORRECT
rader,stackoverflow,107,0.8831367179744501,0.02307749239413892,0.06648055853441348,1,1,CORRECT
rader,stackoverflow,108,0.861000435440549,0.008816596655348286,0.02062545647272318,1,1,CORRECT
rader,stackoverflow,109,0.8924995897613496,0.0062595806486928085,0.0671330996639442,0,0,CORRECT
rader,stackoverflow,110,0.8720737055487296,0.0073012029182093485,0.04051575075967617,1,1,CORRECT
rader,stackoverflow,113,0.8443058166332608,0.0211120527694717,0.056983802843196596,1,1,CORRECT
rader,stackoverflow,112,0.9082987899059958,0.0035203741738889516,0.04285718218982737,0,1,CORRECT
rader,stackoverflow,111,0.8499299103658491,0.0072661368929903825,0.029845249866607637,0,1,CORRECT
rader,stackoverflow,115,0.8074663737633743,0.008783729902020143,0.020097239413587542,0,0,CORRECT
rader,stackoverflow,114,0.8905400475453493,0.03312339445517498,0.06955841302425192,1,1,CORRECT
rader,sustainable_living,0,0.8555797907761192,0.011658830842450674,0.029256823824165945,0,1,CORRECT
rader,sustainable_living,6,0.8631103809911314,0.0034571495413965314,0.02042519454520164,0,0,CORRECT
rader,sustainable_living,4,0.8335117978153233,0.023321832954233623,0.03624298410508797,0,0,INCORRECT
rader,sustainable_living,1,0.7910499981252942,0.013699833662004224,0.03815959274162606,0,0,INCORRECT
rader,sustainable_living,8,0.8280152495462824,0.006959451125229998,0.02941043006906552,0,0,CORRECT
rader,sustainable_living,5,0.8602146325165244,0.033268696823020805,0.06201522618696842,0,0,CORRECT
rader,sustainable_living,3,0.8184585911142689,0.012317524365967558,0.03890420415071516,1,1,CORRECT
rader,stackoverflow,116,0.8523072388628279,0.027496026591748657,0.04862535656144973,0,1,CORRECT
rader,sustainable_living,2,0.9244804523454098,0.03152270486827591,0.0650306831634615,0,1,CORRECT
rader,sustainable_living,12,0.8821092726800062,0.0410978886173079,0.10896025497276407,0,0,CORRECT
rader,sustainable_living,7,0.8539697646875913,0.03151033833093997,0.04988969369423779,0,0,CORRECT
rader,sustainable_living,10,0.8086161123620975,0.007725031235007229,0.019457058934297833,0,0,INCORRECT
rader,sustainable_living,9,0.8146647506839688,0.014553703725150524,0.041671837840276504,0,0,CORRECT
rader,sustainable_living,11,0.8444045296170449,0.013174790335587105,0.03333554204769196,0,0,CORRECT
rader,sustainable_living,13,0.8308653619446047,0.009816444714831118,0.05196831700109261,1,1,CORRECT
rader,sustainable_living,15,0.8450217698444155,0.014904777741762243,0.04187002837723586,0,1,INCORRECT
rader,sustainable_living,14,0.8505465870433786,0.008527746521329593,0.025926874885610407,0,0,INCORRECT
rader,sustainable_living,17,0.8127521436707313,0.011919303027563277,0.027877072051277985,0,0,CORRECT
rader,sustainable_living,19,0.864629682162623,0.006709207272577844,0.01720109373365397,0,0,INCORRECT
rader,sustainable_living,18,0.7955267584656817,0.03096927702550445,0.05402557639191363,0,0,INCORRECT
rader,sustainable_living,21,0.8946697934626051,0.01856700881603901,0.05526329530746166,0,0,CORRECT
rader,sustainable_living,16,0.8419212364896552,0.01878727457333429,0.05161760531834314,0,0,CORRECT
rader,sustainable_living,20,0.8670295085769496,0.03847347833190995,0.0621173600054028,1,1,CORRECT
rader,sustainable_living,24,0.8171228184439412,0.02705557395027902,0.04538223761846116,0,0,INCORRECT
rader,sustainable_living,22,0.8253979386582388,0.01805280164447043,0.029814991046099526,1,1,CORRECT
rader,sustainable_living,26,0.8383523183984871,0.011556494658303218,0.021001531204718704,0,1,CORRECT
rader,sustainable_living,29,0.86812250953342,0.01807576649785836,0.040998565423223,0,1,CORRECT
rader,sustainable_living,25,0.9128198172115144,0.02841365758034331,0.09236728157412577,0,0,CORRECT
rader,sustainable_living,23,0.8804780276091722,0.04400672237851444,0.08361426010923345,1,1,CORRECT
rader,sustainable_living,27,0.8312577237962518,0.019521914234520876,0.031043207973412312,0,0,CORRECT
rader,sustainable_living,28,0.795514093554143,0.0083989156317118,0.030018516548068197,1,1,CORRECT
rader,sustainable_living,31,0.8813106213551485,0.039056699910344106,0.07194226871907416,1,1,CORRECT
rader,sustainable_living,30,0.8572251904634414,0.007824137057165892,0.03751269490215736,1,1,CORRECT
rader,sustainable_living,32,0.8692824231350893,0.019113136428769217,0.045882664126511874,1,1,CORRECT
rader,sustainable_living,34,0.867941812950861,0.01769984783802825,0.0385348278016765,0,0,INCORRECT
rader,sustainable_living,35,0.7888228857426307,0.016011967214913714,0.03265449215509786,0,1,INCORRECT
rader,sustainable_living,33,0.8448198008132428,0.016589518971623973,0.07157716094227484,1,1,CORRECT
rader,sustainable_living,37,0.8263385210951881,0.009675938758708869,0.03307069966616749,0,0,INCORRECT
rader,sustainable_living,36,0.8587144204724717,0.010845302742856555,0.03758075085630719,0,0,CORRECT
rader,sustainable_living,44,0.8307818542145243,0.03525021133328121,0.06785237619296314,1,1,CORRECT
rader,sustainable_living,41,0.8129603503186122,0.019272787302176075,0.041244437923921407,1,1,CORRECT
rader,sustainable_living,38,0.8115919903935668,0.010514498087109359,0.03374060898498343,0,0,CORRECT
rader,sustainable_living,40,0.8569894479424838,0.043814981514940676,0.06777737020039853,1,1,CORRECT
rader,sustainable_living,39,0.8907249521603432,0.00899846596908671,0.048565024310762483,1,1,CORRECT
rader,sustainable_living,42,0.8998685553309501,0.049768698446760906,0.07873749337665381,1,1,CORRECT
rader,sustainable_living,48,0.852240663598845,0.028947918295086028,0.07117160777390164,0,1,INCORRECT
rader,sustainable_living,43,0.85798405065341,0.03780312527563834,0.07630094120609454,0,1,CORRECT
rader,sustainable_living,46,0.8667489709697687,0.026858962038999956,0.05519267688742613,0,0,CORRECT
rader,sustainable_living,47,0.8163738320727656,0.019841017160371344,0.03517608713556153,0,0,CORRECT
rader,sustainable_living,45,0.8694845579510924,0.04163009761179748,0.06694388398769491,1,1,CORRECT
rader,sustainable_living,49,0.8892951559500195,0.03603407561880734,0.05559781680142728,0,0,INCORRECT
rader,sustainable_living,51,0.8945224763094463,0.007567566660748537,0.09671167472771847,1,1,CORRECT
rader,sustainable_living,52,0.8300902531088472,0.012810066927133379,0.0348060028081959,0,1,CORRECT
rader,sustainable_living,50,0.859523432306857,0.020551543924472337,0.046976658667156945,0,1,CORRECT
rader,sustainable_living,59,0.7943137568755523,0.008276543100807165,0.03813503972491994,0,0,INCORRECT
rader,sustainable_living,60,0.830476773418385,0.006471645948281202,0.029121614002533658,0,0,INCORRECT
rader,sustainable_living,58,0.8266992882939873,0.017954941478719233,0.03844798154342477,1,1,CORRECT
rader,sustainable_living,55,0.8411966903333599,0.02230800024456847,0.04534862831185038,1,1,CORRECT
rader,sustainable_living,54,0.879939559649963,0.01807118488832815,0.05863996491518331,1,1,CORRECT
rader,sustainable_living,56,0.8858014673944344,0.0038950089574386615,0.030651268234013984,0,1,CORRECT
rader,sustainable_living,57,0.8571788428657754,0.017997665793386575,0.055450675443101005,1,1,CORRECT
rader,sustainable_living,53,0.8087785169865795,0.012152690834301816,0.028715804376223897,0,0,INCORRECT
rader,sustainable_living,63,0.8166616219884165,0.002899566579065649,0.0170569388861308,0,0,CORRECT
rader,sustainable_living,61,0.841165685541758,0.02017649598018645,0.03954891773942071,0,1,CORRECT
rader,sustainable_living,62,0.8246139250924245,0.012756810558797294,0.03855556237884383,0,0,CORRECT
rader,sustainable_living,68,0.7892380366703446,0.009119213234155543,0.025797892124713173,0,0,CORRECT
rader,sustainable_living,67,0.836891498978871,0.04345651908363146,0.05994505715661502,1,1,CORRECT
rader,sustainable_living,64,0.8671523843548898,0.05276470795630661,0.07435321405272166,0,0,CORRECT
rader,sustainable_living,73,0.848788857274258,0.021107733384723715,0.037088162951407266,1,1,CORRECT
rader,sustainable_living,65,0.8166294568250957,0.027730002174332413,0.047949199825903066,1,1,INCORRECT
rader,sustainable_living,74,0.8242607299667468,0.020353191633293632,0.03896847368658507,0,0,CORRECT
rader,sustainable_living,66,0.8114142321244235,0.022359610319893197,0.0487054336378121,0,0,CORRECT
rader,sustainable_living,69,0.854312091129642,0.013202804229456522,0.034838965530200605,1,1,CORRECT
rader,sustainable_living,75,0.8844960685790808,0.015367016977004044,0.05429129891426876,0,0,INCORRECT
rader,sustainable_living,70,0.8344564007469246,0.008095565324916065,0.0416873980574588,0,1,INCORRECT
rader,sustainable_living,72,0.8675146704647907,0.024872302329407514,0.05550655341492561,1,1,INCORRECT
rader,sustainable_living,71,0.8496735808972107,0.013440722989631948,0.034839296729755054,0,0,INCORRECT
rader,sustainable_living,77,0.8651875916471229,0.048507628421222915,0.07885674663895048,1,1,INCORRECT
rader,sustainable_living,79,0.83930532954043,0.031205519688112582,0.06981291247713428,0,0,INCORRECT
rader,sustainable_living,76,0.8686707698559939,0.00879826287507457,0.03347243654589205,0,1,CORRECT
rader,sustainable_living,78,0.8565027833099412,0.024729691344411275,0.04551521562270344,1,1,CORRECT
rader,sustainable_living,80,0.8150998625955033,0.01667374176181624,0.05238919732838054,0,0,INCORRECT
rader,sustainable_living,81,0.8633696052819885,0.026205058038544005,0.07688098826371603,0,0,CORRECT
rader,sustainable_living,91,0.8339019820265734,0.015797006823024873,0.046150000870818886,0,0,CORRECT
rader,sustainable_living,83,0.8429717272723709,0.008287654127972499,0.03018066396772634,0,1,INCORRECT
rader,sustainable_living,85,0.860517017341167,0.0444594301154686,0.07710674510445703,0,0,CORRECT
rader,sustainable_living,87,0.8605845078641269,0.028408810633058668,0.04636670648088437,0,0,CORRECT
rader,sustainable_living,82,0.839395836615048,0.02986791541929934,0.056816975711085016,1,1,CORRECT
rader,sustainable_living,84,0.8389403727787075,0.01166887682873552,0.06180263161088717,1,1,CORRECT
rader,sustainable_living,88,0.8550158034989221,0.01630514867583044,0.04885886005082418,0,1,INCORRECT
rader,sustainable_living,86,0.8988078706862958,0.02020829288747683,0.05222190078681377,0,0,CORRECT
rader,sustainable_living,90,0.8491294338070732,0.009235410747390205,0.031086485228533856,0,0,INCORRECT
rader,sustainable_living,89,0.8481900785104239,0.03003721259606651,0.0766784858272177,1,1,CORRECT
rader,sustainable_living,92,0.8242059764357988,0.013872151099273644,0.045856052207879694,0,0,CORRECT
rader,sustainable_living,95,0.8398940430481809,0.05349065663230612,0.07385934279180784,1,1,CORRECT
rader,sustainable_living,94,0.8095500695515994,0.013457069806545707,0.023538574769224274,0,0,CORRECT
rader,sustainable_living,100,0.8202033740141818,0.018627505679110645,0.039149343164952444,0,0,INCORRECT
rader,sustainable_living,93,0.8445393591747441,0.005789171735702148,0.02899084140651864,0,0,INCORRECT
rader,sustainable_living,96,0.8307334789968566,0.017626959461902514,0.042475441435442574,1,1,CORRECT
rader,sustainable_living,97,0.8539835607507703,0.017853899905012516,0.04924166729068569,0,0,CORRECT
rader,sustainable_living,98,0.8871710580245827,0.04289360854195845,0.08041437740534652,0,0,INCORRECT
rader,sustainable_living,99,0.8751858566068699,0.016577536271449755,0.05946685939640839,0,0,INCORRECT
rader,sustainable_living,101,0.8688615067008271,0.010347196174417816,0.04978989029257885,1,1,CORRECT
rader,sustainable_living,103,0.8648096424073466,0.014351865211309933,0.03995907425957579,0,1,CORRECT
rader,sustainable_living,102,0.8459360543814698,0.030604326009211813,0.044789500416462125,0,0,INCORRECT
rader,sustainable_living,105,0.8784640540057359,0.010950921967619598,0.0333929814307683,0,0,INCORRECT
rader,sustainable_living,107,0.8141691649074069,0.024649027071305674,0.03930619222564935,1,1,CORRECT
rader,sustainable_living,104,0.8454540660412264,0.00487328204170534,0.018022976213024733,0,0,INCORRECT
rader,sustainable_living,106,0.8471851772965404,0.012530283167402345,0.04499091912700359,1,1,CORRECT
rader,theoremqa_questions,TheoremQA_elainewan/math_calculus_5_2.json,0.7826731230393833,0.011587285493251498,0.02262650709795666,0,0,INCORRECT
rader,theoremqa_questions,TheoremQA_jianyu_xu/pigeonhole_2.json,0.8439608042473214,0.0735644982695337,0.09869941662348647,1,1,INCORRECT
rader,theoremqa_questions,TheoremQA_elainewan/math_algebra_1.json,0.8553504848134045,0.01587728746458905,0.023028238180993643,0,0,INCORRECT
rader,theoremqa_questions,TheoremQA_xinyi/rotation.json,0.8237579872671922,0.006993715456305671,0.029119647980566654,0,0,INCORRECT
rader,theoremqa_questions,TheoremQA_jianyu_xu/pigeonhole_3.json,0.774518138772966,0.006310378068262401,0.02143631342666652,1,1,CORRECT
rader,theoremqa_questions,TheoremQA_maxku/cv-imageprocessing6-histogram.json,0.8109238826607406,0.044631926583726056,0.05138786860993172,0,1,INCORRECT
rader,theoremqa_questions,TheoremQA_wenhuchen/eigen_value1.json,0.9123420546831433,0.07383448260628611,0.0873692834341191,0,1,INCORRECT
rader,theoremqa_questions,TheoremQA_wenhuchen/definite_matrix1.json,0.9076578768901075,0.09897293975116495,0.11251089807292758,1,1,INCORRECT
rader,theoremqa_questions,TheoremQA_xueguangma/future_value_2.json,0.8757714105173183,0.006228711495935513,0.015832218233380768,0,0,INCORRECT
rader,theoremqa_questions,TheoremQA_elainewan/math_algebra_1_2.json,0.8454786795637447,0.04298853445977058,0.05867427435274808,0,0,INCORRECT
rader,theoremqa_questions,TheoremQA_wenhuchen/optics2.json,0.8168213265457821,0.06687061887384682,0.08812524322859427,1,1,INCORRECT
rader,theoremqa_questions,TheoremQA_wenhuchen/L'Hôpital_rule1.json,0.8423470876562345,0.025478332886321065,0.056331552797014295,0,1,CORRECT
rader,theoremqa_questions,TheoremQA_elainewan/math_algebra_4.json,0.8524904102654824,0.026745042847626577,0.04005430937011445,0,0,CORRECT
rader,theoremqa_questions,TheoremQA_elainewan/math_calculus_2_11.json,0.8161183783218012,0.005409880799365774,0.015300407981466035,0,1,CORRECT
rader,theoremqa_questions,TheoremQA_wenhuchen/optics7.json,0.8352139522609223,0.1093382219603467,0.12593311538807694,1,1,INCORRECT
rader,theoremqa_questions,TheoremQA_panlu/similarity2.json,0.8287048360439041,0.02830237888683007,0.04268166187518285,1,1,CORRECT
rader,theoremqa_questions,TheoremQA_elainewan/math_calculus_2_5.json,0.8412193822272287,0.024166339299603434,0.055923267326268844,1,1,CORRECT
rader,theoremqa_questions,TheoremQA_wenhuchen/gauss_lemma.json,0.8390476790439617,0.009160102274878068,0.017718353828908184,0,0,INCORRECT
rader,theoremqa_questions,TheoremQA_xueguangma/dividend_discount_model_2.json,0.8532350788828814,0.06110994762462385,0.09490259681303503,1,1,CORRECT
rader,theoremqa_questions,TheoremQA_xinyi/maximum_entropy_2.json,0.8297601328157902,0.08724795785037487,0.10393284085303622,1,1,CORRECT
rader,theoremqa_questions,TheoremQA_mingyin/stopping-time1.json,0.7542643933592537,0.003525310694625028,0.0158793277518966,0,0,INCORRECT
rader,theoremqa_questions,TheoremQA_tonyxia/euler-graph3.json,0.8744197955953683,0.04457247139669118,0.07201875722495943,1,1,CORRECT
rader,theoremqa_questions,TheoremQA_maxku/signalprocessing11-nyquist.json,0.8960024944109213,0.061325414021106806,0.12039230566814563,1,1,CORRECT
rader,theoremqa_questions,TheoremQA_jianyu_xu/Stirling_number_first_kind_5.json,0.8282500345618656,0.02487360139442918,0.04162221810273914,1,1,INCORRECT
rader,theoremqa_questions,TheoremQA_xueguangma/forward_price_2.json,0.8556820881985583,0.03893331351956042,0.07882406549396603,0,0,CORRECT
rader,theoremqa_questions,TheoremQA_maxku/cv-colorsci2-hsi.json,0.8205827933828111,0.10525423869243478,0.11612419786087769,1,1,CORRECT
rader,theoremqa_questions,TheoremQA_jianyu_xu/combination_1.json,0.8980841560562385,0.007746886712890477,0.026922253266076224,0,0,INCORRECT
rader,theoremqa_questions,TheoremQA_maxku/ipnetwork13-hammingdist.json,0.8002197238332889,0.04517294738745381,0.0519019159805153,1,1,CORRECT
rader,theoremqa_questions,TheoremQA_wenhuchen/Liouville’s_theorem1.json,0.8579199761087211,0.07929385351962415,0.11077684559860068,1,1,CORRECT
rader,theoremqa_questions,TheoremQA_xinyi/linear_projection.json,0.8705721117948735,0.02628397736409882,0.04540169549163864,1,1,CORRECT
rader,theoremqa_questions,TheoremQA_maxku/signalprocessing15-DB.json,0.8382276874173018,0.09529038131320855,0.10439930696280753,1,1,INCORRECT
rader,theoremqa_questions,TheoremQA_mingyin/Lebesgue-measure1.json,0.8098997202920585,0.02121125833625037,0.032668416541564715,0,0,INCORRECT
rader,theoremqa_questions,TheoremQA_tonyxia/semiconductor1.json,0.8011008758805849,0.03699195334949401,0.06935692757271894,0,0,CORRECT
rader,theoremqa_questions,TheoremQA_mingyin/series2.json,0.8144349828557202,0.014970645291485396,0.034374933692013165,0,0,INCORRECT
rader,theoremqa_questions,TheoremQA_elainewan/math_abstact_algebra_7_8.json,0.8340732760322266,0.003644450715650671,0.019291640598667614,0,0,INCORRECT
rader,theoremqa_questions,TheoremQA_panlu/rigid-body3.json,0.768848489825441,0.01878508479184149,0.04147365030386785,0,0,CORRECT
rader,theoremqa_questions,TheoremQA_wenhuchen/ODE2.json,0.8646632335319255,0.03331605434210494,0.043443990985677305,0,0,INCORRECT
rader,theoremqa_questions,TheoremQA_maxku/signalprocessing5-nyquist.json,0.8874186415065235,0.039999571902224806,0.12267000277153517,1,1,CORRECT
rader,theoremqa_questions,TheoremQA_xueguangma/taylors_approximation_theorem.json,0.8496258590959962,0.038727199948252355,0.058511736032687,0,0,INCORRECT
rader,theoremqa_questions,TheoremQA_xinyi/cramer_rao_lower_bound_2.json,0.8886746774121309,0.10384972406552828,0.12346668010406647,1,1,INCORRECT
rader,theoremqa_questions,TheoremQA_elainewan/math_algebra_5.json,0.8586738015037129,0.00720771517488461,0.026328614428425046,0,1,CORRECT
rader,theoremqa_questions,TheoremQA_xueguangma/binomial_model_2.json,0.847655899120042,0.007371393591093067,0.01164883524750826,0,0,INCORRECT
rader,theoremqa_questions,TheoremQA_xueguangma/spot_rate.json,0.8659449102868406,0.05385541495357393,0.10110994640306137,1,1,CORRECT
rader,theoremqa_questions,TheoremQA_panlu/molar_heat_capacity2.json,0.8521059828363369,0.11440041165370574,0.13326494688600665,1,1,INCORRECT
rader,theoremqa_questions,TheoremQA_tonyxia/wave2.json,0.7892381761215349,0.025087375486942176,0.046184442386218216,0,0,INCORRECT
rader,theoremqa_questions,TheoremQA_elainewan/math_abstact_algebra_7_5.json,0.8520514735120647,0.024412476789401394,0.048785097113346776,0,0,INCORRECT
rader,theoremqa_questions,TheoremQA_mingyin/cauchy-integral-theorem1.json,0.8470686320799855,0.08727548984048361,0.11572925966807857,1,1,INCORRECT
rader,theoremqa_questions,TheoremQA_jianyu_xu/Ramsey_4.json,0.8524343696597768,0.07520769695047336,0.0908801337794064,1,1,INCORRECT
rader,theoremqa_questions,TheoremQA_wenhuchen/trapezoidal_rule2.json,0.8112510433911739,0.020612055144814123,0.02731334169307298,1,1,CORRECT
rader,theoremqa_questions,TheoremQA_wenhuchen/determinant2.json,0.8836194863447167,0.06554327519731284,0.09525153901239314,1,1,INCORRECT
rader,theoremqa_questions,TheoremQA_wenhuchen/determinant1.json,0.8692463798107556,0.042469437556963974,0.07602221191107095,1,1,INCORRECT
rader,theoremqa_questions,TheoremQA_xinyi/huffman_code_1.json,0.8206554401732858,0.06118993025195063,0.07703724394897205,1,1,INCORRECT
rader,theoremqa_questions,TheoremQA_wenhuchen/ODE3.json,0.804710001697039,0.007269899115589062,0.022911489390280648,0,0,INCORRECT
rader,theoremqa_questions,TheoremQA_maxku/graphtheory5-vertexcover.json,0.8222848426544691,0.022355418555602302,0.04108949562603503,1,1,CORRECT
rader,theoremqa_questions,TheoremQA_maxku/ipnetwork4-mac.json,0.8146580670743113,0.004561903205072659,0.014119895393556403,0,0,INCORRECT
rader,theoremqa_questions,TheoremQA_maxku/signalprocessing6-Ztransform.json,0.7804389731360118,0.025766290532649783,0.039483684906084004,1,1,CORRECT
rader,theoremqa_questions,TheoremQA_xueguangma/dividend_discount_model_5.json,0.8966158344016316,0.10583747083586281,0.1346877016842224,1,1,INCORRECT
rader,theoremqa_questions,TheoremQA_maxku/ipnetwork5-mac.json,0.7805269327769159,0.03319020731654576,0.06178205863356068,0,0,INCORRECT
rader,theoremqa_questions,TheoremQA_wenhuchen/optics8.json,0.834651191946947,0.09727074575110495,0.10234357700653496,1,1,INCORRECT
rader,theoremqa_questions,TheoremQA_maxku/ipnetwork14-hammingdist.json,0.805143578421935,0.038946947184420044,0.0471390062171404,1,1,INCORRECT
rader,theoremqa_questions,TheoremQA_wenhuchen/t_test1.json,0.831766422019412,0.02522455690200076,0.07241541020708642,1,1,INCORRECT
rader,theoremqa_questions,TheoremQA_jianyu_xu/Ramsey_2.json,0.8638558253038768,0.053821556347675825,0.08584531296495646,1,1,INCORRECT
rader,theoremqa_questions,TheoremQA_tonyxia/semiconductor5.json,0.7424858945823066,0.01007868540927681,0.04102020613738122,0,0,INCORRECT
rader,theoremqa_questions,TheoremQA_panlu/molar_heat_capacity1.json,0.8433360939800452,0.07887872232816617,0.08378685662266061,1,1,INCORRECT
rader,theoremqa_questions,TheoremQA_wenhuchen/viterbi2.json,0.9146063116386651,0.14958824121116143,0.17187809093513085,1,1,CORRECT
rader,theoremqa_questions,TheoremQA_xinyi/dag_2.json,0.8056217418949415,0.021058282087041635,0.049931854657224606,1,1,CORRECT
rader,theoremqa_questions,TheoremQA_elainewan/math_algebra_3_2.json,0.8339598028946539,0.016340642531271432,0.03934118027728817,1,1,CORRECT
rader,theoremqa_questions,TheoremQA_maxku/graphtheory7-shortestpath.json,0.8754716139816141,0.06653021374479162,0.11053000465468765,1,1,CORRECT
rader,theoremqa_questions,TheoremQA_tonyxia/semiconductor3.json,0.9024511161725132,0.1109448138454725,0.14127288037834562,1,1,CORRECT
rader,theoremqa_questions,TheoremQA_elainewan/econ_micro_7.json,0.810955205182742,0.009173155353208284,0.02361411294629212,1,1,INCORRECT
rader,theoremqa_questions,TheoremQA_elainewan/math_calculus_12.json,0.9158895141587701,0.04367368363957003,0.0911034698078611,0,0,INCORRECT
rader,theoremqa_questions,TheoremQA_tonyxia/statisticalphysics2.json,0.774412296893092,0.010171195939676303,0.030839755087093246,0,1,CORRECT
rader,theoremqa_questions,TheoremQA_xinyi/channel_capacity_1.json,0.7513659439820278,0.00914459601257267,0.034649489469900874,0,0,CORRECT
rader,theoremqa_questions,TheoremQA_tonyxia/particle6.json,0.8068869548591443,0.07581634105486945,0.10429998692550024,1,1,INCORRECT
rader,theoremqa_questions,TheoremQA_wenhuchen/gauss_lemma2.json,0.8490918970837675,0.0030849505757701845,0.026696144771290564,0,0,CORRECT
rader,theoremqa_questions,TheoremQA_panlu/trapezoid1.json,0.7951174935913197,0.0017175296121890726,0.004876229326008175,0,0,INCORRECT
rader,theoremqa_questions,TheoremQA_jianyu_xu/Stirling_number_second_kind_3.json,0.8641107636348259,0.0048060546981807395,0.04711696115801034,1,1,INCORRECT
rader,theoremqa_questions,TheoremQA_wenhuchen/t_test2.json,0.8760305133659497,0.06651612162518583,0.11370171505095905,1,1,INCORRECT
rader,theoremqa_questions,TheoremQA_panlu/angular_frequency3.json,0.8291729063824268,0.002432470298238676,0.015723674440885627,0,0,CORRECT
rader,theoremqa_questions,TheoremQA_maxku/cv-cnn4.json,0.802719883327401,0.034944911401592615,0.06310255451748203,1,1,CORRECT
rader,theoremqa_questions,TheoremQA_maxku/graphtheory3-vertexcover.json,0.7939588356772184,0.009069425548018595,0.030055106558731226,1,1,CORRECT
rader,theoremqa_questions,TheoremQA_jianyu_xu/Stirling_number_second_kind_6.json,0.8542448467205157,0.014362541341665036,0.042349467699155485,0,1,INCORRECT
rader,theoremqa_questions,TheoremQA_wenhuchen/Rolle's_theorem.json,0.8263253073162201,0.007983741353780549,0.016344044525949064,1,1,CORRECT
rader,theoremqa_questions,TheoremQA_wenhuchen/euler's_method1.json,0.7893768180785468,0.014152178842977259,0.05184792931612958,1,1,INCORRECT
rader,theoremqa_questions,TheoremQA_elainewan/econ_micro_14_3.json,0.8910553701677361,0.009905290121083432,0.019349930911028657,0,0,INCORRECT
rader,theoremqa_questions,TheoremQA_maxku/graphtheory10-shortestpath.json,0.8576153607532833,0.06317166708858646,0.09976095240354621,1,1,CORRECT
rader,theoremqa_questions,TheoremQA_jianyu_xu/Catalan_2.json,0.8287636906729906,0.01555474976600768,0.055866422480005284,0,0,CORRECT
rader,theoremqa_questions,TheoremQA_wenhuchen/double_integral2.json,0.7942117410779892,0.056819979845637025,0.07456560418906377,1,1,CORRECT
rader,theoremqa_questions,TheoremQA_wenhuchen/euler's_method2.json,0.8332486566269738,0.044734041926480006,0.06363578647403956,1,1,INCORRECT
rader,theoremqa_questions,TheoremQA_wenhuchen/cauchy_integral1.json,0.8099771862078674,0.02009703307081634,0.03093604246583892,0,0,INCORRECT
rader,theoremqa_questions,TheoremQA_panlu/gravitational_force1.json,0.8633804789075699,0.09431602898385982,0.11237141299760689,1,1,CORRECT
rader,theoremqa_questions,TheoremQA_maxku/ipnetwork21-ip-2.json,0.789204423344734,0.004196385726615404,0.012452853600171232,0,0,INCORRECT
rader,theoremqa_questions,TheoremQA_maxku/signalprocessing13-Ztransform.json,0.8523119481986297,0.06873568384271633,0.09725294442283816,1,1,CORRECT
rader,theoremqa_questions,TheoremQA_xueguangma/forward_price_1.json,0.84291260874747,0.01666426672109511,0.027691012878703458,0,0,CORRECT
rader,theoremqa_questions,TheoremQA_jianyu_xu/pigeonhole_4.json,0.859839749368028,0.01351303659991665,0.0821769320109399,1,1,CORRECT
rader,theoremqa_questions,TheoremQA_elainewan/math_calculus_5.json,0.8200855388459553,0.029285522652099605,0.03661440945903971,0,0,CORRECT
rader,theoremqa_questions,TheoremQA_jianyu_xu/Multinomial_2.json,0.8888524081746438,0.016072510957897412,0.047328010257551956,0,1,CORRECT
rader,theoremqa_questions,TheoremQA_maxku/cv-imageprocessing9-digital-image.json,0.8387108829024235,0.06305439024215675,0.0946277583021835,1,1,INCORRECT
rader,theoremqa_questions,TheoremQA_wenhuchen/kepler's_law1.json,0.8059709302413417,0.024038186667525663,0.04100157325626941,1,1,CORRECT
rader,theoremqa_questions,TheoremQA_maxku/signalprocessing19-period.json,0.8114081216204103,0.013457531836913894,0.025872251342068053,1,1,CORRECT
rader,theoremqa_questions,TheoremQA_jianyu_xu/Stirling_number_second_kind_5.json,0.8217201744111571,0.007061249121061208,0.025614236465126172,1,1,INCORRECT
rader,theoremqa_questions,TheoremQA_tonyxia/euler-graph2.json,0.849230803490113,0.03923832344351452,0.05999837535608199,1,1,CORRECT
rader,theoremqa_questions,TheoremQA_jianyu_xu/Graph_2.json,0.8066521384798653,0.007804393274631782,0.019815697173853453,0,1,CORRECT
rader,theoremqa_questions,TheoremQA_xinyi/dag_3.json,0.7779278385260449,0.01328290246485242,0.02553633780295428,1,1,INCORRECT
rader,theoremqa_questions,TheoremQA_jianyu_xu/Stirling_number_first_kind_6.json,0.9110953532603698,0.005359923292068136,0.011746573619387801,0,0,CORRECT
rader,theoremqa_questions,TheoremQA_xueguangma/present_value_1.json,0.8962800743993162,0.050661960452754395,0.08412882657236476,0,0,CORRECT
rader,theoremqa_questions,TheoremQA_xueguangma/dividend_discount_model_4.json,0.8844812030973981,0.07782328157163099,0.10057758447350151,1,1,CORRECT
rader,theoremqa_questions,TheoremQA_maxku/graphtheory4-vertexcover.json,0.8082164506609686,0.013145443492969977,0.050650840822819454,1,1,CORRECT
rader,theoremqa_questions,TheoremQA_maxku/signalprocessing9-signalrep.json,0.8168279590638621,0.01311533682484678,0.02265719818009393,0,0,CORRECT
rader,theoremqa_questions,TheoremQA_jianyu_xu/Multinomial_1.json,0.8846698338170214,0.01786355612499302,0.05331626706032755,0,0,CORRECT
rader,theoremqa_questions,TheoremQA_wenhuchen/infinite_series_sum3.json,0.8195531812025203,0.014290315117410524,0.034627494710328555,0,1,CORRECT
rader,theoremqa_questions,TheoremQA_jianyu_xu/Cayley_3.json,0.834148755285371,0.022625248556127575,0.03908250281521375,0,1,CORRECT
rader,theoremqa_questions,TheoremQA_maxku/cv-colorsci3-rgb.json,0.7751661985120795,0.02513711401236729,0.05338701086000397,1,1,CORRECT
rader,theoremqa_questions,TheoremQA_wenhuchen/trapezoidal_rule3.json,0.8919904960849316,0.08334386093586876,0.08683045541011059,1,1,INCORRECT
rader,theoremqa_questions,TheoremQA_elainewan/math_calculus_3_8.json,0.8434377399155898,0.04396935243602329,0.05335114990375611,0,0,INCORRECT
rader,theoremqa_questions,TheoremQA_elainewan/econ_micro_7_2.json,0.8195185144367222,0.006679651321761959,0.016218212163545465,0,0,CORRECT
rader,theoremqa_questions,TheoremQA_xueguangma/effective_rates_1.json,0.8489870782762844,0.0033417474930464985,0.009615999842293,0,1,INCORRECT
rader,theoremqa_questions,TheoremQA_jianyu_xu/Binomial_5.json,0.882503650675745,0.014730837303373545,0.02290604210465086,0,0,CORRECT
rader,theoremqa_questions,TheoremQA_jianyu_xu/Multinomial_4.json,0.8736945196009249,0.008703451897619785,0.03341754263120089,1,1,CORRECT
rader,theoremqa_questions,TheoremQA_maxku/cv-colorsci1-rgb.json,0.8194456840480632,0.006403652480083344,0.021530273172894354,0,0,CORRECT
rader,theoremqa_questions,TheoremQA_xinyi/sum_product_algorithm.json,0.7793704554950437,0.008607705893310835,0.029732449356752122,0,0,CORRECT
rader,theoremqa_questions,TheoremQA_panlu/similarity3.json,0.7994868625921688,0.010995734680913638,0.02697791247887582,1,1,CORRECT
rader,theoremqa_questions,TheoremQA_wenhuchen/t_test3.json,0.8790970617460583,0.08805551978154669,0.14444968431804583,1,1,INCORRECT
rader,theoremqa_questions,TheoremQA_maxku/cv-cnn1.json,0.8016692233859473,0.04925432641279892,0.07230738550777427,1,1,CORRECT
rader,theoremqa_questions,TheoremQA_maxku/signalprocessing7-phaseshift.json,0.7735765328052017,0.008846686546549853,0.01678230499713962,0,0,CORRECT
rader,theoremqa_questions,TheoremQA_maxku/fourier6-FT.json,0.7517256808316857,0.016832762252581124,0.025681095422550704,0,0,CORRECT
rader,theoremqa_questions,TheoremQA_xinyi/neural_networks.json,0.7327790855061447,0.008679014206778635,0.01724199783122593,0,0,CORRECT
rader,theoremqa_questions,TheoremQA_jianyu_xu/Binomial_4.json,0.9155752310940142,0.015588966963155038,0.03164308394957327,0,0,CORRECT
rader,theoremqa_questions,TheoremQA_xinyi/kernel_1.json,0.7882661477837507,0.00360427827479759,0.025129609937380226,0,0,CORRECT
rader,theoremqa_questions,TheoremQA_wenhuchen/kepler's_law3.json,0.8231417724240923,0.07847234437777251,0.09498630095915428,1,1,CORRECT
rader,theoremqa_questions,TheoremQA_wenhuchen/L'Hôpital_rule2.json,0.8581708157315397,0.0233359504400239,0.05301672280617353,0,0,INCORRECT
rader,theoremqa_questions,TheoremQA_wenhuchen/viterbi1.json,0.8857534801886257,0.10472046794652856,0.12383920691116157,1,1,CORRECT
rader,theoremqa_questions,TheoremQA_elainewan/math_calculus_2_6.json,0.8052075610790528,0.02799114875007569,0.048364412004405555,1,1,CORRECT
rader,theoremqa_questions,TheoremQA_jianyu_xu/pigeonhole_1.json,0.8752690356562691,0.03897314460480661,0.0790196483781963,1,1,CORRECT
rader,theoremqa_questions,TheoremQA_jianyu_xu/Ramsey_3.json,0.8973093699162974,0.11137879470283962,0.1483121329304632,1,1,CORRECT
rader,theoremqa_questions,TheoremQA_wenhuchen/Poisson_process2.json,0.7343489856373908,0.006932193857176694,0.022437257228722696,0,1,CORRECT
rader,theoremqa_questions,TheoremQA_xueguangma/future_value_1.json,0.9167954557438258,0.00769444400135888,0.02630691240637517,0,0,CORRECT
rader,theoremqa_questions,TheoremQA_wenhuchen/jensen2.json,0.8047777610819605,0.003951680822715464,0.009900606063805828,1,1,CORRECT
rader,theoremqa_questions,TheoremQA_xueguangma/binomial_model_1.json,0.8706010217605639,0.016732124802851023,0.03459325293560778,0,0,INCORRECT
rader,theoremqa_questions,TheoremQA_elainewan/econ_micro_11.json,0.8665918982074325,0.0047487200411979735,0.01300954069139526,0,0,CORRECT
rader,theoremqa_questions,TheoremQA_wenhuchen/newton2.json,0.8394233431241831,0.019595258306985608,0.042901960432208064,1,1,CORRECT
rader,theoremqa_questions,TheoremQA_jianyu_xu/Catalan_1.json,0.7850418624523521,0.02198126304470216,0.03626569396916257,1,1,INCORRECT
rader,theoremqa_questions,TheoremQA_jianyu_xu/Multinomial_3.json,0.8861403798609726,0.018894387512749078,0.03984704676658135,1,1,CORRECT
rader,theoremqa_questions,TheoremQA_jianyu_xu/Binomial_3.json,0.8983947472934258,0.03319036239870632,0.04115816273027684,1,1,CORRECT
rader,theoremqa_questions,TheoremQA_tonyxia/semiconductor2.json,0.8571550312305815,0.07879118044775535,0.1038200222157617,1,1,INCORRECT
rader,theoremqa_questions,TheoremQA_elainewan/econ_micro_18.json,0.8630245014890356,0.015043984935687038,0.023380133212714815,0,0,CORRECT
rader,theoremqa_questions,TheoremQA_elainewan/math_abstact_algebra_7.json,0.851579886059037,0.02128148854340539,0.040699331911142056,0,0,CORRECT
rader,theoremqa_questions,TheoremQA_maxku/graphtheory11-shortestpath-hard.json,0.903071329965746,0.0913673076048005,0.12128556352708675,1,1,INCORRECT
rader,theoremqa_questions,TheoremQA_xueguangma/present_value_2.json,0.8600276694556392,0.05265550541804653,0.07636009029389423,1,1,INCORRECT
rader,theoremqa_questions,TheoremQA_xinyi/rate_distortion_function_2.json,0.8146137732075833,0.027696194271426333,0.08997267964730926,1,1,CORRECT
rader,theoremqa_questions,TheoremQA_xueguangma/dividend_discount_model_1.json,0.8698909693532209,0.06223126334237339,0.11225690440900837,1,1,CORRECT
rader,theoremqa_questions,TheoremQA_wenhuchen/p_value2.json,0.9025516384884953,0.050757427119975884,0.06621274571481173,1,1,INCORRECT
rader,theoremqa_questions,TheoremQA_maxku/cv-imageprocessing8-fourier2.json,0.8469147034571205,0.07266823887489582,0.08228175129626458,1,1,INCORRECT
rader,theoremqa_questions,TheoremQA_maxku/signalprocessing14-Ztransform.json,0.8058672484639626,0.025623374682596345,0.04504461282017258,1,1,CORRECT
rader,theoremqa_questions,TheoremQA_wenhuchen/jensen1.json,0.817656716493576,0.005291044379049814,0.021315527651314836,1,1,INCORRECT
rader,theoremqa_questions,TheoremQA_elainewan/math_calculus_11.json,0.8350187822828795,0.04016353976486842,0.06710044817965877,0,0,INCORRECT
rader,theoremqa_questions,TheoremQA_panlu/gravitational_force2.json,0.8295887179915412,0.049521842996045784,0.07506426686336964,1,1,CORRECT
rader,theoremqa_questions,TheoremQA_maxku/signalprocessing2-DB.json,0.7950206394002735,0.05875332128384092,0.08685798123555022,1,1,CORRECT
rader,theoremqa_questions,TheoremQA_mingyin/convexity1.json,0.7899167702753436,0.006312595164042589,0.02324894625624896,0,0,CORRECT
rader,theoremqa_questions,TheoremQA_wenhuchen/Liouville’s_theorem2.json,0.7791210883296629,0.014627661464402086,0.02308419673811679,1,1,CORRECT
rader,theoremqa_questions,TheoremQA_mingyin/Fundamental-Theorem-of-Calculus3.json,0.7819738306241097,0.00345278058414622,0.012708530605208379,0,1,INCORRECT
rader,theoremqa_questions,TheoremQA_tonyxia/maxplanar3.json,0.7805700744716082,0.0030034061780971344,0.023522470471497692,0,1,INCORRECT
rader,theoremqa_questions,TheoremQA_wenhuchen/series_convergen3.json,0.8007954734187387,0.00998044061111869,0.025844616051445946,0,1,CORRECT
rader,theoremqa_questions,TheoremQA_jianyu_xu/Binomial_1.json,0.875433851157111,0.003707411436656538,0.018066735923549793,0,0,INCORRECT
rader,theoremqa_questions,TheoremQA_xueguangma/forward_rate_1.json,0.8557473020945543,0.0032768454003297975,0.026365773838737505,0,0,INCORRECT
rader,theoremqa_questions,TheoremQA_xueguangma/forward_price_3.json,0.837139200496867,0.011403807861150361,0.01867870091224144,0,0,CORRECT
rader,theoremqa_questions,TheoremQA_xueguangma/intermediate_value_theorem.json,0.8176998456872278,0.022152909083483996,0.0343818157546506,0,0,CORRECT
rader,theoremqa_questions,TheoremQA_elainewan/math_algebra_4_3.json,0.8549682125513676,0.004215942869249423,0.010579195135377306,0,0,CORRECT
rader,theoremqa_questions,TheoremQA_jianyu_xu/Binomial_6.json,0.8869061225593572,0.020746074812427295,0.04383126997310005,0,1,CORRECT
rader,theoremqa_questions,TheoremQA_maxku/fourier1-FS.json,0.8655539279760012,0.03376714747825105,0.0637223852104919,0,1,CORRECT
rader,theoremqa_questions,TheoremQA_elainewan/math_abstact_algebra_7_3.json,0.844820374537427,0.04862968252009148,0.07465757394235029,0,1,INCORRECT
rader,theoremqa_questions,TheoremQA_tonyxia/maxplanar1.json,0.845451799933761,0.006973626291225221,0.02730947178974974,0,0,CORRECT
rader,theoremqa_questions,TheoremQA_jianyu_xu/Multinomial_6.json,0.8341020367942257,0.014857885228170331,0.021845550889909027,0,0,CORRECT
rader,theoremqa_questions,TheoremQA_mingyin/Limit-of-sequence2.json,0.7671423129853798,0.01189102820899035,0.029557009361084408,1,1,INCORRECT
rader,theoremqa_questions,TheoremQA_elainewan/math_calculus_2_7.json,0.8203908333132349,0.014738955362258666,0.03724294438835685,0,0,CORRECT
rader,theoremqa_questions,TheoremQA_wenhuchen/optics3.json,0.8860255750390771,0.1600874459419941,0.17112035715412177,1,1,INCORRECT
rader,theoremqa_questions,TheoremQA_mingyin/Limit-of-sequence3.json,0.8313383562923731,0.006387096328062336,0.02430143368834048,0,0,CORRECT
rader,theoremqa_questions,TheoremQA_maxku/graphtheory6-shortestpath.json,0.8795247245612513,0.0733651950288019,0.11187316236897016,1,1,CORRECT
rader,theoremqa_questions,TheoremQA_panlu/wave_length1.json,0.8337907104391074,0.02662214553640696,0.062443789717143594,0,0,CORRECT
rader,theoremqa_questions,TheoremQA_elainewan/math_algebra_7_2.json,0.790126880314195,0.00460402439457519,0.022931806104472763,1,1,INCORRECT
rader,theoremqa_questions,TheoremQA_wenhuchen/Poisson_process3.json,0.7870508766733743,0.01289110605391841,0.03299312819397848,0,0,CORRECT
rader,theoremqa_questions,TheoremQA_xinyi/dag_1.json,0.7810325279178112,0.01831423470086957,0.03531904154770804,0,0,CORRECT
rader,theoremqa_questions,TheoremQA_xueguangma/geometric_brownian_motion.json,0.8151481390461318,0.0052391552164677835,0.01718238457357224,0,0,INCORRECT
rader,theoremqa_questions,TheoremQA_xinyi/distortion_rate_function_2.json,0.8591192906414027,0.05504459419543617,0.0996428991665399,1,1,CORRECT
rader,theoremqa_questions,TheoremQA_xinyi/rate_distortion_function_1.json,0.8445539287158061,0.03017381962337151,0.08827434805805001,1,1,CORRECT
rader,theoremqa_questions,TheoremQA_maxku/cv-imageprocessing2-morphology.json,0.9084763871584051,0.1663682362178841,0.1750609291273466,1,1,CORRECT
rader,theoremqa_questions,TheoremQA_maxku/graphtheory2-vertexcover.json,0.806239716318454,0.0241067518121324,0.042792146248743945,1,1,CORRECT
rader,theoremqa_questions,TheoremQA_jianyu_xu/Ramsey_6.json,0.908539857749333,0.118178102135299,0.1502086084492068,1,1,CORRECT
rader,theoremqa_questions,TheoremQA_tonyxia/particle4.json,0.8362457016752716,0.10564724752418786,0.12432885292097762,1,1,CORRECT
rader,theoremqa_questions,TheoremQA_jianyu_xu/Binomial_2.json,0.866121752057164,0.011371438819032242,0.032998317619932216,0,0,CORRECT
rader,theoremqa_questions,TheoremQA_jianyu_xu/Ramsey_5.json,0.8606528221420165,0.0689034238603925,0.09103435140461535,1,1,INCORRECT
rader,theoremqa_questions,TheoremQA_xinyi/huffman_code_3.json,0.859684712286219,0.046948508096037456,0.08372004807160582,0,0,INCORRECT
rader,theoremqa_questions,TheoremQA_xinyi/channel_capacity_3.json,0.7728801724192365,0.016036024181751096,0.03354406180169722,1,1,CORRECT
rader,theoremqa_questions,TheoremQA_wenhuchen/series_convergen2.json,0.8189416245888624,0.009230321386864637,0.024469774622264406,0,0,INCORRECT
rader,theoremqa_theorems,TheoremQA_jianyu_xu/pigeonhole_3.json,0.7735335579723841,0.053801378971215064,0.06705179252984816,1,1,CORRECT
rader,theoremqa_theorems,TheoremQA_jianyu_xu/pigeonhole_2.json,0.8006960978750514,0.05537844285372451,0.06882191735369414,1,1,CORRECT
rader,theoremqa_theorems,TheoremQA_elainewan/math_algebra_1.json,0.8420630467413868,0.024682213628193672,0.07964141911542344,0,1,INCORRECT
rader,theoremqa_theorems,TheoremQA_wenhuchen/eigen_value1.json,0.9118361093518679,0.0408988240432937,0.1035322524432839,1,1,CORRECT
rader,theoremqa_theorems,TheoremQA_wenhuchen/definite_matrix1.json,0.8897621390648022,0.0684348742104316,0.09545096987634594,1,1,CORRECT
rader,theoremqa_theorems,TheoremQA_elainewan/math_algebra_1_2.json,0.7998222739873226,0.031714323474573036,0.04652291255338126,0,1,CORRECT
rader,theoremqa_theorems,TheoremQA_wenhuchen/L'Hôpital_rule1.json,0.8123216723027056,0.013871973085564426,0.023651338729990812,0,1,INCORRECT
rader,theoremqa_theorems,TheoremQA_elainewan/math_algebra_4.json,0.8767894858704887,0.02149336119907519,0.05131453445952794,0,1,CORRECT
rader,theoremqa_theorems,TheoremQA_panlu/similarity2.json,0.7998330730583367,0.01340683244251295,0.049737654027995126,0,1,CORRECT
rader,theoremqa_theorems,TheoremQA_elainewan/math_calculus_2_11.json,0.8202878506820461,0.02291961185368674,0.03678478306592581,1,1,CORRECT
rader,theoremqa_theorems,TheoremQA_wenhuchen/Liouville’s_theorem1.json,0.8796436044858416,0.054126570492709414,0.10294985024549885,1,1,CORRECT
rader,theoremqa_theorems,TheoremQA_jianyu_xu/Stirling_number_first_kind_5.json,0.7697929597986711,0.01878461546954946,0.051744569496769866,0,0,INCORRECT
rader,theoremqa_theorems,TheoremQA_maxku/signalprocessing11-nyquist.json,0.7787600732861628,0.03414010290029523,0.05911735964980136,1,1,CORRECT
rader,theoremqa_theorems,TheoremQA_maxku/ipnetwork13-hammingdist.json,0.8254490927808019,0.04430233046969312,0.06827176881547148,0,0,CORRECT
rader,theoremqa_theorems,TheoremQA_xinyi/linear_projection.json,0.8576514175445351,0.020270368576144504,0.05040599029030135,1,1,CORRECT
rader,theoremqa_theorems,TheoremQA_xinyi/maximum_entropy_2.json,0.8032530832159535,0.022166329334579293,0.042831870568014185,0,1,CORRECT
rader,theoremqa_theorems,TheoremQA_mingyin/Lebesgue-measure1.json,0.8068430901082699,0.011123012888452855,0.023119528145922885,0,1,CORRECT
rader,theoremqa_theorems,TheoremQA_mingyin/series2.json,0.8353988212752276,0.03130139087896999,0.05638318122483821,0,1,INCORRECT
rader,theoremqa_theorems,TheoremQA_panlu/rigid-body3.json,0.8016460047870486,0.03877881345995071,0.08055833369645593,1,1,CORRECT
rader,theoremqa_theorems,TheoremQA_wenhuchen/ODE2.json,0.8008641052825761,0.012978001140655726,0.03572115943762,1,1,CORRECT
rader,theoremqa_theorems,TheoremQA_mingyin/cauchy-integral-theorem1.json,0.8498473262607772,0.04456351087947985,0.083030204017143,1,1,INCORRECT
rader,theoremqa_theorems,TheoremQA_xueguangma/taylors_approximation_theorem.json,0.835103467071275,0.01636448268310342,0.043748546228939755,0,0,CORRECT
rader,theoremqa_theorems,TheoremQA_elainewan/math_algebra_5.json,0.8484039872496946,0.02166440923787638,0.06162767160866711,1,1,CORRECT
rader,theoremqa_theorems,TheoremQA_jianyu_xu/Ramsey_4.json,0.8330228591112392,0.06339933213481497,0.10741019769914262,1,1,CORRECT
rader,theoremqa_theorems,TheoremQA_wenhuchen/t_test1.json,0.8276476286572427,0.047676305809885355,0.07369314725555176,1,1,INCORRECT
rader,theoremqa_theorems,TheoremQA_wenhuchen/ODE3.json,0.7897503352348096,0.016664281894774535,0.033175208624493746,1,1,INCORRECT
rader,theoremqa_theorems,TheoremQA_jianyu_xu/Ramsey_2.json,0.8248548003760422,0.061116209806659216,0.09592199561522807,1,1,CORRECT
rader,theoremqa_theorems,TheoremQA_wenhuchen/viterbi2.json,0.7965225005903505,0.05893063293682044,0.0906795240324142,1,1,INCORRECT
rader,theoremqa_theorems,TheoremQA_elainewan/math_algebra_3_2.json,0.8604635941484913,0.036526013480880026,0.06122882784537409,0,0,CORRECT
rader,theoremqa_theorems,TheoremQA_elainewan/math_calculus_12.json,0.7986297374623084,0.02702138098226492,0.044716753209808835,0,0,CORRECT
rader,theoremqa_theorems,TheoremQA_elainewan/econ_micro_7.json,0.7628863846953359,0.00873191552198005,0.03055615312692317,1,1,CORRECT
rader,theoremqa_theorems,TheoremQA_xinyi/dag_2.json,0.8323931549446085,0.02184907536551217,0.05421436866308227,0,1,CORRECT
rader,theoremqa_theorems,TheoremQA_jianyu_xu/Stirling_number_second_kind_3.json,0.8029281338717883,0.019293803858242087,0.06464402144914194,1,1,CORRECT
rader,theoremqa_theorems,TheoremQA_wenhuchen/t_test2.json,0.8035045372996031,0.030104775100347148,0.04740501127657004,1,1,INCORRECT
rader,theoremqa_theorems,TheoremQA_wenhuchen/cauchy_integral1.json,0.8163575291081768,0.01625237045296657,0.03977261585876135,1,1,CORRECT
rader,theoremqa_theorems,TheoremQA_wenhuchen/Rolle's_theorem.json,0.8556817305536912,0.04679163770671113,0.06737862260596617,1,1,CORRECT
rader,theoremqa_theorems,TheoremQA_jianyu_xu/Multinomial_2.json,0.7781310172073217,0.02037759768217562,0.037772671023982296,1,1,CORRECT
rader,theoremqa_theorems,TheoremQA_jianyu_xu/Catalan_2.json,0.7768196483527703,0.0301388808367975,0.05088139060456531,0,0,CORRECT
rader,theoremqa_theorems,TheoremQA_jianyu_xu/Stirling_number_second_kind_5.json,0.7776797765276143,0.015822297506589256,0.03290597506813164,0,0,INCORRECT
rader,theoremqa_theorems,TheoremQA_xinyi/dag_3.json,0.8070269124401176,0.01326195753459547,0.050992726817040146,0,0,INCORRECT
rader,theoremqa_theorems,TheoremQA_jianyu_xu/Graph_2.json,0.8212488642127547,0.023305198193582566,0.058330133098084325,0,1,CORRECT
rader,theoremqa_theorems,TheoremQA_jianyu_xu/Multinomial_1.json,0.7904020151716892,0.02368406831508363,0.0461973509423077,1,1,CORRECT
rader,theoremqa_theorems,TheoremQA_wenhuchen/kepler's_law1.json,0.808829531639399,0.05687123873977751,0.09136774427489713,1,1,CORRECT
rader,theoremqa_theorems,TheoremQA_jianyu_xu/pigeonhole_4.json,0.8500241270611028,0.10268384820545173,0.1192901193909992,1,1,CORRECT
rader,theoremqa_theorems,TheoremQA_jianyu_xu/Cayley_3.json,0.8339027908035955,0.021897969535895956,0.05957679468358801,0,1,CORRECT
rader,theoremqa_theorems,TheoremQA_wenhuchen/trapezoidal_rule3.json,0.820159988284343,0.04301441081147084,0.06710902066696733,1,1,INCORRECT
rader,theoremqa_theorems,TheoremQA_elainewan/math_calculus_3_8.json,0.8032860865693399,0.018782724023265307,0.04051935036675458,0,1,CORRECT
rader,theoremqa_theorems,TheoremQA_jianyu_xu/Binomial_5.json,0.8049477145107671,0.030860636646345974,0.0707790685211489,0,1,CORRECT
rader,theoremqa_theorems,TheoremQA_panlu/similarity3.json,0.8018296826251279,0.011685702479282911,0.04672509553300863,0,0,CORRECT
rader,theoremqa_theorems,TheoremQA_wenhuchen/t_test3.json,0.780489222475149,0.015173315784953179,0.042132011777895495,1,1,INCORRECT
rader,theoremqa_theorems,TheoremQA_jianyu_xu/Multinomial_4.json,0.7964541288846089,0.02899717994420259,0.050051520756257406,0,1,CORRECT
rader,theoremqa_theorems,TheoremQA_wenhuchen/kepler's_law3.json,0.8402025873641067,0.06722264248905552,0.11861069835144233,1,1,CORRECT
rader,theoremqa_theorems,TheoremQA_jianyu_xu/Binomial_4.json,0.8653816580183524,0.05129796724637459,0.0899598841956124,0,0,CORRECT
rader,theoremqa_theorems,TheoremQA_jianyu_xu/Binomial_3.json,0.8059853444552225,0.03316317227999532,0.07369299143676167,0,1,CORRECT
rader,theoremqa_theorems,TheoremQA_jianyu_xu/Catalan_1.json,0.7510509562146485,0.01183629214848858,0.027980933603441893,0,0,CORRECT
rader,theoremqa_theorems,TheoremQA_jianyu_xu/Ramsey_3.json,0.8229377175649882,0.05717411164528319,0.10292359938660567,1,1,CORRECT
rader,theoremqa_theorems,TheoremQA_jianyu_xu/pigeonhole_1.json,0.8420019093654663,0.089479334217071,0.10962784692798666,1,1,CORRECT
rader,theoremqa_theorems,TheoremQA_jianyu_xu/Multinomial_3.json,0.7976113855831628,0.02256588018965977,0.045453637499000665,1,1,CORRECT
rader,theoremqa_theorems,TheoremQA_wenhuchen/jensen1.json,0.8135012696699737,0.020780992201448578,0.038615990946310186,0,0,CORRECT
rader,theoremqa_theorems,TheoremQA_elainewan/math_calculus_2_7.json,0.8212495671913407,0.012532332885778263,0.026911733827159612,0,0,CORRECT
rader,theoremqa_theorems,TheoremQA_panlu/gravitational_force2.json,0.8193114670974975,0.015475277284110911,0.07612779755801169,0,1,CORRECT
rader,theoremqa_theorems,TheoremQA_mingyin/convexity1.json,0.8187701276367878,0.01311297185403737,0.024483944450859885,1,1,CORRECT
rader,theoremqa_theorems,TheoremQA_wenhuchen/Liouville’s_theorem2.json,0.8029929382390782,0.01969662259108751,0.03204277677257339,1,1,CORRECT
rader,theoremqa_theorems,TheoremQA_mingyin/Fundamental-Theorem-of-Calculus3.json,0.7826546924522739,0.016381986849853925,0.03130617397802604,0,1,INCORRECT
rader,theoremqa_theorems,TheoremQA_elainewan/math_algebra_4_3.json,0.857684968686113,0.01995953420593355,0.04329384600886632,0,0,CORRECT
rader,theoremqa_theorems,TheoremQA_tonyxia/maxplanar3.json,0.7846983487445158,0.021390691065991452,0.049996999562745725,1,1,CORRECT
rader,theoremqa_theorems,TheoremQA_xueguangma/intermediate_value_theorem.json,0.8434159899205564,0.035032189881072706,0.0654115756426844,1,1,CORRECT
rader,theoremqa_theorems,TheoremQA_tonyxia/maxplanar1.json,0.83748362141559,0.02068442947901261,0.049890355623998905,0,1,CORRECT
rader,theoremqa_theorems,TheoremQA_elainewan/math_algebra_7_2.json,0.8416218395266468,0.012664658292248165,0.05227557852019327,1,1,CORRECT
rader,theoremqa_theorems,TheoremQA_jianyu_xu/Binomial_6.json,0.8198397761235675,0.04791024044833325,0.07921675665765593,0,0,CORRECT
rader,theoremqa_theorems,TheoremQA_jianyu_xu/Multinomial_6.json,0.7646018577443547,0.018905524233104765,0.04672011125005493,0,1,INCORRECT
rader,theoremqa_theorems,TheoremQA_xinyi/dag_1.json,0.7956854695126981,0.0054054963462583094,0.01623279910441444,0,0,CORRECT
rader,theoremqa_theorems,TheoremQA_jianyu_xu/Binomial_2.json,0.778448111222334,0.019890642960150418,0.03798282612563719,0,0,CORRECT
rader,theoremqa_theorems,TheoremQA_jianyu_xu/Ramsey_5.json,0.8311916310697249,0.059452196787529665,0.09844411611740622,1,1,INCORRECT
rader,theoremqa_theorems,TheoremQA_wenhuchen/series_convergen2.json,0.8220011042752469,0.010575642069504787,0.025666355033150623,1,1,INCORRECT
rader,theoremqa_theorems,TheoremQA_jianyu_xu/Ramsey_6.json,0.8654106951034454,0.0773527398993119,0.13129301541084215,1,1,CORRECT
rader,leetcode,60,0.9067696939929747,0.04196222112292347,0.0777808676195535,0,0,INCORRECT
rader,leetcode,71,0.8212348253248312,0.041192028087317256,0.0679072651214907,0,1,CORRECT
