retriever,task,query_id,max_score,gap_ctx,gap_25,retrieval_success_5,retrieval_success_25,judgment
nomic,biology,12,0.9026630520820618,0.00576096773147583,0.08955150842666626,0,0,INCORRECT
nomic,biology,15,0.7497568130493164,0.01693558692932129,0.034919142723083496,0,0,INCORRECT
nomic,biology,2,0.8009284734725952,0.024495840072631836,0.04911768436431885,0,0,INCORRECT
nomic,biology,8,0.8361854553222656,0.06672799587249756,0.10803031921386719,1,1,CORRECT
nomic,biology,0,0.7035437226295471,0.014935910701751709,0.026883065700531006,1,1,INCORRECT
nomic,biology,4,0.7704529166221619,0.004502236843109131,0.040868282318115234,0,1,CORRECT
nomic,biology,5,0.7632081508636475,0.014155387878417969,0.05335557460784912,1,1,CORRECT
nomic,biology,6,0.7901265025138855,0.014654278755187988,0.04082292318344116,0,0,INCORRECT
nomic,biology,1,0.8093241453170776,0.034461379051208496,0.11300575733184814,0,1,INCORRECT
nomic,biology,11,0.7256027460098267,0.035460829734802246,0.06840759515762329,1,1,CORRECT
nomic,biology,7,0.8728588819503784,0.11079496145248413,0.20063471794128418,1,1,CORRECT
nomic,biology,13,0.7833523154258728,0.028702914714813232,0.06391018629074097,1,1,INCORRECT
nomic,biology,9,0.8404961824417114,0.03308606147766113,0.07040119171142578,0,0,CORRECT
nomic,biology,10,0.850998044013977,0.11179053783416748,0.15131449699401855,1,1,CORRECT
nomic,biology,14,0.7899169921875,0.029488027095794678,0.058923959732055664,1,1,CORRECT
nomic,biology,3,0.8260253667831421,0.07866603136062622,0.12593543529510498,1,1,CORRECT
nomic,biology,16,0.8105771541595459,0.040736615657806396,0.07787364721298218,0,0,CORRECT
nomic,biology,20,0.8371607065200806,0.03458130359649658,0.1009112000465393,1,1,INCORRECT
nomic,biology,17,0.8016539812088013,0.020036816596984863,0.06564140319824219,1,1,CORRECT
nomic,biology,18,0.7835824489593506,0.05272918939590454,0.08469545841217041,0,0,CORRECT
nomic,biology,19,0.8409217000007629,0.04014652967453003,0.08418744802474976,1,1,CORRECT
nomic,biology,22,0.7444279193878174,0.04563796520233154,0.08149534463882446,0,0,INCORRECT
nomic,biology,23,0.749830961227417,0.014015614986419678,0.03104221820831299,0,0,INCORRECT
nomic,biology,24,0.7896696329116821,0.04337167739868164,0.0848768949508667,1,1,CORRECT
nomic,biology,25,0.7824419736862183,0.018707752227783203,0.06479954719543457,1,1,INCORRECT
nomic,biology,27,0.7173454761505127,0.0067293643951416016,0.03344392776489258,0,0,INCORRECT
nomic,biology,26,0.7538952827453613,0.005801200866699219,0.03357672691345215,0,1,INCORRECT
nomic,biology,32,0.758957028388977,0.0074187517166137695,0.0387110710144043,0,0,INCORRECT
nomic,biology,28,0.8550883531570435,0.07345807552337646,0.10302674770355225,0,0,CORRECT
nomic,biology,30,0.820641279220581,0.05711698532104492,0.09708046913146973,1,1,CORRECT
nomic,biology,31,0.8291059732437134,0.02780812978744507,0.0640137791633606,0,0,CORRECT
nomic,biology,29,0.7731713652610779,0.0066855549812316895,0.039108097553253174,1,1,CORRECT
nomic,biology,21,0.8039747476577759,0.019080400466918945,0.058518052101135254,1,1,CORRECT
nomic,biology,43,0.7711107730865479,0.024388611316680908,0.05095481872558594,0,0,INCORRECT
nomic,biology,36,0.8115940093994141,0.012049674987792969,0.032744646072387695,0,0,INCORRECT
nomic,biology,34,0.7601919174194336,0.022437691688537598,0.03886902332305908,1,1,CORRECT
nomic,biology,33,0.7780646681785583,0.0230599045753479,0.05853980779647827,0,0,CORRECT
nomic,biology,37,0.7608363032341003,0.02773153781890869,0.05771440267562866,0,0,INCORRECT
nomic,biology,35,0.8126050233840942,0.021467149257659912,0.0668497085571289,1,1,CORRECT
nomic,biology,39,0.8531173467636108,0.012500941753387451,0.03517085313796997,0,0,INCORRECT
nomic,biology,47,0.8469960689544678,0.04581856727600098,0.12427413463592529,0,0,CORRECT
nomic,biology,46,0.8286749124526978,0.04557514190673828,0.09368479251861572,0,0,INCORRECT
nomic,biology,48,0.7088608741760254,0.01364147663116455,0.032858312129974365,0,1,INCORRECT
nomic,biology,42,0.8256715536117554,0.02075868844985962,0.03643834590911865,0,0,CORRECT
nomic,biology,44,0.8052645921707153,0.014471173286437988,0.05763840675354004,0,0,INCORRECT
nomic,biology,38,0.827114462852478,0.004441499710083008,0.01864767074584961,0,0,INCORRECT
nomic,biology,40,0.7964870929718018,0.006164431571960449,0.03551197052001953,0,0,INCORRECT
nomic,biology,45,0.7416243553161621,0.006249189376831055,0.043474018573760986,0,1,CORRECT
nomic,biology,41,0.8793764114379883,0.022827625274658203,0.05615377426147461,0,1,CORRECT
nomic,biology,50,0.8561967611312866,0.04868876934051514,0.10153645277023315,0,0,CORRECT
nomic,biology,57,0.8212493658065796,0.02734208106994629,0.05461752414703369,0,1,CORRECT
nomic,biology,53,0.7478169202804565,0.00980597734451294,0.0329321026802063,0,1,CORRECT
nomic,biology,60,0.8775050044059753,0.08465653657913208,0.15434283018112183,0,0,CORRECT
nomic,biology,49,0.8240883350372314,0.0011267662048339844,0.03958451747894287,0,0,INCORRECT
nomic,biology,54,0.7965934872627258,0.06197249889373779,0.09318101406097412,0,0,CORRECT
nomic,biology,52,0.848027229309082,0.08531206846237183,0.11718147993087769,0,1,INCORRECT
nomic,biology,51,0.8035073280334473,0.01702404022216797,0.056477129459381104,0,0,CORRECT
nomic,biology,64,0.8135433793067932,0.042968571186065674,0.10441768169403076,0,0,CORRECT
nomic,biology,59,0.7757079601287842,0.023412704467773438,0.0359799861907959,0,1,CORRECT
nomic,biology,55,0.7357419729232788,0.02714979648590088,0.05975973606109619,1,1,CORRECT
nomic,biology,58,0.7711942195892334,0.02601712942123413,0.05612105131149292,1,1,CORRECT
nomic,biology,61,0.7697930335998535,0.018665432929992676,0.037671685218811035,1,1,CORRECT
nomic,biology,67,0.7795428037643433,0.03677034378051758,0.06558996438980103,0,0,INCORRECT
nomic,biology,63,0.7635866403579712,0.010442793369293213,0.05439966917037964,0,0,CORRECT
nomic,biology,70,0.801010251045227,0.007430672645568848,0.04792380332946777,0,1,INCORRECT
nomic,biology,69,0.8543680906295776,0.029068708419799805,0.10093140602111816,0,1,CORRECT
nomic,biology,65,0.7879678606987,0.0140114426612854,0.05000483989715576,0,1,INCORRECT
nomic,biology,62,0.811307966709137,0.015417516231536865,0.055799782276153564,0,1,CORRECT
nomic,biology,56,0.8313987255096436,0.05001044273376465,0.09586381912231445,0,0,CORRECT
nomic,biology,74,0.7804454565048218,0.03349882364273071,0.06930321455001831,1,1,CORRECT
nomic,biology,72,0.8077775239944458,0.044135868549346924,0.08413302898406982,1,1,CORRECT
nomic,biology,76,0.7915700674057007,0.005733907222747803,0.0531458854675293,0,0,INCORRECT
nomic,biology,66,0.7737503051757812,0.041535139083862305,0.07143139839172363,1,1,CORRECT
nomic,biology,75,0.7619352340698242,0.051241397857666016,0.07378935813903809,0,0,INCORRECT
nomic,biology,82,0.7520906925201416,0.0364532470703125,0.08949446678161621,0,1,INCORRECT
nomic,biology,71,0.8582175970077515,0.024270951747894287,0.05043470859527588,0,0,CORRECT
nomic,biology,73,0.7882256507873535,0.029263734817504883,0.08170127868652344,0,0,CORRECT
nomic,biology,68,0.7976247072219849,0.026881098747253418,0.055074989795684814,0,0,INCORRECT
nomic,biology,85,0.8214938640594482,0.00792992115020752,0.06653356552124023,0,1,INCORRECT
nomic,biology,80,0.8105384111404419,0.040479958057403564,0.10119771957397461,0,1,CORRECT
nomic,biology,78,0.8356091976165771,0.01085805892944336,0.026154160499572754,1,1,CORRECT
nomic,biology,77,0.8098362684249878,0.03846430778503418,0.0647667646408081,0,0,INCORRECT
nomic,biology,81,0.8110834360122681,0.033427298069000244,0.054974257946014404,0,0,INCORRECT
nomic,biology,84,0.8739938735961914,0.06415128707885742,0.12342268228530884,1,1,CORRECT
nomic,biology,79,0.7947072386741638,0.021761536598205566,0.053309619426727295,0,1,CORRECT
nomic,biology,93,0.7995738983154297,0.018018126487731934,0.03959757089614868,0,0,INCORRECT
nomic,biology,91,0.809779703617096,0.04014366865158081,0.09588807821273804,0,0,CORRECT
nomic,biology,92,0.7778031229972839,0.01503288745880127,0.041704535484313965,0,1,CORRECT
nomic,biology,83,0.8150671124458313,0.05433124303817749,0.07954984903335571,0,0,INCORRECT
nomic,biology,87,0.8416327834129333,0.035879552364349365,0.061936020851135254,0,1,INCORRECT
nomic,biology,86,0.790300726890564,0.007276296615600586,0.04337400197982788,1,1,CORRECT
nomic,biology,89,0.8083571195602417,0.02839052677154541,0.05258524417877197,1,1,INCORRECT
nomic,biology,88,0.8097848892211914,0.03442037105560303,0.061672747135162354,0,1,CORRECT
nomic,biology,90,0.8323791027069092,0.08169615268707275,0.12503266334533691,0,0,INCORRECT
nomic,biology,95,0.8288789987564087,0.042224884033203125,0.08343255519866943,0,1,INCORRECT
nomic,biology,94,0.7751220464706421,0.025283098220825195,0.04424762725830078,0,0,INCORRECT
nomic,biology,96,0.8666524887084961,0.05563914775848389,0.09631073474884033,0,0,CORRECT
nomic,biology,101,0.7557579278945923,0.0040697455406188965,0.029054343700408936,0,0,CORRECT
nomic,biology,97,0.7895578145980835,0.01642453670501709,0.050923824310302734,0,1,INCORRECT
nomic,biology,100,0.7769806385040283,0.020769476890563965,0.05787193775177002,1,1,CORRECT
nomic,biology,102,0.8223166465759277,0.04258835315704346,0.11128246784210205,0,0,INCORRECT
nomic,biology,99,0.7919886112213135,0.0302278995513916,0.06682658195495605,1,1,CORRECT
nomic,biology,98,0.7869645357131958,0.03512704372406006,0.07074087858200073,0,0,CORRECT
nomic,aops,math_test_intermediate_algebra_1179,0.8129981756210327,0.01311570405960083,0.04235953092575073,0,0,INCORRECT
nomic,aops,aops_2019_AMC_12A_Problems/Problem_17,0.794435441493988,0.016604363918304443,0.05150330066680908,1,1,CORRECT
nomic,aops,math_train_intermediate_algebra_513,0.7460536360740662,0.025998413562774658,0.04893845319747925,1,1,INCORRECT
nomic,aops,math_train_number_theory_7095,0.8009500503540039,0.008999884128570557,0.0746719241142273,0,0,INCORRECT
nomic,aops,math_train_counting_and_probability_5024,0.7994965314865112,0.009668588638305664,0.039356112480163574,0,0,INCORRECT
nomic,aops,aops_2015_AMC_10B_Problems/Problem_15,0.7789556384086609,0.003627479076385498,0.014047443866729736,0,0,CORRECT
nomic,aops,math_train_number_theory_839,0.8079901933670044,0.003235042095184326,0.014740288257598877,0,0,INCORRECT
nomic,aops,math_train_number_theory_7012,0.7937084436416626,0.016468167304992676,0.03468763828277588,0,0,INCORRECT
nomic,aops,aops_2008_AMC_12B_Problems/Problem_16,0.8035321235656738,0.005547761917114258,0.021800875663757324,0,0,INCORRECT
nomic,aops,aops_2000_AIME_I_Problems/Problem_9,0.8163760900497437,0.02270740270614624,0.038577258586883545,0,0,INCORRECT
nomic,aops,aops_2008_AMC_12A_Problems/Problem_15,0.762401282787323,0.0034188032150268555,0.02387261390686035,0,0,INCORRECT
nomic,aops,math_train_number_theory_7030,0.9083436727523804,0.17204928398132324,0.2058282494544983,0,0,INCORRECT
nomic,aops,math_train_number_theory_7016,0.7439618110656738,0.01651829481124878,0.027883410453796387,0,0,INCORRECT
nomic,aops,aops_2021_AIME_I_Problems/Problem_14,0.7664101123809814,0.014642477035522461,0.028040170669555664,0,1,INCORRECT
nomic,aops,aops_2005_IMO_Problems/Problem_4,0.7656435370445251,0.00871962308883667,0.038430631160736084,0,0,INCORRECT
nomic,aops,aops_2024_AIME_I_Problems/Problem_13,0.7900388836860657,0.01885586977005005,0.041056692600250244,0,1,INCORRECT
nomic,aops,math_train_counting_and_probability_5035,0.7537634372711182,0.005192458629608154,0.015706002712249756,1,1,INCORRECT
nomic,aops,math_train_geometry_6173,0.7537525296211243,0.011404693126678467,0.04346507787704468,0,1,INCORRECT
nomic,aops,aops_2004_AIME_I_Problems/Problem_10,0.8052440285682678,0.008742272853851318,0.03898262977600098,0,0,INCORRECT
nomic,aops,aops_2005_USAMO_Problems/Problem_2,0.8347263336181641,0.05765080451965332,0.08282357454299927,0,0,INCORRECT
nomic,aops,aops_2017_AMC_10B_Problems/Problem_14,0.7599024772644043,0.02197808027267456,0.03334242105484009,0,0,INCORRECT
nomic,aops,math_train_geometry_6018,0.7961318492889404,0.024247944355010986,0.0374147891998291,0,0,INCORRECT
nomic,aops,aops_2023_AIME_I_Problems/Problem_5,0.8105526566505432,0.01975196599960327,0.051391780376434326,0,0,INCORRECT
nomic,aops,math_test_geometry_454,0.8333131670951843,0.01404482126235962,0.057696402072906494,0,0,INCORRECT
nomic,aops,math_train_counting_and_probability_5011,0.8355457782745361,0.020253658294677734,0.03679060935974121,0,0,INCORRECT
nomic,aops,aops_2001_AMC_10_Problems/Problem_19,0.7929668426513672,0.037270545959472656,0.06840336322784424,1,1,CORRECT
nomic,aops,math_test_counting_and_probability_1009,0.8080539703369141,0.0296095609664917,0.04740726947784424,0,1,CORRECT
nomic,aops,math_train_counting_and_probability_5131,0.8266561627388,0.009070932865142822,0.028212010860443115,0,0,INCORRECT
nomic,aops,aops_2007_AIME_I_Problems/Problem_10,0.7622977495193481,0.015048563480377197,0.027295827865600586,0,0,INCORRECT
nomic,aops,aops_2019_AMC_8_Problems/Problem_25,0.7936187982559204,0.01054847240447998,0.03138768672943115,0,0,INCORRECT
nomic,aops,aops_2018_AMC_8_Problems/Problem_23,0.7999368906021118,0.02329874038696289,0.04923713207244873,0,0,INCORRECT
nomic,aops,aops_2018_AMC_10A_Problems/Problem_11,0.831249475479126,0.017542719841003418,0.03447282314300537,0,0,INCORRECT
nomic,aops,aops_2021_AIME_I_Problems/Problem_10,0.785657525062561,0.03496062755584717,0.055597782135009766,0,0,INCORRECT
nomic,aops,aops_1959_IMO_Problems/Problem_1,0.7193590998649597,0.014465868473052979,0.0327833890914917,0,0,INCORRECT
nomic,aops,aops_2020_AMC_10B_Problems/Problem_25,0.7745712995529175,0.008944153785705566,0.020817160606384277,0,0,INCORRECT
nomic,aops,aops_2021_AIME_II_Problems/Problem_9,0.8144349455833435,0.035509705543518066,0.07435303926467896,0,0,INCORRECT
nomic,aops,aops_2020_AMC_10A_Problems/Problem_24,0.7848387956619263,0.017708897590637207,0.026982545852661133,0,0,INCORRECT
nomic,aops,math_train_number_theory_7003,0.7797806262969971,0.009329915046691895,0.02433466911315918,0,0,INCORRECT
nomic,aops,aops_2007_iTest_Problems/Problem_6,0.8492980003356934,0.048989057540893555,0.07687604427337646,0,0,INCORRECT
nomic,aops,math_test_counting_and_probability_838,0.8104565143585205,0.032439231872558594,0.07679647207260132,0,1,INCORRECT
nomic,aops,math_train_number_theory_7066,0.8121962547302246,0.018685758113861084,0.04510855674743652,0,0,INCORRECT
nomic,aops,aops_1987_IMO_Problems/Problem_1,0.7043890953063965,0.005413532257080078,0.024782419204711914,0,0,INCORRECT
nomic,aops,aops_2020_AMC_8_Problems/Problem_12,0.8474477529525757,0.03239321708679199,0.06283795833587646,0,1,CORRECT
nomic,aops,aops_2000_AMC_12_Problems/Problem_4,0.7829917669296265,0.013706445693969727,0.037301063537597656,0,0,INCORRECT
nomic,aops,aops_1981_IMO_Problems/Problem_3,0.8099755048751831,0.012183547019958496,0.04753589630126953,0,0,INCORRECT
nomic,aops,math_train_intermediate_algebra_659,0.8250735998153687,0.048987388610839844,0.0657796859741211,0,0,INCORRECT
nomic,aops,aops_1990_AIME_Problems/Problem_9,0.8309087753295898,0.007839202880859375,0.020366907119750977,0,0,INCORRECT
nomic,aops,math_train_intermediate_algebra_477,0.8365461826324463,0.06048709154129028,0.09653705358505249,0,0,INCORRECT
nomic,aops,aops_2011_AMC_8_Problems/Problem_6,0.7639269828796387,0.00891423225402832,0.06165271997451782,0,0,CORRECT
nomic,aops,aops_2017_AMC_10B_Problems/Problem_13,0.7668709754943848,0.0018104314804077148,0.024327754974365234,0,0,INCORRECT
nomic,aops,math_train_counting_and_probability_5048,0.8315585255622864,0.007454931735992432,0.02004927396774292,0,0,INCORRECT
nomic,aops,aops_2005_AMC_12A_Problems/Problem_18,0.8785756826400757,0.04853332042694092,0.06218564510345459,0,0,INCORRECT
nomic,aops,math_train_counting_and_probability_5045,0.841057300567627,0.012161314487457275,0.047562479972839355,0,0,CORRECT
nomic,aops,math_train_counting_and_probability_5047,0.778211236000061,0.010374784469604492,0.023780882358551025,0,0,INCORRECT
nomic,aops,aops_2020_AIME_II_Problems/Problem_9,0.7934106588363647,0.006127476692199707,0.029179096221923828,0,0,INCORRECT
nomic,aops,math_test_counting_and_probability_1003,0.8945077657699585,0.025010764598846436,0.03788447380065918,0,0,INCORRECT
nomic,aops,math_test_counting_and_probability_430,0.8409191370010376,0.008542299270629883,0.014857888221740723,0,0,INCORRECT
nomic,aops,math_test_prealgebra_1987,0.8409426212310791,0.02657914161682129,0.04665482044219971,0,1,CORRECT
nomic,aops,aops_2017_AIME_II_Problems/Problem_1,0.8386870622634888,0.0327754020690918,0.0763210654258728,0,0,INCORRECT
nomic,aops,aops_2007_AIME_II_Problems/Problem_10,0.806343674659729,0.01473391056060791,0.043436527252197266,0,0,INCORRECT
nomic,aops,aops_1988_AIME_Problems/Problem_12,0.7967245578765869,0.010747790336608887,0.028195619583129883,1,1,INCORRECT
nomic,aops,aops_1985_AIME_Problems/Problem_6,0.8950477242469788,0.02748638391494751,0.04978686571121216,0,0,INCORRECT
nomic,aops,math_train_geometry_317,0.8285704255104065,0.03223913908004761,0.0513496994972229,0,1,INCORRECT
nomic,aops,aops_1971_AHSME_Problems/Problem_26,0.800647497177124,0.02121448516845703,0.041919589042663574,0,1,INCORRECT
nomic,aops,math_train_geometry_6060,0.8608684539794922,0.02593088150024414,0.0482783317565918,0,1,INCORRECT
nomic,aops,math_train_geometry_6116,0.8472754955291748,0.010754108428955078,0.04242229461669922,1,1,INCORRECT
nomic,aops,math_train_intermediate_algebra_2060,0.7611030340194702,0.009853839874267578,0.038340985774993896,0,0,CORRECT
nomic,aops,math_train_geometry_6022,0.8033871650695801,0.013452291488647461,0.03142070770263672,1,1,INCORRECT
nomic,aops,math_train_algebra_2521,0.8355429172515869,0.04057765007019043,0.06704181432723999,0,0,INCORRECT
nomic,aops,math_train_geometry_6115,0.8033291101455688,0.030704379081726074,0.06430959701538086,1,1,INCORRECT
nomic,aops,aops_2016_AMC_10A_Problems/Problem_19,0.8344244956970215,0.041349172592163086,0.07875049114227295,0,1,INCORRECT
nomic,aops,math_test_algebra_1208,0.8717692494392395,0.06720513105392456,0.09213262796401978,1,1,INCORRECT
nomic,aops,math_train_intermediate_algebra_1822,0.8087936639785767,0.02775394916534424,0.058257460594177246,1,1,INCORRECT
nomic,aops,math_train_number_theory_7078,0.7933427095413208,0.009761452674865723,0.021581530570983887,0,0,INCORRECT
nomic,aops,math_test_intermediate_algebra_951,0.795159101486206,0.010192453861236572,0.0486375093460083,0,0,CORRECT
nomic,aops,aops_2009_AMC_12A_Problems/Problem_17,0.7563472986221313,0.020978212356567383,0.04652822017669678,1,1,INCORRECT
nomic,aops,math_train_intermediate_algebra_1268,0.7832512855529785,0.06110990047454834,0.07217705249786377,1,1,CORRECT
nomic,aops,aops_2021_Fall_AMC_12A_Problems/Problem_12,0.7456756830215454,0.0305328369140625,0.03850710391998291,0,0,INCORRECT
nomic,aops,math_test_intermediate_algebra_1812,0.7591284513473511,0.01072549819946289,0.025525569915771484,0,0,INCORRECT
nomic,aops,aops_2002_AIME_I_Problems/Problem_6,0.7790691256523132,0.003376901149749756,0.011938035488128662,0,0,INCORRECT
nomic,aops,aops_2008_AMC_12A_Problems/Problem_16,0.7552809715270996,0.0198972225189209,0.03351736068725586,0,0,INCORRECT
nomic,aops,aops_2021_AMC_12B_Problems/Problem_9,0.7223353981971741,0.009568750858306885,0.04297065734863281,0,0,INCORRECT
nomic,aops,math_train_counting_and_probability_5111,0.8089027404785156,0.03065633773803711,0.07760584354400635,0,0,INCORRECT
nomic,aops,aops_1994_AIME_Problems/Problem_9,0.8281078338623047,0.0034755468368530273,0.04110586643218994,0,0,INCORRECT
nomic,aops,math_train_counting_and_probability_822,0.8601458072662354,0.06362199783325195,0.09563475847244263,0,0,INCORRECT
nomic,aops,math_train_geometry_747,0.8520487546920776,0.04637753963470459,0.0659250020980835,0,0,INCORRECT
nomic,aops,math_train_counting_and_probability_5064,0.7556629180908203,0.006060123443603516,0.018461227416992188,0,0,INCORRECT
nomic,aops,math_train_algebra_2826,0.8033024072647095,0.02788543701171875,0.04510831832885742,0,0,CORRECT
nomic,aops,aops_2015_AMC_12A_Problems/Problem_22,0.7557940483093262,0.014891743659973145,0.025306284427642822,0,0,INCORRECT
nomic,aops,aops_2022_AMC_10B_Problems/Problem_9,0.7890185713768005,0.016885995864868164,0.04279977083206177,0,0,INCORRECT
nomic,aops,aops_2019_AMC_10A_Problems/Problem_12,0.7571808099746704,0.007184445858001709,0.01776111125946045,0,0,INCORRECT
nomic,aops,aops_2016_AMC_10A_Problems/Problem_7,0.7664086222648621,0.015260279178619385,0.029857933521270752,0,1,INCORRECT
nomic,aops,aops_2000_AMC_12_Problems/Problem_14,0.7958909869194031,0.007898211479187012,0.031990110874176025,0,0,INCORRECT
nomic,aops,aops_2023_AIME_II_Problems/Problem_9,0.8270436525344849,0.02199697494506836,0.05188208818435669,1,1,INCORRECT
nomic,aops,aops_2024_AIME_I_Problems/Problem_10,0.867210865020752,0.07503724098205566,0.09896832704544067,1,1,INCORRECT
nomic,aops,aops_1971_Canadian_MO_Problems/Problem_1,0.7542175054550171,0.005225419998168945,0.0227777361869812,0,0,INCORRECT
nomic,aops,aops_2016_AIME_I_Problems/Problem_15,0.8794037103652954,0.08308279514312744,0.10773885250091553,1,1,INCORRECT
nomic,aops,aops_2020_AIME_I_Problems/Problem_15,0.8301936388015747,0.01956760883331299,0.0504530668258667,0,1,INCORRECT
nomic,aops,math_train_geometry_6092,0.8426114916801453,0.016131460666656494,0.05034595727920532,0,0,INCORRECT
nomic,aops,aops_2013_AMC_12A_Problems/Problem_13,0.8051766157150269,0.021542668342590332,0.057686686515808105,0,0,INCORRECT
nomic,aops,aops_2022_AIME_I_Problems/Problem_11,0.8319728374481201,0.022294819355010986,0.05787324905395508,0,1,INCORRECT
nomic,aops,aops_2016_AIME_II_Problems/Problem_10,0.829041600227356,0.013703703880310059,0.04350435733795166,1,1,INCORRECT
nomic,aops,aops_1998_AIME_Problems/Problem_2,0.8234943151473999,0.047205448150634766,0.07559889554977417,0,0,CORRECT
nomic,earth_science,1,0.8716762065887451,0.04017198085784912,0.0799483060836792,0,0,CORRECT
nomic,earth_science,6,0.8381750583648682,0.030498147010803223,0.0606006383895874,1,1,CORRECT
nomic,aops,math_train_geometry_6112,0.8267793655395508,0.06580168008804321,0.09903848171234131,0,0,INCORRECT
nomic,aops,math_train_geometry_6105,0.7073390483856201,0.031114935874938965,0.046659231185913086,0,0,INCORRECT
nomic,aops,aops_2019_AIME_I_Problems/Problem_3,0.8259242177009583,0.026275038719177246,0.056449294090270996,0,1,INCORRECT
nomic,aops,aops_2015_AIME_I_Problems/Problem_4,0.8322260975837708,0.005194962024688721,0.028600633144378662,1,1,INCORRECT
nomic,earth_science,3,0.859001874923706,0.01921391487121582,0.08701372146606445,1,1,CORRECT
nomic,earth_science,4,0.7979997396469116,0.030048787593841553,0.0648491382598877,1,1,CORRECT
nomic,aops,aops_2002_AIME_I_Problems/Problem_10,0.8271144032478333,0.013435423374176025,0.027682721614837646,0,0,INCORRECT
nomic,aops,aops_2017_AIME_II_Problems/Problem_3,0.8392890691757202,0.004561126232147217,0.06160688400268555,0,0,INCORRECT
nomic,aops,math_train_geometry_6051,0.7924714088439941,0.03613448143005371,0.049387574195861816,0,1,INCORRECT
nomic,earth_science,5,0.8165658712387085,0.04420959949493408,0.09566390514373779,0,0,INCORRECT
nomic,earth_science,0,0.787543535232544,0.028053700923919678,0.046523869037628174,0,0,CORRECT
nomic,aops,math_train_geometry_6078,0.7986530661582947,0.03325015306472778,0.06045740842819214,1,1,INCORRECT
nomic,earth_science,7,0.8451896905899048,0.03568148612976074,0.07718056440353394,0,0,CORRECT
nomic,earth_science,2,0.8396078944206238,0.025929272174835205,0.08027750253677368,0,1,INCORRECT
nomic,earth_science,10,0.764620840549469,0.02404838800430298,0.04389381408691406,0,1,CORRECT
nomic,earth_science,17,0.850869357585907,0.06002485752105713,0.0910293459892273,0,0,INCORRECT
nomic,earth_science,14,0.7654405832290649,0.009866833686828613,0.04458653926849365,0,0,INCORRECT
nomic,earth_science,15,0.7932651042938232,0.026546120643615723,0.06447851657867432,0,1,CORRECT
nomic,earth_science,13,0.812139093875885,0.0250663161277771,0.06446009874343872,1,1,CORRECT
nomic,earth_science,11,0.854203999042511,0.04729229211807251,0.0798073410987854,0,1,CORRECT
nomic,earth_science,16,0.8235556483268738,0.08843374252319336,0.14809459447860718,0,0,CORRECT
nomic,earth_science,9,0.8564386367797852,0.03849059343338013,0.06741708517074585,0,0,INCORRECT
nomic,earth_science,23,0.7798293828964233,0.03036487102508545,0.07228147983551025,0,0,INCORRECT
nomic,earth_science,8,0.7469118237495422,0.0408591628074646,0.10605937242507935,1,1,CORRECT
nomic,earth_science,12,0.8309986591339111,0.019663691520690918,0.038838744163513184,0,1,CORRECT
nomic,earth_science,21,0.7152513265609741,0.011982321739196777,0.0658537745475769,0,0,INCORRECT
nomic,earth_science,22,0.7918001413345337,0.03646361827850342,0.07367342710494995,1,1,CORRECT
nomic,earth_science,18,0.8287719488143921,0.031378984451293945,0.05307817459106445,0,1,CORRECT
nomic,earth_science,19,0.875309944152832,0.027493596076965332,0.05436444282531738,1,1,CORRECT
nomic,earth_science,20,0.7651818990707397,0.033236563205718994,0.08505856990814209,0,1,CORRECT
nomic,earth_science,25,0.7218657732009888,0.010467946529388428,0.030532658100128174,1,1,CORRECT
nomic,earth_science,31,0.802003026008606,0.008832991123199463,0.03599560260772705,0,1,INCORRECT
nomic,earth_science,32,0.7315412759780884,0.014696121215820312,0.03669804334640503,0,0,INCORRECT
nomic,earth_science,24,0.8476604223251343,0.047936439514160156,0.08273112773895264,0,1,CORRECT
nomic,earth_science,33,0.7363035678863525,0.01962941884994507,0.0481257438659668,0,0,CORRECT
nomic,earth_science,34,0.7911780476570129,0.023928344249725342,0.07143539190292358,0,0,INCORRECT
nomic,earth_science,26,0.7799290418624878,0.01688969135284424,0.047844648361206055,1,1,CORRECT
nomic,earth_science,38,0.693449079990387,0.02281123399734497,0.053410887718200684,1,1,CORRECT
nomic,earth_science,27,0.7773874998092651,0.030440926551818848,0.05625414848327637,1,1,INCORRECT
nomic,earth_science,39,0.8638185858726501,0.03708380460739136,0.09639531373977661,1,1,CORRECT
nomic,earth_science,40,0.7411025762557983,0.010394096374511719,0.029802680015563965,0,0,INCORRECT
nomic,earth_science,37,0.8825441598892212,0.08509427309036255,0.11831730604171753,0,1,INCORRECT
nomic,earth_science,29,0.7533305883407593,0.023071706295013428,0.05705440044403076,0,0,INCORRECT
nomic,earth_science,30,0.8194606304168701,0.028439104557037354,0.07020974159240723,0,0,INCORRECT
nomic,earth_science,43,0.7222219705581665,0.01403045654296875,0.03745901584625244,0,0,INCORRECT
nomic,earth_science,28,0.7622195482254028,0.029190540313720703,0.043879926204681396,1,1,CORRECT
nomic,earth_science,36,0.8174484968185425,0.029585301876068115,0.0854867696762085,1,1,CORRECT
nomic,earth_science,35,0.6913620829582214,0.011367857456207275,0.04679065942764282,1,1,INCORRECT
nomic,earth_science,41,0.8156419992446899,0.07707095146179199,0.10195189714431763,1,1,CORRECT
nomic,earth_science,45,0.7065380811691284,0.02213311195373535,0.033861517906188965,0,0,INCORRECT
nomic,earth_science,50,0.7777708768844604,0.027321338653564453,0.05883967876434326,1,1,CORRECT
nomic,earth_science,42,0.7729963064193726,0.007980942726135254,0.042008280754089355,0,0,CORRECT
nomic,earth_science,48,0.8148044347763062,0.03785288333892822,0.054761290550231934,0,0,CORRECT
nomic,earth_science,47,0.7731302380561829,0.025759875774383545,0.06399965286254883,0,0,CORRECT
nomic,earth_science,49,0.8395990133285522,0.06873142719268799,0.1122356653213501,0,0,CORRECT
nomic,earth_science,46,0.8069804906845093,0.022787272930145264,0.09707129001617432,0,1,CORRECT
nomic,earth_science,54,0.7770583033561707,0.04015946388244629,0.08705490827560425,0,0,CORRECT
nomic,earth_science,51,0.8212131261825562,0.02386939525604248,0.08207786083221436,1,1,CORRECT
nomic,earth_science,44,0.8360236287117004,0.022620439529418945,0.07184350490570068,0,0,CORRECT
nomic,earth_science,56,0.7384459972381592,0.02653956413269043,0.05031532049179077,0,0,INCORRECT
nomic,earth_science,53,0.872658371925354,0.03820979595184326,0.09029197692871094,0,0,CORRECT
nomic,earth_science,52,0.7250916361808777,0.0070860981941223145,0.026833057403564453,0,0,CORRECT
nomic,earth_science,57,0.7600460052490234,0.00852113962173462,0.04303097724914551,1,1,CORRECT
nomic,earth_science,55,0.8252023458480835,0.01851367950439453,0.0693477988243103,0,0,INCORRECT
nomic,earth_science,60,0.7440500855445862,0.04363781213760376,0.08142060041427612,0,1,CORRECT
nomic,earth_science,69,0.7354694604873657,0.02770930528640747,0.06056690216064453,1,1,CORRECT
nomic,earth_science,67,0.7696475982666016,0.02256077527999878,0.0442158579826355,0,0,INCORRECT
nomic,earth_science,64,0.7500258684158325,0.03621780872344971,0.06735706329345703,0,0,CORRECT
nomic,earth_science,58,0.8144670128822327,0.05405336618423462,0.14988452196121216,0,0,INCORRECT
nomic,earth_science,59,0.7048519849777222,0.020148038864135742,0.06366491317749023,0,1,CORRECT
nomic,earth_science,68,0.7840628623962402,0.02470862865447998,0.05750572681427002,0,0,INCORRECT
nomic,earth_science,63,0.8094213008880615,0.03033137321472168,0.07111787796020508,0,0,CORRECT
nomic,earth_science,65,0.8119877576828003,0.050519466400146484,0.08505022525787354,1,1,CORRECT
nomic,earth_science,61,0.8347100019454956,0.028258562088012695,0.051170408725738525,0,0,INCORRECT
nomic,earth_science,62,0.7124888896942139,0.018682360649108887,0.03236067295074463,0,0,INCORRECT
nomic,earth_science,72,0.742676854133606,0.036558568477630615,0.058702290058135986,1,1,CORRECT
nomic,earth_science,70,0.7394033670425415,0.03338146209716797,0.07505393028259277,1,1,CORRECT
nomic,earth_science,66,0.7899692058563232,0.031200647354125977,0.07315462827682495,1,1,INCORRECT
nomic,earth_science,71,0.7907395958900452,0.0446353554725647,0.09319436550140381,1,1,CORRECT
nomic,earth_science,76,0.6900351047515869,0.006733298301696777,0.0568808913230896,0,0,CORRECT
nomic,earth_science,74,0.7070951461791992,0.021584689617156982,0.03741014003753662,1,1,CORRECT
nomic,earth_science,77,0.7686952352523804,0.014806389808654785,0.03885990381240845,0,0,INCORRECT
nomic,earth_science,73,0.6991263628005981,0.038643836975097656,0.06542313098907471,0,1,CORRECT
nomic,earth_science,75,0.7614437937736511,0.026541292667388916,0.058161914348602295,1,1,CORRECT
nomic,earth_science,79,0.8250244855880737,0.011028528213500977,0.0349961519241333,0,0,CORRECT
nomic,earth_science,84,0.7231043577194214,0.013584673404693604,0.030646443367004395,0,0,CORRECT
nomic,earth_science,78,0.8247222304344177,0.06377512216567993,0.09712255001068115,0,0,CORRECT
nomic,earth_science,86,0.754035234451294,0.025937199592590332,0.05744123458862305,1,1,CORRECT
nomic,earth_science,83,0.7707762122154236,0.03463536500930786,0.09946328401565552,1,1,CORRECT
nomic,earth_science,81,0.889995813369751,0.038962364196777344,0.08954781293869019,1,1,CORRECT
nomic,earth_science,87,0.837203860282898,0.07414263486862183,0.1070702075958252,1,1,CORRECT
nomic,earth_science,82,0.8353061676025391,0.010826826095581055,0.04466766119003296,1,1,CORRECT
nomic,earth_science,85,0.67896568775177,0.03220987319946289,0.0546380877494812,1,1,CORRECT
nomic,earth_science,88,0.763038158416748,0.11542832851409912,0.16288906335830688,1,1,CORRECT
nomic,earth_science,80,0.8064147233963013,0.07122838497161865,0.11255073547363281,1,1,CORRECT
nomic,earth_science,92,0.7699272632598877,0.009348392486572266,0.03033924102783203,0,0,INCORRECT
nomic,earth_science,96,0.8155971765518188,0.021146655082702637,0.058338165283203125,0,1,CORRECT
nomic,earth_science,97,0.74396812915802,0.013709425926208496,0.03551298379898071,0,1,INCORRECT
nomic,earth_science,95,0.8071932792663574,0.047901928424835205,0.08170241117477417,0,0,CORRECT
nomic,earth_science,94,0.7560113668441772,0.0321391224861145,0.05359017848968506,0,0,INCORRECT
nomic,earth_science,89,0.7411516308784485,0.018940508365631104,0.044678330421447754,0,0,INCORRECT
nomic,earth_science,91,0.7841623425483704,0.05914640426635742,0.09905397891998291,0,0,CORRECT
nomic,earth_science,100,0.7889100313186646,0.0719456672668457,0.11833107471466064,0,1,INCORRECT
nomic,earth_science,90,0.8061725497245789,0.02313178777694702,0.04968756437301636,0,0,INCORRECT
nomic,earth_science,93,0.8046642541885376,0.04562938213348389,0.07168829441070557,0,1,CORRECT
nomic,earth_science,101,0.8756216168403625,0.06123197078704834,0.13095062971115112,1,1,CORRECT
nomic,earth_science,102,0.7661540508270264,0.016182303428649902,0.04244333505630493,0,0,CORRECT
nomic,earth_science,98,0.7250423431396484,0.04376429319381714,0.06912899017333984,1,1,CORRECT
nomic,earth_science,99,0.725628674030304,0.02202153205871582,0.09361439943313599,0,0,INCORRECT
nomic,earth_science,103,0.8348035216331482,0.04587215185165405,0.06737875938415527,0,0,CORRECT
nomic,earth_science,108,0.7339062094688416,0.024234235286712646,0.056266725063323975,0,0,CORRECT
nomic,earth_science,104,0.7527764439582825,0.08136159181594849,0.09999454021453857,0,0,INCORRECT
nomic,earth_science,106,0.8185935020446777,0.050573647022247314,0.08982926607131958,1,1,INCORRECT
nomic,earth_science,107,0.7413994073867798,0.030187129974365234,0.05411946773529053,1,1,CORRECT
nomic,earth_science,105,0.7506100535392761,0.025049805641174316,0.04422515630722046,0,0,CORRECT
nomic,earth_science,114,0.7642894983291626,0.037262797355651855,0.06606173515319824,0,1,CORRECT
nomic,earth_science,111,0.7758978605270386,0.02075791358947754,0.06494909524917603,0,0,CORRECT
nomic,earth_science,113,0.7664297819137573,0.028097569942474365,0.10853147506713867,0,1,INCORRECT
nomic,earth_science,112,0.7796652317047119,0.0068015456199646,0.05270493030548096,0,0,INCORRECT
nomic,earth_science,110,0.7461203336715698,0.009362578392028809,0.03923487663269043,0,0,CORRECT
nomic,earth_science,109,0.7985564470291138,0.025269925594329834,0.04229450225830078,0,1,CORRECT
nomic,earth_science,115,0.6889830231666565,0.07070714235305786,0.13821709156036377,0,0,CORRECT
nomic,economics,0,0.8003294467926025,0.04757356643676758,0.07562524080276489,0,0,INCORRECT
nomic,economics,2,0.7724101543426514,0.0330355167388916,0.04731583595275879,0,0,CORRECT
nomic,economics,1,0.7801579236984253,0.03681838512420654,0.08753395080566406,0,0,CORRECT
nomic,economics,3,0.8530597686767578,0.03439241647720337,0.08210670948028564,1,1,CORRECT
nomic,economics,5,0.7601901888847351,0.017324626445770264,0.06004208326339722,0,0,INCORRECT
nomic,economics,6,0.7923029661178589,0.06642019748687744,0.08747971057891846,0,0,INCORRECT
nomic,economics,8,0.8272947072982788,0.03621518611907959,0.07144033908843994,1,1,CORRECT
nomic,economics,7,0.8231065273284912,0.022350788116455078,0.07077592611312866,0,0,CORRECT
nomic,economics,4,0.8093007802963257,0.06167185306549072,0.09070456027984619,0,0,CORRECT
nomic,economics,9,0.7803968191146851,0.04415261745452881,0.06403231620788574,0,1,CORRECT
nomic,economics,15,0.8456474542617798,0.024740517139434814,0.03500634431838989,0,0,INCORRECT
nomic,economics,10,0.8324191570281982,0.02479255199432373,0.058058977127075195,0,0,CORRECT
nomic,economics,11,0.7796112298965454,0.037320613861083984,0.0650855302810669,0,0,CORRECT
nomic,economics,12,0.7387087345123291,0.02031564712524414,0.057858943939208984,0,1,CORRECT
nomic,economics,13,0.6915574669837952,0.027655422687530518,0.06249302625656128,0,1,CORRECT
nomic,economics,14,0.8440529108047485,0.0326695442199707,0.08390927314758301,0,0,INCORRECT
nomic,economics,16,0.813820481300354,0.020278215408325195,0.07057386636734009,0,1,CORRECT
nomic,economics,18,0.7320269346237183,0.021021008491516113,0.06627023220062256,1,1,CORRECT
nomic,economics,17,0.8659023642539978,0.04424518346786499,0.10158830881118774,1,1,INCORRECT
nomic,economics,22,0.8303782939910889,0.01835334300994873,0.06362509727478027,0,1,INCORRECT
nomic,economics,23,0.7928594350814819,0.020870506763458252,0.055545926094055176,0,0,CORRECT
nomic,economics,20,0.8091239929199219,0.008064627647399902,0.031238794326782227,0,1,INCORRECT
nomic,economics,25,0.8402646780014038,0.038340866565704346,0.082164466381073,1,1,CORRECT
nomic,economics,19,0.7489516735076904,0.025502383708953857,0.058988094329833984,0,0,CORRECT
nomic,economics,21,0.8074743747711182,0.030494332313537598,0.061768531799316406,0,1,CORRECT
nomic,economics,24,0.7689807415008545,0.012594103813171387,0.04931914806365967,0,0,INCORRECT
nomic,economics,26,0.8081579208374023,0.00543522834777832,0.05546116828918457,1,1,CORRECT
nomic,economics,27,0.8569089770317078,0.027697503566741943,0.07698434591293335,1,1,CORRECT
nomic,economics,34,0.7110556364059448,0.02261936664581299,0.04269278049468994,0,1,INCORRECT
nomic,economics,29,0.8491045236587524,0.05057668685913086,0.09614682197570801,1,1,CORRECT
nomic,economics,31,0.8010538816452026,0.0309981107711792,0.09730839729309082,0,0,CORRECT
nomic,economics,28,0.7922178506851196,0.014373421669006348,0.04687166213989258,1,1,CORRECT
nomic,economics,30,0.7502262592315674,0.031675100326538086,0.04820609092712402,0,1,INCORRECT
nomic,economics,33,0.8325779438018799,0.03829658031463623,0.07833421230316162,0,1,CORRECT
nomic,economics,36,0.7478448152542114,0.017521977424621582,0.039988934993743896,1,1,CORRECT
nomic,economics,32,0.7847816944122314,0.014617681503295898,0.04305398464202881,1,1,INCORRECT
nomic,economics,44,0.7501601576805115,0.015843212604522705,0.03425467014312744,0,0,INCORRECT
nomic,economics,35,0.7817080020904541,0.018966078758239746,0.0386502742767334,0,0,INCORRECT
nomic,economics,37,0.8987902402877808,0.05100125074386597,0.1060822606086731,0,0,CORRECT
nomic,economics,39,0.7841575741767883,0.010618746280670166,0.03365963697433472,0,1,CORRECT
nomic,economics,38,0.7617098093032837,0.015574455261230469,0.0445021390914917,0,1,CORRECT
nomic,economics,41,0.7612128257751465,0.025983452796936035,0.048284053802490234,0,0,CORRECT
nomic,economics,40,0.8241755962371826,0.033742666244506836,0.09169876575469971,0,0,CORRECT
nomic,economics,45,0.8079326748847961,0.02095252275466919,0.07211852073669434,0,0,INCORRECT
nomic,economics,48,0.8502150177955627,0.014594852924346924,0.057731449604034424,0,0,INCORRECT
nomic,economics,46,0.8355424404144287,0.08958017826080322,0.11531305313110352,1,1,CORRECT
nomic,economics,43,0.7834320068359375,0.01642477512359619,0.04877281188964844,0,0,CORRECT
nomic,economics,47,0.8231980800628662,0.014265179634094238,0.04694414138793945,0,1,INCORRECT
nomic,economics,42,0.7113261222839355,0.017773747444152832,0.048429250717163086,0,0,CORRECT
nomic,economics,49,0.7870397567749023,0.035442888736724854,0.07970833778381348,1,1,CORRECT
nomic,economics,50,0.8309828042984009,0.0309564471244812,0.06538790464401245,0,0,CORRECT
nomic,economics,62,0.8440816402435303,0.0727773904800415,0.1099357008934021,0,1,CORRECT
nomic,economics,54,0.7933924198150635,0.0139731764793396,0.06909847259521484,0,0,CORRECT
nomic,economics,52,0.8498700857162476,0.016874074935913086,0.06680750846862793,0,1,INCORRECT
nomic,economics,55,0.7798470258712769,0.027695536613464355,0.05878901481628418,1,1,CORRECT
nomic,economics,56,0.7994524240493774,0.06086230278015137,0.08566129207611084,1,1,CORRECT
nomic,economics,53,0.7498594522476196,0.016201376914978027,0.037987470626831055,0,0,CORRECT
nomic,economics,57,0.7518666982650757,0.00685882568359375,0.03087747097015381,0,0,CORRECT
nomic,economics,59,0.7950917482376099,0.013809800148010254,0.0501786470413208,0,1,INCORRECT
nomic,economics,60,0.8496575951576233,0.04268854856491089,0.06889677047729492,1,1,CORRECT
nomic,economics,58,0.852745532989502,0.032753944396972656,0.06418418884277344,0,0,CORRECT
nomic,economics,66,0.8504295349121094,0.04989820718765259,0.09191662073135376,0,1,INCORRECT
nomic,economics,61,0.8469198942184448,0.02388584613800049,0.06441789865493774,0,0,CORRECT
nomic,economics,63,0.7832152843475342,0.023304402828216553,0.06979668140411377,0,0,INCORRECT
nomic,economics,64,0.7501351833343506,0.027669966220855713,0.06112462282180786,0,0,CORRECT
nomic,economics,65,0.6909405589103699,0.014537036418914795,0.05583024024963379,1,1,INCORRECT
nomic,economics,67,0.8167803287506104,0.04068022966384888,0.10026013851165771,0,0,CORRECT
nomic,economics,80,0.8574780225753784,0.08914262056350708,0.15181052684783936,0,1,CORRECT
nomic,economics,69,0.8016323447227478,0.038935720920562744,0.08033096790313721,0,1,INCORRECT
nomic,economics,68,0.8108085989952087,0.08414137363433838,0.11230212450027466,0,1,CORRECT
nomic,economics,71,0.7832833528518677,0.03758913278579712,0.05460941791534424,0,0,CORRECT
nomic,economics,72,0.7640262842178345,0.03448307514190674,0.08890736103057861,0,1,CORRECT
nomic,economics,74,0.7954736948013306,0.04174375534057617,0.08915567398071289,0,0,CORRECT
nomic,economics,77,0.7370551228523254,0.012898147106170654,0.05154508352279663,0,0,INCORRECT
nomic,economics,70,0.87997967004776,0.08145123720169067,0.15194398164749146,1,1,CORRECT
nomic,economics,78,0.783418595790863,0.013693392276763916,0.04900330305099487,0,0,CORRECT
nomic,economics,79,0.8002725839614868,0.020663738250732422,0.04428738355636597,1,1,CORRECT
nomic,economics,75,0.7680777311325073,0.07449185848236084,0.0940583348274231,1,1,CORRECT
nomic,economics,76,0.8192632794380188,0.08383923768997192,0.12571507692337036,0,0,INCORRECT
nomic,economics,73,0.7754355072975159,0.03402835130691528,0.06733864545822144,0,1,INCORRECT
nomic,economics,81,0.8121330738067627,0.02690589427947998,0.05289769172668457,0,0,CORRECT
nomic,economics,87,0.803026556968689,0.007861614227294922,0.05029064416885376,0,0,CORRECT
nomic,economics,90,0.8336696028709412,0.01373213529586792,0.0645948052406311,0,0,CORRECT
nomic,economics,83,0.8305531144142151,0.016948997974395752,0.05794787406921387,1,1,CORRECT
nomic,economics,84,0.8861380815505981,0.10981619358062744,0.1370542049407959,1,1,CORRECT
nomic,economics,94,0.8137902021408081,0.026531994342803955,0.06909036636352539,0,0,INCORRECT
nomic,economics,89,0.7620046138763428,0.022917449474334717,0.058916568756103516,1,1,CORRECT
nomic,economics,93,0.7836757898330688,0.012334048748016357,0.07769978046417236,1,1,CORRECT
nomic,economics,82,0.7885427474975586,0.02225339412689209,0.04187190532684326,0,0,CORRECT
nomic,economics,92,0.8125612735748291,0.03430533409118652,0.09028518199920654,1,1,CORRECT
nomic,economics,91,0.800423800945282,0.03229111433029175,0.08488357067108154,0,0,CORRECT
nomic,economics,88,0.7938376665115356,0.056056320667266846,0.09278583526611328,0,1,CORRECT
nomic,economics,85,0.8494362831115723,0.10560262203216553,0.16195297241210938,1,1,CORRECT
nomic,economics,95,0.8356120586395264,0.013805747032165527,0.05669081211090088,1,1,CORRECT
nomic,economics,86,0.7973246574401855,0.02755439281463623,0.07720446586608887,0,0,INCORRECT
nomic,economics,96,0.8087473511695862,0.050686419010162354,0.08927613496780396,1,1,CORRECT
nomic,economics,97,0.7509053945541382,0.01229703426361084,0.04980415105819702,0,0,CORRECT
nomic,economics,98,0.8650690317153931,0.0749514102935791,0.1308983564376831,0,1,CORRECT
nomic,economics,101,0.8689358830451965,0.026841580867767334,0.10082298517227173,0,0,INCORRECT
nomic,economics,100,0.7231646776199341,0.015568673610687256,0.03860127925872803,0,0,CORRECT
nomic,leetcode,4,0.7810643911361694,0.039508700370788574,0.06632518768310547,0,1,CORRECT
nomic,economics,102,0.793329119682312,0.021550416946411133,0.05571401119232178,0,0,INCORRECT
nomic,leetcode,2,0.9483963251113892,0.16189825534820557,0.20836901664733887,1,1,CORRECT
nomic,leetcode,0,0.8337516784667969,0.07433855533599854,0.11907422542572021,1,1,CORRECT
nomic,leetcode,7,0.7647672891616821,0.03181445598602295,0.0736846923828125,0,0,CORRECT
nomic,economics,99,0.7843433618545532,0.019926846027374268,0.05272936820983887,0,0,CORRECT
nomic,leetcode,1,0.8534629344940186,0.09253180027008057,0.1372966766357422,1,1,INCORRECT
nomic,leetcode,6,0.844556450843811,0.11139786243438721,0.13279032707214355,1,1,CORRECT
nomic,leetcode,5,0.8315894603729248,0.10402774810791016,0.13576680421829224,1,1,CORRECT
nomic,leetcode,3,0.8328717947006226,0.05655717849731445,0.08210933208465576,1,1,CORRECT
nomic,leetcode,8,0.8431023359298706,0.04551351070404053,0.06677347421646118,0,0,INCORRECT
nomic,leetcode,9,0.8813341856002808,0.15468621253967285,0.17706120014190674,1,1,CORRECT
nomic,leetcode,11,0.795331597328186,0.07436162233352661,0.11840677261352539,0,0,CORRECT
nomic,leetcode,12,0.7021719217300415,0.012358307838439941,0.03191375732421875,0,0,INCORRECT
nomic,leetcode,10,0.7455768585205078,0.022742867469787598,0.04101419448852539,0,0,CORRECT
nomic,leetcode,13,0.8170384168624878,0.030287742614746094,0.05591690540313721,0,1,CORRECT
nomic,leetcode,20,0.7510770559310913,0.07249677181243896,0.10262179374694824,0,0,CORRECT
nomic,leetcode,14,0.7887083888053894,0.08943986892700195,0.11822116374969482,1,1,CORRECT
nomic,leetcode,18,0.773317277431488,0.0957912802696228,0.11297017335891724,1,1,CORRECT
nomic,leetcode,22,0.7795097231864929,0.04472845792770386,0.0730927586555481,1,1,CORRECT
nomic,leetcode,16,0.7210251092910767,0.02398473024368286,0.05435168743133545,0,0,CORRECT
nomic,leetcode,21,0.8107296228408813,0.1049654483795166,0.13069969415664673,1,1,CORRECT
nomic,leetcode,15,0.7945373058319092,0.02283024787902832,0.05405735969543457,1,1,CORRECT
nomic,leetcode,19,0.7323464751243591,0.007115364074707031,0.0287056565284729,0,0,CORRECT
nomic,leetcode,17,0.7844434976577759,0.05490243434906006,0.07540714740753174,1,1,CORRECT
nomic,leetcode,24,0.7989956140518188,0.02427530288696289,0.040045857429504395,1,1,CORRECT
nomic,leetcode,23,0.7258865833282471,0.012748241424560547,0.03275871276855469,0,0,CORRECT
nomic,leetcode,27,0.762177586555481,0.027219951152801514,0.050021350383758545,1,1,CORRECT
nomic,leetcode,26,0.861530065536499,0.042339324951171875,0.1174846887588501,0,1,CORRECT
nomic,leetcode,25,0.6938169002532959,0.033604562282562256,0.0852280855178833,0,0,CORRECT
nomic,leetcode,29,0.7285577058792114,0.013930439949035645,0.030975341796875,1,1,CORRECT
nomic,leetcode,28,0.6649544835090637,0.015087723731994629,0.033405840396881104,0,0,INCORRECT
nomic,leetcode,33,0.8117914795875549,0.04338139295578003,0.07976657152175903,1,1,CORRECT
nomic,leetcode,30,0.7840129137039185,0.014388680458068848,0.03578841686248779,0,1,CORRECT
nomic,leetcode,37,0.7822805643081665,0.009184479713439941,0.036817193031311035,0,1,CORRECT
nomic,leetcode,36,0.7508711814880371,0.028692007064819336,0.040554702281951904,0,0,CORRECT
nomic,leetcode,35,0.7112362384796143,0.011446356773376465,0.031961143016815186,0,0,CORRECT
nomic,leetcode,34,0.8162392377853394,0.10721325874328613,0.12924009561538696,1,1,CORRECT
nomic,leetcode,31,0.8036205768585205,0.10841310024261475,0.12974238395690918,1,1,INCORRECT
nomic,leetcode,32,0.7366989850997925,0.0231248140335083,0.05021136999130249,0,0,CORRECT
nomic,leetcode,38,0.774018406867981,0.04688715934753418,0.06472241878509521,0,0,CORRECT
nomic,leetcode,39,0.7512491941452026,0.05258125066757202,0.08835983276367188,0,1,INCORRECT
nomic,leetcode,41,0.776871919631958,0.03875046968460083,0.05815935134887695,1,1,CORRECT
nomic,leetcode,40,0.792047381401062,0.05249732732772827,0.0779343843460083,1,1,CORRECT
nomic,leetcode,42,0.7739410400390625,0.03308570384979248,0.061806440353393555,1,1,CORRECT
nomic,leetcode,51,0.8079601526260376,0.022257208824157715,0.0410575270652771,0,0,CORRECT
nomic,leetcode,46,0.7311148643493652,0.02163410186767578,0.040711402893066406,0,0,CORRECT
nomic,leetcode,47,0.7483975887298584,0.025823593139648438,0.054283857345581055,0,0,INCORRECT
nomic,leetcode,49,0.7921757698059082,0.02807474136352539,0.0516737699508667,0,0,CORRECT
nomic,leetcode,43,0.8584079146385193,0.1337715983390808,0.18344026803970337,1,1,CORRECT
nomic,leetcode,48,0.8373527526855469,0.11718261241912842,0.1390182375907898,1,1,INCORRECT
nomic,leetcode,50,0.7796596884727478,0.032820165157318115,0.055570363998413086,1,1,CORRECT
nomic,leetcode,45,0.8039730787277222,0.026435256004333496,0.0723409652709961,0,0,INCORRECT
nomic,leetcode,44,0.7047450542449951,0.031039059162139893,0.06396031379699707,0,0,CORRECT
nomic,leetcode,52,0.8067212104797363,0.05325019359588623,0.07929021120071411,0,0,CORRECT
nomic,leetcode,54,0.7062397003173828,0.027785420417785645,0.05551326274871826,1,1,CORRECT
nomic,leetcode,56,0.807052731513977,0.05522489547729492,0.10041242837905884,0,0,INCORRECT
nomic,leetcode,55,0.7808254957199097,0.05303084850311279,0.1210106611251831,0,0,CORRECT
nomic,leetcode,57,0.7680908441543579,0.01174306869506836,0.03618454933166504,0,0,INCORRECT
nomic,leetcode,63,0.7855662107467651,0.06873345375061035,0.11983072757720947,0,0,INCORRECT
nomic,leetcode,64,0.684382438659668,0.01974576711654663,0.04363811016082764,0,0,CORRECT
nomic,leetcode,65,0.7369147539138794,0.10627734661102295,0.12490200996398926,1,1,CORRECT
nomic,leetcode,58,0.8550354838371277,0.046835899353027344,0.12839370965957642,1,1,CORRECT
nomic,leetcode,61,0.7601409554481506,0.03947931528091431,0.08247894048690796,0,0,CORRECT
nomic,leetcode,59,0.8029321432113647,0.06282210350036621,0.09151065349578857,0,0,CORRECT
nomic,leetcode,67,0.8787157535552979,0.07698124647140503,0.14674431085586548,1,1,CORRECT
nomic,leetcode,66,0.7156718969345093,0.049716949462890625,0.06592971086502075,0,0,CORRECT
nomic,leetcode,60,0.8403035402297974,0.07102608680725098,0.0986638069152832,0,1,INCORRECT
nomic,leetcode,62,0.9192824363708496,0.09701085090637207,0.20879441499710083,1,1,CORRECT
nomic,leetcode,53,0.7711623311042786,0.06341665983200073,0.09889495372772217,1,1,CORRECT
nomic,leetcode,68,0.7646391987800598,0.023720085620880127,0.04807525873184204,0,0,INCORRECT
nomic,leetcode,69,0.6922498941421509,0.010938167572021484,0.02753537893295288,0,0,CORRECT
nomic,leetcode,70,0.7184135913848877,0.03289186954498291,0.055879175662994385,1,1,CORRECT
nomic,leetcode,71,0.7059571743011475,0.010671734809875488,0.03844022750854492,1,1,CORRECT
nomic,leetcode,74,0.7683647871017456,0.015982747077941895,0.05191326141357422,0,0,INCORRECT
nomic,leetcode,75,0.7214429378509521,0.016361355781555176,0.032866477966308594,0,0,CORRECT
nomic,leetcode,73,0.7337164282798767,0.03567904233932495,0.05938142538070679,0,0,CORRECT
nomic,leetcode,82,0.7912821769714355,0.01070946455001831,0.053743839263916016,0,0,INCORRECT
nomic,leetcode,72,0.7235885858535767,0.008605360984802246,0.023617982864379883,0,0,CORRECT
nomic,leetcode,81,0.8162413835525513,0.09252071380615234,0.12728679180145264,1,1,CORRECT
nomic,leetcode,77,0.7963247299194336,0.06450212001800537,0.10095387697219849,0,0,CORRECT
nomic,leetcode,79,0.8068234324455261,0.09035336971282959,0.12629401683807373,1,1,CORRECT
nomic,leetcode,78,0.7980710864067078,0.062422871589660645,0.09449279308319092,0,1,CORRECT
nomic,leetcode,80,0.7924455404281616,0.06013059616088867,0.09233605861663818,1,1,CORRECT
nomic,leetcode,76,0.7230454683303833,0.025990724563598633,0.042641520500183105,0,0,CORRECT
nomic,leetcode,83,0.7955596446990967,0.07494103908538818,0.10379219055175781,1,1,INCORRECT
nomic,leetcode,84,0.7238936424255371,0.026799261569976807,0.03999626636505127,0,0,INCORRECT
nomic,leetcode,85,0.8270577192306519,0.05653345584869385,0.09442287683486938,1,1,CORRECT
nomic,leetcode,88,0.8269720077514648,0.016963839530944824,0.06030935049057007,0,0,CORRECT
nomic,leetcode,93,0.722760021686554,0.022527635097503662,0.038482606410980225,0,0,CORRECT
nomic,leetcode,86,0.7033083438873291,0.020531892776489258,0.040135324001312256,0,0,INCORRECT
nomic,leetcode,96,0.7827213406562805,0.049848735332489014,0.0828973650932312,1,1,CORRECT
nomic,leetcode,92,0.8113243579864502,0.04089486598968506,0.09803307056427002,0,1,INCORRECT
nomic,leetcode,87,0.7367410063743591,0.027372896671295166,0.05030697584152222,0,0,CORRECT
nomic,leetcode,91,0.8010973930358887,0.020961403846740723,0.04866832494735718,0,0,CORRECT
nomic,leetcode,90,0.7381683588027954,0.023937106132507324,0.058532118797302246,0,1,CORRECT
nomic,leetcode,97,0.7868373394012451,0.026885390281677246,0.05563175678253174,0,0,INCORRECT
nomic,leetcode,89,0.7561985850334167,0.011083543300628662,0.04547262191772461,0,1,CORRECT
nomic,leetcode,95,0.7719117403030396,0.044126152992248535,0.07727909088134766,1,1,CORRECT
nomic,leetcode,94,0.7941977977752686,0.0631798505783081,0.09463709592819214,0,0,CORRECT
nomic,leetcode,98,0.7955288290977478,0.07133978605270386,0.10322028398513794,1,1,CORRECT
nomic,leetcode,100,0.6933733224868774,0.0067102909088134766,0.02579396963119507,0,1,CORRECT
nomic,leetcode,99,0.8545117974281311,0.1847556233406067,0.203393816947937,1,1,CORRECT
nomic,leetcode,105,0.8439203500747681,0.1367431879043579,0.1547095775604248,0,0,CORRECT
nomic,leetcode,102,0.7864612936973572,0.08475130796432495,0.1058925986289978,0,0,INCORRECT
nomic,leetcode,109,0.7006572484970093,0.014182686805725098,0.03063356876373291,0,0,INCORRECT
nomic,leetcode,108,0.7106984853744507,0.020721077919006348,0.03466010093688965,0,1,CORRECT
nomic,leetcode,111,0.7988431453704834,0.03036355972290039,0.07138097286224365,0,0,INCORRECT
nomic,leetcode,110,0.8107682466506958,0.0914076566696167,0.1083914041519165,0,0,INCORRECT
nomic,leetcode,103,0.8784173727035522,0.13773125410079956,0.20150864124298096,1,1,INCORRECT
nomic,leetcode,106,0.703162431716919,0.044121623039245605,0.06224721670150757,0,0,CORRECT
nomic,leetcode,112,0.7736453413963318,0.034754157066345215,0.081851065158844,0,0,INCORRECT
nomic,leetcode,101,0.7484676837921143,0.03865617513656616,0.05366194248199463,0,0,CORRECT
nomic,leetcode,104,0.7426815032958984,0.020430564880371094,0.046581387519836426,0,0,INCORRECT
nomic,leetcode,107,0.7290338277816772,0.01659095287322998,0.034555673599243164,0,0,CORRECT
nomic,leetcode,113,0.7142387628555298,0.03385496139526367,0.056386351585388184,0,0,CORRECT
nomic,leetcode,114,0.7281352281570435,0.018638014793395996,0.03668665885925293,0,0,CORRECT
nomic,leetcode,115,0.7753121852874756,0.024107038974761963,0.05083775520324707,1,1,CORRECT
nomic,leetcode,118,0.7760238647460938,0.03783988952636719,0.07356929779052734,0,1,CORRECT
nomic,leetcode,122,0.726069450378418,0.02294701337814331,0.03762555122375488,0,0,CORRECT
nomic,leetcode,126,0.7881482839584351,0.02292466163635254,0.07643556594848633,1,1,INCORRECT
nomic,leetcode,124,0.7643482685089111,0.04226529598236084,0.08018523454666138,0,0,CORRECT
nomic,leetcode,119,0.7176647186279297,0.029376327991485596,0.059168457984924316,0,0,INCORRECT
nomic,leetcode,120,0.7693942785263062,0.05693012475967407,0.08430933952331543,0,0,INCORRECT
nomic,leetcode,125,0.7935349941253662,0.05397915840148926,0.09437763690948486,1,1,INCORRECT
nomic,leetcode,121,0.7005964517593384,0.018984735012054443,0.03945577144622803,0,1,CORRECT
nomic,leetcode,123,0.8463872671127319,0.08405947685241699,0.13294464349746704,1,1,CORRECT
nomic,leetcode,127,0.7255891561508179,0.015286922454833984,0.04835319519042969,0,0,INCORRECT
nomic,leetcode,117,0.7896484136581421,0.045784950256347656,0.0917443037033081,1,1,CORRECT
nomic,leetcode,116,0.7920515537261963,0.06526118516921997,0.09141683578491211,1,1,CORRECT
nomic,leetcode,128,0.7561809420585632,0.030567049980163574,0.06704384088516235,1,1,CORRECT
nomic,leetcode,129,0.7454578280448914,0.02629619836807251,0.04093337059020996,0,0,CORRECT
nomic,leetcode,138,0.7580491304397583,0.060283660888671875,0.07904231548309326,0,0,INCORRECT
nomic,leetcode,131,0.7699775695800781,0.025009334087371826,0.04110908508300781,0,0,CORRECT
nomic,leetcode,137,0.7307283878326416,0.051100730895996094,0.0765678882598877,0,1,INCORRECT
nomic,leetcode,132,0.8327948451042175,0.06168025732040405,0.08583742380142212,1,1,CORRECT
nomic,leetcode,130,0.7428394556045532,0.016283154487609863,0.03463095426559448,0,0,CORRECT
nomic,leetcode,139,0.7241353988647461,0.012776851654052734,0.03172212839126587,0,0,INCORRECT
nomic,leetcode,134,0.7672439813613892,0.01031428575515747,0.041483283042907715,0,0,CORRECT
nomic,leetcode,133,0.7799145579338074,0.04118615388870239,0.0677940845489502,0,1,INCORRECT
nomic,pony,0,0.7290153503417969,0.004530191421508789,0.02009361982345581,0,1,INCORRECT
nomic,leetcode,140,0.8129624128341675,0.03586935997009277,0.07974612712860107,1,1,INCORRECT
nomic,leetcode,136,0.6819548606872559,0.007087826728820801,0.02818971872329712,0,1,INCORRECT
nomic,leetcode,135,0.8050992488861084,0.03639817237854004,0.08510404825210571,0,1,CORRECT
nomic,leetcode,141,0.7050007581710815,0.004037261009216309,0.029932737350463867,0,0,CORRECT
nomic,pony,1,0.7485561370849609,0.015868663787841797,0.03671443462371826,0,0,CORRECT
nomic,pony,9,0.709334135055542,0.017852962017059326,0.03472357988357544,1,1,CORRECT
nomic,economics,51,0.8430297374725342,0.01958286762237549,0.052531421184539795,0,1,INCORRECT
nomic,pony,2,0.7551804184913635,0.009455263614654541,0.027670681476593018,0,0,INCORRECT
nomic,pony,3,0.7339351177215576,0.016240835189819336,0.040426015853881836,1,1,INCORRECT
nomic,pony,12,0.7317221760749817,0.020521342754364014,0.04645305871963501,0,1,CORRECT
nomic,pony,13,0.73456871509552,0.020851731300354004,0.049598634243011475,0,1,CORRECT
nomic,pony,14,0.7126635313034058,0.022434592247009277,0.04067575931549072,0,0,CORRECT
nomic,pony,6,0.682217001914978,0.00391697883605957,0.01932847499847412,0,0,INCORRECT
nomic,pony,15,0.6991991996765137,0.0269162654876709,0.047696590423583984,0,0,INCORRECT
nomic,pony,5,0.7318756580352783,0.0136871337890625,0.03451943397521973,0,1,CORRECT
nomic,pony,10,0.7264556884765625,0.020769596099853516,0.03552424907684326,0,0,INCORRECT
nomic,pony,7,0.7341508865356445,0.028749406337738037,0.04899650812149048,1,1,INCORRECT
nomic,pony,4,0.7493305802345276,0.03327697515487671,0.05673801898956299,0,1,INCORRECT
nomic,pony,8,0.7121777534484863,0.02245044708251953,0.07050621509552002,0,0,CORRECT
nomic,pony,11,0.7092175483703613,0.014312505722045898,0.034026384353637695,0,0,CORRECT
nomic,pony,16,0.7135550379753113,0.030200183391571045,0.044212937355041504,0,0,INCORRECT
nomic,pony,20,0.7205451726913452,0.020326077938079834,0.035071492195129395,1,1,CORRECT
nomic,pony,17,0.7596471309661865,0.03315305709838867,0.042179226875305176,0,1,CORRECT
nomic,pony,18,0.7585461139678955,0.0530322790145874,0.07973659038543701,0,1,INCORRECT
nomic,pony,23,0.7633025646209717,0.046913862228393555,0.07259690761566162,0,1,CORRECT
nomic,pony,30,0.728399395942688,0.011742889881134033,0.028990507125854492,1,1,CORRECT
nomic,pony,22,0.7073075771331787,0.013993978500366211,0.03268897533416748,0,0,INCORRECT
nomic,pony,28,0.7074459791183472,0.021826982498168945,0.045124828815460205,0,0,INCORRECT
nomic,pony,29,0.736992597579956,0.0030809640884399414,0.03425145149230957,0,0,CORRECT
nomic,pony,21,0.7528889179229736,0.007224619388580322,0.028338372707366943,0,0,CORRECT
nomic,pony,25,0.7507374286651611,0.04504382610321045,0.0673069953918457,0,0,INCORRECT
nomic,pony,26,0.7478907704353333,0.015533149242401123,0.03624063730239868,1,1,INCORRECT
nomic,pony,31,0.6620464324951172,0.010464668273925781,0.032517075538635254,0,1,INCORRECT
nomic,pony,24,0.7553865909576416,0.02223104238510132,0.050644874572753906,0,0,INCORRECT
nomic,pony,19,0.7521377801895142,0.041142821311950684,0.05840277671813965,0,0,CORRECT
nomic,pony,27,0.7405740022659302,0.010567307472229004,0.029438018798828125,1,1,INCORRECT
nomic,pony,35,0.7690872550010681,0.03864479064941406,0.06726247072219849,1,1,CORRECT
nomic,pony,34,0.7524725794792175,0.014340221881866455,0.05249452590942383,0,1,CORRECT
nomic,pony,38,0.765464186668396,0.03187239170074463,0.05376791954040527,1,1,CORRECT
nomic,pony,32,0.7274254560470581,0.008594393730163574,0.03612583875656128,1,1,CORRECT
nomic,pony,44,0.7702860236167908,0.02531898021697998,0.07803475856781006,0,0,CORRECT
nomic,pony,42,0.7722514867782593,0.053914010524749756,0.0743897557258606,0,1,CORRECT
nomic,pony,36,0.7404801845550537,0.008647441864013672,0.026574015617370605,0,1,CORRECT
nomic,pony,33,0.7609021067619324,0.01653534173965454,0.06169086694717407,0,1,INCORRECT
nomic,pony,45,0.7922812104225159,0.05063265562057495,0.08036953210830688,1,1,INCORRECT
nomic,pony,37,0.7193247079849243,0.04423290491104126,0.08388060331344604,0,0,CORRECT
nomic,pony,39,0.7197991609573364,0.020109057426452637,0.03748512268066406,0,1,CORRECT
nomic,pony,43,0.7678530812263489,0.05334770679473877,0.07998532056808472,0,1,CORRECT
nomic,pony,40,0.7268649935722351,0.007101655006408691,0.022164762020111084,1,1,INCORRECT
nomic,pony,41,0.7371528148651123,0.007368683815002441,0.025443553924560547,0,0,CORRECT
nomic,pony,46,0.7247060537338257,0.0174141526222229,0.046140432357788086,0,1,CORRECT
nomic,pony,47,0.7438217997550964,0.06013619899749756,0.08147448301315308,0,0,CORRECT
nomic,pony,48,0.7609475255012512,0.03969818353652954,0.066631019115448,1,1,CORRECT
nomic,pony,50,0.7191154956817627,0.007328033447265625,0.019112348556518555,1,1,INCORRECT
nomic,pony,49,0.7232051491737366,0.013925552368164062,0.0344964861869812,0,0,CORRECT
nomic,pony,51,0.7589399814605713,0.032786011695861816,0.05017530918121338,1,1,CORRECT
nomic,pony,59,0.7790467143058777,0.04216116666793823,0.06991440057754517,0,0,CORRECT
nomic,pony,53,0.7303761839866638,0.007619976997375488,0.019403517246246338,0,0,INCORRECT
nomic,pony,52,0.7315599918365479,0.006308913230895996,0.02203267812728882,0,1,INCORRECT
nomic,pony,54,0.7245115041732788,0.01813971996307373,0.0351405143737793,0,1,CORRECT
nomic,pony,55,0.7209537625312805,0.0038822293281555176,0.0212898850440979,0,0,INCORRECT
nomic,pony,60,0.7372955083847046,0.021894335746765137,0.042871952056884766,0,1,CORRECT
nomic,pony,56,0.7552463412284851,0.009679317474365234,0.03415632247924805,1,1,INCORRECT
nomic,pony,57,0.7277218103408813,0.02024662494659424,0.04094886779785156,0,1,INCORRECT
nomic,pony,58,0.7545241117477417,0.05439901351928711,0.08297371864318848,0,1,CORRECT
nomic,pony,62,0.7244292497634888,0.013025164604187012,0.02730739116668701,1,1,INCORRECT
nomic,pony,61,0.7455564737319946,0.03217816352844238,0.05695807933807373,0,1,INCORRECT
nomic,pony,63,0.739275336265564,0.012450814247131348,0.052590131759643555,0,0,INCORRECT
nomic,pony,64,0.6886495351791382,0.009500741958618164,0.03301501274108887,0,1,INCORRECT
nomic,pony,68,0.7328794002532959,0.020604312419891357,0.042358458042144775,0,0,INCORRECT
nomic,pony,66,0.7026737928390503,0.019332587718963623,0.038024067878723145,0,0,CORRECT
nomic,pony,65,0.7242891788482666,0.025557518005371094,0.04872483015060425,0,1,INCORRECT
nomic,pony,67,0.7482525110244751,0.041319966316223145,0.07393670082092285,0,1,INCORRECT
nomic,pony,69,0.7553294897079468,0.03170275688171387,0.06043362617492676,1,1,INCORRECT
nomic,pony,70,0.6803064346313477,0.00905311107635498,0.026511788368225098,0,0,CORRECT
nomic,pony,71,0.6993718147277832,0.017428874969482422,0.036565423011779785,0,0,INCORRECT
nomic,pony,76,0.6976772546768188,0.02422010898590088,0.050127267837524414,0,0,CORRECT
nomic,pony,72,0.7386676073074341,0.012346863746643066,0.04385101795196533,1,1,CORRECT
nomic,pony,74,0.6827194094657898,0.008823215961456299,0.03689134120941162,0,1,INCORRECT
nomic,pony,77,0.7389360666275024,0.031329333782196045,0.05354124307632446,0,0,CORRECT
nomic,pony,75,0.7338383197784424,0.011059403419494629,0.03485375642776489,1,1,INCORRECT
nomic,pony,78,0.6946498155593872,0.022772550582885742,0.03493082523345947,0,1,INCORRECT
nomic,pony,79,0.7298315763473511,0.021196961402893066,0.045849382877349854,0,1,CORRECT
nomic,pony,73,0.7190229892730713,0.04158461093902588,0.05983412265777588,0,0,CORRECT
nomic,pony,84,0.7536569833755493,0.027611732482910156,0.05092024803161621,0,0,INCORRECT
nomic,pony,80,0.7237437963485718,0.01511526107788086,0.04099750518798828,0,1,INCORRECT
nomic,pony,81,0.7312809228897095,0.005936026573181152,0.01888883113861084,0,0,INCORRECT
nomic,pony,83,0.7387293577194214,0.016365766525268555,0.05061304569244385,0,1,CORRECT
nomic,pony,82,0.7284953594207764,0.03899586200714111,0.06111419200897217,0,0,CORRECT
nomic,pony,85,0.7454149723052979,0.018967628479003906,0.03925943374633789,0,1,CORRECT
nomic,pony,86,0.7465834617614746,0.03470355272293091,0.06312400102615356,0,1,INCORRECT
nomic,pony,87,0.7352384328842163,0.05688208341598511,0.08200204372406006,0,0,INCORRECT
nomic,pony,88,0.7222263216972351,0.0069373250007629395,0.02266007661819458,0,0,CORRECT
nomic,pony,90,0.7378979921340942,0.018099486827850342,0.04180312156677246,0,0,INCORRECT
nomic,pony,89,0.740486741065979,0.0048819780349731445,0.021742582321166992,0,1,CORRECT
nomic,pony,91,0.7838226556777954,0.05863386392593384,0.08000838756561279,0,0,CORRECT
nomic,pony,93,0.7401735782623291,0.020053207874298096,0.048928916454315186,0,0,INCORRECT
nomic,pony,92,0.7506891489028931,0.01954972743988037,0.04893803596496582,1,1,INCORRECT
nomic,pony,94,0.7117350101470947,0.017072558403015137,0.030945301055908203,0,0,CORRECT
nomic,pony,95,0.7725636959075928,0.051694273948669434,0.07260745763778687,0,0,CORRECT
nomic,pony,99,0.7402423024177551,0.040501177310943604,0.0595514178276062,0,0,CORRECT
nomic,pony,97,0.7372246384620667,0.04960376024246216,0.07517105340957642,0,1,CORRECT
nomic,pony,96,0.74722820520401,0.018951833248138428,0.03739523887634277,0,0,INCORRECT
nomic,pony,100,0.7509170770645142,0.030373811721801758,0.055632948875427246,1,1,CORRECT
nomic,pony,101,0.7504656910896301,0.0070874691009521484,0.034089744091033936,0,1,CORRECT
nomic,pony,98,0.6975631713867188,0.02083456516265869,0.040609657764434814,0,0,CORRECT
nomic,pony,105,0.7294712066650391,0.023586034774780273,0.049645423889160156,0,1,INCORRECT
nomic,pony,103,0.7479398250579834,0.02187037467956543,0.0447084903717041,1,1,CORRECT
nomic,pony,104,0.7572763562202454,0.040130436420440674,0.0557979941368103,0,1,INCORRECT
nomic,pony,102,0.7236418128013611,0.01259523630142212,0.035537779331207275,0,1,CORRECT
nomic,pony,106,0.7236195802688599,0.024341285228729248,0.04716479778289795,0,1,INCORRECT
nomic,pony,107,0.7627362012863159,0.05466043949127197,0.07750600576400757,0,1,INCORRECT
nomic,pony,108,0.6744313836097717,0.007630348205566406,0.02678680419921875,0,0,INCORRECT
nomic,pony,109,0.7266585826873779,0.016203999519348145,0.0325314998626709,0,0,INCORRECT
nomic,pony,110,0.7444136142730713,0.03241854906082153,0.05975639820098877,0,1,CORRECT
nomic,psychology,2,0.8195401430130005,0.030462980270385742,0.05658137798309326,0,0,CORRECT
nomic,pony,111,0.7257585525512695,0.03266113996505737,0.05216860771179199,0,1,CORRECT
nomic,psychology,12,0.7989137768745422,0.05010885000228882,0.0687946081161499,1,1,CORRECT
nomic,psychology,1,0.7487195730209351,0.0317615270614624,0.08859694004058838,1,1,INCORRECT
nomic,psychology,9,0.759513795375824,0.015853822231292725,0.04358386993408203,1,1,CORRECT
nomic,psychology,5,0.8282496929168701,0.07624936103820801,0.1215437650680542,0,0,CORRECT
nomic,psychology,3,0.8409224152565002,0.05209946632385254,0.08028632402420044,0,1,CORRECT
nomic,psychology,0,0.7699495553970337,0.029374003410339355,0.05069553852081299,1,1,CORRECT
nomic,psychology,4,0.7269209027290344,0.01376640796661377,0.03426891565322876,0,0,INCORRECT
nomic,psychology,10,0.7986359596252441,0.0331917405128479,0.06911563873291016,1,1,CORRECT
nomic,psychology,8,0.7879608869552612,0.05809164047241211,0.12004005908966064,0,1,CORRECT
nomic,psychology,6,0.7929489612579346,0.030112385749816895,0.055472612380981445,0,0,CORRECT
nomic,psychology,7,0.7828646898269653,0.009868860244750977,0.025952577590942383,0,0,INCORRECT
nomic,psychology,11,0.7273248434066772,0.03069394826889038,0.04733926057815552,0,1,INCORRECT
nomic,psychology,13,0.8112859129905701,0.021757006645202637,0.065085768699646,1,1,INCORRECT
nomic,psychology,14,0.8320276141166687,0.023011207580566406,0.050659120082855225,0,0,CORRECT
nomic,psychology,18,0.8143079280853271,0.024625658988952637,0.09165477752685547,0,0,CORRECT
nomic,psychology,17,0.7530790567398071,0.023105144500732422,0.03974592685699463,0,1,INCORRECT
nomic,psychology,15,0.7414261698722839,0.009145557880401611,0.030503511428833008,0,0,CORRECT
nomic,psychology,16,0.7993367910385132,0.03218555450439453,0.06711947917938232,0,0,CORRECT
nomic,psychology,19,0.8693958520889282,0.06940674781799316,0.15343773365020752,1,1,CORRECT
nomic,psychology,20,0.7138784527778625,0.014970481395721436,0.040275752544403076,0,0,INCORRECT
nomic,psychology,22,0.7948957681655884,0.011104285717010498,0.06075054407119751,0,0,CORRECT
nomic,psychology,21,0.7638306617736816,0.009496331214904785,0.026425957679748535,0,0,INCORRECT
nomic,psychology,23,0.8849174380302429,0.042602360248565674,0.06785565614700317,0,0,CORRECT
nomic,psychology,24,0.7817147970199585,0.027983784675598145,0.06901073455810547,0,0,CORRECT
nomic,psychology,26,0.8362691402435303,0.06158161163330078,0.13639897108078003,0,1,CORRECT
nomic,psychology,28,0.7205818891525269,0.0289955735206604,0.06248730421066284,1,1,CORRECT
nomic,psychology,25,0.7428419589996338,0.025451600551605225,0.06650209426879883,1,1,CORRECT
nomic,psychology,27,0.7793760895729065,0.014691174030303955,0.04765200614929199,0,0,INCORRECT
nomic,psychology,29,0.7866213321685791,0.0231015682220459,0.05253458023071289,1,1,CORRECT
nomic,psychology,33,0.7602930665016174,0.010147511959075928,0.035441696643829346,0,0,CORRECT
nomic,psychology,31,0.809740424156189,0.07880258560180664,0.1295689344406128,1,1,CORRECT
nomic,psychology,32,0.769615888595581,0.009423136711120605,0.0377274751663208,0,1,CORRECT
nomic,psychology,30,0.8111486434936523,0.023022770881652832,0.09924143552780151,1,1,CORRECT
nomic,psychology,34,0.8519067764282227,0.04607188701629639,0.08081722259521484,0,0,CORRECT
nomic,psychology,43,0.7874622344970703,0.023650407791137695,0.05305814743041992,0,1,CORRECT
nomic,psychology,35,0.7976208925247192,0.017711281776428223,0.11229300498962402,1,1,CORRECT
nomic,psychology,48,0.7260870337486267,0.022886991500854492,0.041985929012298584,1,1,CORRECT
nomic,psychology,36,0.7876745462417603,0.011820614337921143,0.04717737436294556,0,0,INCORRECT
nomic,psychology,37,0.8136041164398193,0.021558523178100586,0.06744349002838135,1,1,CORRECT
nomic,psychology,38,0.7529883980751038,0.031158745288848877,0.057907044887542725,0,0,INCORRECT
nomic,psychology,40,0.8083270788192749,0.04988265037536621,0.09055864810943604,0,0,INCORRECT
nomic,psychology,39,0.7577951550483704,0.02031320333480835,0.04104405641555786,0,1,INCORRECT
nomic,psychology,50,0.7601984143257141,0.019453227519989014,0.04745680093765259,0,0,CORRECT
nomic,psychology,45,0.8336747884750366,0.03640937805175781,0.07565867900848389,0,0,CORRECT
nomic,psychology,42,0.8751958608627319,0.009361505508422852,0.04597127437591553,1,1,CORRECT
nomic,psychology,46,0.8150465488433838,0.024283170700073242,0.057611942291259766,1,1,CORRECT
nomic,psychology,44,0.766105055809021,0.017156362533569336,0.0427016019821167,0,0,INCORRECT
nomic,psychology,41,0.7661924362182617,0.0461122989654541,0.07813447713851929,1,1,CORRECT
nomic,psychology,49,0.7592945694923401,0.03970712423324585,0.05962914228439331,0,0,INCORRECT
nomic,psychology,47,0.760947585105896,0.04389691352844238,0.0685088038444519,1,1,CORRECT
nomic,psychology,51,0.7914475202560425,0.05631297826766968,0.09831082820892334,1,1,CORRECT
nomic,psychology,52,0.7618722915649414,0.01777064800262451,0.03672307729721069,1,1,CORRECT
nomic,psychology,53,0.7726435661315918,0.017766177654266357,0.03676772117614746,0,1,CORRECT
nomic,psychology,58,0.8329058885574341,0.03499186038970947,0.08077442646026611,0,0,CORRECT
nomic,psychology,56,0.6967356204986572,0.026359200477600098,0.042610108852386475,0,0,CORRECT
nomic,psychology,54,0.7817088961601257,0.01652425527572632,0.06448262929916382,0,0,CORRECT
nomic,psychology,57,0.8277760148048401,0.05256539583206177,0.10484009981155396,0,0,CORRECT
nomic,psychology,55,0.7040299773216248,0.010065972805023193,0.03509300947189331,0,0,CORRECT
nomic,psychology,68,0.7668424844741821,0.01926487684249878,0.07245457172393799,0,1,CORRECT
nomic,psychology,64,0.7032328844070435,0.01988983154296875,0.04359811544418335,0,0,INCORRECT
nomic,psychology,66,0.8210210800170898,0.015574932098388672,0.07404416799545288,0,0,CORRECT
nomic,psychology,59,0.872387170791626,0.019902467727661133,0.07065629959106445,0,1,CORRECT
nomic,psychology,62,0.7085804343223572,0.016936004161834717,0.037844181060791016,0,0,INCORRECT
nomic,psychology,61,0.7661665678024292,0.019809961318969727,0.04595589637756348,1,1,CORRECT
nomic,psychology,60,0.8422044515609741,0.017609477043151855,0.05633831024169922,0,0,CORRECT
nomic,psychology,63,0.7689236402511597,0.037431955337524414,0.062397122383117676,0,0,INCORRECT
nomic,psychology,65,0.7822083234786987,0.021933674812316895,0.04471540451049805,0,0,CORRECT
nomic,psychology,67,0.8222805857658386,0.046553969383239746,0.08292073011398315,1,1,CORRECT
nomic,psychology,71,0.810001015663147,0.024957776069641113,0.050853729248046875,0,1,CORRECT
nomic,psychology,73,0.8090822696685791,0.04312872886657715,0.07875806093215942,0,1,INCORRECT
nomic,psychology,75,0.785179853439331,0.027852892875671387,0.056564271450042725,0,0,INCORRECT
nomic,psychology,81,0.7719480395317078,0.020135879516601562,0.06001943349838257,1,1,CORRECT
nomic,psychology,70,0.8167695999145508,0.021819770336151123,0.06898617744445801,0,0,CORRECT
nomic,psychology,74,0.8037148714065552,0.02318727970123291,0.06267523765563965,1,1,CORRECT
nomic,psychology,72,0.8211725354194641,0.03860050439834595,0.07998257875442505,1,1,CORRECT
nomic,psychology,69,0.7849810123443604,0.02786487340927124,0.05781722068786621,0,0,CORRECT
nomic,psychology,77,0.7095808386802673,0.022207200527191162,0.04726487398147583,0,0,INCORRECT
nomic,psychology,80,0.7738006711006165,0.037979841232299805,0.07131153345108032,0,1,CORRECT
nomic,psychology,78,0.7776511907577515,0.01477515697479248,0.03229689598083496,0,0,INCORRECT
nomic,psychology,76,0.8622990846633911,0.03528404235839844,0.08798325061798096,0,1,CORRECT
nomic,psychology,79,0.7732033729553223,0.022758007049560547,0.05220550298690796,1,1,CORRECT
nomic,psychology,83,0.8048871755599976,0.037384033203125,0.07453835010528564,0,0,INCORRECT
nomic,psychology,84,0.8024042248725891,0.013049662113189697,0.07549148797988892,1,1,CORRECT
nomic,psychology,82,0.7628270983695984,0.013466060161590576,0.03913623094558716,0,1,CORRECT
nomic,psychology,85,0.8248122930526733,0.056965529918670654,0.08385169506072998,0,0,CORRECT
nomic,psychology,89,0.7778981328010559,0.03371143341064453,0.061260879039764404,1,1,CORRECT
nomic,psychology,88,0.7439632415771484,0.020134568214416504,0.06125080585479736,0,1,CORRECT
nomic,psychology,86,0.8171124458312988,0.11652863025665283,0.15156877040863037,1,1,CORRECT
nomic,psychology,87,0.756363034248352,0.0244562029838562,0.04683327674865723,0,1,INCORRECT
nomic,psychology,92,0.763900637626648,0.014864146709442139,0.037219464778900146,0,1,CORRECT
nomic,psychology,90,0.861890435218811,0.028796672821044922,0.08641940355300903,1,1,CORRECT
nomic,psychology,91,0.7657146453857422,0.027449190616607666,0.09720158576965332,1,1,CORRECT
nomic,psychology,94,0.7404872179031372,0.011816680431365967,0.03495192527770996,0,0,INCORRECT
nomic,psychology,95,0.7517317533493042,0.02487647533416748,0.048924922943115234,0,0,INCORRECT
nomic,psychology,93,0.7339143753051758,0.026427388191223145,0.04725492000579834,0,0,CORRECT
nomic,psychology,99,0.8563621044158936,0.08761942386627197,0.1479959487915039,0,0,CORRECT
nomic,psychology,96,0.7149792909622192,0.017412185668945312,0.04169154167175293,0,0,CORRECT
nomic,psychology,97,0.7472760677337646,0.026166081428527832,0.054737210273742676,1,1,INCORRECT
nomic,psychology,98,0.7327769994735718,0.015580534934997559,0.040531814098358154,0,0,INCORRECT
nomic,psychology,100,0.7633515000343323,0.022593140602111816,0.06669420003890991,0,0,CORRECT
nomic,robotics,0,0.7583086490631104,0.012270331382751465,0.055362045764923096,0,0,INCORRECT
nomic,robotics,1,0.7559570074081421,0.04361224174499512,0.07358372211456299,0,0,INCORRECT
nomic,robotics,3,0.7871081829071045,0.03335833549499512,0.0457075834274292,0,0,INCORRECT
nomic,robotics,4,0.746329128742218,0.017744004726409912,0.055561721324920654,0,0,CORRECT
nomic,robotics,2,0.8870836496353149,0.12916314601898193,0.20581942796707153,0,0,CORRECT
nomic,robotics,6,0.7651534676551819,0.010520339012145996,0.05682724714279175,0,1,CORRECT
nomic,robotics,8,0.7579371333122253,0.035217106342315674,0.07410353422164917,0,1,INCORRECT
nomic,robotics,7,0.7524197101593018,0.01866626739501953,0.07216536998748779,0,1,CORRECT
nomic,robotics,10,0.7422729730606079,0.015433073043823242,0.0394054651260376,0,0,INCORRECT
nomic,robotics,5,0.7759713530540466,0.04098862409591675,0.05979740619659424,0,0,INCORRECT
nomic,robotics,9,0.7823997735977173,0.03611636161804199,0.08540105819702148,0,0,INCORRECT
nomic,robotics,12,0.7289576530456543,0.011051774024963379,0.03795135021209717,0,1,CORRECT
nomic,robotics,13,0.7647870182991028,0.00600123405456543,0.03206992149353027,0,0,CORRECT
nomic,robotics,14,0.7350711822509766,0.019249558448791504,0.03599280118942261,0,0,INCORRECT
nomic,robotics,15,0.8318495154380798,0.030155718326568604,0.05030566453933716,0,1,INCORRECT
nomic,robotics,11,0.7816612720489502,0.007288992404937744,0.0592309832572937,0,0,CORRECT
nomic,robotics,16,0.7594778537750244,0.014841794967651367,0.03306180238723755,1,1,INCORRECT
nomic,robotics,19,0.7413550615310669,0.030274152755737305,0.07625943422317505,0,0,CORRECT
nomic,robotics,17,0.7971714735031128,0.054895758628845215,0.09482347965240479,1,1,CORRECT
nomic,robotics,18,0.8283693790435791,0.043668508529663086,0.0931922197341919,1,1,CORRECT
nomic,robotics,21,0.786094605922699,0.03807705640792847,0.08788067102432251,0,0,CORRECT
nomic,robotics,20,0.7991107702255249,0.04140502214431763,0.10705167055130005,0,1,CORRECT
nomic,robotics,24,0.7946597337722778,0.023507237434387207,0.03999364376068115,1,1,CORRECT
nomic,robotics,23,0.7867574095726013,0.025666534900665283,0.05466771125793457,0,1,CORRECT
nomic,robotics,22,0.6837766766548157,0.04322081804275513,0.07020777463912964,0,0,CORRECT
nomic,robotics,26,0.8538937568664551,0.05755084753036499,0.08584332466125488,0,1,INCORRECT
nomic,robotics,25,0.8084485530853271,0.04063671827316284,0.07429081201553345,0,0,INCORRECT
nomic,robotics,30,0.8632634282112122,0.023557722568511963,0.05910384654998779,0,0,CORRECT
nomic,robotics,31,0.7718572020530701,0.024662017822265625,0.046852290630340576,1,1,CORRECT
nomic,robotics,27,0.843407392501831,0.04993116855621338,0.13132262229919434,1,1,CORRECT
nomic,robotics,28,0.8284827470779419,0.041029512882232666,0.09712827205657959,0,0,CORRECT
nomic,robotics,29,0.7655683159828186,0.04937714338302612,0.07411736249923706,0,0,INCORRECT
nomic,robotics,33,0.782891035079956,0.026463866233825684,0.06097698211669922,0,0,CORRECT
nomic,robotics,32,0.7588907480239868,0.012215375900268555,0.050441622734069824,0,0,CORRECT
nomic,robotics,34,0.823523998260498,0.036380767822265625,0.09083545207977295,0,0,INCORRECT
nomic,robotics,35,0.7168295383453369,0.022135257720947266,0.039658427238464355,0,0,CORRECT
nomic,robotics,42,0.7324919700622559,0.04189908504486084,0.05951249599456787,0,0,INCORRECT
nomic,robotics,43,0.7133947610855103,0.01387941837310791,0.03837847709655762,0,0,CORRECT
nomic,robotics,37,0.8026033639907837,0.02422410249710083,0.05962717533111572,0,0,CORRECT
nomic,robotics,40,0.7949885129928589,0.02677297592163086,0.050428032875061035,0,1,INCORRECT
nomic,robotics,39,0.771939218044281,0.011469841003417969,0.05083960294723511,1,1,CORRECT
nomic,robotics,41,0.8016599416732788,0.011204123497009277,0.04789233207702637,0,0,CORRECT
nomic,robotics,36,0.7788424491882324,0.05286252498626709,0.08986937999725342,1,1,CORRECT
nomic,robotics,38,0.8750953674316406,0.10950422286987305,0.13657927513122559,1,1,INCORRECT
nomic,robotics,49,0.822198748588562,0.004698991775512695,0.049315571784973145,0,1,INCORRECT
nomic,robotics,46,0.7897881269454956,0.02378368377685547,0.061084628105163574,0,1,CORRECT
nomic,robotics,45,0.7866393327713013,0.01872849464416504,0.053839802742004395,1,1,CORRECT
nomic,robotics,47,0.742992103099823,0.02796339988708496,0.049020349979400635,1,1,CORRECT
nomic,robotics,44,0.7852332592010498,0.037107110023498535,0.06532001495361328,0,0,INCORRECT
nomic,robotics,48,0.8309203386306763,0.07600557804107666,0.14236676692962646,0,0,CORRECT
nomic,robotics,50,0.7984951734542847,0.014510273933410645,0.06569266319274902,1,1,CORRECT
nomic,robotics,51,0.7970060110092163,0.02461409568786621,0.06261634826660156,0,0,CORRECT
nomic,robotics,54,0.7651943564414978,0.03792506456375122,0.0740862488746643,0,0,CORRECT
nomic,robotics,60,0.7439117431640625,0.02867305278778076,0.05339127779006958,0,0,CORRECT
nomic,robotics,59,0.7243833541870117,0.010363340377807617,0.03894639015197754,1,1,CORRECT
nomic,robotics,57,0.8398469686508179,0.04154026508331299,0.1029813289642334,0,0,CORRECT
nomic,robotics,56,0.7448773384094238,0.018045365810394287,0.0419849157333374,0,0,INCORRECT
nomic,robotics,58,0.8260544538497925,0.04787886142730713,0.15227985382080078,0,0,CORRECT
nomic,robotics,55,0.7944104671478271,0.07131391763687134,0.102821946144104,0,0,CORRECT
nomic,robotics,52,0.7584205865859985,0.00298464298248291,0.030187547206878662,0,0,CORRECT
nomic,robotics,63,0.8761284351348877,0.040356457233428955,0.09128999710083008,1,1,CORRECT
nomic,robotics,64,0.7889231443405151,0.028610169887542725,0.06757229566574097,1,1,CORRECT
nomic,robotics,53,0.7548887133598328,0.0388982892036438,0.06101977825164795,0,0,CORRECT
nomic,robotics,65,0.7722738981246948,0.02546393871307373,0.05621206760406494,0,0,INCORRECT
nomic,robotics,62,0.7875248193740845,0.052556395530700684,0.09718191623687744,0,0,CORRECT
nomic,robotics,61,0.8370547294616699,0.07394623756408691,0.1564905047416687,0,1,CORRECT
nomic,robotics,67,0.7637395858764648,0.02354341745376587,0.05645787715911865,0,0,CORRECT
nomic,robotics,73,0.8080614805221558,0.014628469944000244,0.05860757827758789,0,1,INCORRECT
nomic,robotics,66,0.7858790755271912,0.027995407581329346,0.05778604745864868,0,1,CORRECT
nomic,robotics,68,0.8097279071807861,0.09408187866210938,0.13304269313812256,1,1,CORRECT
nomic,robotics,71,0.7872370481491089,0.0282137393951416,0.04958641529083252,0,1,CORRECT
nomic,robotics,72,0.7674480676651001,0.025267422199249268,0.046508073806762695,0,0,CORRECT
nomic,robotics,70,0.781447172164917,0.04643130302429199,0.07012790441513062,1,1,CORRECT
nomic,robotics,69,0.7679612040519714,0.014370858669281006,0.04674333333969116,0,1,CORRECT
nomic,robotics,74,0.8447709083557129,0.05346107482910156,0.12328100204467773,0,0,CORRECT
nomic,robotics,80,0.8068385720252991,0.032787203788757324,0.05507165193557739,0,0,CORRECT
nomic,robotics,75,0.8144610524177551,0.047226130962371826,0.09570741653442383,1,1,CORRECT
nomic,robotics,78,0.8362482786178589,0.09951567649841309,0.1459941864013672,1,1,CORRECT
nomic,robotics,79,0.7750197649002075,0.050164878368377686,0.07530766725540161,0,0,CORRECT
nomic,robotics,76,0.7586022615432739,0.023752272129058838,0.05279505252838135,0,0,CORRECT
nomic,robotics,77,0.775397777557373,0.01762521266937256,0.06719458103179932,0,0,INCORRECT
nomic,robotics,81,0.7670911550521851,0.028992652893066406,0.0548405647277832,0,1,CORRECT
nomic,robotics,83,0.7942452430725098,0.0466841459274292,0.06446152925491333,0,1,CORRECT
nomic,robotics,82,0.7088760733604431,0.06047654151916504,0.09983652830123901,0,0,CORRECT
nomic,robotics,92,0.7458726167678833,0.03712570667266846,0.08954441547393799,1,1,CORRECT
nomic,robotics,84,0.7900873422622681,0.051351189613342285,0.1295938491821289,0,0,CORRECT
nomic,robotics,88,0.7648353576660156,0.05673372745513916,0.09019327163696289,0,0,CORRECT
nomic,robotics,85,0.8153845071792603,0.04574143886566162,0.07816958427429199,1,1,CORRECT
nomic,robotics,87,0.8143222332000732,0.02878749370574951,0.09410297870635986,0,0,INCORRECT
nomic,robotics,86,0.7538353800773621,0.04848945140838623,0.08227473497390747,0,1,INCORRECT
nomic,robotics,90,0.780260443687439,0.023517906665802002,0.044875502586364746,0,0,CORRECT
nomic,robotics,89,0.7971522808074951,0.12046754360198975,0.181390643119812,0,0,CORRECT
nomic,robotics,99,0.7708544731140137,0.03197681903839111,0.07650220394134521,1,1,CORRECT
nomic,robotics,91,0.7482987642288208,0.04963165521621704,0.1009514331817627,1,1,CORRECT
nomic,robotics,93,0.8796018362045288,0.1458655595779419,0.20260798931121826,1,1,CORRECT
nomic,robotics,94,0.8168785572052002,0.049846768379211426,0.09957200288772583,1,1,CORRECT
nomic,robotics,95,0.7865355014801025,0.05117827653884888,0.09959566593170166,0,0,INCORRECT
nomic,robotics,97,0.8068550825119019,0.0258023738861084,0.055087924003601074,0,0,INCORRECT
nomic,robotics,96,0.8278095722198486,0.07731026411056519,0.1274195909500122,0,0,INCORRECT
nomic,robotics,98,0.7354346513748169,0.024033427238464355,0.05187785625457764,0,0,CORRECT
nomic,stackoverflow,0,0.7286369800567627,0.009891629219055176,0.04150879383087158,0,0,CORRECT
nomic,robotics,100,0.7747378349304199,0.028670549392700195,0.05560195446014404,0,0,CORRECT
nomic,stackoverflow,4,0.67974853515625,0.04931986331939697,0.08321678638458252,0,0,CORRECT
nomic,stackoverflow,3,0.7321828603744507,0.03631305694580078,0.07561421394348145,1,1,CORRECT
nomic,stackoverflow,1,0.7305721044540405,0.03398942947387695,0.051145315170288086,0,0,CORRECT
nomic,stackoverflow,2,0.7545804381370544,0.010211706161499023,0.03387570381164551,0,0,INCORRECT
nomic,stackoverflow,5,0.7226043939590454,0.015371203422546387,0.02164095640182495,0,0,CORRECT
nomic,stackoverflow,6,0.6723519563674927,0.0350797176361084,0.06566083431243896,0,0,CORRECT
nomic,stackoverflow,7,0.7111873626708984,0.006430923938751221,0.01820319890975952,0,0,CORRECT
nomic,stackoverflow,9,0.6381754279136658,0.014537394046783447,0.03442102670669556,0,0,CORRECT
nomic,stackoverflow,12,0.69935142993927,0.006744086742401123,0.04015612602233887,1,1,CORRECT
nomic,stackoverflow,8,0.666080117225647,0.012053251266479492,0.04600644111633301,0,1,CORRECT
nomic,stackoverflow,11,0.7122393846511841,0.016820013523101807,0.03059554100036621,0,0,CORRECT
nomic,stackoverflow,10,0.7180031538009644,0.011352062225341797,0.0579761266708374,1,1,CORRECT
nomic,stackoverflow,13,0.6567595601081848,0.014516651630401611,0.03873473405838013,0,0,CORRECT
nomic,stackoverflow,14,0.8189027309417725,0.04630190134048462,0.14647233486175537,0,1,CORRECT
nomic,stackoverflow,16,0.7375979423522949,0.030931532382965088,0.06893813610076904,1,1,CORRECT
nomic,stackoverflow,15,0.7002801895141602,0.025675058364868164,0.04337894916534424,0,0,CORRECT
nomic,stackoverflow,17,0.711727499961853,0.00439608097076416,0.016038477420806885,0,0,CORRECT
nomic,stackoverflow,19,0.6653909087181091,0.007541835308074951,0.02516162395477295,0,0,CORRECT
nomic,stackoverflow,20,0.7718982696533203,0.016791105270385742,0.04411780834197998,0,1,CORRECT
nomic,stackoverflow,18,0.72998046875,0.01830887794494629,0.05656313896179199,0,0,CORRECT
nomic,stackoverflow,21,0.7063968181610107,0.013772249221801758,0.02379077672958374,0,0,CORRECT
nomic,stackoverflow,22,0.9177601933479309,0.025906145572662354,0.20384740829467773,0,0,INCORRECT
nomic,stackoverflow,30,0.7289692163467407,0.015336394309997559,0.05066126585006714,0,1,INCORRECT
nomic,stackoverflow,24,0.7106873393058777,0.011624813079833984,0.037275850772857666,0,0,CORRECT
nomic,stackoverflow,31,0.7775412201881409,0.02130258083343506,0.11020427942276001,0,1,INCORRECT
nomic,stackoverflow,23,0.737038254737854,0.07569551467895508,0.13346683979034424,0,1,CORRECT
nomic,stackoverflow,28,0.7427931427955627,0.030775010585784912,0.04721403121948242,0,0,CORRECT
nomic,stackoverflow,27,0.8449912071228027,0.04540795087814331,0.13760310411453247,0,0,CORRECT
nomic,stackoverflow,25,0.7916485071182251,0.012885034084320068,0.06832623481750488,0,0,CORRECT
nomic,stackoverflow,29,0.6794816851615906,0.03142827749252319,0.048435986042022705,0,0,CORRECT
nomic,stackoverflow,26,0.7581609487533569,0.035994887351989746,0.08645600080490112,0,0,CORRECT
nomic,stackoverflow,36,0.7074625492095947,0.043209850788116455,0.0881500244140625,0,0,CORRECT
nomic,stackoverflow,34,0.7938617467880249,0.05505669116973877,0.11185061931610107,1,1,CORRECT
nomic,stackoverflow,38,0.7527618408203125,0.012929916381835938,0.045897483825683594,0,0,INCORRECT
nomic,stackoverflow,37,0.7105700969696045,0.017499923706054688,0.042627573013305664,0,1,CORRECT
nomic,stackoverflow,35,0.7958452701568604,0.027952194213867188,0.06393063068389893,0,0,CORRECT
nomic,stackoverflow,33,0.753455400466919,0.016348063945770264,0.03481495380401611,0,1,CORRECT
nomic,stackoverflow,46,0.7309536337852478,0.05012398958206177,0.07796645164489746,0,1,INCORRECT
nomic,stackoverflow,32,0.7680419683456421,0.050696730613708496,0.08065682649612427,0,0,CORRECT
nomic,stackoverflow,47,0.8392784595489502,0.11151063442230225,0.1715296506881714,0,0,CORRECT
nomic,stackoverflow,39,0.7658054828643799,0.03819131851196289,0.09805738925933838,0,1,CORRECT
nomic,stackoverflow,45,0.8097160458564758,0.02411717176437378,0.05122429132461548,0,1,CORRECT
nomic,stackoverflow,44,0.8775393962860107,0.10434961318969727,0.13478738069534302,1,1,INCORRECT
nomic,stackoverflow,40,0.6812099814414978,0.012154638767242432,0.03738218545913696,0,0,CORRECT
nomic,stackoverflow,41,0.8295926451683044,0.007233381271362305,0.051646888256073,1,1,CORRECT
nomic,stackoverflow,43,0.7709560394287109,0.00234067440032959,0.020924091339111328,0,1,CORRECT
nomic,stackoverflow,42,0.6806812286376953,0.025386154651641846,0.05423688888549805,1,1,CORRECT
nomic,stackoverflow,48,0.6599482297897339,0.01583123207092285,0.035412609577178955,0,0,CORRECT
nomic,stackoverflow,50,0.7304939031600952,0.0430072546005249,0.07726579904556274,0,0,CORRECT
nomic,stackoverflow,52,0.736400842666626,0.03116440773010254,0.056542396545410156,1,1,CORRECT
nomic,stackoverflow,51,0.6934325695037842,0.006834506988525391,0.02078866958618164,0,0,CORRECT
nomic,stackoverflow,55,0.7112079858779907,0.02809041738510132,0.04394721984863281,0,0,CORRECT
nomic,stackoverflow,53,0.7728582620620728,0.01725226640701294,0.06451481580734253,1,1,CORRECT
nomic,stackoverflow,56,0.748212456703186,0.02849423885345459,0.09738671779632568,0,1,CORRECT
nomic,stackoverflow,57,0.7600905895233154,0.023972392082214355,0.055432796478271484,0,0,CORRECT
nomic,stackoverflow,54,0.7081553936004639,0.01857835054397583,0.05115175247192383,1,1,CORRECT
nomic,stackoverflow,49,0.6908366084098816,0.013467490673065186,0.03384965658187866,1,1,CORRECT
nomic,stackoverflow,60,0.728870689868927,0.04960519075393677,0.0681336522102356,0,0,CORRECT
nomic,stackoverflow,61,0.7761808633804321,0.014943718910217285,0.043619632720947266,0,1,CORRECT
nomic,stackoverflow,59,0.780604362487793,0.040614962577819824,0.07465660572052002,0,0,CORRECT
nomic,stackoverflow,58,0.7229011654853821,0.044413626194000244,0.07042938470840454,0,0,CORRECT
nomic,stackoverflow,62,0.7483165264129639,0.019725799560546875,0.04670155048370361,1,1,CORRECT
nomic,stackoverflow,66,0.7774608731269836,0.024659693241119385,0.06989496946334839,0,0,INCORRECT
nomic,stackoverflow,70,0.827965497970581,0.011747241020202637,0.07448607683181763,1,1,CORRECT
nomic,stackoverflow,65,0.8086246252059937,0.04511904716491699,0.09479594230651855,0,0,CORRECT
nomic,stackoverflow,63,0.7895262837409973,0.09510630369186401,0.15967494249343872,0,0,CORRECT
nomic,stackoverflow,68,0.802175760269165,0.04114353656768799,0.08297944068908691,0,0,CORRECT
nomic,stackoverflow,72,0.7457263469696045,0.046257615089416504,0.08866947889328003,1,1,CORRECT
nomic,stackoverflow,69,0.6498898267745972,0.007369637489318848,0.041613757610321045,0,0,CORRECT
nomic,stackoverflow,64,0.7246390581130981,0.019618988037109375,0.04622149467468262,0,1,CORRECT
nomic,stackoverflow,73,0.7757335305213928,0.026172935962677002,0.041603028774261475,0,0,INCORRECT
nomic,stackoverflow,71,0.7095056176185608,0.01226431131362915,0.03358173370361328,0,1,CORRECT
nomic,stackoverflow,67,0.7239854335784912,0.014461398124694824,0.031133294105529785,0,0,CORRECT
nomic,stackoverflow,78,0.721798837184906,0.01585209369659424,0.04630857706069946,0,0,INCORRECT
nomic,stackoverflow,76,0.7527146339416504,0.019211292266845703,0.05350154638290405,0,0,CORRECT
nomic,stackoverflow,77,0.8380355834960938,0.025492429733276367,0.0924605131149292,1,1,CORRECT
nomic,stackoverflow,75,0.7483016848564148,0.02214968204498291,0.050592124462127686,0,1,CORRECT
nomic,stackoverflow,74,0.7747335433959961,0.01655125617980957,0.037773728370666504,0,0,CORRECT
nomic,stackoverflow,82,0.7341612577438354,0.017712533473968506,0.0441434383392334,1,1,CORRECT
nomic,stackoverflow,83,0.8010005950927734,0.0379796028137207,0.07318520545959473,1,1,CORRECT
nomic,stackoverflow,81,0.8258241415023804,0.04915881156921387,0.09259355068206787,0,0,INCORRECT
nomic,stackoverflow,80,0.7576515674591064,0.009977579116821289,0.07929307222366333,0,0,CORRECT
nomic,stackoverflow,86,0.7139089107513428,0.030675828456878662,0.07398110628128052,0,1,CORRECT
nomic,stackoverflow,89,0.7453643083572388,0.017832398414611816,0.04380941390991211,0,0,CORRECT
nomic,stackoverflow,79,0.7170673608779907,0.04567670822143555,0.06915152072906494,1,1,CORRECT
nomic,stackoverflow,84,0.8196052312850952,0.056281447410583496,0.12012588977813721,1,1,CORRECT
nomic,stackoverflow,85,0.7958208322525024,0.048069536685943604,0.09055304527282715,1,1,CORRECT
nomic,stackoverflow,88,0.7877764105796814,0.10237646102905273,0.15917950868606567,1,1,INCORRECT
nomic,stackoverflow,87,0.8119654655456543,0.03318345546722412,0.09182137250900269,0,0,CORRECT
nomic,stackoverflow,91,0.7270578145980835,0.02075064182281494,0.0494694709777832,0,0,CORRECT
nomic,stackoverflow,93,0.8444226980209351,0.08043515682220459,0.13533109426498413,0,0,INCORRECT
nomic,stackoverflow,95,0.7968513369560242,0.07872825860977173,0.17013174295425415,0,0,CORRECT
nomic,stackoverflow,92,0.7172503471374512,0.010609030723571777,0.0359613299369812,0,1,CORRECT
nomic,stackoverflow,94,0.6805059909820557,0.0025390982627868652,0.0261613130569458,0,0,CORRECT
nomic,stackoverflow,90,0.7279527187347412,0.021504998207092285,0.05162149667739868,0,0,CORRECT
nomic,stackoverflow,100,0.8135942220687866,0.13156628608703613,0.20096862316131592,0,1,CORRECT
nomic,stackoverflow,96,0.6781924366950989,0.01688486337661743,0.04365640878677368,0,0,CORRECT
nomic,stackoverflow,101,0.743244469165802,0.014538109302520752,0.023309290409088135,0,0,CORRECT
nomic,stackoverflow,99,0.7178932428359985,0.04260331392288208,0.05981802940368652,0,0,CORRECT
nomic,stackoverflow,97,0.7185922861099243,0.018524587154388428,0.03090822696685791,0,0,CORRECT
nomic,stackoverflow,98,0.8315505981445312,0.06275278329849243,0.1360437273979187,0,1,CORRECT
nomic,stackoverflow,104,0.7521922588348389,0.02630627155303955,0.06691867113113403,0,0,CORRECT
nomic,stackoverflow,103,0.8075001835823059,0.056901752948760986,0.10251128673553467,0,1,CORRECT
nomic,stackoverflow,105,0.7257200479507446,0.019046127796173096,0.0532342791557312,0,1,CORRECT
nomic,stackoverflow,102,0.7821296453475952,0.056104063987731934,0.10870659351348877,1,1,CORRECT
nomic,stackoverflow,106,0.7385896444320679,0.028512001037597656,0.06268996000289917,0,0,CORRECT
nomic,stackoverflow,107,0.7952240705490112,0.0649612545967102,0.14766937494277954,1,1,CORRECT
nomic,stackoverflow,110,0.7769500017166138,0.031196236610412598,0.07823044061660767,0,1,CORRECT
nomic,stackoverflow,109,0.8120663166046143,0.06784731149673462,0.12778222560882568,0,0,CORRECT
nomic,stackoverflow,108,0.7482231259346008,0.028779566287994385,0.05395698547363281,1,1,CORRECT
nomic,stackoverflow,111,0.7546067237854004,0.027940034866333008,0.06476092338562012,0,1,CORRECT
nomic,stackoverflow,116,0.7446605563163757,0.007935702800750732,0.053663790225982666,0,0,CORRECT
nomic,stackoverflow,115,0.6889100074768066,0.011424660682678223,0.04818618297576904,0,0,INCORRECT
nomic,sustainable_living,0,0.7730457782745361,0.032741665840148926,0.0712464451789856,0,1,CORRECT
nomic,stackoverflow,114,0.7451837062835693,0.04029834270477295,0.07049649953842163,0,0,CORRECT
nomic,sustainable_living,1,0.686276912689209,0.00959998369216919,0.03730660676956177,0,0,CORRECT
nomic,stackoverflow,112,0.7639929056167603,0.02025747299194336,0.05203479528427124,1,1,CORRECT
nomic,sustainable_living,4,0.7712185382843018,0.036336421966552734,0.05689859390258789,0,1,INCORRECT
nomic,sustainable_living,2,0.8727960586547852,0.031037569046020508,0.09098637104034424,0,1,CORRECT
nomic,sustainable_living,3,0.8180669546127319,0.06239950656890869,0.09345221519470215,1,1,CORRECT
nomic,stackoverflow,113,0.7892255187034607,0.0646091103553772,0.10304045677185059,0,0,CORRECT
nomic,sustainable_living,8,0.8269515037536621,0.015706181526184082,0.05089080333709717,0,0,INCORRECT
nomic,sustainable_living,5,0.8484710454940796,0.07474207878112793,0.1143566370010376,0,0,CORRECT
nomic,sustainable_living,10,0.7648907899856567,0.03525972366333008,0.06640338897705078,0,0,INCORRECT
nomic,sustainable_living,6,0.7839158773422241,0.056098341941833496,0.08366858959197998,1,1,CORRECT
nomic,sustainable_living,7,0.7481954097747803,0.011055827140808105,0.04960966110229492,0,0,INCORRECT
nomic,sustainable_living,9,0.6877981424331665,0.018153071403503418,0.03562837839126587,1,1,CORRECT
nomic,sustainable_living,12,0.8436678647994995,0.0996936559677124,0.14947080612182617,0,0,CORRECT
nomic,sustainable_living,18,0.7210268974304199,0.029928088188171387,0.05067896842956543,0,0,INCORRECT
nomic,sustainable_living,14,0.763178288936615,0.015020549297332764,0.029470384120941162,0,0,INCORRECT
nomic,sustainable_living,11,0.8271105289459229,0.019356608390808105,0.051922380924224854,0,0,CORRECT
nomic,sustainable_living,16,0.8285672664642334,0.025288105010986328,0.10487747192382812,0,1,CORRECT
nomic,sustainable_living,15,0.7816821932792664,0.04689759016036987,0.1031070351600647,0,1,CORRECT
nomic,sustainable_living,13,0.7722654342651367,0.031519293785095215,0.05345731973648071,0,1,CORRECT
nomic,sustainable_living,17,0.7777662873268127,0.02059859037399292,0.05202895402908325,0,0,INCORRECT
nomic,sustainable_living,19,0.8054095506668091,0.02822953462600708,0.041304707527160645,0,0,INCORRECT
nomic,sustainable_living,20,0.7739030122756958,0.08097368478775024,0.10946762561798096,1,1,CORRECT
nomic,sustainable_living,21,0.8014206290245056,0.02879732847213745,0.06815052032470703,0,0,CORRECT
nomic,sustainable_living,26,0.7833102941513062,0.0253448486328125,0.050829291343688965,0,1,INCORRECT
nomic,sustainable_living,25,0.8117806911468506,0.015850841999053955,0.046834707260131836,0,0,CORRECT
nomic,sustainable_living,33,0.7730482816696167,0.021375536918640137,0.10417568683624268,0,1,INCORRECT
nomic,sustainable_living,24,0.7928591370582581,0.052060723304748535,0.1012163758277893,0,1,INCORRECT
nomic,sustainable_living,22,0.7122426629066467,0.006275951862335205,0.03545337915420532,0,0,CORRECT
nomic,sustainable_living,23,0.7944223880767822,0.010268747806549072,0.06429100036621094,1,1,CORRECT
nomic,sustainable_living,34,0.7880238890647888,0.024003922939300537,0.0457424521446228,0,0,INCORRECT
nomic,sustainable_living,35,0.7640010118484497,0.02002936601638794,0.06440198421478271,0,1,INCORRECT
nomic,sustainable_living,27,0.7981506586074829,0.012740015983581543,0.03617948293685913,0,1,CORRECT
nomic,sustainable_living,29,0.7690805196762085,0.01234138011932373,0.031963467597961426,0,0,INCORRECT
nomic,sustainable_living,31,0.8671256303787231,0.10167217254638672,0.14878177642822266,1,1,CORRECT
nomic,sustainable_living,28,0.7692164182662964,0.02066957950592041,0.05774968862533569,1,1,CORRECT
nomic,sustainable_living,36,0.7692466974258423,0.014976143836975098,0.050049781799316406,0,0,INCORRECT
nomic,sustainable_living,30,0.7892367839813232,0.022522568702697754,0.06609416007995605,1,1,INCORRECT
nomic,sustainable_living,41,0.7263184785842896,0.02466583251953125,0.04957115650177002,0,0,INCORRECT
nomic,sustainable_living,32,0.7854664325714111,0.027952909469604492,0.07783794403076172,0,1,INCORRECT
nomic,sustainable_living,44,0.835781455039978,0.05149573087692261,0.09060680866241455,0,0,INCORRECT
nomic,sustainable_living,37,0.7572234272956848,0.02198415994644165,0.04039567708969116,0,0,CORRECT
nomic,sustainable_living,40,0.8454258441925049,0.07608520984649658,0.1341109275817871,1,1,CORRECT
nomic,sustainable_living,42,0.8230549693107605,0.03741568326950073,0.05917388200759888,1,1,CORRECT
nomic,sustainable_living,45,0.8597400188446045,0.09394067525863647,0.14340424537658691,1,1,CORRECT
nomic,sustainable_living,43,0.8113288879394531,0.03941446542739868,0.09592151641845703,0,1,CORRECT
nomic,sustainable_living,39,0.8774112462997437,0.0575641393661499,0.09773588180541992,1,1,CORRECT
nomic,sustainable_living,38,0.740418553352356,0.023661136627197266,0.04480457305908203,0,1,CORRECT
nomic,sustainable_living,51,0.8297597169876099,0.04804438352584839,0.11779093742370605,0,1,CORRECT
nomic,sustainable_living,47,0.7449012994766235,0.04215514659881592,0.06470352411270142,0,0,CORRECT
nomic,sustainable_living,48,0.788739800453186,0.026381492614746094,0.061443984508514404,1,1,CORRECT
nomic,sustainable_living,60,0.8101065158843994,0.025796353816986084,0.07120668888092041,0,0,INCORRECT
nomic,sustainable_living,49,0.8651796579360962,0.03338325023651123,0.09027755260467529,0,1,CORRECT
nomic,sustainable_living,46,0.7927495241165161,0.017796039581298828,0.05046844482421875,0,0,INCORRECT
nomic,sustainable_living,50,0.7754502296447754,0.023708581924438477,0.09391635656356812,0,1,CORRECT
nomic,sustainable_living,52,0.8109791278839111,0.04173123836517334,0.07361423969268799,0,1,CORRECT
nomic,sustainable_living,53,0.781355619430542,0.018329262733459473,0.05749154090881348,0,0,INCORRECT
nomic,sustainable_living,54,0.850638747215271,0.0400618314743042,0.1284254789352417,1,1,CORRECT
nomic,sustainable_living,56,0.8638687133789062,0.022789835929870605,0.06878232955932617,0,0,CORRECT
nomic,sustainable_living,62,0.7674257755279541,0.036916255950927734,0.05885887145996094,0,1,CORRECT
nomic,sustainable_living,61,0.7934461236000061,0.026916563510894775,0.08458250761032104,0,0,INCORRECT
nomic,sustainable_living,59,0.7671889066696167,0.021720290184020996,0.06012850999832153,0,0,INCORRECT
nomic,sustainable_living,58,0.7691428065299988,0.029202163219451904,0.062257349491119385,1,1,CORRECT
nomic,sustainable_living,57,0.8262991905212402,0.03759866952896118,0.08416008949279785,1,1,CORRECT
nomic,sustainable_living,55,0.7850662469863892,0.053249895572662354,0.08638203144073486,1,1,CORRECT
nomic,sustainable_living,67,0.8216638565063477,0.03190898895263672,0.07785063982009888,0,1,CORRECT
nomic,sustainable_living,64,0.7770938277244568,0.01894897222518921,0.04843658208847046,0,0,CORRECT
nomic,sustainable_living,63,0.7740386128425598,0.04670548439025879,0.08038598299026489,0,0,INCORRECT
nomic,sustainable_living,66,0.7644567489624023,0.012973785400390625,0.04339313507080078,0,1,INCORRECT
nomic,sustainable_living,69,0.7957292199134827,0.032257139682769775,0.07180458307266235,1,1,CORRECT
nomic,sustainable_living,73,0.7799033522605896,0.023442983627319336,0.08727103471755981,0,1,INCORRECT
nomic,sustainable_living,65,0.8157117962837219,0.009607136249542236,0.06391435861587524,0,1,INCORRECT
nomic,sustainable_living,68,0.7137424945831299,0.013588130474090576,0.02938753366470337,0,0,CORRECT
nomic,sustainable_living,71,0.8358621597290039,0.0411609411239624,0.0864330530166626,0,0,CORRECT
nomic,sustainable_living,79,0.8089303970336914,0.035475075244903564,0.09765291213989258,0,0,INCORRECT
nomic,sustainable_living,75,0.8111581206321716,0.061637938022613525,0.10266369581222534,0,0,INCORRECT
nomic,sustainable_living,77,0.7821738719940186,0.03061974048614502,0.06566488742828369,1,1,CORRECT
nomic,sustainable_living,76,0.7733806371688843,0.013487398624420166,0.03697240352630615,0,1,INCORRECT
nomic,sustainable_living,74,0.722335934638977,0.018397927284240723,0.03518187999725342,0,0,INCORRECT
nomic,sustainable_living,81,0.7798322439193726,0.025278449058532715,0.05045485496520996,0,0,CORRECT
nomic,sustainable_living,72,0.8542088270187378,0.03711634874343872,0.12767678499221802,1,1,CORRECT
nomic,sustainable_living,80,0.7591069936752319,0.022956907749176025,0.06273728609085083,0,0,INCORRECT
nomic,sustainable_living,78,0.7821558117866516,0.03336364030838013,0.07568353414535522,1,1,CORRECT
nomic,sustainable_living,83,0.8037201166152954,0.023133516311645508,0.06494104862213135,1,1,CORRECT
nomic,sustainable_living,92,0.7405201196670532,0.01273036003112793,0.02815377712249756,0,0,INCORRECT
nomic,sustainable_living,87,0.8541229963302612,0.04446232318878174,0.0971953272819519,0,1,CORRECT
nomic,sustainable_living,82,0.8477415442466736,0.07836169004440308,0.12634551525115967,1,1,CORRECT
nomic,sustainable_living,85,0.7897918820381165,0.051653504371643066,0.07224875688552856,0,0,CORRECT
nomic,sustainable_living,84,0.8413102626800537,0.028149306774139404,0.1255648136138916,1,1,CORRECT
nomic,sustainable_living,86,0.8482937812805176,0.03298056125640869,0.0990452766418457,0,1,INCORRECT
nomic,sustainable_living,70,0.772005558013916,0.03314775228500366,0.05698800086975098,0,1,CORRECT
nomic,sustainable_living,95,0.7785281538963318,0.06066697835922241,0.08424264192581177,1,1,CORRECT
nomic,sustainable_living,91,0.7862041592597961,0.017079174518585205,0.09871882200241089,0,0,CORRECT
nomic,sustainable_living,88,0.7758575677871704,0.04130828380584717,0.09163874387741089,0,1,INCORRECT
nomic,sustainable_living,94,0.8080844879150391,0.02704143524169922,0.05251002311706543,0,0,CORRECT
nomic,sustainable_living,89,0.7537442445755005,0.01393580436706543,0.04240775108337402,0,0,INCORRECT
nomic,sustainable_living,90,0.7722518444061279,0.026394009590148926,0.057901620864868164,0,0,INCORRECT
nomic,sustainable_living,93,0.785210371017456,0.024109303951263428,0.05469942092895508,0,0,INCORRECT
nomic,sustainable_living,96,0.8033050298690796,0.041875362396240234,0.103939950466156,1,1,CORRECT
nomic,sustainable_living,107,0.7903141975402832,0.013628482818603516,0.03414052724838257,0,0,INCORRECT
nomic,sustainable_living,101,0.8274239301681519,0.016207456588745117,0.08259689807891846,0,1,CORRECT
nomic,sustainable_living,97,0.792915940284729,0.01402437686920166,0.06071680784225464,0,0,CORRECT
nomic,sustainable_living,98,0.8176426887512207,0.036932945251464844,0.09338170289993286,0,0,INCORRECT
nomic,sustainable_living,99,0.793445885181427,0.023752868175506592,0.08457249402999878,0,0,INCORRECT
nomic,sustainable_living,100,0.7674981355667114,0.03679800033569336,0.074302077293396,0,1,CORRECT
nomic,sustainable_living,102,0.7958840131759644,0.02955937385559082,0.08753877878189087,0,0,INCORRECT
nomic,sustainable_living,103,0.798332929611206,0.03492295742034912,0.07635962963104248,1,1,CORRECT
nomic,sustainable_living,104,0.8231766223907471,0.02462846040725708,0.05516791343688965,0,0,INCORRECT
nomic,sustainable_living,105,0.8041261434555054,0.02003800868988037,0.059200286865234375,0,0,INCORRECT
nomic,theoremqa_questions,TheoremQA_elainewan/math_calculus_5_2.json,0.8675850629806519,0.004239678382873535,0.06385362148284912,0,0,INCORRECT
nomic,sustainable_living,106,0.7865785360336304,0.019463181495666504,0.03926396369934082,0,0,INCORRECT
nomic,theoremqa_questions,TheoremQA_jianyu_xu/pigeonhole_2.json,0.7267472743988037,0.019395947456359863,0.03831058740615845,0,0,CORRECT
nomic,theoremqa_questions,TheoremQA_jianyu_xu/pigeonhole_3.json,0.7453683018684387,0.0027307868003845215,0.039351582527160645,0,0,CORRECT
nomic,theoremqa_questions,TheoremQA_elainewan/math_algebra_1.json,0.8442765474319458,0.01082003116607666,0.03502917289733887,0,0,INCORRECT
nomic,theoremqa_questions,TheoremQA_maxku/cv-imageprocessing6-histogram.json,0.7306443452835083,0.03791546821594238,0.04616004228591919,0,0,INCORRECT
nomic,theoremqa_questions,TheoremQA_wenhuchen/optics2.json,0.7447291612625122,0.005609691143035889,0.0635596513748169,0,1,CORRECT
nomic,theoremqa_questions,TheoremQA_wenhuchen/definite_matrix1.json,0.6707272529602051,0.05305278301239014,0.07048696279525757,1,1,CORRECT
nomic,theoremqa_questions,TheoremQA_wenhuchen/eigen_value1.json,0.749160647392273,0.028200268745422363,0.051544785499572754,0,0,CORRECT
nomic,theoremqa_questions,TheoremQA_elainewan/math_algebra_1_2.json,0.7255926132202148,0.010411739349365234,0.022157669067382812,0,0,INCORRECT
nomic,theoremqa_questions,TheoremQA_xueguangma/future_value_2.json,0.8066932559013367,0.015294492244720459,0.049105823040008545,0,0,INCORRECT
nomic,theoremqa_questions,TheoremQA_xinyi/rotation.json,0.7932393550872803,0.008867621421813965,0.02472054958343506,0,0,INCORRECT
nomic,theoremqa_questions,TheoremQA_elainewan/math_calculus_2_11.json,0.6973048448562622,0.02119547128677368,0.03233957290649414,0,0,CORRECT
nomic,theoremqa_questions,TheoremQA_elainewan/math_algebra_4.json,0.688815176486969,0.01594775915145874,0.03108137845993042,0,0,CORRECT
nomic,theoremqa_questions,TheoremQA_wenhuchen/L'Hôpital_rule1.json,0.7785029411315918,0.01702171564102173,0.029297053813934326,0,0,INCORRECT
nomic,theoremqa_questions,TheoremQA_wenhuchen/optics7.json,0.7527503371238708,0.05716907978057861,0.08531039953231812,1,1,INCORRECT
nomic,theoremqa_questions,TheoremQA_panlu/similarity2.json,0.7286430597305298,0.020705699920654297,0.030122876167297363,0,0,CORRECT
nomic,theoremqa_questions,TheoremQA_wenhuchen/gauss_lemma.json,0.7100998163223267,0.003822147846221924,0.019078493118286133,0,0,CORRECT
nomic,theoremqa_questions,TheoremQA_xueguangma/dividend_discount_model_2.json,0.6908721923828125,0.0030570030212402344,0.011283397674560547,0,0,INCORRECT
nomic,theoremqa_questions,TheoremQA_elainewan/math_calculus_2_5.json,0.8071792125701904,0.04381316900253296,0.060002803802490234,0,0,CORRECT
nomic,theoremqa_questions,TheoremQA_mingyin/stopping-time1.json,0.7402554154396057,0.008838951587677002,0.01974254846572876,0,0,INCORRECT
nomic,theoremqa_questions,TheoremQA_maxku/signalprocessing11-nyquist.json,0.8449655771255493,0.1144302487373352,0.14567327499389648,1,1,CORRECT
nomic,theoremqa_questions,TheoremQA_xinyi/maximum_entropy_2.json,0.798014760017395,0.08764564990997314,0.11276888847351074,1,1,CORRECT
nomic,theoremqa_questions,TheoremQA_maxku/cv-colorsci2-hsi.json,0.7695413827896118,0.10454297065734863,0.11168193817138672,1,1,CORRECT
nomic,theoremqa_questions,TheoremQA_tonyxia/euler-graph3.json,0.755926251411438,0.018478035926818848,0.04030656814575195,1,1,CORRECT
nomic,theoremqa_questions,TheoremQA_jianyu_xu/Stirling_number_first_kind_5.json,0.8561316132545471,0.00523000955581665,0.02175813913345337,0,0,INCORRECT
nomic,theoremqa_questions,TheoremQA_jianyu_xu/combination_1.json,0.8241724967956543,0.00513148307800293,0.015634655952453613,0,0,INCORRECT
nomic,theoremqa_questions,TheoremQA_maxku/ipnetwork13-hammingdist.json,0.7389488816261292,0.0034258365631103516,0.012703955173492432,0,0,CORRECT
nomic,theoremqa_questions,TheoremQA_xueguangma/forward_price_2.json,0.7921991348266602,0.013537168502807617,0.022372007369995117,0,0,INCORRECT
nomic,theoremqa_questions,TheoremQA_xinyi/linear_projection.json,0.7691006660461426,0.034447431564331055,0.05412733554840088,0,0,CORRECT
nomic,theoremqa_questions,TheoremQA_tonyxia/semiconductor1.json,0.7702372670173645,0.02348238229751587,0.038178980350494385,0,0,CORRECT
nomic,theoremqa_questions,TheoremQA_wenhuchen/Liouville’s_theorem1.json,0.6887239217758179,0.007868647575378418,0.027054667472839355,0,0,CORRECT
nomic,theoremqa_questions,TheoremQA_maxku/signalprocessing15-DB.json,0.7769085168838501,0.0764649510383606,0.10264623165130615,1,1,INCORRECT
nomic,theoremqa_questions,TheoremQA_wenhuchen/ODE2.json,0.7571567893028259,0.027603566646575928,0.04659610986709595,0,0,INCORRECT
nomic,theoremqa_questions,TheoremQA_mingyin/Lebesgue-measure1.json,0.7720375061035156,0.05322468280792236,0.06619620323181152,0,0,INCORRECT
nomic,theoremqa_questions,TheoremQA_mingyin/series2.json,0.7578818798065186,0.0337827205657959,0.06259810924530029,0,0,INCORRECT
nomic,theoremqa_questions,TheoremQA_elainewan/math_abstact_algebra_7_8.json,0.7343845367431641,0.03183794021606445,0.044527292251586914,0,0,CORRECT
nomic,theoremqa_questions,TheoremQA_maxku/signalprocessing5-nyquist.json,0.7664518356323242,0.029062986373901367,0.10281884670257568,1,1,CORRECT
nomic,theoremqa_questions,TheoremQA_xueguangma/taylors_approximation_theorem.json,0.7889063954353333,0.021852850914001465,0.04981732368469238,0,0,INCORRECT
nomic,theoremqa_questions,TheoremQA_xinyi/cramer_rao_lower_bound_2.json,0.8279697895050049,0.127275288105011,0.14676302671432495,1,1,INCORRECT
nomic,theoremqa_questions,TheoremQA_elainewan/math_algebra_5.json,0.7351045608520508,0.01551884412765503,0.03762054443359375,0,0,INCORRECT
nomic,theoremqa_questions,TheoremQA_panlu/rigid-body3.json,0.6916617155075073,0.00799715518951416,0.01806950569152832,0,0,INCORRECT
nomic,theoremqa_questions,TheoremQA_xueguangma/spot_rate.json,0.7908406257629395,0.005548834800720215,0.034746527671813965,0,0,INCORRECT
nomic,theoremqa_questions,TheoremQA_panlu/molar_heat_capacity2.json,0.6901381015777588,0.0041471123695373535,0.017800331115722656,0,0,CORRECT
nomic,theoremqa_questions,TheoremQA_xueguangma/binomial_model_2.json,0.738235592842102,0.013523221015930176,0.02371394634246826,0,0,INCORRECT
nomic,theoremqa_questions,TheoremQA_mingyin/cauchy-integral-theorem1.json,0.7204573154449463,0.05436629056930542,0.083717942237854,1,1,CORRECT
nomic,theoremqa_questions,TheoremQA_wenhuchen/determinant2.json,0.7240128517150879,0.006123542785644531,0.028495311737060547,0,0,CORRECT
nomic,theoremqa_questions,TheoremQA_elainewan/math_abstact_algebra_7_5.json,0.7708677649497986,0.010757863521575928,0.024451851844787598,0,0,INCORRECT
nomic,theoremqa_questions,TheoremQA_tonyxia/wave2.json,0.6839120388031006,0.013098359107971191,0.038589417934417725,0,1,INCORRECT
nomic,theoremqa_questions,TheoremQA_wenhuchen/trapezoidal_rule2.json,0.8059706687927246,0.005374550819396973,0.057787179946899414,0,0,INCORRECT
nomic,theoremqa_questions,TheoremQA_jianyu_xu/Ramsey_4.json,0.7670016288757324,0.03288233280181885,0.053163886070251465,0,0,INCORRECT
nomic,theoremqa_questions,TheoremQA_wenhuchen/determinant1.json,0.7812951803207397,0.05901813507080078,0.08390974998474121,1,1,INCORRECT
nomic,theoremqa_questions,TheoremQA_xinyi/huffman_code_1.json,0.6988869905471802,0.011188268661499023,0.021328210830688477,0,1,CORRECT
nomic,theoremqa_questions,TheoremQA_xueguangma/dividend_discount_model_5.json,0.7527459859848022,0.01454317569732666,0.020577549934387207,1,1,INCORRECT
nomic,theoremqa_questions,TheoremQA_maxku/signalprocessing6-Ztransform.json,0.6841025352478027,0.011582136154174805,0.029105842113494873,1,1,CORRECT
nomic,theoremqa_questions,TheoremQA_wenhuchen/ODE3.json,0.7617619037628174,0.0216672420501709,0.04943239688873291,0,0,INCORRECT
nomic,theoremqa_questions,TheoremQA_maxku/graphtheory5-vertexcover.json,0.7061553001403809,0.020563781261444092,0.043628811836242676,0,0,CORRECT
nomic,theoremqa_questions,TheoremQA_maxku/ipnetwork5-mac.json,0.73061203956604,0.0077721476554870605,0.01153564453125,0,0,INCORRECT
nomic,theoremqa_questions,TheoremQA_maxku/ipnetwork4-mac.json,0.7418540716171265,0.01925051212310791,0.03913360834121704,0,0,INCORRECT
nomic,theoremqa_questions,TheoremQA_maxku/ipnetwork14-hammingdist.json,0.715674877166748,0.01701897382736206,0.03049492835998535,0,0,INCORRECT
nomic,theoremqa_questions,TheoremQA_wenhuchen/t_test1.json,0.6945559978485107,0.009498536586761475,0.02061474323272705,0,0,INCORRECT
nomic,theoremqa_questions,TheoremQA_tonyxia/semiconductor5.json,0.7065051794052124,0.0027747154235839844,0.04285323619842529,0,0,INCORRECT
nomic,theoremqa_questions,TheoremQA_wenhuchen/optics8.json,0.7802061438560486,0.08506983518600464,0.11614948511123657,1,1,CORRECT
nomic,theoremqa_questions,TheoremQA_xinyi/dag_2.json,0.6505967378616333,0.01418924331665039,0.034609198570251465,0,0,CORRECT
nomic,theoremqa_questions,TheoremQA_jianyu_xu/Ramsey_2.json,0.7665672302246094,0.001638174057006836,0.026062846183776855,0,0,CORRECT
nomic,theoremqa_questions,TheoremQA_panlu/molar_heat_capacity1.json,0.7828744649887085,0.005346775054931641,0.060755252838134766,0,0,INCORRECT
nomic,theoremqa_questions,TheoremQA_wenhuchen/viterbi2.json,0.841743528842926,0.0235099196434021,0.055065929889678955,1,1,CORRECT
nomic,theoremqa_questions,TheoremQA_elainewan/math_algebra_3_2.json,0.697471022605896,0.012367725372314453,0.028954684734344482,0,0,CORRECT
nomic,theoremqa_questions,TheoremQA_elainewan/math_calculus_12.json,0.8383721113204956,0.012932062149047852,0.0654497742652893,0,0,CORRECT
nomic,theoremqa_questions,TheoremQA_maxku/graphtheory7-shortestpath.json,0.7121517658233643,0.027958333492279053,0.053177595138549805,0,1,CORRECT
nomic,theoremqa_questions,TheoremQA_wenhuchen/gauss_lemma2.json,0.7523256540298462,0.008765757083892822,0.01970517635345459,0,0,CORRECT
nomic,theoremqa_questions,TheoremQA_tonyxia/semiconductor3.json,0.7674150466918945,0.08621484041213989,0.12384510040283203,1,1,INCORRECT
nomic,theoremqa_questions,TheoremQA_tonyxia/particle6.json,0.7387001514434814,0.06738495826721191,0.08478474617004395,1,1,INCORRECT
nomic,theoremqa_questions,TheoremQA_tonyxia/statisticalphysics2.json,0.7228134870529175,0.019641399383544922,0.0412217378616333,0,0,INCORRECT
nomic,theoremqa_questions,TheoremQA_elainewan/econ_micro_7.json,0.7764722108840942,0.011795341968536377,0.05359208583831787,0,0,INCORRECT
nomic,theoremqa_questions,TheoremQA_xinyi/channel_capacity_1.json,0.660925567150116,0.007691681385040283,0.0424458384513855,0,0,CORRECT
nomic,theoremqa_questions,TheoremQA_jianyu_xu/Stirling_number_second_kind_3.json,0.7778483629226685,0.0053795576095581055,0.02112281322479248,0,0,INCORRECT
nomic,theoremqa_questions,TheoremQA_wenhuchen/t_test2.json,0.7623686194419861,0.01470273733139038,0.021738409996032715,0,0,INCORRECT
nomic,theoremqa_questions,TheoremQA_panlu/trapezoid1.json,0.7487103939056396,0.010134696960449219,0.02276521921157837,0,0,INCORRECT
nomic,theoremqa_questions,TheoremQA_panlu/angular_frequency3.json,0.6935510635375977,0.009594619274139404,0.02275073528289795,0,0,INCORRECT
nomic,theoremqa_questions,TheoremQA_maxku/graphtheory3-vertexcover.json,0.7158752679824829,0.012937664985656738,0.025674283504486084,0,0,INCORRECT
nomic,theoremqa_questions,TheoremQA_maxku/cv-cnn4.json,0.7493621110916138,0.024259448051452637,0.05452686548233032,0,0,CORRECT
nomic,theoremqa_questions,TheoremQA_wenhuchen/Rolle's_theorem.json,0.7315168380737305,0.018821120262145996,0.03198140859603882,0,0,CORRECT
nomic,theoremqa_questions,TheoremQA_elainewan/econ_micro_14_3.json,0.8414167165756226,0.017431020736694336,0.02928715944290161,0,0,INCORRECT
nomic,theoremqa_questions,TheoremQA_jianyu_xu/Stirling_number_second_kind_6.json,0.7406551837921143,0.008244872093200684,0.03421252965927124,0,0,INCORRECT
nomic,theoremqa_questions,TheoremQA_wenhuchen/euler's_method1.json,0.6711602210998535,0.0075130462646484375,0.017735719680786133,0,0,INCORRECT
nomic,theoremqa_questions,TheoremQA_xueguangma/forward_price_1.json,0.7456778287887573,0.005933880805969238,0.022882461547851562,0,0,CORRECT
nomic,theoremqa_questions,TheoremQA_maxku/graphtheory10-shortestpath.json,0.7123391628265381,0.021268188953399658,0.04625624418258667,0,0,INCORRECT
nomic,theoremqa_questions,TheoremQA_wenhuchen/double_integral2.json,0.8306176662445068,0.010390877723693848,0.06501603126525879,0,0,INCORRECT
nomic,theoremqa_questions,TheoremQA_jianyu_xu/Catalan_2.json,0.7956502437591553,0.023815035820007324,0.07469034194946289,0,0,CORRECT
nomic,theoremqa_questions,TheoremQA_wenhuchen/cauchy_integral1.json,0.713748574256897,0.012637317180633545,0.02580547332763672,0,0,CORRECT
nomic,theoremqa_questions,TheoremQA_wenhuchen/euler's_method2.json,0.77065110206604,0.03480541706085205,0.07042723894119263,0,0,INCORRECT
nomic,theoremqa_questions,TheoremQA_panlu/gravitational_force1.json,0.7927337288856506,0.020045697689056396,0.03818744421005249,0,0,CORRECT
nomic,theoremqa_questions,TheoremQA_jianyu_xu/Multinomial_2.json,0.7694911956787109,0.002267122268676758,0.01678997278213501,0,0,CORRECT
nomic,theoremqa_questions,TheoremQA_maxku/signalprocessing13-Ztransform.json,0.7511162757873535,0.08209013938903809,0.1059456467628479,1,1,CORRECT
nomic,theoremqa_questions,TheoremQA_maxku/ipnetwork21-ip-2.json,0.7006586790084839,0.025084972381591797,0.04272955656051636,0,0,INCORRECT
nomic,theoremqa_questions,TheoremQA_jianyu_xu/Stirling_number_second_kind_5.json,0.7372380495071411,0.008278489112854004,0.03439140319824219,0,0,INCORRECT
nomic,theoremqa_questions,TheoremQA_maxku/signalprocessing19-period.json,0.7021355032920837,0.002134084701538086,0.03464120626449585,0,0,CORRECT
nomic,theoremqa_questions,TheoremQA_jianyu_xu/pigeonhole_4.json,0.7571804523468018,0.01687920093536377,0.04204154014587402,1,1,CORRECT
nomic,theoremqa_questions,TheoremQA_wenhuchen/kepler's_law1.json,0.8245930671691895,0.0044367313385009766,0.02261936664581299,0,0,CORRECT
nomic,theoremqa_questions,TheoremQA_elainewan/math_calculus_5.json,0.8253967761993408,0.002886652946472168,0.04675483703613281,0,0,CORRECT
nomic,theoremqa_questions,TheoremQA_maxku/cv-imageprocessing9-digital-image.json,0.8526105880737305,0.11171364784240723,0.18883687257766724,1,1,CORRECT
nomic,theoremqa_questions,TheoremQA_tonyxia/euler-graph2.json,0.7797266244888306,0.005602121353149414,0.03629660606384277,0,0,CORRECT
nomic,theoremqa_questions,TheoremQA_jianyu_xu/Graph_2.json,0.7721560001373291,0.01211780309677124,0.05969107151031494,0,0,CORRECT
nomic,theoremqa_questions,TheoremQA_xueguangma/present_value_1.json,0.7994443774223328,0.026830673217773438,0.0620306134223938,0,0,CORRECT
nomic,theoremqa_questions,TheoremQA_maxku/signalprocessing9-signalrep.json,0.762161910533905,0.002966463565826416,0.03936249017715454,0,0,CORRECT
nomic,theoremqa_questions,TheoremQA_xinyi/dag_3.json,0.7544409036636353,0.013419151306152344,0.02219069004058838,0,0,INCORRECT
nomic,theoremqa_questions,TheoremQA_jianyu_xu/Stirling_number_first_kind_6.json,0.8635047078132629,0.004817545413970947,0.020307481288909912,0,0,CORRECT
nomic,theoremqa_questions,TheoremQA_maxku/graphtheory4-vertexcover.json,0.6977920532226562,0.019527018070220947,0.0378727912902832,0,0,CORRECT
nomic,theoremqa_questions,TheoremQA_jianyu_xu/Cayley_3.json,0.7525137066841125,0.018914520740509033,0.05519890785217285,0,0,CORRECT
nomic,theoremqa_questions,TheoremQA_jianyu_xu/Multinomial_1.json,0.8125905990600586,0.003715693950653076,0.019562244415283203,0,0,CORRECT
nomic,theoremqa_questions,TheoremQA_xueguangma/dividend_discount_model_4.json,0.7780603170394897,0.0045244693756103516,0.02273380756378174,0,0,CORRECT
nomic,theoremqa_questions,TheoremQA_wenhuchen/infinite_series_sum3.json,0.7080190181732178,0.013927340507507324,0.022802233695983887,0,0,CORRECT
nomic,theoremqa_questions,TheoremQA_wenhuchen/trapezoidal_rule3.json,0.8058902621269226,0.02813500165939331,0.0332065224647522,1,1,INCORRECT
nomic,theoremqa_questions,TheoremQA_elainewan/math_calculus_3_8.json,0.7702643871307373,0.017965197563171387,0.028228759765625,0,0,CORRECT
nomic,theoremqa_questions,TheoremQA_maxku/cv-colorsci3-rgb.json,0.7483932971954346,0.006980776786804199,0.0576854944229126,0,0,INCORRECT
nomic,theoremqa_questions,TheoremQA_xueguangma/effective_rates_1.json,0.7989217042922974,0.010676741600036621,0.020903706550598145,0,0,CORRECT
nomic,theoremqa_questions,TheoremQA_elainewan/econ_micro_7_2.json,0.6957588791847229,0.01148289442062378,0.023458898067474365,0,0,INCORRECT
nomic,theoremqa_questions,TheoremQA_jianyu_xu/Binomial_5.json,0.8112763166427612,0.003282904624938965,0.0363764762878418,0,1,CORRECT
nomic,theoremqa_questions,TheoremQA_maxku/cv-colorsci1-rgb.json,0.6977314949035645,0.009115457534790039,0.021222829818725586,0,1,CORRECT
nomic,theoremqa_questions,TheoremQA_maxku/fourier6-FT.json,0.6897009015083313,0.03877133131027222,0.05751234292984009,0,0,CORRECT
nomic,theoremqa_questions,TheoremQA_panlu/similarity3.json,0.8039557933807373,0.01845693588256836,0.05342155694961548,0,0,CORRECT
nomic,theoremqa_questions,TheoremQA_wenhuchen/t_test3.json,0.6940739750862122,0.00963670015335083,0.031104981899261475,0,0,INCORRECT
nomic,theoremqa_questions,TheoremQA_maxku/signalprocessing7-phaseshift.json,0.7409464120864868,0.009580254554748535,0.04773968458175659,0,0,CORRECT
nomic,theoremqa_questions,TheoremQA_xinyi/sum_product_algorithm.json,0.6564433574676514,0.027144432067871094,0.04849863052368164,0,0,CORRECT
nomic,theoremqa_questions,TheoremQA_jianyu_xu/Multinomial_4.json,0.8243668079376221,0.008585691452026367,0.030023813247680664,0,0,CORRECT
nomic,theoremqa_questions,TheoremQA_maxku/cv-cnn1.json,0.7146276235580444,0.005948066711425781,0.019351720809936523,0,0,CORRECT
nomic,theoremqa_questions,TheoremQA_xinyi/kernel_1.json,0.6877111792564392,0.010668933391571045,0.026797115802764893,0,0,CORRECT
nomic,theoremqa_questions,TheoremQA_jianyu_xu/Binomial_4.json,0.829401969909668,0.01318347454071045,0.059565961360931396,0,0,CORRECT
nomic,theoremqa_questions,TheoremQA_jianyu_xu/Ramsey_3.json,0.8041509389877319,0.0012726783752441406,0.02649831771850586,0,0,CORRECT
nomic,theoremqa_questions,TheoremQA_wenhuchen/L'Hôpital_rule2.json,0.6945292353630066,0.03306621313095093,0.05898880958557129,0,0,INCORRECT
nomic,theoremqa_questions,TheoremQA_wenhuchen/viterbi1.json,0.7249537706375122,0.024203777313232422,0.031103014945983887,1,1,CORRECT
nomic,theoremqa_questions,TheoremQA_xinyi/neural_networks.json,0.6418164968490601,0.022755146026611328,0.05245959758758545,0,1,CORRECT
nomic,theoremqa_questions,TheoremQA_xueguangma/future_value_1.json,0.8340411186218262,0.012791275978088379,0.04639846086502075,0,0,CORRECT
nomic,theoremqa_questions,TheoremQA_jianyu_xu/pigeonhole_1.json,0.7578074932098389,0.01669299602508545,0.05262136459350586,1,1,CORRECT
nomic,theoremqa_questions,TheoremQA_wenhuchen/kepler's_law3.json,0.7988457679748535,0.05398589372634888,0.08915913105010986,0,1,INCORRECT
nomic,theoremqa_questions,TheoremQA_jianyu_xu/Catalan_1.json,0.7747540473937988,0.02010059356689453,0.04564964771270752,0,0,INCORRECT
nomic,theoremqa_questions,TheoremQA_wenhuchen/jensen2.json,0.7417243719100952,0.01692301034927368,0.025201082229614258,0,0,CORRECT
nomic,theoremqa_questions,TheoremQA_wenhuchen/Poisson_process2.json,0.7326545119285583,0.03984004259109497,0.05194216966629028,0,0,INCORRECT
nomic,theoremqa_questions,TheoremQA_wenhuchen/newton2.json,0.7381939888000488,0.005830049514770508,0.015656709671020508,0,0,CORRECT
nomic,theoremqa_questions,TheoremQA_elainewan/math_calculus_2_6.json,0.7514399886131287,0.00825566053390503,0.01629960536956787,0,0,INCORRECT
nomic,theoremqa_questions,TheoremQA_xueguangma/binomial_model_1.json,0.8404890298843384,0.008230209350585938,0.026055574417114258,0,0,INCORRECT
nomic,theoremqa_questions,TheoremQA_elainewan/econ_micro_11.json,0.7951815724372864,0.015196144580841064,0.03125256299972534,0,0,CORRECT
nomic,theoremqa_questions,TheoremQA_elainewan/econ_micro_18.json,0.7137370109558105,0.008100926876068115,0.043486595153808594,0,0,INCORRECT
nomic,theoremqa_questions,TheoremQA_elainewan/math_abstact_algebra_7.json,0.8456414937973022,0.01312708854675293,0.0321810245513916,0,0,CORRECT
nomic,theoremqa_questions,TheoremQA_jianyu_xu/Multinomial_3.json,0.8226540088653564,0.008704543113708496,0.0343816876411438,0,0,CORRECT
nomic,theoremqa_questions,TheoremQA_jianyu_xu/Binomial_3.json,0.8668053150177002,0.05802887678146362,0.08998799324035645,0,0,CORRECT
nomic,theoremqa_questions,TheoremQA_tonyxia/semiconductor2.json,0.760114848613739,0.053565263748168945,0.08180201053619385,1,1,CORRECT
nomic,theoremqa_questions,TheoremQA_xueguangma/present_value_2.json,0.7995011806488037,0.00750732421875,0.020341157913208008,0,0,INCORRECT
nomic,theoremqa_questions,TheoremQA_maxku/graphtheory11-shortestpath-hard.json,0.7891097664833069,0.014947712421417236,0.0302162766456604,0,0,INCORRECT
nomic,theoremqa_questions,TheoremQA_maxku/signalprocessing2-DB.json,0.6890194416046143,0.02284073829650879,0.04789316654205322,0,0,CORRECT
nomic,theoremqa_questions,TheoremQA_xueguangma/dividend_discount_model_1.json,0.7766783237457275,0.006226658821105957,0.013497591018676758,0,0,INCORRECT
nomic,theoremqa_questions,TheoremQA_wenhuchen/p_value2.json,0.840239405632019,0.03554123640060425,0.04434424638748169,1,1,CORRECT
nomic,theoremqa_questions,TheoremQA_xinyi/rate_distortion_function_2.json,0.6585808396339417,0.02986997365951538,0.056872665882110596,0,0,CORRECT
nomic,theoremqa_questions,TheoremQA_maxku/cv-imageprocessing8-fourier2.json,0.8167614340782166,0.1304967999458313,0.1444987654685974,1,1,INCORRECT
nomic,theoremqa_questions,TheoremQA_panlu/gravitational_force2.json,0.7795255184173584,0.06663644313812256,0.08989059925079346,0,0,CORRECT
nomic,theoremqa_questions,TheoremQA_elainewan/math_calculus_11.json,0.7636380195617676,0.002194344997406006,0.007880210876464844,0,0,INCORRECT
nomic,theoremqa_questions,TheoremQA_wenhuchen/jensen1.json,0.7441800832748413,0.028818130493164062,0.04564774036407471,0,0,CORRECT
nomic,theoremqa_questions,TheoremQA_maxku/signalprocessing14-Ztransform.json,0.6716068983078003,0.01635444164276123,0.045405447483062744,0,1,CORRECT
nomic,theoremqa_questions,TheoremQA_wenhuchen/Liouville’s_theorem2.json,0.7241538166999817,0.05704385042190552,0.08159500360488892,0,0,CORRECT
nomic,theoremqa_questions,TheoremQA_mingyin/convexity1.json,0.6995334625244141,0.005035877227783203,0.025200843811035156,0,0,CORRECT
nomic,theoremqa_questions,TheoremQA_mingyin/Fundamental-Theorem-of-Calculus3.json,0.7393491268157959,0.01675194501876831,0.02542167901992798,0,0,INCORRECT
nomic,theoremqa_questions,TheoremQA_jianyu_xu/Binomial_1.json,0.8202933669090271,0.009483397006988525,0.055783748626708984,0,0,INCORRECT
nomic,theoremqa_questions,TheoremQA_tonyxia/maxplanar3.json,0.7266921401023865,0.0449751615524292,0.07689672708511353,0,0,CORRECT
nomic,theoremqa_questions,TheoremQA_maxku/fourier1-FS.json,0.7581629753112793,0.008305788040161133,0.02708202600479126,0,0,CORRECT
nomic,theoremqa_questions,TheoremQA_xueguangma/forward_rate_1.json,0.8261663317680359,0.002965211868286133,0.02848738431930542,0,0,CORRECT
nomic,theoremqa_questions,TheoremQA_wenhuchen/series_convergen3.json,0.7233158349990845,0.015312790870666504,0.027840852737426758,0,0,CORRECT
nomic,theoremqa_questions,TheoremQA_xueguangma/forward_price_3.json,0.7827439308166504,0.008637070655822754,0.043415188789367676,0,0,CORRECT
nomic,theoremqa_questions,TheoremQA_elainewan/math_algebra_4_3.json,0.6916725039482117,0.01086646318435669,0.02640688419342041,0,0,CORRECT
nomic,theoremqa_questions,TheoremQA_jianyu_xu/Binomial_6.json,0.7988712787628174,0.031885504722595215,0.08959591388702393,0,0,INCORRECT
nomic,theoremqa_questions,TheoremQA_mingyin/Limit-of-sequence2.json,0.7655704021453857,0.02119731903076172,0.03944110870361328,0,0,INCORRECT
nomic,theoremqa_questions,TheoremQA_xueguangma/intermediate_value_theorem.json,0.6906250715255737,0.02869284152984619,0.03916746377944946,0,0,CORRECT
nomic,theoremqa_questions,TheoremQA_tonyxia/maxplanar1.json,0.7637521624565125,0.041424334049224854,0.06516343355178833,0,0,CORRECT
nomic,theoremqa_questions,TheoremQA_jianyu_xu/Multinomial_6.json,0.738622784614563,0.011782526969909668,0.029766440391540527,0,0,INCORRECT
nomic,theoremqa_questions,TheoremQA_elainewan/math_abstact_algebra_7_3.json,0.7172510027885437,0.01268690824508667,0.04953712224960327,1,1,CORRECT
nomic,theoremqa_questions,TheoremQA_elainewan/math_calculus_2_7.json,0.6731710433959961,0.001796126365661621,0.04656404256820679,0,0,CORRECT
nomic,theoremqa_questions,TheoremQA_xinyi/distortion_rate_function_2.json,0.7359663248062134,0.05374586582183838,0.08450877666473389,1,1,CORRECT
nomic,theoremqa_questions,TheoremQA_xueguangma/geometric_brownian_motion.json,0.7754298448562622,0.01774156093597412,0.031635165214538574,0,0,INCORRECT
nomic,theoremqa_questions,TheoremQA_elainewan/math_algebra_7_2.json,0.6270571947097778,0.01043844223022461,0.02385878562927246,0,0,CORRECT
nomic,theoremqa_questions,TheoremQA_xinyi/dag_1.json,0.7396502494812012,0.01898205280303955,0.04436922073364258,0,0,CORRECT
nomic,theoremqa_questions,TheoremQA_mingyin/Limit-of-sequence3.json,0.7880003452301025,0.00439983606338501,0.028775274753570557,0,0,CORRECT
nomic,theoremqa_questions,TheoremQA_wenhuchen/optics3.json,0.8320328593254089,0.09151214361190796,0.11135983467102051,1,1,CORRECT
nomic,theoremqa_questions,TheoremQA_wenhuchen/Poisson_process3.json,0.7537393569946289,0.018656432628631592,0.03357672691345215,0,0,INCORRECT
nomic,theoremqa_questions,TheoremQA_maxku/graphtheory6-shortestpath.json,0.7114154100418091,0.0053331851959228516,0.0373116135597229,0,0,CORRECT
nomic,theoremqa_questions,TheoremQA_panlu/wave_length1.json,0.8094636797904968,0.011662602424621582,0.07601505517959595,0,0,CORRECT
nomic,theoremqa_questions,TheoremQA_xinyi/rate_distortion_function_1.json,0.7151390910148621,0.0017940402030944824,0.029746711254119873,0,0,INCORRECT
nomic,theoremqa_questions,TheoremQA_maxku/cv-imageprocessing2-morphology.json,0.7469472885131836,0.09929460287094116,0.11660337448120117,1,1,CORRECT
nomic,theoremqa_questions,TheoremQA_tonyxia/particle4.json,0.7696864604949951,0.08447271585464478,0.10697031021118164,1,1,CORRECT
nomic,theoremqa_questions,TheoremQA_maxku/graphtheory2-vertexcover.json,0.713015079498291,0.013914644718170166,0.03292733430862427,0,0,CORRECT
nomic,theoremqa_questions,TheoremQA_jianyu_xu/Binomial_2.json,0.815345823764801,0.044764816761016846,0.0923646092414856,0,0,CORRECT
nomic,theoremqa_questions,TheoremQA_jianyu_xu/Ramsey_5.json,0.8019447922706604,0.031007230281829834,0.06014221906661987,0,0,CORRECT
nomic,theoremqa_questions,TheoremQA_jianyu_xu/Ramsey_6.json,0.7849906086921692,0.02959120273590088,0.07087963819503784,1,1,CORRECT
nomic,theoremqa_theorems,TheoremQA_jianyu_xu/pigeonhole_3.json,0.625684380531311,0.026096582412719727,0.05236208438873291,0,0,CORRECT
nomic,theoremqa_questions,TheoremQA_xinyi/channel_capacity_3.json,0.6781336069107056,0.059082746505737305,0.07279443740844727,1,1,INCORRECT
nomic,theoremqa_theorems,TheoremQA_elainewan/math_algebra_1.json,0.7218544483184814,0.02895796298980713,0.07082128524780273,0,0,INCORRECT
nomic,theoremqa_theorems,TheoremQA_wenhuchen/eigen_value1.json,0.7064883708953857,0.01591777801513672,0.03454482555389404,0,0,CORRECT
nomic,theoremqa_questions,TheoremQA_wenhuchen/series_convergen2.json,0.7182471752166748,0.005895376205444336,0.017367959022521973,0,0,INCORRECT
nomic,theoremqa_questions,TheoremQA_xinyi/huffman_code_3.json,0.8093631267547607,0.030452370643615723,0.036879897117614746,0,0,CORRECT
nomic,theoremqa_theorems,TheoremQA_wenhuchen/definite_matrix1.json,0.6973792314529419,0.07882034778594971,0.09771573543548584,1,1,INCORRECT
nomic,theoremqa_theorems,TheoremQA_jianyu_xu/pigeonhole_2.json,0.6051640510559082,0.0064858198165893555,0.03926801681518555,0,0,CORRECT
nomic,theoremqa_theorems,TheoremQA_wenhuchen/L'Hôpital_rule1.json,0.7358765602111816,0.040099382400512695,0.0637514591217041,0,0,CORRECT
nomic,theoremqa_theorems,TheoremQA_elainewan/math_calculus_2_11.json,0.6851465106010437,0.029681384563446045,0.05132526159286499,0,0,CORRECT
nomic,theoremqa_theorems,TheoremQA_panlu/similarity2.json,0.6553359031677246,0.009908139705657959,0.029462575912475586,0,0,CORRECT
nomic,theoremqa_theorems,TheoremQA_elainewan/math_algebra_1_2.json,0.6997208595275879,0.01929306983947754,0.04859417676925659,0,0,CORRECT
nomic,theoremqa_theorems,TheoremQA_elainewan/math_algebra_4.json,0.7301255464553833,0.03743678331375122,0.07804858684539795,0,0,CORRECT
nomic,theoremqa_theorems,TheoremQA_maxku/signalprocessing11-nyquist.json,0.6463232636451721,0.013131201267242432,0.026989340782165527,0,1,CORRECT
nomic,theoremqa_theorems,TheoremQA_xinyi/maximum_entropy_2.json,0.729552149772644,0.010095834732055664,0.028969764709472656,0,1,CORRECT
nomic,theoremqa_theorems,TheoremQA_jianyu_xu/Stirling_number_first_kind_5.json,0.639561653137207,0.031162381172180176,0.05478250980377197,1,1,INCORRECT
nomic,theoremqa_theorems,TheoremQA_wenhuchen/Liouville’s_theorem1.json,0.6522732377052307,0.013803839683532715,0.031036317348480225,1,1,CORRECT
nomic,theoremqa_theorems,TheoremQA_mingyin/series2.json,0.6962889432907104,0.01398533582687378,0.03206801414489746,0,0,INCORRECT
nomic,theoremqa_theorems,TheoremQA_wenhuchen/ODE2.json,0.7211949825286865,0.030513405799865723,0.07873028516769409,0,0,INCORRECT
nomic,theoremqa_theorems,TheoremQA_maxku/ipnetwork13-hammingdist.json,0.6947522759437561,0.017777979373931885,0.03336995840072632,0,0,CORRECT
nomic,theoremqa_theorems,TheoremQA_mingyin/Lebesgue-measure1.json,0.6724034547805786,0.021494626998901367,0.03979933261871338,0,0,CORRECT
nomic,theoremqa_theorems,TheoremQA_xinyi/linear_projection.json,0.7055098414421082,0.010030508041381836,0.029948711395263672,0,0,CORRECT
nomic,theoremqa_theorems,TheoremQA_panlu/rigid-body3.json,0.6382401585578918,0.01579529047012329,0.03618532419204712,0,0,CORRECT
nomic,theoremqa_theorems,TheoremQA_elainewan/math_algebra_5.json,0.7359376549720764,0.016433656215667725,0.05782836675643921,0,0,CORRECT
nomic,theoremqa_theorems,TheoremQA_mingyin/cauchy-integral-theorem1.json,0.7052520513534546,0.02391791343688965,0.04188048839569092,0,0,INCORRECT
nomic,theoremqa_theorems,TheoremQA_xueguangma/taylors_approximation_theorem.json,0.7341616153717041,0.05884420871734619,0.10728299617767334,0,0,CORRECT
nomic,theoremqa_theorems,TheoremQA_wenhuchen/ODE3.json,0.68894362449646,0.02858138084411621,0.05525517463684082,0,0,INCORRECT
nomic,theoremqa_theorems,TheoremQA_jianyu_xu/Ramsey_4.json,0.632037878036499,0.027160286903381348,0.049491167068481445,0,1,CORRECT
nomic,theoremqa_theorems,TheoremQA_jianyu_xu/Ramsey_2.json,0.645513653755188,0.04290890693664551,0.0744139552116394,0,0,CORRECT
nomic,theoremqa_theorems,TheoremQA_wenhuchen/t_test1.json,0.6137479543685913,0.03391110897064209,0.058856844902038574,0,0,INCORRECT
nomic,theoremqa_theorems,TheoremQA_wenhuchen/viterbi2.json,0.6530841588973999,0.0262603759765625,0.05817711353302002,0,0,INCORRECT
nomic,theoremqa_theorems,TheoremQA_elainewan/math_algebra_3_2.json,0.6409134864807129,0.005541384220123291,0.021029233932495117,0,0,CORRECT
nomic,theoremqa_theorems,TheoremQA_elainewan/math_calculus_12.json,0.7186412215232849,0.0345005989074707,0.08485573530197144,0,0,INCORRECT
nomic,theoremqa_theorems,TheoremQA_xinyi/dag_2.json,0.6471946239471436,0.015073299407958984,0.0403132438659668,0,0,CORRECT
nomic,theoremqa_theorems,TheoremQA_wenhuchen/Rolle's_theorem.json,0.6737300157546997,0.012137055397033691,0.04174208641052246,0,0,CORRECT
nomic,theoremqa_theorems,TheoremQA_elainewan/econ_micro_7.json,0.6662598848342896,0.03872096538543701,0.07354879379272461,0,0,CORRECT
nomic,theoremqa_theorems,TheoremQA_wenhuchen/cauchy_integral1.json,0.7014021873474121,0.02857673168182373,0.06789851188659668,0,0,CORRECT
nomic,theoremqa_theorems,TheoremQA_jianyu_xu/Catalan_2.json,0.6892861127853394,0.020898103713989258,0.04949110746383667,0,0,INCORRECT
nomic,theoremqa_theorems,TheoremQA_jianyu_xu/Stirling_number_second_kind_3.json,0.6150438785552979,0.031009376049041748,0.05070275068283081,0,0,CORRECT
nomic,theoremqa_theorems,TheoremQA_wenhuchen/t_test2.json,0.6427989602088928,0.0385093092918396,0.06575483083724976,0,0,INCORRECT
nomic,theoremqa_theorems,TheoremQA_wenhuchen/kepler's_law1.json,0.7242439985275269,0.027153849601745605,0.07434451580047607,1,1,INCORRECT
nomic,theoremqa_theorems,TheoremQA_xinyi/dag_3.json,0.6223163604736328,0.017938852310180664,0.041287779808044434,0,0,INCORRECT
nomic,theoremqa_theorems,TheoremQA_jianyu_xu/Multinomial_2.json,0.6242401599884033,0.03222763538360596,0.06437933444976807,0,0,CORRECT
nomic,theoremqa_theorems,TheoremQA_jianyu_xu/Graph_2.json,0.6316896080970764,0.03513646125793457,0.06259995698928833,0,0,CORRECT
nomic,theoremqa_theorems,TheoremQA_jianyu_xu/Cayley_3.json,0.6433531045913696,0.02623569965362549,0.06004190444946289,0,1,CORRECT
nomic,theoremqa_theorems,TheoremQA_jianyu_xu/Stirling_number_second_kind_5.json,0.5975910425186157,0.009627103805541992,0.04519474506378174,0,0,CORRECT
nomic,theoremqa_theorems,TheoremQA_jianyu_xu/pigeonhole_4.json,0.6906479597091675,0.028575778007507324,0.11265170574188232,0,0,CORRECT
nomic,theoremqa_theorems,TheoremQA_jianyu_xu/Multinomial_1.json,0.613341212272644,0.017163634300231934,0.0322035551071167,0,0,CORRECT
nomic,theoremqa_theorems,TheoremQA_wenhuchen/trapezoidal_rule3.json,0.715537428855896,0.035011470317840576,0.058795928955078125,1,1,CORRECT
nomic,theoremqa_theorems,TheoremQA_panlu/similarity3.json,0.7504585981369019,0.03241628408432007,0.05893850326538086,0,0,CORRECT
nomic,theoremqa_theorems,TheoremQA_elainewan/math_calculus_3_8.json,0.7212994694709778,0.025078177452087402,0.06509280204772949,0,0,INCORRECT
nomic,theoremqa_theorems,TheoremQA_jianyu_xu/Ramsey_3.json,0.6019744277000427,0.027897357940673828,0.06293576955795288,0,0,INCORRECT
nomic,theoremqa_theorems,TheoremQA_wenhuchen/t_test3.json,0.5706101655960083,0.009323835372924805,0.028368592262268066,0,0,INCORRECT
nomic,theoremqa_theorems,TheoremQA_jianyu_xu/Binomial_5.json,0.5918567180633545,0.02890801429748535,0.04223698377609253,1,1,CORRECT
nomic,theoremqa_theorems,TheoremQA_jianyu_xu/Multinomial_4.json,0.6547263860702515,0.015560686588287354,0.0438690185546875,0,0,CORRECT
nomic,theoremqa_theorems,TheoremQA_jianyu_xu/Binomial_4.json,0.6093244552612305,0.01957404613494873,0.032304584980010986,0,0,CORRECT
nomic,theoremqa_theorems,TheoremQA_jianyu_xu/pigeonhole_1.json,0.7051159143447876,0.06299775838851929,0.11868095397949219,0,0,CORRECT
nomic,theoremqa_theorems,TheoremQA_wenhuchen/kepler's_law3.json,0.7559914588928223,0.08918356895446777,0.13715165853500366,1,1,CORRECT
nomic,theoremqa_theorems,TheoremQA_jianyu_xu/Binomial_3.json,0.62952721118927,0.04264426231384277,0.06545096635818481,0,0,CORRECT
nomic,theoremqa_theorems,TheoremQA_jianyu_xu/Multinomial_3.json,0.6591663360595703,0.011203527450561523,0.030703186988830566,0,0,CORRECT
nomic,theoremqa_theorems,TheoremQA_wenhuchen/jensen1.json,0.6573734283447266,0.007131695747375488,0.028830528259277344,0,0,CORRECT
nomic,theoremqa_theorems,TheoremQA_jianyu_xu/Catalan_1.json,0.653367817401886,0.03669428825378418,0.061638832092285156,0,0,CORRECT
nomic,theoremqa_theorems,TheoremQA_panlu/gravitational_force2.json,0.6950427889823914,0.03981584310531616,0.08506906032562256,0,1,CORRECT
nomic,theoremqa_theorems,TheoremQA_wenhuchen/Liouville’s_theorem2.json,0.6357721090316772,0.014792859554290771,0.036654651165008545,0,0,CORRECT
nomic,theoremqa_theorems,TheoremQA_elainewan/math_calculus_2_7.json,0.6228647232055664,0.04246640205383301,0.06707566976547241,0,0,CORRECT
nomic,theoremqa_theorems,TheoremQA_mingyin/convexity1.json,0.6754624843597412,0.012205958366394043,0.03504490852355957,0,0,CORRECT
nomic,theoremqa_theorems,TheoremQA_mingyin/Fundamental-Theorem-of-Calculus3.json,0.6997305750846863,0.02102816104888916,0.037255704402923584,0,0,CORRECT
nomic,theoremqa_theorems,TheoremQA_xueguangma/intermediate_value_theorem.json,0.6199694871902466,0.005044102668762207,0.022051632404327393,0,0,CORRECT
nomic,theoremqa_theorems,TheoremQA_tonyxia/maxplanar3.json,0.6133906841278076,0.025604963302612305,0.056357622146606445,0,0,INCORRECT
nomic,theoremqa_theorems,TheoremQA_jianyu_xu/Binomial_6.json,0.5818777084350586,0.027094006538391113,0.052605509757995605,0,1,CORRECT
nomic,theoremqa_theorems,TheoremQA_tonyxia/maxplanar1.json,0.6359081864356995,0.021274983882904053,0.043047308921813965,0,0,INCORRECT
nomic,theoremqa_theorems,TheoremQA_elainewan/math_algebra_4_3.json,0.67905592918396,0.022193491458892822,0.05411422252655029,0,0,CORRECT
nomic,theoremqa_theorems,TheoremQA_elainewan/math_algebra_7_2.json,0.5882604122161865,0.01231539249420166,0.02628260850906372,0,0,CORRECT
nomic,theoremqa_theorems,TheoremQA_jianyu_xu/Multinomial_6.json,0.6159429550170898,0.029832959175109863,0.05601823329925537,0,0,CORRECT
nomic,theoremqa_theorems,TheoremQA_xinyi/dag_1.json,0.6365801095962524,0.013576388359069824,0.033361852169036865,0,0,CORRECT
nomic,theoremqa_theorems,TheoremQA_jianyu_xu/Ramsey_6.json,0.6410094499588013,0.01231992244720459,0.03828442096710205,0,0,CORRECT
nomic,theoremqa_theorems,TheoremQA_wenhuchen/series_convergen2.json,0.6853173971176147,0.01517421007156372,0.035747528076171875,0,0,CORRECT
nomic,theoremqa_theorems,TheoremQA_jianyu_xu/Ramsey_5.json,0.6173547506332397,0.022980809211730957,0.04915034770965576,0,0,CORRECT
nomic,theoremqa_theorems,TheoremQA_jianyu_xu/Binomial_2.json,0.6062518954277039,0.02226799726486206,0.039473533630371094,0,0,CORRECT
