retriever,task,query_id,max_score,gap_ctx,gap_25,retrieval_success_5,retrieval_success_25,judgment
qwen,biology,8,74.84888458251953,5.9764862060546875,8.482337951660156,1,1,CORRECT
qwen,biology,12,74.35448455810547,2.2761993408203125,6.1288604736328125,0,0,CORRECT
qwen,biology,11,74.66999816894531,7.230499267578125,11.986946105957031,1,1,CORRECT
qwen,biology,5,81.36376953125,6.369903564453125,12.773406982421875,1,1,CORRECT
qwen,biology,7,81.85787963867188,8.102821350097656,26.28607177734375,1,1,CORRECT
qwen,biology,4,75.58270263671875,5.19757080078125,11.011390686035156,1,1,CORRECT
qwen,biology,6,69.85857391357422,2.7452011108398438,6.225185394287109,0,1,CORRECT
qwen,biology,0,64.4351577758789,2.159496307373047,7.107158660888672,1,1,INCORRECT
qwen,biology,1,76.40129852294922,9.563728332519531,18.36511993408203,1,1,CORRECT
qwen,biology,10,74.22862243652344,10.627830505371094,14.462146759033203,1,1,CORRECT
qwen,biology,14,74.66038513183594,2.170440673828125,5.234184265136719,1,1,CORRECT
qwen,biology,9,75.80912017822266,2.004302978515625,5.025489807128906,0,1,CORRECT
qwen,biology,13,77.36459350585938,3.3382339477539062,8.682685852050781,1,1,INCORRECT
qwen,biology,3,83.79039001464844,13.862701416015625,16.65808868408203,1,1,CORRECT
qwen,biology,2,75.61602783203125,6.39141845703125,11.212944030761719,1,1,CORRECT
qwen,biology,15,72.8632583618164,2.40179443359375,5.447044372558594,0,1,INCORRECT
qwen,biology,20,85.33824920654297,3.4666824340820312,13.810783386230469,1,1,CORRECT
qwen,biology,25,76.375,2.2080764770507812,3.94854736328125,0,0,INCORRECT
qwen,biology,16,67.4332504272461,1.5120468139648438,5.645160675048828,0,1,INCORRECT
qwen,biology,17,76.24886322021484,4.8653411865234375,10.406150817871094,1,1,CORRECT
qwen,biology,23,72.22610473632812,2.2761993408203125,6.013252258300781,0,0,CORRECT
qwen,biology,18,76.91364288330078,0.901458740234375,2.521392822265625,0,0,CORRECT
qwen,biology,22,73.06694030761719,7.954078674316406,15.726318359375,1,1,CORRECT
qwen,biology,19,83.89447021484375,13.810020446777344,16.736312866210938,1,1,CORRECT
qwen,biology,21,82.90998077392578,7.791740417480469,16.833602905273438,1,1,CORRECT
qwen,biology,30,73.76960754394531,2.5279998779296875,8.618133544921875,1,1,CORRECT
qwen,biology,24,67.42656707763672,3.3545913696289062,6.999195098876953,1,1,CORRECT
qwen,biology,32,64.4334716796875,4.526458740234375,7.661579132080078,0,1,CORRECT
qwen,biology,26,65.42591094970703,1.8751068115234375,3.7957077026367188,0,1,CORRECT
qwen,biology,28,76.86052703857422,7.984397888183594,14.816032409667969,1,1,CORRECT
qwen,biology,31,79.88507080078125,6.591644287109375,12.251045227050781,1,1,CORRECT
qwen,biology,27,72.6000747680664,8.743450164794922,13.589019775390625,1,1,CORRECT
qwen,biology,29,81.23761749267578,3.1927871704101562,7.900535583496094,0,0,CORRECT
qwen,biology,43,71.41908264160156,1.1544876098632812,5.001617431640625,0,1,INCORRECT
qwen,biology,37,67.27711486816406,4.72021484375,7.241241455078125,1,1,CORRECT
qwen,biology,33,77.8620834350586,4.069587707519531,7.504173278808594,0,1,CORRECT
qwen,biology,36,68.3286361694336,3.2684478759765625,5.879413604736328,1,1,CORRECT
qwen,biology,34,72.74916076660156,5.1223602294921875,6.8983001708984375,1,1,INCORRECT
qwen,biology,35,76.75305938720703,3.8410110473632812,14.328865051269531,1,1,CORRECT
qwen,biology,38,75.19589233398438,4.143898010253906,7.869682312011719,1,1,CORRECT
qwen,biology,47,81.01512908935547,5.982063293457031,11.854080200195312,0,1,CORRECT
qwen,biology,39,74.08673858642578,4.3928070068359375,7.061164855957031,1,1,CORRECT
qwen,biology,42,79.51209259033203,4.843406677246094,8.230987548828125,0,0,CORRECT
qwen,biology,41,75.51392364501953,2.9916610717773438,6.5792694091796875,1,1,CORRECT
qwen,biology,46,73.79773712158203,0.5331649780273438,5.107330322265625,0,0,INCORRECT
qwen,biology,48,70.07170867919922,2.3561172485351562,6.797920227050781,1,1,CORRECT
qwen,biology,45,67.92840576171875,1.8978347778320312,6.5347137451171875,1,1,CORRECT
qwen,biology,44,73.97865295410156,1.7966995239257812,6.291053771972656,1,1,CORRECT
qwen,biology,54,71.68631744384766,3.6947479248046875,8.83260726928711,0,1,CORRECT
qwen,biology,40,69.39642333984375,0.27516937255859375,3.894012451171875,0,0,INCORRECT
qwen,biology,49,76.79067993164062,4.049957275390625,5.595359802246094,0,0,CORRECT
qwen,biology,51,69.93539428710938,1.4988174438476562,4.262779235839844,0,0,CORRECT
qwen,biology,50,76.38224029541016,1.4607696533203125,5.909751892089844,0,1,CORRECT
qwen,biology,53,73.53736877441406,1.7611236572265625,4.1558685302734375,1,1,CORRECT
qwen,biology,55,79.99983215332031,5.9273223876953125,11.564254760742188,0,1,INCORRECT
qwen,biology,52,78.71326446533203,9.314300537109375,12.110565185546875,0,0,CORRECT
qwen,biology,60,75.28614044189453,6.836128234863281,9.504158020019531,0,0,INCORRECT
qwen,biology,64,72.8061294555664,3.0213775634765625,7.8149566650390625,0,1,CORRECT
qwen,biology,56,78.9611587524414,4.273109436035156,9.668174743652344,0,0,CORRECT
qwen,biology,59,76.7466812133789,5.1474151611328125,10.133522033691406,1,1,CORRECT
qwen,biology,58,72.30694580078125,3.4549484252929688,7.581298828125,1,1,CORRECT
qwen,biology,57,69.3902587890625,2.0194473266601562,8.40969467163086,1,1,CORRECT
qwen,biology,65,73.8115463256836,4.328582763671875,8.285560607910156,1,1,CORRECT
qwen,biology,70,75.99168395996094,4.645301818847656,7.187934875488281,0,1,INCORRECT
qwen,biology,61,81.34464263916016,9.081069946289062,13.399314880371094,1,1,CORRECT
qwen,biology,62,77.41625213623047,2.5385971069335938,4.453369140625,0,1,CORRECT
qwen,biology,63,72.19485473632812,4.1538238525390625,8.383617401123047,0,0,INCORRECT
qwen,biology,73,75.84524536132812,4.039497375488281,7.9654541015625,0,0,INCORRECT
qwen,biology,68,75.61940002441406,3.8209915161132812,7.621528625488281,0,1,INCORRECT
qwen,biology,74,68.3427963256836,3.01513671875,7.103424072265625,1,1,INCORRECT
qwen,biology,72,76.82456970214844,4.5409393310546875,11.722099304199219,1,1,CORRECT
qwen,biology,66,68.37611389160156,1.425628662109375,4.140815734863281,1,1,CORRECT
qwen,biology,71,83.88427734375,3.9134445190429688,8.599113464355469,0,0,INCORRECT
qwen,biology,69,71.85670471191406,4.013816833496094,8.868083953857422,1,1,CORRECT
qwen,biology,81,73.12132263183594,1.7713775634765625,3.8843002319335938,0,0,CORRECT
qwen,biology,67,67.9698486328125,6.043323516845703,8.587238311767578,1,1,CORRECT
qwen,biology,77,73.39645385742188,2.1725540161132812,5.7246856689453125,0,0,CORRECT
qwen,biology,75,79.70800018310547,10.8233642578125,14.558464050292969,0,1,INCORRECT
qwen,biology,82,63.783626556396484,2.913646697998047,5.993263244628906,0,1,CORRECT
qwen,biology,80,85.30908966064453,8.945960998535156,14.452804565429688,0,1,INCORRECT
qwen,biology,76,69.87678527832031,0.649383544921875,3.1339263916015625,0,0,INCORRECT
qwen,biology,78,83.41291809082031,2.6920089721679688,6.0938568115234375,0,0,CORRECT
qwen,biology,79,75.58190155029297,3.671661376953125,8.492881774902344,1,1,CORRECT
qwen,biology,83,76.3184814453125,4.872703552246094,7.784004211425781,0,0,CORRECT
qwen,biology,84,83.5353775024414,9.250320434570312,12.674125671386719,1,1,INCORRECT
qwen,biology,92,80.06495666503906,2.2185516357421875,5.0589141845703125,0,0,CORRECT
qwen,biology,88,77.6801528930664,1.7720870971679688,4.724617004394531,0,0,CORRECT
qwen,biology,85,73.88285064697266,7.054656982421875,12.266555786132812,1,1,CORRECT
qwen,biology,89,69.79366302490234,1.8596954345703125,3.7021636962890625,0,1,INCORRECT
qwen,biology,86,75.79845428466797,9.022308349609375,13.504669189453125,1,1,CORRECT
qwen,biology,87,72.78996276855469,4.0659942626953125,7.1485137939453125,0,0,INCORRECT
qwen,biology,90,76.23780059814453,4.00555419921875,8.398406982421875,0,1,INCORRECT
qwen,biology,94,76.70123291015625,1.3958969116210938,3.5957870483398438,0,1,INCORRECT
qwen,biology,91,72.16503143310547,4.1161956787109375,10.925834655761719,0,0,INCORRECT
qwen,biology,93,76.1484603881836,1.7733154296875,6.830039978027344,0,0,INCORRECT
qwen,biology,95,78.2314453125,8.809524536132812,11.635978698730469,1,1,CORRECT
qwen,biology,101,72.95758819580078,1.7236328125,5.130592346191406,0,0,INCORRECT
qwen,biology,96,79.15766906738281,5.179801940917969,8.024299621582031,1,1,CORRECT
qwen,biology,97,76.18055725097656,3.4193801879882812,7.192863464355469,1,1,CORRECT
qwen,biology,98,69.94591522216797,3.3523406982421875,8.041770935058594,1,1,CORRECT
qwen,biology,99,73.0763168334961,9.85287857055664,12.34124755859375,1,1,CORRECT
qwen,biology,102,72.9000244140625,6.5527496337890625,11.578567504882812,0,0,CORRECT
qwen,biology,100,69.21444702148438,1.9824371337890625,6.767055511474609,0,1,CORRECT
qwen,aops,aops_2019_AMC_12A_Problems/Problem_17,86.9491958618164,4.5832061767578125,7.297874450683594,0,0,CORRECT
qwen,aops,math_train_intermediate_algebra_513,81.45413208007812,3.81365966796875,6.280548095703125,1,1,CORRECT
qwen,aops,math_train_number_theory_839,76.59954833984375,1.7588958740234375,4.416252136230469,0,0,INCORRECT
qwen,aops,math_train_number_theory_7095,83.61067962646484,1.4979934692382812,4.658988952636719,0,0,INCORRECT
qwen,aops,math_train_counting_and_probability_5024,79.6059341430664,3.2232818603515625,5.880485534667969,0,0,INCORRECT
qwen,aops,aops_2015_AMC_10B_Problems/Problem_15,76.50638580322266,1.6142730712890625,3.9081649780273438,0,0,CORRECT
qwen,aops,math_test_intermediate_algebra_1179,81.05365753173828,4.943359375,9.741912841796875,0,0,INCORRECT
qwen,aops,math_train_number_theory_7012,79.74860382080078,1.509613037109375,3.2943878173828125,0,0,INCORRECT
qwen,aops,aops_2000_AIME_I_Problems/Problem_9,76.84315490722656,2.3734588623046875,4.897773742675781,0,0,INCORRECT
qwen,aops,aops_2008_AMC_12B_Problems/Problem_16,89.0923843383789,1.5308761596679688,4.027778625488281,0,0,INCORRECT
qwen,aops,aops_2008_AMC_12A_Problems/Problem_15,87.52143096923828,4.110816955566406,5.928642272949219,1,1,INCORRECT
qwen,aops,math_train_number_theory_7030,88.99954986572266,9.873420715332031,12.897171020507812,0,0,INCORRECT
qwen,aops,math_train_number_theory_7016,81.03150939941406,3.0406341552734375,7.3332366943359375,1,1,INCORRECT
qwen,aops,aops_2024_AIME_I_Problems/Problem_13,77.67003631591797,3.5413436889648438,7.0772857666015625,1,1,INCORRECT
qwen,aops,aops_2021_AIME_I_Problems/Problem_14,84.74579620361328,3.4565200805664062,6.827384948730469,1,1,INCORRECT
qwen,aops,aops_2005_IMO_Problems/Problem_4,77.49713897705078,5.485481262207031,8.730796813964844,1,1,INCORRECT
qwen,aops,aops_2005_USAMO_Problems/Problem_2,76.748779296875,1.9184646606445312,5.981986999511719,1,1,INCORRECT
qwen,aops,math_train_counting_and_probability_5035,79.50617980957031,2.7725143432617188,4.892875671386719,1,1,INCORRECT
qwen,aops,math_train_geometry_6018,83.53978729248047,5.483436584472656,8.667190551757812,0,1,INCORRECT
qwen,aops,aops_2023_AIME_I_Problems/Problem_5,84.30754089355469,4.813446044921875,7.110984802246094,0,0,INCORRECT
qwen,aops,math_train_geometry_6173,87.0346908569336,2.1623992919921875,4.074272155761719,1,1,INCORRECT
qwen,aops,aops_2004_AIME_I_Problems/Problem_10,83.02804565429688,2.7433547973632812,5.205314636230469,1,1,INCORRECT
qwen,aops,aops_2017_AMC_10B_Problems/Problem_14,86.7631607055664,1.6453704833984375,4.856239318847656,0,1,INCORRECT
qwen,aops,math_train_counting_and_probability_5011,74.24227142333984,4.491981506347656,7.210762023925781,0,1,INCORRECT
qwen,aops,math_test_geometry_454,85.56655883789062,2.6777725219726562,5.175453186035156,0,0,INCORRECT
qwen,aops,aops_2001_AMC_10_Problems/Problem_19,81.24188995361328,1.275848388671875,5.160392761230469,1,1,CORRECT
qwen,aops,math_test_counting_and_probability_1009,84.91291046142578,4.1558380126953125,6.923454284667969,1,1,CORRECT
qwen,aops,aops_2007_AIME_I_Problems/Problem_10,82.44599914550781,2.7152328491210938,6.552421569824219,0,1,INCORRECT
qwen,aops,aops_2018_AMC_8_Problems/Problem_23,83.12545013427734,2.4380416870117188,4.749298095703125,0,0,INCORRECT
qwen,aops,aops_2019_AMC_8_Problems/Problem_25,82.88937377929688,1.705169677734375,4.62213134765625,1,1,CORRECT
qwen,aops,aops_2018_AMC_10A_Problems/Problem_11,83.61164093017578,0.5734024047851562,3.4287490844726562,0,1,INCORRECT
qwen,aops,math_train_counting_and_probability_5131,81.14336395263672,1.2919387817382812,3.55078125,0,0,INCORRECT
qwen,aops,aops_2021_AIME_II_Problems/Problem_9,80.53900909423828,4.093971252441406,7.2171478271484375,0,0,INCORRECT
qwen,aops,aops_2007_iTest_Problems/Problem_6,84.18758392333984,2.0195083618164062,5.327056884765625,0,0,INCORRECT
qwen,aops,aops_2020_AMC_10A_Problems/Problem_24,87.75391387939453,1.7198715209960938,5.3706207275390625,0,0,INCORRECT
qwen,aops,aops_1959_IMO_Problems/Problem_1,58.02778625488281,2.183795928955078,6.0920257568359375,0,0,INCORRECT
qwen,aops,math_train_number_theory_7003,74.10588073730469,1.5033798217773438,4.054412841796875,0,0,CORRECT
qwen,aops,aops_2021_AIME_I_Problems/Problem_10,77.76656341552734,2.387298583984375,4.6605072021484375,0,0,INCORRECT
qwen,aops,aops_2020_AMC_10B_Problems/Problem_25,83.25865173339844,0.35601806640625,3.9901809692382812,0,0,INCORRECT
qwen,aops,math_test_counting_and_probability_838,81.67649841308594,2.4123077392578125,5.1221466064453125,0,1,CORRECT
qwen,aops,math_train_number_theory_7066,81.25908660888672,4.5419158935546875,6.2997283935546875,0,0,INCORRECT
qwen,aops,aops_1987_IMO_Problems/Problem_1,67.8791275024414,3.0618133544921875,5.380092620849609,0,0,INCORRECT
qwen,aops,aops_2020_AMC_8_Problems/Problem_12,81.29563903808594,0.9177398681640625,3.3477020263671875,0,1,INCORRECT
qwen,aops,math_train_intermediate_algebra_659,74.19683837890625,4.031272888183594,6.161399841308594,0,0,INCORRECT
qwen,aops,aops_2000_AMC_12_Problems/Problem_4,85.19857788085938,5.27783203125,7.975028991699219,0,0,INCORRECT
qwen,aops,aops_1981_IMO_Problems/Problem_3,78.00592041015625,1.0029983520507812,3.797760009765625,0,0,INCORRECT
qwen,aops,math_train_intermediate_algebra_477,82.56368255615234,3.3571243286132812,6.3563690185546875,0,0,INCORRECT
qwen,aops,aops_1990_AIME_Problems/Problem_9,78.43930053710938,2.4937820434570312,6.152610778808594,0,0,INCORRECT
qwen,aops,math_train_counting_and_probability_5047,81.56378173828125,1.0145416259765625,4.089118957519531,0,0,INCORRECT
qwen,aops,aops_2005_AMC_12A_Problems/Problem_18,83.17508697509766,2.4024581909179688,5.6752166748046875,0,1,INCORRECT
qwen,aops,aops_2020_AIME_II_Problems/Problem_9,78.0579833984375,1.2948455810546875,3.9488143920898438,0,0,INCORRECT
qwen,aops,aops_2017_AMC_10B_Problems/Problem_13,86.62078857421875,2.13946533203125,5.350776672363281,1,1,INCORRECT
qwen,aops,aops_2011_AMC_8_Problems/Problem_6,83.6740493774414,1.9300460815429688,5.0200347900390625,0,0,INCORRECT
qwen,aops,math_train_counting_and_probability_5048,79.04283142089844,1.2083587646484375,3.3003387451171875,0,0,INCORRECT
qwen,aops,math_train_counting_and_probability_5045,76.47428131103516,4.7385711669921875,7.00958251953125,0,0,INCORRECT
qwen,aops,math_test_counting_and_probability_1003,74.5904312133789,1.6058731079101562,4.132469177246094,1,1,INCORRECT
qwen,aops,math_test_prealgebra_1987,81.44037628173828,6.007171630859375,7.524253845214844,1,1,INCORRECT
qwen,aops,math_test_counting_and_probability_430,78.28699493408203,0.918701171875,2.7822341918945312,0,0,INCORRECT
qwen,aops,aops_2017_AIME_II_Problems/Problem_1,72.85751342773438,0.52911376953125,3.8888702392578125,0,0,INCORRECT
qwen,aops,aops_2007_AIME_II_Problems/Problem_10,78.29422760009766,1.7284698486328125,5.314842224121094,0,1,INCORRECT
qwen,aops,math_train_geometry_6060,85.50869750976562,2.0625839233398438,6.0406951904296875,1,1,INCORRECT
qwen,aops,math_train_geometry_317,85.9063949584961,0.6408920288085938,4.325157165527344,0,1,INCORRECT
qwen,aops,aops_1971_AHSME_Problems/Problem_26,88.00116729736328,3.3632049560546875,6.343849182128906,1,1,INCORRECT
qwen,aops,math_train_algebra_2521,87.08602905273438,2.3608016967773438,5.758392333984375,0,0,CORRECT
qwen,aops,math_train_geometry_6116,82.39872741699219,1.12548828125,3.4401397705078125,0,0,INCORRECT
qwen,aops,aops_1988_AIME_Problems/Problem_12,82.96159362792969,2.3169403076171875,4.400733947753906,0,1,INCORRECT
qwen,aops,math_train_geometry_6022,81.29927825927734,1.6329345703125,3.5738296508789062,0,0,INCORRECT
qwen,aops,math_train_geometry_6115,82.18157196044922,1.0825958251953125,3.392120361328125,0,1,INCORRECT
qwen,aops,aops_2016_AMC_10A_Problems/Problem_19,86.24781036376953,1.8581466674804688,5.090660095214844,1,1,INCORRECT
qwen,aops,math_train_intermediate_algebra_2060,89.49626922607422,0.846710205078125,4.680335998535156,0,0,INCORRECT
qwen,aops,aops_1985_AIME_Problems/Problem_6,79.29679107666016,2.1358489990234375,4.8541107177734375,0,1,INCORRECT
qwen,aops,math_test_algebra_1208,76.22176361083984,2.2243194580078125,3.884857177734375,0,0,CORRECT
qwen,aops,math_test_intermediate_algebra_951,79.67780303955078,5.414497375488281,8.195297241210938,0,0,INCORRECT
qwen,aops,math_train_number_theory_7078,68.82829284667969,3.6330947875976562,6.704017639160156,0,0,INCORRECT
qwen,aops,math_train_intermediate_algebra_1822,72.98214721679688,2.0624160766601562,4.619415283203125,1,1,INCORRECT
qwen,aops,aops_2008_AMC_12A_Problems/Problem_16,81.60708618164062,1.3786239624023438,3.9256668090820312,0,1,INCORRECT
qwen,aops,aops_2009_AMC_12A_Problems/Problem_17,83.46810150146484,2.6855087280273438,5.356163024902344,0,0,INCORRECT
qwen,aops,aops_2021_Fall_AMC_12A_Problems/Problem_12,87.41485595703125,1.2132568359375,4.083091735839844,0,0,INCORRECT
qwen,aops,math_train_geometry_747,89.17996215820312,2.7597885131835938,4.69744873046875,0,1,CORRECT
qwen,aops,math_train_counting_and_probability_5111,88.86280059814453,2.0664215087890625,4.567024230957031,0,0,INCORRECT
qwen,aops,math_train_intermediate_algebra_1268,80.51908874511719,1.87554931640625,4.368873596191406,0,1,CORRECT
qwen,aops,math_test_intermediate_algebra_1812,85.90270233154297,0.9769744873046875,4.5659332275390625,0,1,INCORRECT
qwen,aops,math_train_counting_and_probability_822,87.01622772216797,2.1091384887695312,4.923431396484375,0,1,INCORRECT
qwen,aops,aops_2002_AIME_I_Problems/Problem_6,71.4690170288086,5.190277099609375,7.5706024169921875,1,1,INCORRECT
qwen,aops,math_train_counting_and_probability_5064,79.91764831542969,3.0771636962890625,5.627891540527344,1,1,INCORRECT
qwen,aops,aops_2021_AMC_12B_Problems/Problem_9,82.24467468261719,2.7318344116210938,5.785453796386719,0,0,INCORRECT
qwen,aops,aops_1994_AIME_Problems/Problem_9,81.0323715209961,2.068939208984375,5.0836944580078125,0,0,INCORRECT
qwen,aops,aops_2022_AMC_10B_Problems/Problem_9,88.08281707763672,1.4240341186523438,4.060676574707031,0,0,INCORRECT
qwen,aops,math_train_algebra_2826,83.10597229003906,0.7381973266601562,3.3451156616210938,0,1,CORRECT
qwen,aops,aops_2015_AMC_12A_Problems/Problem_22,87.3407211303711,1.2748260498046875,3.9320526123046875,0,0,INCORRECT
qwen,aops,aops_2019_AMC_10A_Problems/Problem_12,76.51969146728516,2.0656051635742188,3.84027099609375,1,1,INCORRECT
qwen,aops,aops_2016_AMC_10A_Problems/Problem_7,84.81623077392578,2.9889373779296875,5.343292236328125,1,1,INCORRECT
qwen,aops,aops_2023_AIME_II_Problems/Problem_9,85.22248077392578,5.711753845214844,9.442314147949219,1,1,INCORRECT
qwen,aops,aops_1971_Canadian_MO_Problems/Problem_1,83.42433166503906,3.116424560546875,5.51312255859375,1,1,INCORRECT
qwen,aops,aops_2022_AIME_I_Problems/Problem_11,86.26211547851562,2.8673095703125,7.1688232421875,1,1,INCORRECT
qwen,aops,aops_1998_AIME_Problems/Problem_2,81.7531509399414,3.4966049194335938,6.452362060546875,0,0,INCORRECT
qwen,aops,aops_2013_AMC_12A_Problems/Problem_13,86.92939758300781,2.6585845947265625,4.7005157470703125,0,0,INCORRECT
qwen,aops,aops_2016_AIME_I_Problems/Problem_15,77.55730438232422,2.0255813598632812,4.257820129394531,1,1,INCORRECT
qwen,aops,aops_2024_AIME_I_Problems/Problem_10,83.04170989990234,1.5390090942382812,5.483978271484375,1,1,INCORRECT
qwen,aops,aops_2020_AIME_I_Problems/Problem_15,87.58001708984375,5.2284698486328125,9.137947082519531,1,1,INCORRECT
qwen,aops,math_train_geometry_6092,89.32115936279297,6.08392333984375,9.964118957519531,1,1,INCORRECT
qwen,aops,aops_2016_AIME_II_Problems/Problem_10,86.2016830444336,2.7907485961914062,7.5370941162109375,1,1,INCORRECT
qwen,aops,math_train_geometry_6105,80.80890655517578,1.0698776245117188,4.110984802246094,0,1,INCORRECT
qwen,aops,math_train_geometry_6112,81.00830078125,3.3660430908203125,5.878898620605469,0,0,INCORRECT
qwen,aops,aops_2002_AIME_I_Problems/Problem_10,81.10044860839844,1.926971435546875,4.557914733886719,0,1,INCORRECT
qwen,earth_science,1,77.90153503417969,0.8480148315429688,5.265449523925781,0,0,CORRECT
qwen,aops,aops_2015_AIME_I_Problems/Problem_4,82.41093444824219,1.1665725708007812,3.969940185546875,1,1,INCORRECT
qwen,earth_science,3,83.12059020996094,5.308837890625,10.378471374511719,0,1,CORRECT
qwen,aops,math_train_geometry_6051,82.1490478515625,3.1690216064453125,4.719871520996094,1,1,INCORRECT
qwen,aops,aops_2019_AIME_I_Problems/Problem_3,82.79225158691406,4.778007507324219,7.580955505371094,1,1,INCORRECT
qwen,aops,math_train_geometry_6078,83.92201232910156,1.4009933471679688,4.6570892333984375,1,1,INCORRECT
qwen,aops,aops_2017_AIME_II_Problems/Problem_3,87.6359634399414,5.5531005859375,9.429481506347656,0,0,INCORRECT
qwen,earth_science,0,75.80620574951172,2.6071624755859375,6.353782653808594,0,1,CORRECT
qwen,earth_science,2,78.47563934326172,2.88165283203125,9.7135009765625,1,1,INCORRECT
qwen,earth_science,4,79.95795440673828,4.554985046386719,10.390396118164062,1,1,CORRECT
qwen,earth_science,6,77.5283432006836,1.7742156982421875,9.244888305664062,1,1,CORRECT
qwen,earth_science,5,73.17369842529297,3.7478256225585938,9.703723907470703,0,0,INCORRECT
qwen,earth_science,9,79.52716064453125,3.518310546875,7.886863708496094,1,1,CORRECT
qwen,earth_science,7,72.6746826171875,1.3444061279296875,6.617546081542969,1,1,CORRECT
qwen,earth_science,8,84.38349914550781,10.631431579589844,14.736946105957031,1,1,CORRECT
qwen,earth_science,16,74.11895751953125,3.5060653686523438,6.4365997314453125,0,0,CORRECT
qwen,earth_science,10,70.79004669189453,1.7511138916015625,4.446556091308594,1,1,CORRECT
qwen,earth_science,17,75.39686584472656,1.9814910888671875,6.298286437988281,0,0,CORRECT
qwen,earth_science,11,73.27880096435547,3.1918563842773438,6.767791748046875,0,1,CORRECT
qwen,aops,aops_2000_AMC_12_Problems/Problem_14,83.27413940429688,1.8060760498046875,4.315238952636719,1,1,INCORRECT
qwen,earth_science,15,82.37043762207031,4.473541259765625,8.439109802246094,0,1,CORRECT
qwen,earth_science,12,76.67847442626953,2.5771102905273438,6.264228820800781,0,1,INCORRECT
qwen,earth_science,18,78.21830749511719,7.472648620605469,11.9158935546875,1,1,CORRECT
qwen,earth_science,13,74.23673248291016,4.520576477050781,7.588996887207031,1,1,INCORRECT
qwen,earth_science,20,73.22262573242188,2.1153182983398438,3.9902496337890625,1,1,CORRECT
qwen,earth_science,19,81.23275756835938,2.0875625610351562,5.820854187011719,1,1,CORRECT
qwen,earth_science,21,72.09205627441406,1.0498199462890625,4.472442626953125,1,1,INCORRECT
qwen,earth_science,14,76.70976257324219,2.2773590087890625,4.973419189453125,0,0,CORRECT
qwen,earth_science,27,73.07235717773438,2.1607589721679688,4.6746978759765625,0,1,CORRECT
qwen,earth_science,22,76.28755187988281,1.2338104248046875,5.266807556152344,0,0,INCORRECT
qwen,earth_science,29,78.69548797607422,1.9964065551757812,3.8177642822265625,0,0,CORRECT
qwen,earth_science,25,77.74181365966797,2.0912017822265625,6.678199768066406,1,1,CORRECT
qwen,earth_science,23,74.77191925048828,3.3208999633789062,9.925704956054688,0,1,CORRECT
qwen,earth_science,38,77.54493713378906,7.215240478515625,10.381782531738281,1,1,CORRECT
qwen,earth_science,33,71.462646484375,2.9562149047851562,4.301277160644531,0,1,CORRECT
qwen,earth_science,26,77.88261413574219,5.781135559082031,10.309036254882812,1,1,CORRECT
qwen,earth_science,24,78.45792388916016,4.488227844238281,9.036941528320312,1,1,CORRECT
qwen,earth_science,28,76.19542694091797,4.515998840332031,8.367073059082031,1,1,CORRECT
qwen,earth_science,30,77.32261657714844,1.0102081298828125,5.1562957763671875,1,1,CORRECT
qwen,earth_science,31,73.70671844482422,4.193138122558594,6.610870361328125,1,1,CORRECT
qwen,earth_science,37,78.59242248535156,2.0745010375976562,5.5368194580078125,0,1,INCORRECT
qwen,earth_science,39,82.04261779785156,3.0119171142578125,10.196762084960938,1,1,CORRECT
qwen,earth_science,36,83.2996597290039,3.493316650390625,8.730644226074219,1,1,CORRECT
qwen,earth_science,34,72.53258514404297,2.0969390869140625,4.567901611328125,0,1,INCORRECT
qwen,earth_science,35,75.92172241210938,0.805633544921875,4.529487609863281,1,1,CORRECT
qwen,earth_science,32,67.13768005371094,2.28887939453125,6.219318389892578,0,1,CORRECT
qwen,earth_science,40,76.47145080566406,7.275184631347656,9.562423706054688,0,0,INCORRECT
qwen,earth_science,42,76.01851654052734,3.8141326904296875,9.549362182617188,1,1,CORRECT
qwen,earth_science,45,68.60247802734375,2.1793746948242188,5.4703521728515625,1,1,CORRECT
qwen,earth_science,41,82.77433013916016,10.249130249023438,12.932579040527344,1,1,CORRECT
qwen,earth_science,44,79.30228424072266,0.6739425659179688,3.5496139526367188,0,0,CORRECT
qwen,earth_science,46,75.28853607177734,2.1225967407226562,8.802871704101562,0,1,CORRECT
qwen,earth_science,50,79.3420181274414,5.636039733886719,10.748977661132812,1,1,INCORRECT
qwen,earth_science,43,78.78923797607422,5.446220397949219,7.6906890869140625,1,1,CORRECT
qwen,earth_science,47,84.98704528808594,2.8823471069335938,9.804244995117188,1,1,CORRECT
qwen,earth_science,53,80.5882797241211,5.3223876953125,10.590965270996094,1,1,CORRECT
qwen,earth_science,55,73.10054016113281,1.7223358154296875,5.811241149902344,0,1,INCORRECT
qwen,earth_science,48,72.8080062866211,2.7811050415039062,5.340545654296875,1,1,CORRECT
qwen,earth_science,51,87.90193939208984,8.397323608398438,14.332206726074219,1,1,CORRECT
qwen,earth_science,49,79.81352233886719,1.6448974609375,10.949012756347656,1,1,CORRECT
qwen,earth_science,54,84.10599517822266,5.4915618896484375,9.6845703125,1,1,CORRECT
qwen,earth_science,52,75.5751724243164,0.2573699951171875,2.373382568359375,0,0,CORRECT
qwen,earth_science,60,80.81085968017578,7.958091735839844,10.996566772460938,1,1,CORRECT
qwen,earth_science,57,78.95657348632812,5.6124114990234375,9.218818664550781,1,1,CORRECT
qwen,earth_science,58,86.01094818115234,6.554603576660156,13.185638427734375,0,0,INCORRECT
qwen,earth_science,56,84.66468048095703,10.963859558105469,15.724403381347656,1,1,CORRECT
qwen,earth_science,59,82.74716186523438,1.9696273803710938,3.8606643676757812,1,1,CORRECT
qwen,earth_science,62,77.58833312988281,6.117218017578125,12.336708068847656,1,1,CORRECT
qwen,earth_science,61,76.35023498535156,1.5597915649414062,5.442291259765625,0,0,CORRECT
qwen,earth_science,64,71.47504425048828,4.650749206542969,8.100971221923828,1,1,CORRECT
qwen,earth_science,72,75.16604614257812,3.74853515625,11.809700012207031,1,1,CORRECT
qwen,earth_science,63,85.263916015625,2.0753707885742188,8.325103759765625,1,1,CORRECT
qwen,earth_science,71,78.2739486694336,7.934242248535156,10.608688354492188,1,1,CORRECT
qwen,earth_science,69,76.8600845336914,2.9965057373046875,6.82586669921875,0,1,CORRECT
qwen,earth_science,66,74.62884521484375,3.7599868774414062,6.7974395751953125,0,1,CORRECT
qwen,earth_science,68,74.72584533691406,2.2929611206054688,5.543067932128906,1,1,CORRECT
qwen,earth_science,65,83.04695892333984,3.36334228515625,7.686378479003906,1,1,CORRECT
qwen,earth_science,67,78.74128723144531,3.9036026000976562,10.846199035644531,1,1,CORRECT
qwen,earth_science,73,82.6662826538086,2.9675827026367188,5.3025054931640625,1,1,CORRECT
qwen,earth_science,77,77.34536743164062,1.0776214599609375,4.0215606689453125,0,0,INCORRECT
qwen,earth_science,78,69.39347839355469,2.1307296752929688,4.347198486328125,0,0,CORRECT
qwen,earth_science,74,76.02530670166016,3.877960205078125,7.196357727050781,1,1,CORRECT
qwen,earth_science,75,77.2978744506836,4.191841125488281,8.30841064453125,1,1,CORRECT
qwen,earth_science,80,85.96820068359375,11.576446533203125,18.26044464111328,1,1,CORRECT
qwen,earth_science,79,78.88996124267578,2.1442031860351562,5.635734558105469,0,0,CORRECT
qwen,earth_science,85,73.29198455810547,0.7750091552734375,3.424285888671875,1,1,INCORRECT
qwen,earth_science,84,67.12052154541016,2.5906829833984375,5.659275054931641,0,0,INCORRECT
qwen,earth_science,83,91.52320098876953,1.4037399291992188,12.070075988769531,1,1,CORRECT
qwen,earth_science,81,81.92840576171875,3.5521926879882812,10.061317443847656,1,1,CORRECT
qwen,earth_science,82,79.68779754638672,3.62481689453125,8.345832824707031,1,1,CORRECT
qwen,earth_science,86,79.78524017333984,2.2301712036132812,11.062156677246094,1,1,CORRECT
qwen,earth_science,70,74.5968246459961,1.9823074340820312,6.368141174316406,1,1,CORRECT
qwen,earth_science,76,79.0446548461914,2.0712738037109375,4.760627746582031,0,1,CORRECT
qwen,earth_science,94,75.3818359375,7.121002197265625,12.7313232421875,0,0,INCORRECT
qwen,earth_science,95,74.64289093017578,2.5975570678710938,8.189918518066406,0,0,INCORRECT
qwen,earth_science,92,75.54470825195312,2.443450927734375,4.090576171875,0,0,INCORRECT
qwen,earth_science,87,79.0393295288086,6.524925231933594,10.073074340820312,1,1,CORRECT
qwen,earth_science,88,79.57756805419922,8.371353149414062,14.371002197265625,1,1,CORRECT
qwen,earth_science,96,77.49397277832031,4.326812744140625,9.290550231933594,1,1,CORRECT
qwen,earth_science,101,80.08209228515625,7.53607177734375,12.352180480957031,1,1,CORRECT
qwen,earth_science,89,71.40814971923828,2.1409378051757812,4.9849700927734375,0,0,INCORRECT
qwen,earth_science,90,76.42654418945312,3.0223236083984375,7.952644348144531,1,1,CORRECT
qwen,earth_science,93,81.17991638183594,2.16558837890625,6.040489196777344,1,1,CORRECT
qwen,earth_science,102,69.04012298583984,4.993309020996094,8.100303649902344,0,0,CORRECT
qwen,earth_science,91,81.16658782958984,2.1077651977539062,8.438606262207031,1,1,CORRECT
qwen,earth_science,97,82.9877700805664,5.970161437988281,11.35455322265625,1,1,CORRECT
qwen,earth_science,98,86.23946380615234,7.014678955078125,11.702384948730469,1,1,CORRECT
qwen,earth_science,100,74.50860595703125,3.2840347290039062,7.0009613037109375,0,0,CORRECT
qwen,earth_science,99,76.98463439941406,3.564422607421875,5.155067443847656,0,0,INCORRECT
qwen,earth_science,104,77.328857421875,4.011314392089844,5.784294128417969,0,1,CORRECT
qwen,earth_science,103,73.40538787841797,2.3919219970703125,5.289649963378906,1,1,CORRECT
qwen,earth_science,114,79.0862045288086,4.778778076171875,8.538734436035156,1,1,CORRECT
qwen,earth_science,105,67.82433319091797,3.7815475463867188,7.569793701171875,0,1,CORRECT
qwen,earth_science,106,78.56771850585938,7.092193603515625,10.099830627441406,1,1,INCORRECT
qwen,earth_science,107,72.83367919921875,0.9669952392578125,2.9942245483398438,1,1,CORRECT
qwen,earth_science,110,76.9880599975586,2.8388748168945312,7.416984558105469,1,1,CORRECT
qwen,earth_science,111,82.09502410888672,2.2838287353515625,3.7618179321289062,0,0,INCORRECT
qwen,earth_science,113,88.79888916015625,5.619834899902344,16.06897735595703,1,1,CORRECT
qwen,economics,6,70.21316528320312,3.6805648803710938,6.638679504394531,0,0,INCORRECT
qwen,earth_science,112,79.06190490722656,6.093353271484375,11.182998657226562,0,0,INCORRECT
qwen,earth_science,109,76.20073699951172,2.398223876953125,5.5095672607421875,0,1,CORRECT
qwen,earth_science,108,72.06694030761719,0.5502090454101562,5.446235656738281,0,0,CORRECT
qwen,economics,0,75.63443756103516,5.497962951660156,9.127647399902344,0,0,CORRECT
qwen,earth_science,115,83.76851654052734,2.76666259765625,6.680900573730469,0,0,CORRECT
qwen,economics,3,76.40994262695312,1.6723480224609375,8.571083068847656,0,1,CORRECT
qwen,economics,5,75.11096954345703,2.361541748046875,7.003814697265625,0,0,CORRECT
qwen,economics,8,74.04535675048828,2.65093994140625,4.6045379638671875,0,0,CORRECT
qwen,economics,12,76.9327163696289,3.5377655029296875,5.926551818847656,1,1,CORRECT
qwen,economics,9,75.58992767333984,2.1287155151367188,4.423851013183594,0,1,CORRECT
qwen,economics,7,79.61547088623047,2.31646728515625,5.470344543457031,0,0,CORRECT
qwen,economics,10,84.40464782714844,3.5421524047851562,6.6892852783203125,0,1,CORRECT
qwen,economics,11,72.1148681640625,2.1270599365234375,5.079505920410156,0,0,CORRECT
qwen,economics,13,75.46595001220703,1.9613800048828125,4.122352600097656,0,1,INCORRECT
qwen,economics,14,75.5090103149414,4.581977844238281,10.802268981933594,0,0,INCORRECT
qwen,economics,15,82.9293441772461,0.7790374755859375,5.304412841796875,0,0,CORRECT
qwen,economics,17,85.27194213867188,3.80084228515625,8.34820556640625,1,1,INCORRECT
qwen,economics,26,85.00863647460938,3.7119216918945312,8.6749267578125,0,1,INCORRECT
qwen,economics,18,76.17822265625,3.3426589965820312,6.460975646972656,0,1,CORRECT
qwen,economics,19,81.89379119873047,1.8422164916992188,4.6283416748046875,0,0,INCORRECT
qwen,economics,20,73.07113647460938,0.971588134765625,5.9352569580078125,0,1,INCORRECT
qwen,economics,21,77.22914123535156,0.7020797729492188,3.1520004272460938,0,1,CORRECT
qwen,economics,23,82.87725067138672,2.3118667602539062,4.0688323974609375,1,1,INCORRECT
qwen,economics,22,84.54486846923828,1.5128707885742188,11.30615234375,1,1,CORRECT
qwen,economics,25,76.73959350585938,1.2403717041015625,6.2537841796875,1,1,CORRECT
qwen,economics,24,83.85813903808594,4.3650970458984375,6.253959655761719,0,0,CORRECT
qwen,economics,1,76.39546203613281,1.650238037109375,5.000770568847656,0,0,CORRECT
qwen,economics,4,78.51506042480469,5.334114074707031,8.082687377929688,0,0,CORRECT
qwen,economics,33,79.26403045654297,2.854949951171875,6.083137512207031,1,1,CORRECT
qwen,economics,27,88.64995574951172,5.402091979980469,10.201797485351562,1,1,CORRECT
qwen,economics,2,70.1957015991211,1.735076904296875,4.405792236328125,0,1,CORRECT
qwen,economics,28,76.9908447265625,1.4061660766601562,3.646209716796875,1,1,CORRECT
qwen,economics,29,81.33061981201172,5.2437286376953125,9.537551879882812,1,1,CORRECT
qwen,economics,16,75.41590118408203,0.9823379516601562,4.5177001953125,0,0,CORRECT
qwen,economics,30,70.8365478515625,2.189239501953125,6.054817199707031,0,0,INCORRECT
qwen,economics,32,73.24362182617188,3.3697128295898438,6.902313232421875,1,1,INCORRECT
qwen,economics,31,87.17500305175781,1.8152542114257812,4.628700256347656,0,0,CORRECT
qwen,economics,36,78.45252227783203,5.8605194091796875,8.311355590820312,1,1,CORRECT
qwen,economics,46,74.5425796508789,6.218833923339844,8.33270263671875,0,1,INCORRECT
qwen,economics,43,74.87245178222656,1.15826416015625,4.9168548583984375,0,0,INCORRECT
qwen,economics,34,75.8773422241211,1.721923828125,4.628807067871094,0,1,CORRECT
qwen,economics,35,78.37369537353516,1.8077239990234375,3.9292068481445312,0,0,CORRECT
qwen,economics,38,80.26654815673828,10.781471252441406,16.385723114013672,1,1,CORRECT
qwen,economics,40,77.56329345703125,2.6386871337890625,5.952964782714844,0,0,INCORRECT
qwen,economics,37,88.65771484375,2.8998565673828125,7.829612731933594,0,0,CORRECT
qwen,economics,42,78.32453918457031,0.40393829345703125,3.8326416015625,1,1,CORRECT
qwen,economics,41,81.47740936279297,0.6100311279296875,2.9961318969726562,1,1,CORRECT
qwen,economics,44,78.26966094970703,3.1326370239257812,4.725166320800781,0,1,CORRECT
qwen,economics,39,80.91763305664062,1.7248001098632812,4.707542419433594,0,1,CORRECT
qwen,economics,45,73.85863494873047,2.272613525390625,8.368171691894531,0,0,INCORRECT
qwen,economics,50,70.0068130493164,4.398101806640625,7.229484558105469,0,0,INCORRECT
qwen,economics,48,87.08848571777344,5.152015686035156,8.913734436035156,0,0,INCORRECT
qwen,economics,52,84.08257293701172,4.467597961425781,8.576560974121094,1,1,CORRECT
qwen,economics,47,76.3501968383789,1.7377700805664062,4.565185546875,0,0,INCORRECT
qwen,economics,49,81.20922088623047,3.2490158081054688,6.4651336669921875,1,1,CORRECT
qwen,economics,53,81.92481231689453,2.8200759887695312,6.5953826904296875,0,0,CORRECT
qwen,economics,62,83.2985610961914,1.5180740356445312,4.908271789550781,0,0,CORRECT
qwen,economics,55,79.23004913330078,8.283462524414062,12.776664733886719,1,1,CORRECT
qwen,economics,54,70.61180114746094,1.853790283203125,7.999851226806641,0,0,CORRECT
qwen,economics,57,74.9535903930664,3.8691558837890625,7.028053283691406,0,1,CORRECT
qwen,economics,56,70.5081787109375,5.0186767578125,7.4099273681640625,1,1,CORRECT
qwen,economics,59,79.44026947021484,4.0235137939453125,6.400871276855469,0,1,CORRECT
qwen,economics,63,79.1823959350586,3.1685714721679688,5.710258483886719,0,0,INCORRECT
qwen,economics,60,79.30845642089844,4.8181915283203125,7.338661193847656,1,1,CORRECT
qwen,economics,61,81.11129760742188,4.844184875488281,7.7685699462890625,0,0,CORRECT
qwen,economics,65,65.56692504882812,1.8783493041992188,4.457817077636719,0,1,INCORRECT
qwen,economics,64,78.62284088134766,2.9712448120117188,4.584892272949219,0,0,CORRECT
qwen,economics,66,87.90831756591797,8.087944030761719,11.614524841308594,1,1,CORRECT
qwen,economics,67,75.66983032226562,0.5843582153320312,3.4795303344726562,0,0,CORRECT
qwen,economics,69,75.96369171142578,2.5502166748046875,6.721527099609375,1,1,CORRECT
qwen,economics,68,86.03877258300781,10.700981140136719,13.410125732421875,0,0,CORRECT
qwen,economics,58,76.90061950683594,3.1740493774414062,5.8755035400390625,0,0,CORRECT
qwen,economics,72,79.91908264160156,3.8338088989257812,5.140922546386719,0,0,CORRECT
qwen,economics,71,79.21778106689453,8.250473022460938,13.061119079589844,0,0,CORRECT
qwen,economics,74,85.8499526977539,2.6550674438476562,4.3123321533203125,1,1,CORRECT
qwen,economics,76,73.66326141357422,8.145439147949219,12.2242431640625,0,0,INCORRECT
qwen,economics,70,87.1836929321289,17.091636657714844,21.562881469726562,0,1,CORRECT
qwen,economics,73,76.72807312011719,1.790130615234375,5.559608459472656,1,1,CORRECT
qwen,economics,77,76.14776611328125,1.7872848510742188,4.68182373046875,0,0,INCORRECT
qwen,economics,75,78.25039672851562,2.140533447265625,6.6584014892578125,1,1,CORRECT
qwen,economics,80,78.23316192626953,6.282356262207031,12.011604309082031,0,0,CORRECT
qwen,economics,82,73.71332550048828,1.852752685546875,4.614692687988281,0,0,CORRECT
qwen,economics,79,86.9549331665039,1.1585235595703125,4.048187255859375,1,1,CORRECT
qwen,economics,83,77.20156860351562,4.041572570800781,6.996856689453125,0,1,CORRECT
qwen,economics,78,71.98371887207031,2.5032424926757812,5.4479827880859375,0,0,CORRECT
qwen,economics,81,79.10447692871094,1.4503402709960938,3.5926055908203125,0,0,CORRECT
qwen,economics,90,80.58001708984375,1.4210891723632812,5.3440704345703125,0,0,CORRECT
qwen,economics,84,75.02755737304688,3.7387466430664062,5.882911682128906,0,0,CORRECT
qwen,economics,88,83.2318344116211,5.086067199707031,8.119773864746094,0,1,CORRECT
qwen,economics,85,74.30182647705078,2.7404632568359375,8.440681457519531,0,0,CORRECT
qwen,economics,87,77.42829895019531,5.977752685546875,8.318069458007812,0,0,INCORRECT
qwen,economics,89,78.90338897705078,3.27264404296875,7.029052734375,0,1,CORRECT
qwen,economics,86,81.15705108642578,3.9120101928710938,7.108528137207031,0,1,INCORRECT
qwen,economics,92,69.2466812133789,3.9214248657226562,6.841594696044922,1,1,CORRECT
qwen,economics,91,78.38871765136719,6.511444091796875,10.304122924804688,0,0,INCORRECT
qwen,economics,94,75.96607971191406,2.0544891357421875,5.56866455078125,0,0,CORRECT
qwen,economics,96,77.33917236328125,2.1377182006835938,6.855949401855469,1,1,CORRECT
qwen,economics,97,83.33202362060547,1.3854598999023438,5.9539794921875,0,1,INCORRECT
qwen,economics,95,82.98820495605469,2.036407470703125,5.439704895019531,1,1,CORRECT
qwen,economics,98,88.3687515258789,4.152290344238281,9.034950256347656,0,1,CORRECT
qwen,economics,93,71.8409194946289,1.6958541870117188,6.0587158203125,1,1,CORRECT
qwen,economics,100,72.36775207519531,3.0969619750976562,5.6371612548828125,0,0,CORRECT
qwen,economics,99,79.17874908447266,1.829376220703125,4.288734436035156,0,0,CORRECT
qwen,leetcode,1,86.2453842163086,11.130401611328125,14.847343444824219,1,1,CORRECT
qwen,economics,101,72.2181167602539,2.2849349975585938,5.280738830566406,0,0,INCORRECT
qwen,leetcode,0,84.94949340820312,9.532524108886719,12.574806213378906,1,1,CORRECT
qwen,economics,102,81.30347442626953,1.098907470703125,3.4496841430664062,0,0,INCORRECT
qwen,leetcode,3,83.09917449951172,3.82196044921875,6.95281982421875,1,1,CORRECT
qwen,leetcode,4,78.65100860595703,2.1002960205078125,6.8244171142578125,1,1,INCORRECT
qwen,leetcode,2,88.56417846679688,11.999237060546875,15.093849182128906,1,1,CORRECT
qwen,leetcode,5,80.92650604248047,9.052787780761719,12.842796325683594,1,1,CORRECT
qwen,leetcode,7,80.73946380615234,8.429092407226562,11.736900329589844,0,1,INCORRECT
qwen,leetcode,8,77.96978759765625,4.855613708496094,10.652748107910156,0,1,INCORRECT
qwen,leetcode,10,75.66717529296875,1.7375411987304688,3.6302642822265625,0,1,CORRECT
qwen,leetcode,9,89.62796020507812,15.354110717773438,16.7503662109375,1,1,CORRECT
qwen,leetcode,6,82.92913818359375,9.16265869140625,13.776420593261719,1,1,CORRECT
qwen,leetcode,13,76.24337005615234,1.1556396484375,4.025848388671875,1,1,CORRECT
qwen,leetcode,14,74.4578628540039,3.0103988647460938,5.259315490722656,1,1,CORRECT
qwen,leetcode,16,77.39754486083984,0.8474578857421875,3.9304122924804688,0,1,CORRECT
qwen,leetcode,12,74.00274658203125,1.1214447021484375,2.9949722290039062,0,0,INCORRECT
qwen,leetcode,11,76.59314727783203,4.706939697265625,10.361824035644531,0,1,CORRECT
qwen,leetcode,17,79.05413818359375,3.5633697509765625,5.7600555419921875,1,1,CORRECT
qwen,leetcode,18,74.5998764038086,3.4005661010742188,5.3600006103515625,1,1,CORRECT
qwen,leetcode,19,76.16157531738281,5.6275634765625,9.637069702148438,0,0,INCORRECT
qwen,leetcode,20,80.4021987915039,9.343894958496094,11.659126281738281,0,0,CORRECT
qwen,leetcode,21,75.67372131347656,3.7192306518554688,6.961669921875,1,1,CORRECT
qwen,leetcode,23,77.708251953125,2.6920623779296875,5.10662841796875,0,0,CORRECT
qwen,leetcode,24,81.16160583496094,6.3870086669921875,12.598251342773438,1,1,CORRECT
qwen,leetcode,22,82.07686614990234,4.6746368408203125,11.319419860839844,1,1,CORRECT
qwen,leetcode,25,77.8411636352539,4.2489013671875,7.286521911621094,1,1,CORRECT
qwen,leetcode,15,78.6337890625,1.2712249755859375,4.095191955566406,0,0,INCORRECT
qwen,leetcode,31,73.56025695800781,3.0260162353515625,4.959266662597656,1,1,INCORRECT
qwen,leetcode,27,75.98658752441406,1.6492385864257812,3.7541961669921875,0,1,CORRECT
qwen,leetcode,28,69.05838012695312,3.2953414916992188,4.9000396728515625,0,0,CORRECT
qwen,leetcode,30,74.55783081054688,1.33636474609375,4.3461151123046875,1,1,CORRECT
qwen,leetcode,29,77.37345123291016,3.447113037109375,7.5331878662109375,1,1,CORRECT
qwen,leetcode,26,77.8314437866211,9.011695861816406,12.082084655761719,0,1,INCORRECT
qwen,leetcode,32,80.69947814941406,1.458404541015625,4.338470458984375,0,0,CORRECT
qwen,leetcode,33,82.44657897949219,9.534072875976562,11.9046630859375,1,1,CORRECT
qwen,leetcode,38,77.84610748291016,4.8888092041015625,7.557518005371094,0,0,INCORRECT
qwen,leetcode,35,76.26570892333984,0.9023971557617188,2.8163375854492188,0,1,CORRECT
qwen,leetcode,34,79.65025329589844,3.1775283813476562,6.778541564941406,1,1,CORRECT
qwen,leetcode,36,77.5783462524414,3.6471099853515625,5.4367523193359375,0,0,CORRECT
qwen,leetcode,37,72.82173919677734,0.44301605224609375,2.7514495849609375,1,1,CORRECT
qwen,leetcode,40,80.44491577148438,4.575431823730469,8.631950378417969,1,1,CORRECT
qwen,leetcode,39,77.09139251708984,2.8049240112304688,4.745231628417969,0,0,CORRECT
qwen,leetcode,42,79.95051574707031,4.2741851806640625,8.023216247558594,0,1,CORRECT
qwen,leetcode,45,82.83531951904297,3.262298583984375,7.2564544677734375,0,0,INCORRECT
qwen,leetcode,43,82.3307876586914,10.921943664550781,13.501213073730469,1,1,CORRECT
qwen,leetcode,47,76.7880630493164,1.3717041015625,3.3595428466796875,0,0,CORRECT
qwen,leetcode,41,78.2988052368164,1.9324569702148438,5.7400054931640625,1,1,CORRECT
qwen,leetcode,46,82.7200698852539,10.748687744140625,15.446052551269531,1,1,CORRECT
qwen,leetcode,48,75.20877838134766,4.163536071777344,8.292243957519531,0,1,INCORRECT
qwen,leetcode,44,71.61869049072266,2.7839736938476562,6.4168548583984375,1,1,CORRECT
qwen,leetcode,52,82.12919616699219,8.015388488769531,10.062278747558594,0,0,INCORRECT
qwen,leetcode,51,77.94334411621094,4.084831237792969,6.6054534912109375,0,1,CORRECT
qwen,leetcode,50,84.14147186279297,7.2469329833984375,11.806861877441406,1,1,CORRECT
qwen,leetcode,55,78.68343353271484,2.8985214233398438,5.1660308837890625,0,0,CORRECT
qwen,leetcode,49,75.36199188232422,1.6535797119140625,4.290679931640625,1,1,CORRECT
qwen,leetcode,53,82.42459106445312,4.121635437011719,6.825347900390625,1,1,CORRECT
qwen,leetcode,54,77.6702651977539,4.657249450683594,6.7806243896484375,1,1,CORRECT
qwen,leetcode,60,79.24034881591797,5.15972900390625,8.761329650878906,0,1,INCORRECT
qwen,leetcode,61,75.86033630371094,0.7950973510742188,4.3783416748046875,0,0,INCORRECT
qwen,leetcode,58,84.15161895751953,5.9739990234375,9.969818115234375,1,1,CORRECT
qwen,leetcode,56,79.39666748046875,0.2477874755859375,2.4284210205078125,0,0,INCORRECT
qwen,leetcode,59,77.61947631835938,8.136154174804688,15.344417572021484,0,0,CORRECT
qwen,leetcode,57,79.34205627441406,2.516632080078125,7.262794494628906,0,0,CORRECT
qwen,leetcode,63,83.35800170898438,6.567512512207031,9.552703857421875,0,0,INCORRECT
qwen,leetcode,62,84.34185791015625,10.434516906738281,16.641555786132812,1,1,INCORRECT
qwen,leetcode,64,81.68990325927734,4.125335693359375,6.065177917480469,0,0,CORRECT
qwen,leetcode,66,75.35527801513672,2.989044189453125,5.604072570800781,0,0,CORRECT
qwen,leetcode,67,83.86151123046875,10.465118408203125,15.299453735351562,1,1,INCORRECT
qwen,leetcode,68,72.96666717529297,3.8830490112304688,7.399009704589844,0,0,CORRECT
qwen,leetcode,70,77.90626525878906,4.7213287353515625,8.499908447265625,1,1,CORRECT
qwen,leetcode,65,81.16283416748047,10.144462585449219,12.874168395996094,1,1,CORRECT
qwen,leetcode,69,78.5535888671875,5.412788391113281,7.5133056640625,0,1,CORRECT
qwen,leetcode,72,80.34919738769531,5.905036926269531,8.360809326171875,0,0,CORRECT
qwen,leetcode,71,79.3267822265625,8.162422180175781,10.8365478515625,0,0,CORRECT
qwen,leetcode,74,80.60629272460938,5.9529876708984375,8.562080383300781,0,0,INCORRECT
qwen,leetcode,73,83.29961395263672,7.6680145263671875,9.264854431152344,0,0,CORRECT
qwen,leetcode,76,71.90850067138672,3.1414871215820312,6.4642333984375,0,0,CORRECT
qwen,leetcode,75,70.41915130615234,1.2964248657226562,3.7201995849609375,0,1,CORRECT
qwen,leetcode,77,83.25635528564453,11.594688415527344,15.220413208007812,0,1,CORRECT
qwen,leetcode,78,81.22392272949219,2.446319580078125,6.593254089355469,0,1,INCORRECT
qwen,leetcode,79,86.0298843383789,11.054801940917969,14.64715576171875,1,1,INCORRECT
qwen,leetcode,82,80.4905014038086,5.6905364990234375,8.393386840820312,0,0,INCORRECT
qwen,leetcode,81,75.9832763671875,4.788322448730469,7.5853729248046875,0,1,CORRECT
qwen,leetcode,85,83.28058624267578,4.186119079589844,7.311820983886719,1,1,INCORRECT
qwen,leetcode,84,69.69927215576172,1.6999969482421875,3.2649459838867188,0,0,INCORRECT
qwen,leetcode,83,77.89392852783203,4.21197509765625,6.746696472167969,1,1,INCORRECT
qwen,leetcode,80,84.310791015625,13.137245178222656,15.60693359375,1,1,CORRECT
qwen,leetcode,86,71.920654296875,3.4254608154296875,5.236366271972656,0,0,INCORRECT
qwen,leetcode,89,78.41206359863281,1.3679885864257812,2.7986984252929688,0,1,CORRECT
qwen,leetcode,91,79.9013671875,3.1915283203125,6.255378723144531,0,1,CORRECT
qwen,leetcode,92,77.1111831665039,6.352989196777344,9.09014892578125,1,1,INCORRECT
qwen,leetcode,88,74.46145629882812,1.35009765625,5.040618896484375,0,0,CORRECT
qwen,leetcode,93,68.73265075683594,2.0428619384765625,2.8089752197265625,0,0,CORRECT
qwen,leetcode,90,83.42073822021484,2.4828033447265625,5.412147521972656,0,0,CORRECT
qwen,leetcode,87,78.6094741821289,6.2343292236328125,8.918724060058594,0,0,INCORRECT
qwen,leetcode,94,73.25130462646484,1.15814208984375,3.5966720581054688,0,1,CORRECT
qwen,leetcode,95,85.15495300292969,11.110435485839844,14.183937072753906,1,1,CORRECT
qwen,leetcode,97,76.47020721435547,1.6845321655273438,4.9168548583984375,0,0,INCORRECT
qwen,leetcode,99,70.54119873046875,2.9812850952148438,5.989570617675781,1,1,CORRECT
qwen,leetcode,96,76.55399322509766,0.8444137573242188,4.292167663574219,1,1,CORRECT
qwen,leetcode,98,80.63162994384766,9.073593139648438,12.457061767578125,1,1,CORRECT
qwen,leetcode,102,84.84490966796875,13.759666442871094,15.938133239746094,0,0,CORRECT
qwen,leetcode,100,67.6336669921875,2.2656478881835938,4.060997009277344,1,1,CORRECT
qwen,leetcode,103,80.10546875,8.663108825683594,14.098388671875,1,1,CORRECT
qwen,leetcode,105,82.53714752197266,12.212455749511719,14.35595703125,0,0,CORRECT
qwen,leetcode,104,71.50863647460938,2.709136962890625,5.031608581542969,0,0,INCORRECT
qwen,leetcode,106,80.52184295654297,10.565650939941406,12.349510192871094,0,0,INCORRECT
qwen,leetcode,107,77.56578063964844,7.333763122558594,10.780181884765625,0,0,INCORRECT
qwen,leetcode,114,77.83435821533203,4.1090545654296875,6.8568878173828125,0,0,CORRECT
qwen,leetcode,101,81.16083526611328,6.672882080078125,10.538597106933594,0,0,CORRECT
qwen,leetcode,108,80.89259338378906,3.5709075927734375,5.713447570800781,0,1,CORRECT
qwen,leetcode,112,72.18256378173828,1.0415496826171875,3.6559906005859375,0,0,INCORRECT
qwen,leetcode,110,86.51777648925781,9.892402648925781,12.769287109375,0,0,CORRECT
qwen,leetcode,109,77.71790313720703,2.304656982421875,5.622184753417969,0,0,INCORRECT
qwen,leetcode,113,79.20899200439453,2.5936203002929688,6.087501525878906,0,0,CORRECT
qwen,leetcode,111,81.7226791381836,8.790122985839844,12.533889770507812,0,0,INCORRECT
qwen,leetcode,116,78.28514862060547,6.50335693359375,9.77001953125,1,1,CORRECT
qwen,leetcode,117,81.88688659667969,2.5688323974609375,7.839393615722656,0,1,CORRECT
qwen,leetcode,118,80.06595611572266,6.987083435058594,9.201927185058594,0,1,CORRECT
qwen,leetcode,115,79.30970764160156,2.36474609375,5.291259765625,0,0,CORRECT
qwen,leetcode,119,77.65095520019531,3.8262405395507812,7.026985168457031,1,1,INCORRECT
qwen,leetcode,120,79.15035247802734,6.836967468261719,9.188888549804688,0,0,INCORRECT
qwen,leetcode,123,82.05816650390625,4.682380676269531,7.368141174316406,1,1,CORRECT
qwen,leetcode,122,74.61076354980469,4.27410888671875,6.60675048828125,1,1,CORRECT
qwen,leetcode,124,76.20352172851562,1.5398025512695312,3.6503372192382812,1,1,CORRECT
qwen,leetcode,127,74.00880432128906,4.778099060058594,7.802742004394531,0,0,CORRECT
qwen,leetcode,125,81.70625305175781,1.8281326293945312,5.617057800292969,0,1,INCORRECT
qwen,leetcode,126,83.67876434326172,3.7339248657226562,8.37750244140625,1,1,CORRECT
qwen,leetcode,129,75.64958953857422,4.9837799072265625,9.793441772460938,1,1,CORRECT
qwen,leetcode,121,71.93408966064453,2.1114730834960938,3.71014404296875,0,1,CORRECT
qwen,leetcode,128,78.86328887939453,2.0696029663085938,7.258384704589844,1,1,CORRECT
qwen,leetcode,135,81.8318099975586,3.5943984985351562,6.438240051269531,0,1,CORRECT
qwen,leetcode,132,80.56110382080078,5.255859375,7.2913970947265625,1,1,CORRECT
qwen,leetcode,133,75.5188980102539,3.4729232788085938,7.0127716064453125,0,1,CORRECT
qwen,leetcode,134,72.31018829345703,2.410369873046875,4.250450134277344,0,0,CORRECT
qwen,leetcode,130,70.41210174560547,3.0572967529296875,5.840354919433594,1,1,CORRECT
qwen,leetcode,131,74.89887237548828,0.9698104858398438,3.650665283203125,0,1,CORRECT
qwen,pony,0,83.54400634765625,5.177276611328125,7.314002990722656,0,0,CORRECT
qwen,economics,51,80.19173431396484,6.132354736328125,9.868743896484375,0,1,INCORRECT
qwen,pony,1,74.06562042236328,2.9236831665039062,5.580833435058594,0,1,CORRECT
qwen,leetcode,137,74.87142944335938,2.3684844970703125,4.18829345703125,0,1,INCORRECT
qwen,leetcode,139,82.00505065917969,2.9325485229492188,5.674247741699219,0,0,INCORRECT
qwen,leetcode,136,72.03199005126953,1.2952880859375,2.9884872436523438,0,0,CORRECT
qwen,leetcode,140,77.5915298461914,2.953399658203125,5.6673583984375,1,1,INCORRECT
qwen,leetcode,141,81.71104431152344,3.6973876953125,6.0324249267578125,0,0,INCORRECT
qwen,leetcode,138,76.03671264648438,1.9916534423828125,5.9950408935546875,0,0,INCORRECT
qwen,pony,2,83.49382781982422,3.169036865234375,6.419075012207031,0,0,INCORRECT
qwen,pony,9,80.72718048095703,2.4092254638671875,3.593994140625,1,1,CORRECT
qwen,pony,5,78.52169799804688,1.1941146850585938,3.4752883911132812,0,1,CORRECT
qwen,pony,4,82.16715240478516,3.2208633422851562,5.391960144042969,0,1,INCORRECT
qwen,pony,7,78.30598449707031,1.4922561645507812,3.7783355712890625,0,0,INCORRECT
qwen,pony,3,79.05927276611328,2.7653732299804688,5.892601013183594,0,1,INCORRECT
qwen,pony,6,81.07781982421875,2.037384033203125,5.115509033203125,1,1,CORRECT
qwen,pony,8,83.92620849609375,3.747039794921875,6.911399841308594,1,1,CORRECT
qwen,pony,10,81.79972076416016,1.8459701538085938,4.3106231689453125,0,1,CORRECT
qwen,pony,11,78.43901062011719,1.1160812377929688,3.6286087036132812,0,1,CORRECT
qwen,pony,15,74.99238586425781,1.549835205078125,3.2490310668945312,0,1,INCORRECT
qwen,pony,12,78.12602233886719,1.4506683349609375,3.5652389526367188,0,0,INCORRECT
qwen,pony,13,80.23680114746094,0.9702682495117188,3.3730316162109375,0,0,CORRECT
qwen,pony,14,78.74551391601562,1.9692840576171875,3.6424484252929688,0,0,INCORRECT
qwen,pony,16,78.25845336914062,3.5317840576171875,7.22979736328125,0,1,INCORRECT
qwen,pony,17,82.0717544555664,2.0254669189453125,4.579216003417969,1,1,CORRECT
qwen,pony,18,82.21781158447266,3.0831756591796875,7.233116149902344,0,0,CORRECT
qwen,pony,26,80.50666809082031,0.7954788208007812,3.7501220703125,0,1,CORRECT
qwen,pony,19,78.9044418334961,2.0913543701171875,3.5886764526367188,0,0,CORRECT
qwen,pony,20,80.89115905761719,0.7229690551757812,3.082000732421875,1,1,CORRECT
qwen,pony,22,78.74501037597656,2.61224365234375,4.2559051513671875,1,1,CORRECT
qwen,pony,21,77.93488311767578,1.5656356811523438,3.8057785034179688,1,1,CORRECT
qwen,pony,23,83.35781860351562,4.059913635253906,6.820381164550781,0,1,CORRECT
qwen,pony,25,82.1508560180664,3.7041549682617188,5.8600006103515625,0,1,INCORRECT
qwen,pony,34,79.31024169921875,1.389068603515625,4.304290771484375,0,0,CORRECT
qwen,pony,24,81.58921813964844,2.6472244262695312,4.747657775878906,1,1,INCORRECT
qwen,pony,27,80.30482482910156,1.7287368774414062,4.470619201660156,1,1,INCORRECT
qwen,pony,28,81.31752014160156,2.5953598022460938,5.250267028808594,0,1,INCORRECT
qwen,pony,32,77.36453247070312,1.267364501953125,3.9527664184570312,1,1,INCORRECT
qwen,pony,30,80.8447265625,1.562744140625,3.7657012939453125,1,1,INCORRECT
qwen,pony,29,78.49163818359375,0.5720138549804688,3.7494430541992188,0,0,CORRECT
qwen,pony,33,79.64804077148438,0.6269302368164062,4.4334259033203125,0,1,INCORRECT
qwen,pony,31,80.14366912841797,1.3657760620117188,4.2522430419921875,0,1,CORRECT
qwen,pony,35,78.54487609863281,1.914764404296875,4.603607177734375,1,1,CORRECT
qwen,pony,36,80.80074310302734,0.7780838012695312,3.5732879638671875,1,1,CORRECT
qwen,pony,39,84.79734802246094,4.777793884277344,8.606834411621094,0,1,INCORRECT
qwen,pony,40,79.82144927978516,1.8026046752929688,4.637260437011719,1,1,INCORRECT
qwen,pony,37,86.61358642578125,4.414512634277344,7.0678558349609375,1,1,INCORRECT
qwen,pony,43,79.24198150634766,0.43888092041015625,2.76580810546875,0,1,CORRECT
qwen,pony,38,81.52056121826172,2.7944869995117188,5.1634674072265625,1,1,CORRECT
qwen,pony,48,85.12986755371094,3.8345413208007812,7.0587158203125,1,1,CORRECT
qwen,pony,41,82.26337432861328,1.24169921875,3.175201416015625,0,0,INCORRECT
qwen,pony,42,79.72666931152344,1.49920654296875,3.80072021484375,1,1,CORRECT
qwen,pony,47,77.38968658447266,2.1150970458984375,5.2723388671875,0,0,CORRECT
qwen,pony,51,78.45331573486328,1.5621337890625,3.9265899658203125,1,1,CORRECT
qwen,pony,45,80.73368072509766,1.688140869140625,4.8886566162109375,0,1,INCORRECT
qwen,pony,44,81.30363464355469,0.7515716552734375,3.9263839721679688,0,0,CORRECT
qwen,pony,49,82.0019302368164,3.2808151245117188,5.886100769042969,0,1,CORRECT
qwen,pony,50,81.04024505615234,1.5377426147460938,3.5152587890625,1,1,CORRECT
qwen,pony,46,79.38494873046875,1.7203445434570312,4.494117736816406,1,1,INCORRECT
qwen,pony,54,81.77311706542969,3.3594207763671875,5.577522277832031,0,1,CORRECT
qwen,pony,56,77.48460388183594,1.7111053466796875,3.7840194702148438,0,0,INCORRECT
qwen,pony,58,79.26541137695312,3.3493804931640625,5.728057861328125,0,1,INCORRECT
qwen,pony,57,79.89141082763672,1.45684814453125,4.2431793212890625,0,1,CORRECT
qwen,pony,53,78.4094009399414,2.2362289428710938,3.994171142578125,1,1,INCORRECT
qwen,pony,60,81.54067993164062,0.5791091918945312,3.10986328125,0,1,CORRECT
qwen,pony,52,81.66880798339844,1.8455963134765625,3.95501708984375,1,1,INCORRECT
qwen,pony,59,80.33441925048828,0.74505615234375,3.4595260620117188,0,0,CORRECT
qwen,pony,55,81.1274185180664,2.2250595092773438,4.783317565917969,1,1,INCORRECT
qwen,pony,67,80.33300018310547,1.5217056274414062,3.2096786499023438,0,1,INCORRECT
qwen,pony,62,80.9454345703125,1.0167236328125,2.3156356811523438,1,1,INCORRECT
qwen,pony,63,79.80087280273438,1.4308853149414062,3.5350341796875,0,0,CORRECT
qwen,pony,61,80.7348403930664,2.4587554931640625,4.451087951660156,0,1,INCORRECT
qwen,pony,66,80.89363098144531,1.758758544921875,4.390434265136719,1,1,CORRECT
qwen,pony,65,79.85014343261719,3.3927536010742188,5.613426208496094,0,1,CORRECT
qwen,pony,73,81.2879638671875,2.2367172241210938,4.258674621582031,0,1,CORRECT
qwen,pony,68,82.3236312866211,2.6207351684570312,5.7186279296875,0,0,CORRECT
qwen,pony,69,79.67367553710938,3.025909423828125,6.219657897949219,1,1,CORRECT
qwen,pony,70,77.83853149414062,1.6981201171875,3.64178466796875,0,0,CORRECT
qwen,pony,72,81.3178482055664,1.8747787475585938,3.7783584594726562,0,1,CORRECT
qwen,pony,71,80.24359130859375,1.7316665649414062,3.9447708129882812,0,1,INCORRECT
qwen,pony,74,83.81137084960938,3.8792877197265625,7.0051422119140625,0,1,INCORRECT
qwen,pony,75,79.34088897705078,1.0841903686523438,4.658134460449219,1,1,INCORRECT
qwen,pony,76,81.39340209960938,1.8902359008789062,5.263587951660156,0,1,INCORRECT
qwen,pony,82,82.4483642578125,2.64154052734375,5.319984436035156,0,1,CORRECT
qwen,pony,80,79.8974609375,1.4835357666015625,3.6781387329101562,0,1,INCORRECT
qwen,pony,77,80.62641906738281,3.1697616577148438,5.781944274902344,0,0,CORRECT
qwen,pony,81,79.30255889892578,1.7971038818359375,3.6220016479492188,1,1,CORRECT
qwen,pony,79,80.9200668334961,2.1609725952148438,4.327445983886719,0,1,CORRECT
qwen,pony,78,81.6969223022461,1.6409225463867188,4.21368408203125,0,1,INCORRECT
qwen,pony,87,79.11819458007812,2.0306015014648438,3.528350830078125,0,1,INCORRECT
qwen,pony,83,80.21560668945312,1.6137847900390625,4.786582946777344,0,1,CORRECT
qwen,pony,84,79.96019744873047,2.3544769287109375,5.139030456542969,1,1,CORRECT
qwen,pony,85,80.28962707519531,1.780181884765625,4.269554138183594,1,1,CORRECT
qwen,pony,88,83.22785186767578,2.3835296630859375,4.7874908447265625,1,1,CORRECT
qwen,pony,86,80.25891876220703,1.6502838134765625,4.467277526855469,1,1,CORRECT
qwen,pony,89,74.99846649169922,0.703216552734375,2.4623947143554688,0,0,CORRECT
qwen,pony,91,87.19308471679688,9.0234375,11.90789794921875,0,1,INCORRECT
qwen,pony,92,78.87806701660156,1.4275436401367188,3.6435317993164062,1,1,CORRECT
qwen,pony,90,79.09107971191406,1.631500244140625,4.454277038574219,1,1,INCORRECT
qwen,pony,64,78.14950561523438,1.1354904174804688,3.1347198486328125,0,0,INCORRECT
qwen,pony,95,80.96431732177734,1.8528518676757812,4.035484313964844,0,0,CORRECT
qwen,pony,97,82.88388061523438,1.4137420654296875,4.477378845214844,1,1,CORRECT
qwen,pony,96,81.2301025390625,2.3418197631835938,4.771705627441406,0,1,CORRECT
qwen,pony,93,82.8499526977539,1.9884567260742188,4.894584655761719,1,1,CORRECT
qwen,pony,94,79.21212005615234,2.1132659912109375,4.333580017089844,0,1,INCORRECT
qwen,pony,98,83.96841430664062,3.4538345336914062,5.241539001464844,0,0,CORRECT
qwen,pony,102,77.18630981445312,1.6394882202148438,3.2400665283203125,1,1,CORRECT
qwen,pony,99,75.08502960205078,1.4506912231445312,3.1212158203125,0,1,INCORRECT
qwen,pony,100,80.53655242919922,1.5444717407226562,4.119026184082031,1,1,CORRECT
qwen,pony,103,76.76065826416016,0.7275848388671875,3.2256622314453125,1,1,CORRECT
qwen,pony,101,79.89828491210938,3.437896728515625,5.6316986083984375,1,1,CORRECT
qwen,pony,106,81.53638458251953,1.806610107421875,4.003517150878906,0,1,CORRECT
qwen,pony,104,81.72406768798828,1.8859481811523438,4.3259735107421875,0,1,INCORRECT
qwen,pony,105,82.58885955810547,4.351448059082031,7.0344390869140625,1,1,CORRECT
qwen,pony,107,80.73314666748047,2.37127685546875,4.554313659667969,0,1,CORRECT
qwen,pony,108,79.00862884521484,2.0589065551757812,4.024696350097656,0,1,CORRECT
qwen,psychology,9,75.96853637695312,6.9996795654296875,11.473518371582031,1,1,CORRECT
qwen,pony,111,82.33206939697266,1.3858718872070312,3.1629486083984375,0,1,CORRECT
qwen,pony,109,79.38275146484375,2.36871337890625,4.38592529296875,0,0,INCORRECT
qwen,psychology,1,78.51991271972656,3.320556640625,7.244331359863281,1,1,CORRECT
qwen,psychology,0,73.7254638671875,4.278343200683594,6.206077575683594,0,0,CORRECT
qwen,pony,110,80.51737213134766,1.5747299194335938,3.59393310546875,1,1,CORRECT
qwen,psychology,12,75.80007934570312,5.0186309814453125,8.23541259765625,1,1,CORRECT
qwen,psychology,11,76.5256576538086,7.2339935302734375,10.00103759765625,0,0,INCORRECT
qwen,psychology,7,73.55050659179688,3.187774658203125,4.8957672119140625,0,0,INCORRECT
qwen,psychology,5,74.44915771484375,4.008392333984375,11.35312271118164,0,0,CORRECT
qwen,psychology,10,69.64805603027344,2.9103775024414062,4.957786560058594,1,1,CORRECT
qwen,psychology,2,83.68368530273438,3.6637344360351562,7.8574066162109375,1,1,CORRECT
qwen,psychology,4,66.65644073486328,2.6602554321289062,4.437660217285156,0,0,INCORRECT
qwen,psychology,8,73.92867279052734,5.031105041503906,9.834388732910156,0,0,CORRECT
qwen,psychology,3,80.0209732055664,3.4301910400390625,7.986541748046875,0,1,CORRECT
qwen,psychology,6,74.56842803955078,2.9333724975585938,7.707145690917969,0,0,CORRECT
qwen,psychology,17,80.96429443359375,3.0455856323242188,4.8683929443359375,1,1,CORRECT
qwen,psychology,13,74.64683532714844,1.792938232421875,6.026588439941406,1,1,INCORRECT
qwen,psychology,15,75.60989379882812,1.2554931640625,2.8848037719726562,0,0,CORRECT
qwen,psychology,14,67.64462280273438,1.53656005859375,4.371086120605469,0,1,CORRECT
qwen,psychology,21,63.70939636230469,4.017204284667969,6.50323486328125,0,0,INCORRECT
qwen,psychology,20,73.85382843017578,6.710350036621094,11.649093627929688,1,1,CORRECT
qwen,psychology,22,80.33430480957031,0.9201278686523438,1.037445068359375,0,0,CORRECT
qwen,psychology,18,81.81501770019531,3.72210693359375,8.016960144042969,1,1,CORRECT
qwen,psychology,16,80.00276184082031,4.826286315917969,8.808242797851562,0,0,CORRECT
qwen,psychology,27,75.22969818115234,4.9739990234375,8.933151245117188,0,0,INCORRECT
qwen,psychology,24,70.58909606933594,2.3460540771484375,6.3199920654296875,0,1,CORRECT
qwen,psychology,19,79.94708251953125,7.945709228515625,14.200706481933594,1,1,CORRECT
qwen,psychology,28,81.55399322509766,2.2900772094726562,11.409652709960938,1,1,CORRECT
qwen,psychology,26,82.93460083007812,9.221565246582031,16.97088623046875,1,1,CORRECT
qwen,psychology,25,73.6332778930664,3.7677536010742188,8.088752746582031,0,1,CORRECT
qwen,psychology,31,77.43547821044922,3.4669723510742188,5.714347839355469,0,1,CORRECT
qwen,psychology,23,76.6831283569336,5.457878112792969,9.547569274902344,0,0,CORRECT
qwen,psychology,43,76.81935119628906,4.083015441894531,6.705039978027344,1,1,CORRECT
qwen,psychology,29,73.80384063720703,3.4339828491210938,7.145591735839844,0,1,CORRECT
qwen,psychology,38,66.79411315917969,2.1875839233398438,7.440101623535156,1,1,CORRECT
qwen,psychology,33,71.4286117553711,2.428009033203125,5.190185546875,0,1,CORRECT
qwen,psychology,30,80.03134155273438,2.8000411987304688,9.190444946289062,1,1,CORRECT
qwen,psychology,32,76.43434143066406,1.9578628540039062,5.956756591796875,0,0,CORRECT
qwen,psychology,34,80.2193374633789,3.192840576171875,5.3451995849609375,0,0,CORRECT
qwen,psychology,35,84.27091217041016,4.5971527099609375,17.88884735107422,1,1,CORRECT
qwen,psychology,37,81.94589233398438,1.3303756713867188,6.667877197265625,1,1,CORRECT
qwen,psychology,36,76.00025177001953,0.35584259033203125,6.554710388183594,0,1,CORRECT
qwen,psychology,44,78.88257598876953,6.6451873779296875,9.833000183105469,1,1,CORRECT
qwen,psychology,42,77.04812622070312,4.088165283203125,7.663665771484375,0,1,CORRECT
qwen,psychology,39,73.27310943603516,2.554595947265625,4.448707580566406,1,1,CORRECT
qwen,psychology,41,75.30241394042969,1.6795196533203125,4.302101135253906,0,0,CORRECT
qwen,psychology,40,80.44200897216797,4.457557678222656,9.116539001464844,0,0,CORRECT
qwen,psychology,52,71.42989349365234,2.57977294921875,4.497520446777344,1,1,CORRECT
qwen,psychology,51,75.02488708496094,8.999984741210938,13.10500717163086,1,1,CORRECT
qwen,psychology,55,67.1911849975586,4.862922668457031,8.427131652832031,0,1,INCORRECT
qwen,psychology,53,74.18729400634766,1.345794677734375,2.9480133056640625,0,0,CORRECT
qwen,psychology,45,73.4688949584961,1.784088134765625,5.030677795410156,0,1,CORRECT
qwen,psychology,50,84.98839569091797,8.752655029296875,12.847412109375,0,1,CORRECT
qwen,psychology,48,72.69397735595703,3.0047607421875,6.323921203613281,0,0,INCORRECT
qwen,psychology,47,76.4553451538086,3.8298797607421875,11.666755676269531,1,1,CORRECT
qwen,psychology,46,82.55902099609375,1.1008529663085938,3.2548828125,0,0,CORRECT
qwen,psychology,49,79.23741912841797,4.710121154785156,8.397438049316406,0,0,INCORRECT
qwen,psychology,56,69.2310791015625,2.929931640625,5.500202178955078,0,1,CORRECT
qwen,psychology,54,75.80963897705078,2.3381805419921875,4.798149108886719,0,0,CORRECT
qwen,psychology,57,81.268310546875,1.9273147583007812,18.737937927246094,1,1,CORRECT
qwen,psychology,64,69.6025619506836,2.3985366821289062,5.186958312988281,0,0,INCORRECT
qwen,psychology,58,75.38795471191406,0.942626953125,2.7706756591796875,0,0,CORRECT
qwen,psychology,67,81.35102844238281,5.124664306640625,12.389633178710938,1,1,CORRECT
qwen,psychology,62,74.37140655517578,1.490936279296875,6.145637512207031,0,0,CORRECT
qwen,psychology,60,73.19454193115234,3.814117431640625,7.8684234619140625,0,1,CORRECT
qwen,psychology,61,75.65409851074219,1.31427001953125,4.0439910888671875,0,1,CORRECT
qwen,psychology,59,75.42753601074219,1.4615249633789062,6.12823486328125,0,1,CORRECT
qwen,psychology,65,78.6390609741211,5.3672943115234375,10.792037963867188,0,1,INCORRECT
qwen,psychology,63,73.45899200439453,2.7256698608398438,9.193778991699219,0,0,INCORRECT
qwen,psychology,70,71.66358184814453,2.7498092651367188,5.627220153808594,0,0,INCORRECT
qwen,psychology,66,81.18711853027344,3.4028396606445312,8.695777893066406,0,0,CORRECT
qwen,psychology,69,74.63301086425781,3.46697998046875,6.985237121582031,0,1,INCORRECT
qwen,psychology,68,81.17803955078125,2.6849899291992188,10.002174377441406,0,1,CORRECT
qwen,psychology,71,76.04805755615234,2.541656494140625,5.886039733886719,0,1,CORRECT
qwen,psychology,75,78.71974182128906,1.669921875,7.942726135253906,0,0,INCORRECT
qwen,psychology,77,62.15944290161133,4.045833587646484,7.464992523193359,0,0,INCORRECT
qwen,psychology,73,76.18006134033203,1.9082870483398438,4.697151184082031,0,0,CORRECT
qwen,psychology,72,79.65294647216797,3.5221786499023438,7.739387512207031,1,1,CORRECT
qwen,psychology,74,69.48040008544922,4.846565246582031,8.963691711425781,1,1,CORRECT
qwen,psychology,79,77.74849700927734,5.322975158691406,9.085212707519531,1,1,CORRECT
qwen,psychology,78,68.71903228759766,1.370849609375,3.5048446655273438,0,0,INCORRECT
qwen,psychology,89,71.2100601196289,2.357818603515625,4.471641540527344,0,0,INCORRECT
qwen,psychology,76,73.19466400146484,1.5095138549804688,8.696815490722656,1,1,CORRECT
qwen,psychology,80,74.82799530029297,3.9439010620117188,12.378761291503906,0,1,CORRECT
qwen,psychology,81,74.2676773071289,3.6061859130859375,7.368980407714844,0,0,INCORRECT
qwen,psychology,82,77.05949401855469,3.6548919677734375,7.555442810058594,0,1,CORRECT
qwen,psychology,83,70.86093139648438,2.22601318359375,5.0360565185546875,1,1,CORRECT
qwen,psychology,88,75.98694610595703,3.3791656494140625,7.4748687744140625,1,1,CORRECT
qwen,psychology,84,77.58700561523438,1.1120376586914062,10.454376220703125,1,1,CORRECT
qwen,psychology,85,70.32374572753906,2.040374755859375,6.499969482421875,0,0,CORRECT
qwen,psychology,86,77.84762573242188,12.214981079101562,19.169677734375,1,1,CORRECT
qwen,psychology,87,79.6438217163086,1.2194442749023438,6.8392181396484375,0,1,CORRECT
qwen,psychology,93,65.44160461425781,1.7173385620117188,4.763782501220703,0,0,INCORRECT
qwen,psychology,92,73.25643157958984,2.8677291870117188,6.510490417480469,1,1,CORRECT
qwen,psychology,94,68.05545806884766,3.4953994750976562,5.852710723876953,0,1,CORRECT
qwen,psychology,91,74.17401123046875,1.1580886840820312,7.18756103515625,1,1,CORRECT
qwen,psychology,99,70.86711883544922,3.0023345947265625,5.778709411621094,0,0,INCORRECT
qwen,psychology,96,68.06856536865234,1.9168701171875,4.576572418212891,0,0,CORRECT
qwen,psychology,95,74.55722045898438,1.9589157104492188,4.347984313964844,0,0,CORRECT
qwen,psychology,90,80.33820343017578,2.45697021484375,9.566726684570312,0,1,CORRECT
qwen,psychology,100,73.88638305664062,4.167381286621094,8.601997375488281,0,0,INCORRECT
qwen,psychology,97,75.73371887207031,9.660346984863281,14.06961441040039,1,1,CORRECT
qwen,psychology,98,71.47299194335938,2.5496597290039062,4.38763427734375,0,0,CORRECT
qwen,robotics,5,87.46923828125,1.1196212768554688,4.298622131347656,0,0,CORRECT
qwen,robotics,0,86.55296325683594,0.31349945068359375,1.960693359375,0,0,CORRECT
qwen,robotics,10,83.43470764160156,1.8173141479492188,3.2428359985351562,1,1,INCORRECT
qwen,robotics,3,86.8591537475586,0.21013641357421875,1.8426437377929688,0,0,INCORRECT
qwen,robotics,4,88.95870971679688,1.7793197631835938,3.6987991333007812,0,0,CORRECT
qwen,robotics,6,89.9916763305664,0.9473342895507812,2.84332275390625,0,0,CORRECT
qwen,robotics,1,84.73043060302734,3.2316055297851562,5.334403991699219,0,0,INCORRECT
qwen,robotics,2,90.51518249511719,1.0529632568359375,2.8647308349609375,0,1,CORRECT
qwen,robotics,14,84.7509536743164,1.5704574584960938,2.8926239013671875,0,0,INCORRECT
qwen,robotics,7,83.80272674560547,1.4775009155273438,2.77587890625,0,0,CORRECT
qwen,robotics,9,86.39334106445312,1.6357345581054688,4.423683166503906,0,0,INCORRECT
qwen,robotics,12,89.22792053222656,4.2948150634765625,5.753662109375,1,1,CORRECT
qwen,robotics,11,87.0824966430664,1.7528839111328125,4.621253967285156,0,1,CORRECT
qwen,robotics,8,84.16553497314453,1.8966064453125,3.3841476440429688,1,1,CORRECT
qwen,robotics,13,86.94135284423828,1.5079498291015625,2.5388641357421875,0,0,CORRECT
qwen,robotics,15,85.71422576904297,1.4038162231445312,2.9832839965820312,0,0,INCORRECT
qwen,robotics,16,84.30526733398438,0.35715484619140625,1.6915817260742188,0,0,CORRECT
qwen,robotics,24,86.73585510253906,0.21857452392578125,2.1776885986328125,0,1,CORRECT
qwen,robotics,19,88.38957214355469,1.6384506225585938,3.9620819091796875,0,0,INCORRECT
qwen,robotics,18,89.92371368408203,0.22515106201171875,2.555755615234375,0,1,CORRECT
qwen,robotics,17,89.63398742675781,1.877960205078125,5.884941101074219,0,1,CORRECT
qwen,robotics,30,87.38720703125,1.1996917724609375,2.4971084594726562,0,0,CORRECT
qwen,robotics,21,86.87071990966797,1.8800430297851562,3.91790771484375,0,1,INCORRECT
qwen,robotics,22,69.24690246582031,0.8639144897460938,4.9161376953125,0,0,CORRECT
qwen,robotics,20,88.31782531738281,0.5584640502929688,2.4216461181640625,1,1,INCORRECT
qwen,robotics,23,88.4247055053711,2.49700927734375,3.8976211547851562,0,1,CORRECT
qwen,robotics,25,81.42589569091797,2.092132568359375,5.0539093017578125,0,0,CORRECT
qwen,robotics,28,90.9563217163086,3.3272018432617188,4.758544921875,0,0,CORRECT
qwen,robotics,29,87.73184204101562,2.3216705322265625,6.083518981933594,0,0,CORRECT
qwen,robotics,27,86.67508697509766,0.2390899658203125,4.5585784912109375,1,1,CORRECT
qwen,robotics,31,85.009765625,2.038482666015625,3.904205322265625,0,1,INCORRECT
qwen,robotics,26,89.47869110107422,0.7929306030273438,2.23748779296875,0,1,CORRECT
qwen,robotics,32,84.85324096679688,0.7117691040039062,3.1780014038085938,0,0,CORRECT
qwen,robotics,34,84.8698501586914,1.1915435791015625,4.3602447509765625,0,0,INCORRECT
qwen,robotics,33,88.9568862915039,2.614471435546875,3.4012985229492188,0,0,CORRECT
qwen,robotics,35,83.959228515625,1.0178070068359375,2.0173873901367188,0,0,CORRECT
qwen,robotics,36,86.05940246582031,1.7154159545898438,4.334053039550781,1,1,INCORRECT
qwen,robotics,37,87.25535583496094,2.6164474487304688,4.518913269042969,0,0,CORRECT
qwen,robotics,43,85.48236846923828,1.1633529663085938,4.624961853027344,0,1,CORRECT
qwen,robotics,42,85.82078552246094,2.821990966796875,3.7711029052734375,0,0,INCORRECT
qwen,robotics,39,83.42411804199219,1.37841796875,3.5800323486328125,1,1,CORRECT
qwen,robotics,40,87.37788391113281,0.840911865234375,2.2063064575195312,0,1,INCORRECT
qwen,robotics,41,91.72045135498047,0.22601318359375,2.7074737548828125,0,0,CORRECT
qwen,robotics,38,91.00914764404297,4.350494384765625,7.743278503417969,0,1,INCORRECT
qwen,robotics,49,87.98507690429688,1.2556838989257812,3.9468002319335938,0,1,INCORRECT
qwen,robotics,44,85.92716217041016,0.3114013671875,1.3210906982421875,0,0,INCORRECT
qwen,robotics,46,89.43677520751953,2.071990966796875,3.63592529296875,1,1,CORRECT
qwen,robotics,45,91.16546630859375,2.9700088500976562,5.048316955566406,1,1,CORRECT
qwen,robotics,48,80.72209930419922,1.4796371459960938,2.536376953125,0,1,CORRECT
qwen,robotics,47,88.28546142578125,3.6217803955078125,4.949028015136719,1,1,CORRECT
qwen,robotics,50,84.90858459472656,0.6686172485351562,2.8209381103515625,1,1,CORRECT
qwen,robotics,51,84.20097351074219,2.330169677734375,4.736717224121094,0,0,CORRECT
qwen,robotics,52,85.23683166503906,0.4011688232421875,2.1001129150390625,0,0,CORRECT
qwen,robotics,53,80.56298828125,0.8778457641601562,2.5180816650390625,0,0,CORRECT
qwen,robotics,59,87.33548736572266,3.6134796142578125,6.857429504394531,1,1,CORRECT
qwen,robotics,54,90.0023422241211,1.6398239135742188,2.6039047241210938,0,1,CORRECT
qwen,robotics,56,89.16757202148438,0.39591217041015625,1.9447784423828125,0,0,INCORRECT
qwen,robotics,60,90.04833221435547,1.7695846557617188,5.1000823974609375,0,0,CORRECT
qwen,robotics,55,89.08415222167969,1.7975616455078125,3.05206298828125,0,0,CORRECT
qwen,robotics,57,90.05963134765625,0.604156494140625,2.5302505493164062,0,0,INCORRECT
qwen,robotics,58,93.53684997558594,1.0599899291992188,5.297966003417969,0,0,CORRECT
qwen,robotics,65,89.21701049804688,1.6171798706054688,2.77398681640625,0,0,CORRECT
qwen,robotics,67,87.76957702636719,0.9806900024414062,2.1788177490234375,0,0,INCORRECT
qwen,robotics,61,89.7906265258789,1.5675125122070312,5.922508239746094,0,1,INCORRECT
qwen,robotics,63,91.3432388305664,2.417266845703125,5.209930419921875,1,1,CORRECT
qwen,robotics,64,88.85608673095703,3.2967758178710938,4.298027038574219,1,1,CORRECT
qwen,robotics,73,87.75806427001953,0.306549072265625,2.8814697265625,0,1,INCORRECT
qwen,robotics,62,83.58634948730469,0.930755615234375,2.7167739868164062,0,1,CORRECT
qwen,robotics,70,85.5582275390625,1.366241455078125,3.1834793090820312,0,0,CORRECT
qwen,robotics,71,87.25100708007812,2.0317840576171875,3.7754440307617188,1,1,CORRECT
qwen,robotics,75,88.14366149902344,1.8838119506835938,4.898048400878906,1,1,CORRECT
qwen,robotics,68,86.43585205078125,3.0178375244140625,5.282279968261719,1,1,CORRECT
qwen,robotics,74,85.84727478027344,0.9067153930664062,2.92132568359375,0,0,INCORRECT
qwen,robotics,72,90.71942901611328,3.8102035522460938,5.202033996582031,0,0,CORRECT
qwen,robotics,77,86.61739349365234,1.5985031127929688,4.530357360839844,0,0,INCORRECT
qwen,robotics,69,88.09081268310547,1.14862060546875,2.8464584350585938,1,1,CORRECT
qwen,robotics,76,83.01101684570312,0.491851806640625,2.1207046508789062,0,0,CORRECT
qwen,robotics,82,86.11558532714844,2.471588134765625,3.1070785522460938,0,0,CORRECT
qwen,robotics,83,87.28273010253906,2.1906356811523438,4.116874694824219,0,0,CORRECT
qwen,robotics,78,90.8792495727539,3.0484237670898438,5.772361755371094,1,1,CORRECT
qwen,robotics,80,87.89960479736328,0.7085800170898438,3.1672515869140625,0,0,CORRECT
qwen,robotics,79,88.1191635131836,1.6624755859375,3.2222442626953125,0,0,CORRECT
qwen,robotics,81,91.39395141601562,0.8368759155273438,2.477569580078125,0,0,CORRECT
qwen,robotics,92,87.06876373291016,4.8590240478515625,7.591972351074219,1,1,CORRECT
qwen,robotics,88,86.95924377441406,1.3466949462890625,3.1271133422851562,0,0,INCORRECT
qwen,robotics,66,83.95838928222656,0.7111663818359375,2.810882568359375,1,1,CORRECT
qwen,robotics,84,89.69499206542969,2.5177001953125,3.8831100463867188,1,1,CORRECT
qwen,robotics,85,88.95707702636719,2.118927001953125,5.16448974609375,1,1,CORRECT
qwen,robotics,86,85.44780731201172,2.201202392578125,5.0882415771484375,0,0,INCORRECT
qwen,robotics,91,89.04399871826172,3.9968338012695312,8.735916137695312,1,1,CORRECT
qwen,robotics,90,86.72307586669922,0.8454132080078125,3.2741012573242188,1,1,CORRECT
qwen,robotics,97,82.99869537353516,1.1826095581054688,4.248313903808594,0,0,CORRECT
qwen,robotics,87,87.99736785888672,2.8546981811523438,4.275115966796875,0,1,INCORRECT
qwen,robotics,89,91.32489776611328,1.9816818237304688,3.4614334106445312,0,0,CORRECT
qwen,robotics,93,92.94345092773438,5.2205810546875,8.146415710449219,1,1,CORRECT
qwen,robotics,95,84.06616973876953,0.5539627075195312,1.3106536865234375,0,0,INCORRECT
qwen,robotics,96,85.5521240234375,1.4319305419921875,3.5217056274414062,0,0,INCORRECT
qwen,robotics,94,91.09716796875,2.7007598876953125,5.603431701660156,0,1,CORRECT
qwen,robotics,98,88.36442565917969,1.035491943359375,1.9335174560546875,0,1,CORRECT
qwen,robotics,99,87.81848907470703,1.1626663208007812,4.111488342285156,0,0,CORRECT
qwen,robotics,100,88.9050064086914,3.1132125854492188,5.118438720703125,0,0,CORRECT
qwen,stackoverflow,0,82.69624328613281,1.4817352294921875,3.380767822265625,1,1,CORRECT
qwen,stackoverflow,4,85.6999740600586,3.5813827514648438,5.511260986328125,0,0,CORRECT
qwen,stackoverflow,5,87.8509750366211,1.7956008911132812,2.9599609375,0,0,CORRECT
qwen,stackoverflow,2,83.38861083984375,1.217132568359375,3.82562255859375,1,1,CORRECT
qwen,stackoverflow,9,82.12101745605469,1.15753173828125,2.5283126831054688,0,0,INCORRECT
qwen,stackoverflow,6,83.88423156738281,0.7921600341796875,3.235137939453125,0,0,CORRECT
qwen,stackoverflow,1,84.29370880126953,2.2610015869140625,5.646232604980469,0,0,CORRECT
qwen,stackoverflow,7,79.71349334716797,2.0583114624023438,3.7131881713867188,0,0,CORRECT
qwen,stackoverflow,10,86.86587524414062,1.078643798828125,5.350341796875,1,1,CORRECT
qwen,stackoverflow,8,76.97185516357422,2.0824432373046875,4.9290771484375,1,1,CORRECT
qwen,stackoverflow,3,81.84056091308594,0.5935592651367188,3.1969146728515625,0,1,CORRECT
qwen,stackoverflow,11,82.80243682861328,0.5465621948242188,2.409332275390625,0,0,CORRECT
qwen,stackoverflow,13,84.59092712402344,0.7696609497070312,2.9407501220703125,0,0,CORRECT
qwen,stackoverflow,12,84.80029296875,3.59576416015625,6.1748809814453125,1,1,INCORRECT
qwen,stackoverflow,14,86.007080078125,3.8483963012695312,8.420738220214844,0,0,CORRECT
qwen,stackoverflow,16,88.7369155883789,1.913177490234375,6.9334716796875,1,1,CORRECT
qwen,stackoverflow,18,86.1957778930664,1.4525833129882812,6.5298309326171875,0,0,CORRECT
qwen,stackoverflow,17,77.44237518310547,1.6711273193359375,3.5018157958984375,0,0,CORRECT
qwen,stackoverflow,21,76.23778533935547,2.5564651489257812,4.962226867675781,1,1,CORRECT
qwen,stackoverflow,19,79.05050659179688,0.9914779663085938,3.8668136596679688,0,0,CORRECT
qwen,stackoverflow,20,85.63896179199219,2.9372406005859375,4.938880920410156,0,1,CORRECT
qwen,stackoverflow,15,84.339599609375,2.765106201171875,4.2402496337890625,0,0,CORRECT
qwen,stackoverflow,22,88.83567810058594,1.5073699951171875,6.26678466796875,0,0,INCORRECT
qwen,stackoverflow,23,84.4401626586914,2.5457000732421875,6.782722473144531,0,1,CORRECT
qwen,stackoverflow,24,82.45012664794922,3.3834381103515625,6.13763427734375,1,1,CORRECT
qwen,stackoverflow,26,82.44965362548828,3.2157363891601562,5.811553955078125,0,0,CORRECT
qwen,stackoverflow,25,89.05242156982422,2.8907699584960938,5.3613433837890625,0,0,CORRECT
qwen,stackoverflow,29,85.09318542480469,4.787849426269531,8.93878173828125,0,0,CORRECT
qwen,stackoverflow,28,84.05303192138672,1.7502899169921875,5.92767333984375,0,1,CORRECT
qwen,stackoverflow,27,85.00450897216797,2.0426788330078125,7.176856994628906,0,0,INCORRECT
qwen,stackoverflow,31,84.0606460571289,4.3841705322265625,5.613334655761719,1,1,CORRECT
qwen,stackoverflow,30,76.40765380859375,0.6985855102539062,3.8023834228515625,1,1,INCORRECT
qwen,stackoverflow,36,87.3028335571289,3.3734054565429688,10.043586730957031,0,0,CORRECT
qwen,stackoverflow,32,82.17236328125,3.3086700439453125,6.234169006347656,0,1,CORRECT
qwen,stackoverflow,40,81.87397766113281,2.17657470703125,10.042228698730469,0,0,INCORRECT
qwen,stackoverflow,37,79.64170837402344,2.7444000244140625,5.265235900878906,0,1,CORRECT
qwen,stackoverflow,33,83.65669250488281,0.4936065673828125,1.8373947143554688,0,0,CORRECT
qwen,stackoverflow,41,88.7126235961914,1.2377090454101562,6.84930419921875,1,1,CORRECT
qwen,stackoverflow,42,88.93624877929688,2.5573501586914062,14.91571044921875,1,1,CORRECT
qwen,stackoverflow,34,90.13494873046875,1.4163818359375,6.7216339111328125,0,1,CORRECT
qwen,stackoverflow,35,83.57707214355469,1.4000625610351562,4.028961181640625,0,0,CORRECT
qwen,stackoverflow,39,83.84698486328125,3.0758895874023438,7.041343688964844,0,1,CORRECT
qwen,stackoverflow,44,85.0594482421875,2.4944076538085938,8.826141357421875,1,1,INCORRECT
qwen,stackoverflow,46,74.66057586669922,2.231048583984375,4.9334869384765625,0,1,CORRECT
qwen,stackoverflow,45,79.89445495605469,1.1980972290039062,4.760673522949219,0,1,CORRECT
qwen,stackoverflow,38,81.5147705078125,2.3043594360351562,5.559349060058594,0,1,INCORRECT
qwen,stackoverflow,47,87.28819274902344,1.60614013671875,5.299407958984375,1,1,CORRECT
qwen,stackoverflow,43,87.478271484375,1.2974395751953125,2.5954513549804688,1,1,CORRECT
qwen,stackoverflow,48,83.48834228515625,4.745018005371094,8.686531066894531,1,1,CORRECT
qwen,stackoverflow,49,82.72185516357422,1.8573989868164062,3.7027053833007812,1,1,CORRECT
qwen,stackoverflow,50,78.94451904296875,1.8223876953125,5.068626403808594,0,0,CORRECT
qwen,stackoverflow,52,85.88084411621094,3.4964752197265625,8.402603149414062,1,1,CORRECT
qwen,stackoverflow,53,87.03491973876953,0.5211639404296875,2.67559814453125,0,1,CORRECT
qwen,stackoverflow,54,85.88668060302734,0.9811630249023438,2.3183517456054688,0,1,CORRECT
qwen,stackoverflow,51,83.50469970703125,1.8804473876953125,3.4615631103515625,0,0,CORRECT
qwen,stackoverflow,55,83.83911895751953,1.8244476318359375,7.7002716064453125,0,0,CORRECT
qwen,stackoverflow,56,86.48987579345703,1.0041885375976562,5.307167053222656,1,1,CORRECT
qwen,stackoverflow,57,86.47447204589844,1.7019577026367188,2.9271240234375,0,0,CORRECT
qwen,stackoverflow,61,82.1243667602539,1.6536178588867188,2.9383773803710938,0,0,CORRECT
qwen,stackoverflow,59,86.17732238769531,4.629737854003906,11.414138793945312,0,0,CORRECT
qwen,stackoverflow,58,78.62935638427734,2.5270843505859375,7.7764129638671875,0,1,CORRECT
qwen,stackoverflow,63,85.52841186523438,5.548942565917969,11.297195434570312,0,1,CORRECT
qwen,stackoverflow,60,78.2913818359375,2.2381744384765625,5.372154235839844,0,1,CORRECT
qwen,stackoverflow,62,83.92719268798828,0.8487701416015625,2.631072998046875,0,1,CORRECT
qwen,stackoverflow,64,87.38105010986328,1.1506423950195312,4.900360107421875,1,1,CORRECT
qwen,stackoverflow,68,83.34962463378906,0.8185272216796875,2.72296142578125,0,0,CORRECT
qwen,stackoverflow,65,85.31724548339844,2.5921478271484375,7.539802551269531,0,0,CORRECT
qwen,stackoverflow,71,81.46382141113281,2.93988037109375,6.5358428955078125,0,1,CORRECT
qwen,stackoverflow,67,75.18476867675781,4.753257751464844,6.758262634277344,0,0,CORRECT
qwen,stackoverflow,66,85.99472045898438,3.5031890869140625,7.001319885253906,0,0,CORRECT
qwen,stackoverflow,70,89.49267578125,2.3785171508789062,4.376640319824219,0,0,CORRECT
qwen,stackoverflow,73,85.94721221923828,2.4569091796875,4.744636535644531,0,0,INCORRECT
qwen,stackoverflow,69,82.39319610595703,2.8231964111328125,6.0365753173828125,0,0,INCORRECT
qwen,stackoverflow,72,84.53419494628906,7.668083190917969,11.396492004394531,1,1,CORRECT
qwen,stackoverflow,78,77.52633666992188,3.6572113037109375,6.129966735839844,0,0,INCORRECT
qwen,stackoverflow,75,80.63587188720703,1.7196426391601562,4.4055633544921875,0,1,CORRECT
qwen,stackoverflow,74,88.56207275390625,0.61151123046875,2.3103408813476562,0,0,INCORRECT
qwen,stackoverflow,76,88.95760345458984,1.467010498046875,4.333160400390625,0,0,CORRECT
qwen,stackoverflow,77,82.3930892944336,0.5350189208984375,4.054039001464844,1,1,CORRECT
qwen,stackoverflow,79,87.62432861328125,3.4385833740234375,9.521926879882812,1,1,CORRECT
qwen,stackoverflow,80,88.01421356201172,4.983238220214844,9.233917236328125,0,1,CORRECT
qwen,stackoverflow,86,89.29956817626953,4.530181884765625,10.635246276855469,1,1,CORRECT
qwen,stackoverflow,88,88.86186218261719,4.142097473144531,12.127281188964844,1,1,CORRECT
qwen,stackoverflow,82,81.43728637695312,4.118888854980469,6.504859924316406,1,1,CORRECT
qwen,stackoverflow,81,81.61790466308594,1.0027389526367188,6.236259460449219,0,1,INCORRECT
qwen,stackoverflow,83,78.266357421875,2.5425643920898438,8.891860961914062,1,1,CORRECT
qwen,stackoverflow,89,82.99849700927734,1.1672821044921875,3.453460693359375,0,1,INCORRECT
qwen,stackoverflow,87,81.63429260253906,5.639732360839844,10.755485534667969,0,1,INCORRECT
qwen,stackoverflow,84,81.33064270019531,4.1087646484375,11.142486572265625,1,1,CORRECT
qwen,stackoverflow,85,85.97821807861328,3.3157424926757812,10.195777893066406,1,1,CORRECT
qwen,stackoverflow,95,86.015625,5.4954071044921875,14.466575622558594,0,0,CORRECT
qwen,stackoverflow,94,77.28376007080078,1.8697128295898438,4.86724853515625,1,1,CORRECT
qwen,stackoverflow,92,87.50057220458984,1.8504562377929688,3.3310089111328125,0,1,CORRECT
qwen,stackoverflow,93,85.21196746826172,2.2071533203125,7.5714111328125,0,0,CORRECT
qwen,stackoverflow,91,83.14703369140625,1.5783004760742188,3.8770065307617188,0,1,CORRECT
qwen,stackoverflow,96,83.58708953857422,3.670318603515625,8.937507629394531,0,1,CORRECT
qwen,stackoverflow,90,86.84380340576172,9.183151245117188,11.593727111816406,0,0,CORRECT
qwen,stackoverflow,99,80.55754852294922,1.3612213134765625,3.7796783447265625,1,1,CORRECT
qwen,stackoverflow,98,86.44830322265625,0.5108413696289062,2.1523666381835938,1,1,INCORRECT
qwen,stackoverflow,100,88.29821014404297,5.880531311035156,11.824058532714844,0,1,CORRECT
qwen,stackoverflow,97,73.17244720458984,0.0,2.3482437133789062,0,0,CORRECT
qwen,stackoverflow,103,89.90428161621094,6.059745788574219,8.741432189941406,1,1,CORRECT
qwen,stackoverflow,102,89.81255340576172,3.9373550415039062,11.766189575195312,1,1,CORRECT
qwen,stackoverflow,104,79.9127426147461,0.735015869140625,4.675102233886719,1,1,CORRECT
qwen,stackoverflow,101,87.697021484375,1.0080032348632812,1.4864883422851562,0,0,CORRECT
qwen,stackoverflow,105,89.58865356445312,2.0713729858398438,6.2664642333984375,1,1,CORRECT
qwen,stackoverflow,106,89.46449279785156,3.3862762451171875,7.686332702636719,1,1,CORRECT
qwen,stackoverflow,109,91.5445785522461,2.7735977172851562,9.086456298828125,0,0,CORRECT
qwen,stackoverflow,110,87.89496612548828,4.477546691894531,8.46728515625,1,1,CORRECT
qwen,stackoverflow,107,88.33084106445312,5.360816955566406,11.751113891601562,1,1,CORRECT
qwen,stackoverflow,111,87.90821838378906,1.5164794921875,3.5422592163085938,0,1,CORRECT
qwen,stackoverflow,112,89.00439453125,0.495025634765625,5.538848876953125,0,1,INCORRECT
qwen,sustainable_living,1,78.05928039550781,2.191192626953125,5.2833404541015625,0,0,INCORRECT
qwen,stackoverflow,108,88.14327239990234,1.6019668579101562,5.7374420166015625,1,1,CORRECT
qwen,sustainable_living,0,79.46337127685547,4.2497711181640625,6.631439208984375,0,0,CORRECT
qwen,sustainable_living,4,83.0409927368164,2.0058746337890625,4.659141540527344,0,0,INCORRECT
qwen,stackoverflow,114,85.235595703125,2.7985153198242188,5.185142517089844,1,1,CORRECT
qwen,stackoverflow,113,85.31251525878906,1.9660720825195312,5.034278869628906,0,1,INCORRECT
qwen,stackoverflow,116,87.58460998535156,3.4550018310546875,7.520744323730469,0,0,CORRECT
qwen,sustainable_living,3,80.5275650024414,4.391044616699219,6.947761535644531,0,0,CORRECT
qwen,sustainable_living,2,86.19865417480469,4.5540008544921875,11.137031555175781,1,1,CORRECT
qwen,stackoverflow,115,78.07267761230469,2.5072402954101562,5.968574523925781,0,1,CORRECT
qwen,sustainable_living,12,75.05736541748047,4.30126953125,11.591217041015625,0,0,CORRECT
qwen,sustainable_living,18,84.93901062011719,1.2151641845703125,5.5652618408203125,0,0,INCORRECT
qwen,sustainable_living,9,73.83522033691406,2.0992889404296875,4.718742370605469,0,0,CORRECT
qwen,sustainable_living,6,82.42584991455078,3.4531173706054688,8.376365661621094,1,1,CORRECT
qwen,sustainable_living,5,77.85002899169922,3.3043212890625,6.6917572021484375,0,0,CORRECT
qwen,sustainable_living,10,75.08525085449219,1.619232177734375,4.726997375488281,0,1,INCORRECT
qwen,sustainable_living,20,82.03121185302734,6.499053955078125,9.4024658203125,0,0,INCORRECT
qwen,sustainable_living,11,79.76966094970703,2.3491897583007812,5.143669128417969,0,0,CORRECT
qwen,sustainable_living,7,77.36027526855469,2.3027114868164062,5.0985870361328125,0,0,CORRECT
qwen,sustainable_living,13,84.83948516845703,4.253997802734375,6.288703918457031,1,1,CORRECT
qwen,sustainable_living,14,79.38387298583984,1.717742919921875,5.074790954589844,0,0,INCORRECT
qwen,sustainable_living,8,76.45217895507812,0.7269439697265625,4.4138946533203125,0,0,CORRECT
qwen,sustainable_living,22,77.38172149658203,3.5810623168945312,7.1064453125,0,1,INCORRECT
qwen,sustainable_living,15,81.10750579833984,4.944549560546875,8.617279052734375,0,1,CORRECT
qwen,sustainable_living,17,79.69091796875,3.037139892578125,7.328193664550781,0,0,CORRECT
qwen,sustainable_living,16,74.57884216308594,2.5757675170898438,5.8068084716796875,0,0,CORRECT
qwen,sustainable_living,21,84.37137603759766,4.885711669921875,9.491767883300781,0,0,INCORRECT
qwen,sustainable_living,19,83.28392791748047,1.1516571044921875,2.8205947875976562,0,0,CORRECT
qwen,sustainable_living,28,75.7332992553711,3.39996337890625,5.269905090332031,0,1,INCORRECT
qwen,sustainable_living,26,77.96499633789062,1.0045394897460938,4.100517272949219,0,1,INCORRECT
qwen,sustainable_living,27,84.68199157714844,1.5797042846679688,6.865547180175781,0,0,INCORRECT
qwen,sustainable_living,35,83.57134246826172,5.895912170410156,10.271865844726562,0,0,INCORRECT
qwen,sustainable_living,30,79.29727172851562,3.118896484375,6.5538330078125,0,1,CORRECT
qwen,sustainable_living,23,78.7593994140625,2.6398086547851562,8.693862915039062,1,1,CORRECT
qwen,sustainable_living,33,79.65430450439453,4.2045135498046875,10.541893005371094,0,0,INCORRECT
qwen,sustainable_living,29,74.34915924072266,1.4308547973632812,4.013786315917969,0,0,INCORRECT
qwen,sustainable_living,25,80.7022476196289,3.2559890747070312,6.940025329589844,0,0,INCORRECT
qwen,sustainable_living,24,75.59855651855469,3.1615447998046875,6.053047180175781,1,1,INCORRECT
qwen,sustainable_living,41,77.7461166381836,2.1101837158203125,4.822998046875,0,0,INCORRECT
qwen,sustainable_living,37,77.34976196289062,0.7136306762695312,5.000823974609375,0,1,INCORRECT
qwen,sustainable_living,31,82.07490539550781,2.055999755859375,4.651649475097656,0,0,CORRECT
qwen,sustainable_living,34,80.40756225585938,4.6861114501953125,8.767257690429688,1,1,CORRECT
qwen,sustainable_living,32,78.57040405273438,2.031982421875,4.973876953125,1,1,CORRECT
qwen,sustainable_living,47,81.26061248779297,1.6045150756835938,5.563240051269531,0,0,INCORRECT
qwen,sustainable_living,43,80.77284240722656,5.9283294677734375,8.608970642089844,0,0,CORRECT
qwen,sustainable_living,40,83.71090698242188,9.995849609375,14.133018493652344,1,1,CORRECT
qwen,sustainable_living,38,78.88013458251953,2.2256088256835938,6.8728485107421875,0,0,CORRECT
qwen,sustainable_living,36,80.29806518554688,5.678138732910156,8.969017028808594,0,0,CORRECT
qwen,sustainable_living,44,82.11810302734375,7.932868957519531,10.764175415039062,1,1,CORRECT
qwen,sustainable_living,39,81.67659759521484,4.678138732910156,10.084678649902344,1,1,CORRECT
qwen,sustainable_living,51,83.11622619628906,2.7476272583007812,11.368927001953125,1,1,CORRECT
qwen,sustainable_living,46,77.97395324707031,2.581085205078125,5.9583587646484375,0,0,CORRECT
qwen,sustainable_living,48,78.288818359375,2.715423583984375,5.3822174072265625,1,1,CORRECT
qwen,sustainable_living,42,80.46623992919922,3.2228851318359375,6.689544677734375,1,1,CORRECT
qwen,sustainable_living,57,80.9381103515625,3.2390060424804688,6.061668395996094,0,1,CORRECT
qwen,sustainable_living,60,80.19483184814453,3.2827911376953125,8.250114440917969,0,0,INCORRECT
qwen,sustainable_living,58,79.56383514404297,6.293006896972656,8.747871398925781,0,1,CORRECT
qwen,sustainable_living,45,83.36798858642578,7.886749267578125,11.881088256835938,1,1,CORRECT
qwen,sustainable_living,53,76.41803741455078,2.7563323974609375,7.1868133544921875,0,0,INCORRECT
qwen,sustainable_living,50,78.57097625732422,7.619361877441406,11.894500732421875,1,1,CORRECT
qwen,sustainable_living,49,85.25587463378906,5.0047149658203125,12.043159484863281,0,1,CORRECT
qwen,sustainable_living,52,78.83555603027344,3.0070724487304688,6.404899597167969,0,0,CORRECT
qwen,sustainable_living,62,75.10169982910156,1.4840011596679688,4.8379364013671875,0,0,INCORRECT
qwen,sustainable_living,59,83.010009765625,1.7471466064453125,5.7667388916015625,0,0,INCORRECT
qwen,sustainable_living,65,85.2074966430664,6.1226043701171875,9.030525207519531,0,0,INCORRECT
qwen,sustainable_living,69,75.36144256591797,3.550567626953125,7.73876953125,1,1,CORRECT
qwen,sustainable_living,66,75.49137878417969,3.0185623168945312,5.029998779296875,0,0,INCORRECT
qwen,sustainable_living,55,78.16568756103516,5.798011779785156,10.611946105957031,1,1,CORRECT
qwen,sustainable_living,70,81.78799438476562,2.0947341918945312,5.574729919433594,0,0,INCORRECT
qwen,sustainable_living,71,85.30119323730469,2.5774612426757812,3.5417404174804688,0,0,INCORRECT
qwen,sustainable_living,54,87.85481262207031,6.03070068359375,15.930587768554688,1,1,CORRECT
qwen,sustainable_living,56,83.6948471069336,3.2212295532226562,6.3641815185546875,0,1,CORRECT
qwen,sustainable_living,61,85.14871978759766,3.1100616455078125,8.622695922851562,1,1,CORRECT
qwen,sustainable_living,67,77.92391967773438,3.137969970703125,6.357566833496094,0,1,CORRECT
qwen,sustainable_living,64,83.00171661376953,4.967567443847656,7.130836486816406,0,0,INCORRECT
qwen,sustainable_living,68,75.61866760253906,1.6538467407226562,5.886436462402344,0,0,INCORRECT
qwen,sustainable_living,63,81.37191772460938,0.8424453735351562,4.269737243652344,0,0,CORRECT
qwen,sustainable_living,75,82.35791015625,5.742424011230469,9.150222778320312,0,1,INCORRECT
qwen,sustainable_living,72,83.83859252929688,6.0997161865234375,9.000785827636719,1,1,CORRECT
qwen,sustainable_living,77,83.57794952392578,6.006034851074219,8.207611083984375,0,0,INCORRECT
qwen,sustainable_living,80,77.52000427246094,3.6854095458984375,6.497047424316406,0,0,INCORRECT
qwen,sustainable_living,73,82.70714569091797,1.0213699340820312,5.33392333984375,0,0,CORRECT
qwen,sustainable_living,76,82.3327865600586,7.198493957519531,11.316421508789062,1,1,CORRECT
qwen,sustainable_living,79,75.18690490722656,1.582794189453125,4.135986328125,0,0,CORRECT
qwen,sustainable_living,74,78.09534454345703,0.6021957397460938,3.4395675659179688,0,0,INCORRECT
qwen,sustainable_living,81,73.60607147216797,3.8741378784179688,6.929817199707031,0,0,CORRECT
qwen,sustainable_living,83,89.01622009277344,2.911407470703125,12.435676574707031,1,1,CORRECT
qwen,sustainable_living,86,84.46250915527344,5.500602722167969,8.861244201660156,0,0,INCORRECT
qwen,sustainable_living,82,82.34583282470703,3.2724456787109375,5.8013763427734375,1,1,CORRECT
qwen,sustainable_living,85,79.81642150878906,3.2695465087890625,6.0635223388671875,0,0,CORRECT
qwen,sustainable_living,78,80.55237579345703,2.937164306640625,7.608436584472656,1,1,CORRECT
qwen,sustainable_living,84,83.51085662841797,4.789070129394531,8.176567077636719,1,1,CORRECT
qwen,sustainable_living,89,82.27080535888672,3.3197174072265625,6.098182678222656,0,0,INCORRECT
qwen,sustainable_living,88,79.90003204345703,2.471771240234375,6.174461364746094,0,0,INCORRECT
qwen,sustainable_living,90,82.10487365722656,5.5776824951171875,9.450515747070312,0,1,INCORRECT
qwen,sustainable_living,87,80.63191986083984,2.4608535766601562,6.739036560058594,0,0,CORRECT
qwen,sustainable_living,91,85.6451416015625,3.94793701171875,10.119178771972656,0,0,CORRECT
qwen,sustainable_living,95,78.79324340820312,2.57745361328125,6.768013000488281,0,0,CORRECT
qwen,sustainable_living,97,83.41143798828125,4.4841461181640625,7.33148193359375,0,0,INCORRECT
qwen,sustainable_living,92,76.4390640258789,1.0852508544921875,6.375762939453125,0,0,INCORRECT
qwen,sustainable_living,98,74.40541076660156,3.1118698120117188,5.981109619140625,0,0,INCORRECT
qwen,sustainable_living,105,83.42497253417969,1.9160232543945312,6.618659973144531,0,1,INCORRECT
qwen,sustainable_living,102,84.5899429321289,1.3215484619140625,4.8726654052734375,0,0,CORRECT
qwen,sustainable_living,100,75.82660675048828,1.37213134765625,3.9921646118164062,0,1,INCORRECT
qwen,sustainable_living,106,78.9328842163086,2.984619140625,6.161468505859375,0,1,CORRECT
qwen,sustainable_living,93,82.80880737304688,0.7699432373046875,4.1366729736328125,0,0,INCORRECT
qwen,sustainable_living,96,85.32368469238281,6.3860931396484375,11.369972229003906,1,1,CORRECT
qwen,sustainable_living,99,85.45438385009766,3.4084625244140625,9.997283935546875,1,1,CORRECT
qwen,sustainable_living,94,77.88850402832031,2.5048980712890625,6.923271179199219,0,0,CORRECT
qwen,sustainable_living,103,84.67228698730469,3.9983444213867188,9.336578369140625,1,1,CORRECT
qwen,sustainable_living,104,80.35771179199219,1.7444000244140625,5.5891876220703125,0,0,INCORRECT
qwen,sustainable_living,101,77.14739990234375,2.3178558349609375,5.9280853271484375,0,1,CORRECT
qwen,sustainable_living,107,79.75039672851562,3.7006454467773438,6.334938049316406,1,1,CORRECT
qwen,theoremqa_questions,TheoremQA_elainewan/math_calculus_5_2.json,58.5576286315918,0.4523811340332031,6.2265625,0,0,INCORRECT
qwen,theoremqa_questions,TheoremQA_jianyu_xu/pigeonhole_2.json,71.8899154663086,2.7909927368164062,7.177742004394531,0,0,INCORRECT
qwen,theoremqa_questions,TheoremQA_maxku/cv-imageprocessing6-histogram.json,47.88154220581055,1.3222007751464844,2.5288162231445312,0,0,INCORRECT
qwen,theoremqa_questions,TheoremQA_jianyu_xu/pigeonhole_3.json,67.5442886352539,4.1474761962890625,6.400077819824219,0,0,CORRECT
qwen,theoremqa_questions,TheoremQA_elainewan/math_algebra_1.json,64.24974060058594,2.4933013916015625,8.155986785888672,0,0,INCORRECT
qwen,theoremqa_questions,TheoremQA_wenhuchen/eigen_value1.json,53.6933708190918,0.7953681945800781,3.4767608642578125,0,0,INCORRECT
qwen,theoremqa_questions,TheoremQA_xinyi/rotation.json,53.5911750793457,5.085704803466797,7.166007995605469,0,0,INCORRECT
qwen,theoremqa_questions,TheoremQA_wenhuchen/definite_matrix1.json,57.00852966308594,18.426013946533203,20.98550796508789,1,1,CORRECT
qwen,theoremqa_questions,TheoremQA_xueguangma/future_value_2.json,69.40599060058594,3.84844970703125,7.488368988037109,1,1,INCORRECT
qwen,theoremqa_questions,TheoremQA_elainewan/math_algebra_1_2.json,58.946502685546875,3.085369110107422,6.0875701904296875,0,0,CORRECT
qwen,theoremqa_questions,TheoremQA_wenhuchen/L'Hôpital_rule1.json,53.97869873046875,5.559669494628906,8.21969223022461,0,0,CORRECT
qwen,theoremqa_questions,TheoremQA_wenhuchen/optics2.json,61.179603576660156,3.9245681762695312,6.871337890625,0,0,CORRECT
qwen,theoremqa_questions,TheoremQA_wenhuchen/optics7.json,51.80537796020508,8.780731201171875,10.784061431884766,1,1,INCORRECT
qwen,theoremqa_questions,TheoremQA_elainewan/math_calculus_2_11.json,44.5230598449707,2.1926536560058594,4.710086822509766,0,0,CORRECT
qwen,theoremqa_questions,TheoremQA_elainewan/math_algebra_4.json,52.43991470336914,4.879207611083984,7.277111053466797,1,1,CORRECT
qwen,theoremqa_questions,TheoremQA_elainewan/math_calculus_2_5.json,50.37379837036133,1.9284934997558594,4.2469024658203125,1,1,CORRECT
qwen,theoremqa_questions,TheoremQA_wenhuchen/gauss_lemma.json,53.70515441894531,2.6508140563964844,5.942584991455078,1,1,INCORRECT
qwen,theoremqa_questions,TheoremQA_xueguangma/dividend_discount_model_2.json,56.476192474365234,6.1820068359375,10.557613372802734,1,1,INCORRECT
qwen,theoremqa_questions,TheoremQA_mingyin/stopping-time1.json,56.513160705566406,9.922416687011719,15.343074798583984,1,1,INCORRECT
qwen,theoremqa_questions,TheoremQA_panlu/similarity2.json,61.56169891357422,1.0798416137695312,4.413749694824219,0,0,CORRECT
qwen,theoremqa_questions,TheoremQA_xinyi/maximum_entropy_2.json,54.184043884277344,4.916744232177734,8.942249298095703,0,1,CORRECT
qwen,theoremqa_questions,TheoremQA_tonyxia/euler-graph3.json,57.842445373535156,7.276027679443359,11.359180450439453,1,1,CORRECT
qwen,theoremqa_questions,TheoremQA_jianyu_xu/Stirling_number_first_kind_5.json,67.6478042602539,2.1559906005859375,8.093574523925781,0,1,INCORRECT
qwen,theoremqa_questions,TheoremQA_maxku/signalprocessing11-nyquist.json,60.54702377319336,18.636619567871094,22.70107650756836,1,1,CORRECT
qwen,theoremqa_questions,TheoremQA_xueguangma/forward_price_2.json,56.88056182861328,3.7582740783691406,6.383720397949219,0,0,INCORRECT
qwen,theoremqa_questions,TheoremQA_maxku/cv-colorsci2-hsi.json,58.593177795410156,19.31688690185547,21.19739532470703,1,1,CORRECT
qwen,theoremqa_questions,TheoremQA_jianyu_xu/combination_1.json,67.8970947265625,3.2949371337890625,7.633144378662109,0,0,INCORRECT
qwen,theoremqa_questions,TheoremQA_xinyi/linear_projection.json,58.42747497558594,1.8827171325683594,7.026760101318359,0,0,CORRECT
qwen,theoremqa_questions,TheoremQA_maxku/ipnetwork13-hammingdist.json,49.68793869018555,3.6249313354492188,5.424346923828125,0,1,CORRECT
qwen,theoremqa_questions,TheoremQA_maxku/signalprocessing15-DB.json,46.69152069091797,8.646163940429688,13.81369400024414,1,1,INCORRECT
qwen,theoremqa_questions,TheoremQA_tonyxia/semiconductor1.json,49.71297836303711,1.3310394287109375,3.6819114685058594,0,0,CORRECT
qwen,theoremqa_questions,TheoremQA_wenhuchen/Liouville’s_theorem1.json,54.03902053833008,13.112995147705078,16.276142120361328,1,1,CORRECT
qwen,theoremqa_questions,TheoremQA_wenhuchen/ODE2.json,59.1773681640625,1.2445755004882812,4.874137878417969,0,0,INCORRECT
qwen,theoremqa_questions,TheoremQA_mingyin/series2.json,48.301544189453125,0.8288345336914062,2.9830703735351562,0,0,INCORRECT
qwen,theoremqa_questions,TheoremQA_mingyin/Lebesgue-measure1.json,55.347652435302734,3.1025428771972656,8.102825164794922,0,0,INCORRECT
qwen,theoremqa_questions,TheoremQA_elainewan/math_abstact_algebra_7_8.json,52.55515670776367,4.857341766357422,8.652462005615234,0,0,CORRECT
qwen,theoremqa_questions,TheoremQA_panlu/rigid-body3.json,55.44403839111328,6.173816680908203,8.705718994140625,0,0,INCORRECT
qwen,theoremqa_questions,TheoremQA_maxku/signalprocessing5-nyquist.json,58.92669677734375,6.702281951904297,17.888710021972656,1,1,CORRECT
qwen,theoremqa_questions,TheoremQA_xinyi/cramer_rao_lower_bound_2.json,71.0826187133789,17.557872772216797,21.052734375,1,1,INCORRECT
qwen,theoremqa_questions,TheoremQA_xueguangma/taylors_approximation_theorem.json,55.44622039794922,2.791614532470703,4.426761627197266,0,0,INCORRECT
qwen,theoremqa_questions,TheoremQA_elainewan/math_algebra_5.json,56.3942985534668,3.5249366760253906,6.452507019042969,0,0,CORRECT
qwen,theoremqa_questions,TheoremQA_xueguangma/binomial_model_2.json,65.02481079101562,1.9552955627441406,3.840015411376953,0,0,CORRECT
qwen,theoremqa_questions,TheoremQA_xueguangma/spot_rate.json,52.76335525512695,8.174922943115234,10.800777435302734,0,0,INCORRECT
qwen,theoremqa_questions,TheoremQA_mingyin/cauchy-integral-theorem1.json,49.41839599609375,2.1530380249023438,5.355556488037109,0,0,CORRECT
qwen,theoremqa_questions,TheoremQA_panlu/molar_heat_capacity2.json,48.61077117919922,3.37469482421875,6.436412811279297,1,1,INCORRECT
qwen,theoremqa_questions,TheoremQA_wenhuchen/determinant2.json,69.82107543945312,12.257823944091797,17.869709014892578,1,1,CORRECT
qwen,theoremqa_questions,TheoremQA_elainewan/math_abstact_algebra_7_5.json,57.28166198730469,6.321098327636719,8.11838150024414,0,0,CORRECT
qwen,theoremqa_questions,TheoremQA_tonyxia/wave2.json,50.77655792236328,8.057292938232422,11.083263397216797,1,1,INCORRECT
qwen,theoremqa_questions,TheoremQA_wenhuchen/trapezoidal_rule2.json,54.56010055541992,2.3299331665039062,4.1728973388671875,0,1,CORRECT
qwen,theoremqa_questions,TheoremQA_xinyi/huffman_code_1.json,60.08399200439453,14.024700164794922,15.374706268310547,1,1,CORRECT
qwen,theoremqa_questions,TheoremQA_maxku/signalprocessing6-Ztransform.json,42.90724563598633,4.255664825439453,7.012489318847656,0,1,CORRECT
qwen,theoremqa_questions,TheoremQA_wenhuchen/determinant1.json,71.38701629638672,12.431800842285156,18.303936004638672,1,1,INCORRECT
qwen,theoremqa_questions,TheoremQA_jianyu_xu/Ramsey_4.json,60.58283615112305,4.3242340087890625,7.5986175537109375,0,1,INCORRECT
qwen,theoremqa_questions,TheoremQA_wenhuchen/ODE3.json,52.45440673828125,3.1046791076660156,5.637859344482422,0,0,INCORRECT
qwen,theoremqa_questions,TheoremQA_maxku/ipnetwork4-mac.json,59.73406982421875,2.9083251953125,5.354976654052734,0,0,INCORRECT
qwen,theoremqa_questions,TheoremQA_maxku/graphtheory5-vertexcover.json,57.32740020751953,8.82187271118164,10.794464111328125,0,0,CORRECT
qwen,theoremqa_questions,TheoremQA_xueguangma/dividend_discount_model_5.json,63.99481201171875,15.637290954589844,18.369674682617188,1,1,INCORRECT
qwen,theoremqa_questions,TheoremQA_wenhuchen/t_test1.json,50.97066116333008,2.5568885803222656,10.44345474243164,1,1,INCORRECT
qwen,theoremqa_questions,TheoremQA_wenhuchen/optics8.json,57.89618682861328,12.451858520507812,14.115402221679688,1,1,INCORRECT
qwen,theoremqa_questions,TheoremQA_maxku/ipnetwork14-hammingdist.json,47.08974075317383,4.015598297119141,6.899295806884766,1,1,INCORRECT
qwen,theoremqa_questions,TheoremQA_jianyu_xu/Ramsey_2.json,66.56236267089844,7.242286682128906,9.147968292236328,1,1,INCORRECT
qwen,theoremqa_questions,TheoremQA_maxku/ipnetwork5-mac.json,45.33757781982422,1.5106353759765625,3.986968994140625,0,0,INCORRECT
qwen,theoremqa_questions,TheoremQA_tonyxia/semiconductor5.json,47.80170440673828,0.9769783020019531,6.1519317626953125,0,0,INCORRECT
qwen,theoremqa_questions,TheoremQA_xinyi/dag_2.json,55.13059616088867,11.795330047607422,14.668754577636719,1,1,CORRECT
qwen,theoremqa_questions,TheoremQA_wenhuchen/viterbi2.json,76.83760070800781,16.595191955566406,21.33331298828125,1,1,CORRECT
qwen,theoremqa_questions,TheoremQA_maxku/graphtheory7-shortestpath.json,50.79740905761719,6.901096343994141,10.074352264404297,1,1,CORRECT
qwen,theoremqa_questions,TheoremQA_elainewan/math_calculus_12.json,64.23164367675781,4.021080017089844,11.750957489013672,0,0,INCORRECT
qwen,theoremqa_questions,TheoremQA_elainewan/math_algebra_3_2.json,41.121498107910156,1.3886528015136719,3.1559906005859375,0,0,CORRECT
qwen,theoremqa_questions,TheoremQA_panlu/molar_heat_capacity1.json,50.597434997558594,2.2493896484375,5.0782623291015625,0,1,INCORRECT
qwen,theoremqa_questions,TheoremQA_elainewan/econ_micro_7.json,58.14891052246094,3.050140380859375,7.354679107666016,1,1,INCORRECT
qwen,theoremqa_questions,TheoremQA_xinyi/channel_capacity_1.json,52.86181640625,6.8740997314453125,12.484542846679688,1,1,CORRECT
qwen,theoremqa_questions,TheoremQA_tonyxia/semiconductor3.json,66.86763763427734,23.20117950439453,28.634445190429688,1,1,INCORRECT
qwen,theoremqa_questions,TheoremQA_wenhuchen/gauss_lemma2.json,47.29433822631836,0.7517967224121094,4.763771057128906,0,0,CORRECT
qwen,theoremqa_questions,TheoremQA_panlu/trapezoid1.json,55.802642822265625,1.8165512084960938,5.193603515625,0,0,CORRECT
qwen,theoremqa_questions,TheoremQA_panlu/angular_frequency3.json,56.68178939819336,1.4196281433105469,4.019905090332031,0,0,INCORRECT
qwen,theoremqa_questions,TheoremQA_tonyxia/statisticalphysics2.json,48.89324188232422,8.152076721191406,11.486454010009766,0,0,INCORRECT
qwen,theoremqa_questions,TheoremQA_jianyu_xu/Stirling_number_second_kind_3.json,65.64225006103516,3.3144912719726562,6.4004364013671875,0,0,INCORRECT
qwen,theoremqa_questions,TheoremQA_wenhuchen/t_test2.json,61.24776077270508,15.011833190917969,21.252952575683594,1,1,INCORRECT
qwen,theoremqa_questions,TheoremQA_tonyxia/particle6.json,57.2552490234375,13.964969635009766,18.94855499267578,1,1,INCORRECT
qwen,theoremqa_questions,TheoremQA_wenhuchen/Rolle's_theorem.json,48.07111358642578,4.024253845214844,7.368736267089844,0,0,CORRECT
qwen,theoremqa_questions,TheoremQA_maxku/cv-cnn4.json,52.660213470458984,6.875583648681641,9.346813201904297,0,1,CORRECT
qwen,theoremqa_questions,TheoremQA_jianyu_xu/Stirling_number_second_kind_6.json,62.47333908081055,1.7076301574707031,4.658210754394531,0,1,INCORRECT
qwen,theoremqa_questions,TheoremQA_maxku/graphtheory3-vertexcover.json,41.974849700927734,5.8913116455078125,8.89963150024414,1,1,CORRECT
qwen,theoremqa_questions,TheoremQA_maxku/graphtheory10-shortestpath.json,48.458255767822266,2.4460525512695312,4.992420196533203,1,1,CORRECT
qwen,theoremqa_questions,TheoremQA_wenhuchen/euler's_method1.json,51.059730529785156,4.265705108642578,6.714752197265625,0,0,INCORRECT
qwen,theoremqa_questions,TheoremQA_elainewan/econ_micro_14_3.json,61.9771842956543,4.68927001953125,7.0664215087890625,0,0,INCORRECT
qwen,theoremqa_questions,TheoremQA_wenhuchen/euler's_method2.json,48.857051849365234,4.677356719970703,8.87551498413086,0,0,INCORRECT
qwen,theoremqa_questions,TheoremQA_wenhuchen/cauchy_integral1.json,48.41696548461914,1.8708114624023438,4.057613372802734,0,0,CORRECT
qwen,theoremqa_questions,TheoremQA_panlu/gravitational_force1.json,56.499839782714844,10.345573425292969,15.453178405761719,1,1,CORRECT
qwen,theoremqa_questions,TheoremQA_jianyu_xu/Catalan_2.json,63.11777877807617,2.3528709411621094,14.34210205078125,0,0,CORRECT
qwen,theoremqa_questions,TheoremQA_wenhuchen/double_integral2.json,53.81821823120117,0.8268356323242188,4.219505310058594,0,0,INCORRECT
qwen,theoremqa_questions,TheoremQA_maxku/signalprocessing13-Ztransform.json,52.025115966796875,12.420360565185547,15.458660125732422,1,1,CORRECT
qwen,theoremqa_questions,TheoremQA_jianyu_xu/Multinomial_2.json,68.2411880493164,5.4529571533203125,10.16971206665039,0,0,INCORRECT
qwen,theoremqa_questions,TheoremQA_maxku/ipnetwork21-ip-2.json,41.21196746826172,5.566707611083984,7.363548278808594,0,0,INCORRECT
qwen,theoremqa_questions,TheoremQA_wenhuchen/kepler's_law1.json,59.78401184082031,11.694511413574219,15.456069946289062,1,1,CORRECT
qwen,theoremqa_questions,TheoremQA_maxku/signalprocessing19-period.json,43.627296447753906,1.3137435913085938,2.9318771362304688,1,1,CORRECT
qwen,theoremqa_questions,TheoremQA_jianyu_xu/Graph_2.json,51.02935028076172,0.887420654296875,4.102146148681641,0,0,CORRECT
qwen,theoremqa_questions,TheoremQA_maxku/cv-imageprocessing9-digital-image.json,62.751155853271484,21.320037841796875,27.327075958251953,1,1,CORRECT
qwen,theoremqa_questions,TheoremQA_elainewan/math_calculus_5.json,53.89304733276367,3.2232704162597656,8.632133483886719,0,0,CORRECT
qwen,theoremqa_questions,TheoremQA_jianyu_xu/Stirling_number_second_kind_5.json,65.47476196289062,2.166912078857422,5.306453704833984,0,0,INCORRECT
qwen,theoremqa_questions,TheoremQA_jianyu_xu/pigeonhole_4.json,60.15604782104492,3.0968780517578125,13.874320983886719,1,1,CORRECT
qwen,theoremqa_questions,TheoremQA_xinyi/dag_3.json,59.41963195800781,1.2566261291503906,3.3504714965820312,0,0,INCORRECT
qwen,theoremqa_questions,TheoremQA_maxku/signalprocessing9-signalrep.json,56.583221435546875,6.462764739990234,9.852306365966797,0,0,CORRECT
qwen,theoremqa_questions,TheoremQA_tonyxia/euler-graph2.json,55.22044372558594,2.9884872436523438,5.2426300048828125,0,1,CORRECT
qwen,theoremqa_questions,TheoremQA_xueguangma/present_value_1.json,64.0475845336914,2.92864990234375,7.950809478759766,0,0,CORRECT
qwen,theoremqa_questions,TheoremQA_jianyu_xu/Stirling_number_first_kind_6.json,69.14537811279297,3.4913482666015625,12.722850799560547,0,0,CORRECT
qwen,theoremqa_questions,TheoremQA_maxku/graphtheory4-vertexcover.json,48.134525299072266,6.654552459716797,9.444103240966797,0,0,CORRECT
qwen,theoremqa_questions,TheoremQA_xueguangma/dividend_discount_model_4.json,62.87308883666992,14.125213623046875,16.740100860595703,1,1,CORRECT
qwen,theoremqa_questions,TheoremQA_xueguangma/forward_price_1.json,56.83845901489258,2.670032501220703,6.327201843261719,0,0,INCORRECT
qwen,theoremqa_questions,TheoremQA_maxku/cv-colorsci3-rgb.json,39.73428726196289,1.6172103881835938,5.4966278076171875,1,1,CORRECT
qwen,theoremqa_questions,TheoremQA_jianyu_xu/Cayley_3.json,51.97208023071289,3.7794342041015625,6.914150238037109,0,0,CORRECT
qwen,theoremqa_questions,TheoremQA_jianyu_xu/Multinomial_1.json,68.3925552368164,7.737800598144531,10.29544448852539,0,0,CORRECT
qwen,theoremqa_questions,TheoremQA_wenhuchen/trapezoidal_rule3.json,52.64409637451172,5.135211944580078,8.090076446533203,1,1,INCORRECT
qwen,theoremqa_questions,TheoremQA_elainewan/math_calculus_3_8.json,64.55480194091797,7.7500152587890625,13.425640106201172,0,0,INCORRECT
qwen,theoremqa_questions,TheoremQA_wenhuchen/infinite_series_sum3.json,45.61014175415039,1.9790420532226562,5.102626800537109,0,0,INCORRECT
qwen,theoremqa_questions,TheoremQA_xueguangma/effective_rates_1.json,69.83842468261719,7.976356506347656,13.092357635498047,0,1,CORRECT
qwen,theoremqa_questions,TheoremQA_elainewan/econ_micro_7_2.json,51.48552703857422,1.6081161499023438,4.701290130615234,0,0,CORRECT
qwen,theoremqa_questions,TheoremQA_jianyu_xu/Binomial_5.json,64.85041046142578,2.823028564453125,5.590339660644531,1,1,CORRECT
qwen,theoremqa_questions,TheoremQA_jianyu_xu/Multinomial_4.json,67.4034652709961,2.2194595336914062,6.619010925292969,1,1,CORRECT
qwen,theoremqa_questions,TheoremQA_xinyi/kernel_1.json,48.3604850769043,2.5203285217285156,5.293968200683594,0,0,INCORRECT
qwen,theoremqa_questions,TheoremQA_panlu/similarity3.json,51.30545425415039,1.5090560913085938,2.8350601196289062,0,0,CORRECT
qwen,theoremqa_questions,TheoremQA_maxku/cv-colorsci1-rgb.json,50.39891052246094,4.109012603759766,6.515132904052734,0,0,CORRECT
qwen,theoremqa_questions,TheoremQA_wenhuchen/t_test3.json,61.03270721435547,15.757389068603516,20.456111907958984,1,1,INCORRECT
qwen,theoremqa_questions,TheoremQA_maxku/fourier6-FT.json,38.04595947265625,3.0697021484375,5.080204010009766,0,1,CORRECT
qwen,theoremqa_questions,TheoremQA_maxku/cv-cnn1.json,56.734554290771484,1.4064216613769531,3.808818817138672,0,0,INCORRECT
qwen,theoremqa_questions,TheoremQA_xinyi/sum_product_algorithm.json,45.4594612121582,6.329456329345703,10.303627014160156,1,1,CORRECT
qwen,theoremqa_questions,TheoremQA_maxku/signalprocessing7-phaseshift.json,54.710262298583984,2.673534393310547,8.160724639892578,0,0,CORRECT
qwen,theoremqa_questions,TheoremQA_jianyu_xu/pigeonhole_1.json,62.005340576171875,10.321205139160156,16.03488540649414,1,1,CORRECT
qwen,theoremqa_questions,TheoremQA_jianyu_xu/Binomial_4.json,70.76616668701172,2.9213714599609375,7.06427001953125,0,0,CORRECT
qwen,theoremqa_questions,TheoremQA_wenhuchen/L'Hôpital_rule2.json,54.37767028808594,3.5114364624023438,9.834609985351562,0,0,INCORRECT
qwen,theoremqa_questions,TheoremQA_wenhuchen/viterbi1.json,64.99107360839844,20.923297882080078,22.908702850341797,1,1,CORRECT
qwen,theoremqa_questions,TheoremQA_xinyi/neural_networks.json,44.91511154174805,2.34808349609375,4.8821868896484375,0,0,CORRECT
qwen,theoremqa_questions,TheoremQA_jianyu_xu/Ramsey_3.json,67.3587417602539,15.419166564941406,19.294586181640625,1,1,CORRECT
qwen,theoremqa_questions,TheoremQA_elainewan/math_calculus_2_6.json,47.65238952636719,1.624176025390625,3.6119346618652344,0,0,INCORRECT
qwen,theoremqa_questions,TheoremQA_xueguangma/future_value_1.json,70.76396942138672,5.945075988769531,12.398956298828125,0,0,CORRECT
qwen,theoremqa_questions,TheoremQA_wenhuchen/kepler's_law3.json,53.92228317260742,8.136425018310547,12.390403747558594,1,1,INCORRECT
qwen,theoremqa_questions,TheoremQA_wenhuchen/jensen2.json,43.201927185058594,0.7860450744628906,2.13519287109375,0,0,INCORRECT
qwen,theoremqa_questions,TheoremQA_wenhuchen/Poisson_process2.json,49.64288330078125,1.9953422546386719,5.1607666015625,0,0,CORRECT
qwen,theoremqa_questions,TheoremQA_wenhuchen/newton2.json,49.22445297241211,2.7643089294433594,4.477668762207031,0,1,CORRECT
qwen,theoremqa_questions,TheoremQA_jianyu_xu/Catalan_1.json,56.02592849731445,3.0936241149902344,5.586536407470703,0,0,INCORRECT
qwen,theoremqa_questions,TheoremQA_jianyu_xu/Binomial_3.json,72.86310577392578,4.56317138671875,10.505054473876953,0,0,CORRECT
qwen,theoremqa_questions,TheoremQA_xueguangma/binomial_model_1.json,61.64897537231445,2.2167434692382812,6.407264709472656,0,0,CORRECT
qwen,theoremqa_questions,TheoremQA_elainewan/econ_micro_11.json,57.719696044921875,3.993083953857422,5.325126647949219,0,0,CORRECT
qwen,theoremqa_questions,TheoremQA_elainewan/econ_micro_18.json,58.21199417114258,4.069751739501953,8.764991760253906,1,1,INCORRECT
qwen,theoremqa_questions,TheoremQA_maxku/signalprocessing14-Ztransform.json,47.45722198486328,4.48870849609375,7.554435729980469,0,0,INCORRECT
qwen,theoremqa_questions,TheoremQA_jianyu_xu/Multinomial_3.json,70.97553253173828,3.455322265625,6.8184356689453125,0,0,CORRECT
qwen,theoremqa_questions,TheoremQA_tonyxia/semiconductor2.json,56.48365783691406,16.032302856445312,21.34154510498047,1,1,INCORRECT
qwen,theoremqa_questions,TheoremQA_elainewan/math_abstact_algebra_7.json,59.27891159057617,3.6203155517578125,10.355060577392578,0,0,CORRECT
qwen,theoremqa_questions,TheoremQA_xueguangma/present_value_2.json,58.77619934082031,4.543308258056641,9.247974395751953,0,1,INCORRECT
qwen,theoremqa_questions,TheoremQA_maxku/graphtheory11-shortestpath-hard.json,53.92937469482422,6.1893768310546875,11.123893737792969,1,1,INCORRECT
qwen,theoremqa_questions,TheoremQA_wenhuchen/p_value2.json,65.80030059814453,13.64902114868164,17.097984313964844,1,1,CORRECT
qwen,theoremqa_questions,TheoremQA_xinyi/rate_distortion_function_2.json,48.822696685791016,4.353351593017578,12.914104461669922,1,1,CORRECT
qwen,theoremqa_questions,TheoremQA_wenhuchen/jensen1.json,47.93179702758789,4.39044189453125,6.5010223388671875,0,0,CORRECT
qwen,theoremqa_questions,TheoremQA_xueguangma/dividend_discount_model_1.json,57.355594635009766,11.075366973876953,13.608318328857422,1,1,INCORRECT
qwen,theoremqa_questions,TheoremQA_elainewan/math_calculus_11.json,50.90019226074219,1.3706321716308594,4.204151153564453,1,1,INCORRECT
qwen,theoremqa_questions,TheoremQA_maxku/signalprocessing2-DB.json,42.65597915649414,2.9249038696289062,4.777523040771484,1,1,CORRECT
qwen,theoremqa_questions,TheoremQA_panlu/gravitational_force2.json,52.593082427978516,2.5013580322265625,9.182373046875,0,1,CORRECT
qwen,theoremqa_questions,TheoremQA_maxku/cv-imageprocessing8-fourier2.json,58.682334899902344,17.327091217041016,18.78226089477539,1,1,CORRECT
qwen,theoremqa_questions,TheoremQA_mingyin/Fundamental-Theorem-of-Calculus3.json,46.357421875,1.039886474609375,3.0651779174804688,1,1,INCORRECT
qwen,theoremqa_questions,TheoremQA_wenhuchen/Liouville’s_theorem2.json,45.445343017578125,5.787853240966797,9.574592590332031,1,1,CORRECT
qwen,theoremqa_questions,TheoremQA_mingyin/convexity1.json,47.40494918823242,3.6321258544921875,5.9149169921875,0,1,CORRECT
qwen,theoremqa_questions,TheoremQA_tonyxia/maxplanar3.json,49.01675796508789,2.36614990234375,5.467418670654297,0,0,CORRECT
qwen,theoremqa_questions,TheoremQA_wenhuchen/series_convergen3.json,45.253700256347656,1.4876594543457031,2.9820518493652344,0,0,CORRECT
qwen,theoremqa_questions,TheoremQA_jianyu_xu/Binomial_1.json,63.261634826660156,2.735828399658203,4.9813995361328125,0,1,INCORRECT
qwen,theoremqa_questions,TheoremQA_maxku/fourier1-FS.json,61.95629119873047,8.150062561035156,13.094139099121094,0,0,CORRECT
qwen,theoremqa_questions,TheoremQA_jianyu_xu/Binomial_6.json,67.47767639160156,3.9408836364746094,9.961994171142578,0,0,CORRECT
qwen,theoremqa_questions,TheoremQA_xueguangma/forward_rate_1.json,59.99064636230469,1.5847816467285156,6.147285461425781,0,0,INCORRECT
qwen,theoremqa_questions,TheoremQA_elainewan/math_algebra_4_3.json,44.016258239746094,2.0810813903808594,4.476615905761719,0,0,CORRECT
qwen,theoremqa_questions,TheoremQA_xueguangma/intermediate_value_theorem.json,45.895267486572266,3.4336700439453125,6.920677185058594,0,0,INCORRECT
qwen,theoremqa_questions,TheoremQA_xueguangma/forward_price_3.json,59.21370315551758,2.486438751220703,7.7350921630859375,0,0,INCORRECT
qwen,theoremqa_questions,TheoremQA_elainewan/math_abstact_algebra_7_3.json,56.55027770996094,1.9618988037109375,6.832599639892578,0,0,CORRECT
qwen,theoremqa_questions,TheoremQA_mingyin/Limit-of-sequence2.json,50.42704772949219,2.9589805603027344,5.2871856689453125,0,0,INCORRECT
qwen,theoremqa_questions,TheoremQA_maxku/cv-imageprocessing2-morphology.json,68.73492431640625,28.351211547851562,30.326602935791016,1,1,INCORRECT
qwen,theoremqa_questions,TheoremQA_jianyu_xu/Multinomial_6.json,63.669822692871094,2.4770164489746094,4.796287536621094,0,0,INCORRECT
qwen,theoremqa_questions,TheoremQA_tonyxia/maxplanar1.json,54.75846481323242,2.9074058532714844,6.471714019775391,0,0,CORRECT
qwen,theoremqa_questions,TheoremQA_wenhuchen/optics3.json,56.847347259521484,4.710796356201172,8.861663818359375,1,1,CORRECT
qwen,theoremqa_questions,TheoremQA_elainewan/math_calculus_2_7.json,37.843631744384766,1.9958534240722656,4.172748565673828,0,1,CORRECT
qwen,theoremqa_questions,TheoremQA_elainewan/math_algebra_7_2.json,47.136558532714844,1.3168754577636719,4.932586669921875,0,1,INCORRECT
qwen,theoremqa_questions,TheoremQA_panlu/wave_length1.json,52.54733657836914,4.635684967041016,8.611587524414062,0,0,CORRECT
qwen,theoremqa_questions,TheoremQA_maxku/graphtheory6-shortestpath.json,46.737239837646484,4.689792633056641,8.08648681640625,1,1,CORRECT
qwen,theoremqa_questions,TheoremQA_mingyin/Limit-of-sequence3.json,52.061336517333984,4.307075500488281,8.007366180419922,0,0,INCORRECT
qwen,theoremqa_questions,TheoremQA_xinyi/dag_1.json,46.462406158447266,3.4307518005371094,6.395206451416016,0,0,CORRECT
qwen,theoremqa_questions,TheoremQA_wenhuchen/Poisson_process3.json,57.271419525146484,4.6694488525390625,8.21230697631836,0,0,CORRECT
qwen,theoremqa_questions,TheoremQA_xinyi/rate_distortion_function_1.json,46.02975082397461,4.754604339599609,8.76779556274414,1,1,INCORRECT
qwen,theoremqa_questions,TheoremQA_xinyi/distortion_rate_function_2.json,67.54290008544922,9.758430480957031,16.24349594116211,1,1,CORRECT
qwen,theoremqa_questions,TheoremQA_xueguangma/geometric_brownian_motion.json,59.172576904296875,2.6329803466796875,6.345020294189453,0,0,INCORRECT
qwen,theoremqa_questions,TheoremQA_maxku/graphtheory2-vertexcover.json,44.43181610107422,3.2950210571289062,6.889984130859375,1,1,CORRECT
qwen,theoremqa_questions,TheoremQA_tonyxia/particle4.json,65.27779388427734,23.42249298095703,26.4046630859375,1,1,CORRECT
qwen,theoremqa_questions,TheoremQA_jianyu_xu/Binomial_2.json,64.72322082519531,2.514385223388672,5.540927886962891,0,0,CORRECT
qwen,theoremqa_questions,TheoremQA_jianyu_xu/Ramsey_6.json,62.779541015625,8.676811218261719,14.858695983886719,1,1,INCORRECT
qwen,theoremqa_questions,TheoremQA_jianyu_xu/Ramsey_5.json,57.67620086669922,3.894672393798828,7.485210418701172,1,1,INCORRECT
qwen,theoremqa_questions,TheoremQA_xinyi/channel_capacity_3.json,42.5180549621582,4.854423522949219,8.140705108642578,1,1,CORRECT
qwen,theoremqa_questions,TheoremQA_xinyi/huffman_code_3.json,60.53269577026367,8.40786361694336,11.708984375,0,0,CORRECT
qwen,theoremqa_questions,TheoremQA_wenhuchen/series_convergen2.json,52.14324188232422,1.4301071166992188,4.802757263183594,0,0,INCORRECT
qwen,theoremqa_theorems,TheoremQA_wenhuchen/definite_matrix1.json,61.85342025756836,8.678119659423828,14.283702850341797,1,1,INCORRECT
qwen,theoremqa_theorems,TheoremQA_wenhuchen/eigen_value1.json,64.33563995361328,5.078620910644531,10.824211120605469,1,1,INCORRECT
qwen,theoremqa_theorems,TheoremQA_elainewan/math_algebra_1_2.json,62.744720458984375,2.0572280883789062,6.598712921142578,0,0,CORRECT
qwen,theoremqa_theorems,TheoremQA_wenhuchen/L'Hôpital_rule1.json,64.63367462158203,1.9044647216796875,5.605739593505859,0,1,INCORRECT
qwen,theoremqa_theorems,TheoremQA_elainewan/math_algebra_1.json,61.611305236816406,6.199871063232422,8.953968048095703,0,0,INCORRECT
qwen,theoremqa_theorems,TheoremQA_jianyu_xu/pigeonhole_3.json,65.61225891113281,4.4881134033203125,6.874973297119141,1,1,CORRECT
qwen,theoremqa_theorems,TheoremQA_jianyu_xu/pigeonhole_2.json,72.82171630859375,6.582977294921875,10.096755981445312,1,1,CORRECT
qwen,theoremqa_theorems,TheoremQA_elainewan/math_algebra_4.json,68.1686019897461,3.9141845703125,7.535820007324219,1,1,CORRECT
qwen,theoremqa_theorems,TheoremQA_elainewan/math_calculus_2_11.json,56.02265167236328,1.1158256530761719,3.0654869079589844,0,0,CORRECT
qwen,theoremqa_theorems,TheoremQA_maxku/signalprocessing11-nyquist.json,48.2629280090332,3.173053741455078,4.943019866943359,0,0,CORRECT
qwen,theoremqa_theorems,TheoremQA_panlu/similarity2.json,62.05773162841797,1.7819747924804688,3.7763290405273438,1,1,CORRECT
qwen,theoremqa_theorems,TheoremQA_xinyi/linear_projection.json,65.31466674804688,2.1284751892089844,7.140678405761719,1,1,CORRECT
qwen,theoremqa_theorems,TheoremQA_jianyu_xu/Stirling_number_first_kind_5.json,57.96876525878906,1.7344398498535156,4.649700164794922,0,0,INCORRECT
qwen,theoremqa_theorems,TheoremQA_xinyi/maximum_entropy_2.json,59.89266586303711,0.9746208190917969,5.567043304443359,0,0,CORRECT
qwen,theoremqa_theorems,TheoremQA_mingyin/Lebesgue-measure1.json,62.96135330200195,2.070892333984375,4.2053070068359375,0,0,INCORRECT
qwen,theoremqa_theorems,TheoremQA_maxku/ipnetwork13-hammingdist.json,54.32190704345703,3.0988311767578125,5.252891540527344,0,0,CORRECT
qwen,theoremqa_theorems,TheoremQA_mingyin/series2.json,58.216304779052734,2.753753662109375,5.549686431884766,0,0,CORRECT
qwen,theoremqa_theorems,TheoremQA_wenhuchen/Liouville’s_theorem1.json,71.26423645019531,8.801788330078125,13.951622009277344,1,1,CORRECT
qwen,theoremqa_theorems,TheoremQA_panlu/rigid-body3.json,63.71824264526367,6.136444091796875,11.276317596435547,1,1,CORRECT
qwen,theoremqa_theorems,TheoremQA_wenhuchen/ODE2.json,58.49338150024414,0.8897895812988281,2.3390121459960938,0,0,INCORRECT
qwen,theoremqa_theorems,TheoremQA_mingyin/cauchy-integral-theorem1.json,67.48014068603516,4.276592254638672,6.876575469970703,1,1,INCORRECT
qwen,theoremqa_theorems,TheoremQA_elainewan/math_algebra_5.json,58.710594177246094,2.5814247131347656,10.043785095214844,1,1,CORRECT
qwen,theoremqa_theorems,TheoremQA_xueguangma/taylors_approximation_theorem.json,62.609397888183594,5.2717742919921875,8.195228576660156,0,0,INCORRECT
qwen,theoremqa_theorems,TheoremQA_jianyu_xu/Ramsey_4.json,66.66392517089844,3.266033172607422,7.148036956787109,1,1,CORRECT
qwen,theoremqa_theorems,TheoremQA_wenhuchen/ODE3.json,61.834354400634766,2.078723907470703,3.0529022216796875,0,0,INCORRECT
qwen,theoremqa_theorems,TheoremQA_xinyi/dag_2.json,58.549373626708984,1.69110107421875,3.991649627685547,1,1,CORRECT
qwen,theoremqa_theorems,TheoremQA_wenhuchen/t_test1.json,53.608642578125,2.682220458984375,7.313076019287109,1,1,INCORRECT
qwen,theoremqa_theorems,TheoremQA_elainewan/math_algebra_3_2.json,58.93476486206055,4.588954925537109,7.211360931396484,1,1,CORRECT
qwen,theoremqa_theorems,TheoremQA_wenhuchen/viterbi2.json,57.52523422241211,2.982860565185547,7.183376312255859,1,1,CORRECT
qwen,theoremqa_theorems,TheoremQA_elainewan/econ_micro_7.json,58.5003662109375,1.3721466064453125,6.722927093505859,0,1,INCORRECT
qwen,theoremqa_theorems,TheoremQA_elainewan/math_calculus_12.json,54.990570068359375,2.788196563720703,5.850131988525391,0,0,INCORRECT
qwen,theoremqa_theorems,TheoremQA_jianyu_xu/Ramsey_2.json,70.5872802734375,6.115394592285156,11.637081146240234,1,1,CORRECT
qwen,theoremqa_theorems,TheoremQA_jianyu_xu/pigeonhole_4.json,68.07283782958984,12.351409912109375,15.156482696533203,1,1,CORRECT
qwen,theoremqa_theorems,TheoremQA_wenhuchen/kepler's_law1.json,64.90959167480469,6.24298095703125,11.761886596679688,1,1,CORRECT
qwen,theoremqa_theorems,TheoremQA_jianyu_xu/Multinomial_2.json,58.267425537109375,2.7057266235351562,6.311775207519531,0,0,INCORRECT
qwen,theoremqa_theorems,TheoremQA_wenhuchen/Rolle's_theorem.json,59.013675689697266,2.1222267150878906,4.534015655517578,1,1,CORRECT
qwen,theoremqa_theorems,TheoremQA_wenhuchen/t_test2.json,50.32951736450195,3.0064773559570312,7.125995635986328,1,1,INCORRECT
qwen,theoremqa_theorems,TheoremQA_jianyu_xu/Catalan_2.json,56.80778503417969,1.6830787658691406,4.511760711669922,0,1,CORRECT
qwen,theoremqa_theorems,TheoremQA_jianyu_xu/Stirling_number_second_kind_3.json,57.60725784301758,0.486541748046875,4.291324615478516,0,1,CORRECT
qwen,theoremqa_theorems,TheoremQA_wenhuchen/cauchy_integral1.json,53.17899703979492,0.883209228515625,3.72528076171875,0,1,CORRECT
qwen,theoremqa_theorems,TheoremQA_jianyu_xu/Stirling_number_second_kind_5.json,61.73678207397461,1.9337387084960938,6.122234344482422,1,1,INCORRECT
qwen,theoremqa_theorems,TheoremQA_xinyi/dag_3.json,66.55396270751953,4.669483184814453,8.702713012695312,0,0,INCORRECT
qwen,theoremqa_theorems,TheoremQA_jianyu_xu/Cayley_3.json,60.310691833496094,7.694942474365234,9.562469482421875,1,1,CORRECT
qwen,theoremqa_theorems,TheoremQA_jianyu_xu/Graph_2.json,61.1075325012207,7.086906433105469,9.345436096191406,1,1,CORRECT
qwen,theoremqa_theorems,TheoremQA_elainewan/math_calculus_3_8.json,68.01309967041016,5.145275115966797,11.508987426757812,0,0,INCORRECT
qwen,theoremqa_theorems,TheoremQA_panlu/similarity3.json,63.609046936035156,1.9993667602539062,4.809993743896484,0,1,CORRECT
qwen,theoremqa_theorems,TheoremQA_wenhuchen/trapezoidal_rule3.json,57.725006103515625,4.912654876708984,7.480197906494141,1,1,INCORRECT
qwen,theoremqa_theorems,TheoremQA_jianyu_xu/Multinomial_1.json,58.3262939453125,1.3923301696777344,5.1043548583984375,0,1,CORRECT
qwen,theoremqa_theorems,TheoremQA_jianyu_xu/Binomial_5.json,60.95328903198242,1.6121940612792969,7.501102447509766,1,1,CORRECT
qwen,theoremqa_theorems,TheoremQA_jianyu_xu/Binomial_3.json,59.47137451171875,2.9670639038085938,8.47994613647461,1,1,CORRECT
qwen,theoremqa_theorems,TheoremQA_jianyu_xu/Binomial_4.json,63.34854507446289,4.414100646972656,10.553962707519531,0,1,CORRECT
qwen,theoremqa_theorems,TheoremQA_jianyu_xu/Ramsey_3.json,64.06446075439453,4.9490966796875,8.65118408203125,1,1,CORRECT
qwen,theoremqa_theorems,TheoremQA_wenhuchen/t_test3.json,50.039459228515625,3.5015487670898438,7.387195587158203,1,1,INCORRECT
qwen,theoremqa_theorems,TheoremQA_wenhuchen/kepler's_law3.json,65.308349609375,4.354118347167969,17.4549560546875,1,1,CORRECT
qwen,theoremqa_theorems,TheoremQA_jianyu_xu/pigeonhole_1.json,65.28092956542969,9.527107238769531,10.886512756347656,1,1,CORRECT
qwen,theoremqa_theorems,TheoremQA_jianyu_xu/Multinomial_4.json,60.47617721557617,1.546417236328125,6.078350067138672,0,0,CORRECT
qwen,theoremqa_theorems,TheoremQA_jianyu_xu/Catalan_1.json,56.748451232910156,1.2475852966308594,4.0742340087890625,0,1,CORRECT
qwen,theoremqa_theorems,TheoremQA_wenhuchen/jensen1.json,60.58367919921875,3.120342254638672,6.006988525390625,0,0,CORRECT
qwen,theoremqa_theorems,TheoremQA_wenhuchen/Liouville’s_theorem2.json,57.526832580566406,2.7886695861816406,4.700660705566406,1,1,CORRECT
qwen,theoremqa_theorems,TheoremQA_jianyu_xu/Multinomial_3.json,63.68448257446289,2.502696990966797,6.58935546875,0,0,CORRECT
qwen,theoremqa_theorems,TheoremQA_mingyin/convexity1.json,62.3370475769043,3.2413063049316406,6.502658843994141,0,1,CORRECT
qwen,theoremqa_theorems,TheoremQA_tonyxia/maxplanar3.json,58.55607986450195,0.6414909362792969,3.140766143798828,0,1,CORRECT
qwen,theoremqa_theorems,TheoremQA_mingyin/Fundamental-Theorem-of-Calculus3.json,58.86781692504883,1.0111732482910156,2.1688385009765625,0,0,INCORRECT
qwen,theoremqa_theorems,TheoremQA_panlu/gravitational_force2.json,58.997684478759766,4.550678253173828,13.443233489990234,1,1,CORRECT
qwen,theoremqa_theorems,TheoremQA_elainewan/math_calculus_2_7.json,53.708614349365234,3.9854507446289062,5.878059387207031,0,0,CORRECT
qwen,theoremqa_theorems,TheoremQA_jianyu_xu/Binomial_6.json,59.37012481689453,3.5441818237304688,8.67763900756836,1,1,CORRECT
qwen,theoremqa_theorems,TheoremQA_xinyi/dag_1.json,59.221435546875,3.5325851440429688,8.639259338378906,0,0,CORRECT
qwen,theoremqa_theorems,TheoremQA_xueguangma/intermediate_value_theorem.json,58.61344909667969,4.5362548828125,8.059471130371094,1,1,CORRECT
qwen,theoremqa_theorems,TheoremQA_elainewan/math_algebra_4_3.json,60.108238220214844,1.1298828125,3.6850433349609375,0,0,CORRECT
qwen,theoremqa_theorems,TheoremQA_tonyxia/maxplanar1.json,62.64809799194336,1.7976341247558594,5.186729431152344,0,1,CORRECT
qwen,theoremqa_theorems,TheoremQA_jianyu_xu/Multinomial_6.json,59.93745422363281,1.9453353881835938,7.1898956298828125,0,0,INCORRECT
qwen,theoremqa_theorems,TheoremQA_elainewan/math_algebra_7_2.json,57.593875885009766,1.7821311950683594,5.135066986083984,0,0,INCORRECT
qwen,theoremqa_theorems,TheoremQA_jianyu_xu/Ramsey_5.json,66.10852813720703,3.2086181640625,8.040122985839844,1,1,CORRECT
qwen,theoremqa_theorems,TheoremQA_wenhuchen/series_convergen2.json,59.41368865966797,1.6526451110839844,4.304058074951172,0,0,CORRECT
qwen,theoremqa_theorems,TheoremQA_jianyu_xu/Binomial_2.json,60.66785430908203,2.578289031982422,6.093017578125,0,0,CORRECT
qwen,theoremqa_theorems,TheoremQA_jianyu_xu/Ramsey_6.json,65.14727783203125,3.562877655029297,8.509204864501953,1,1,CORRECT
